suite,benchmark,language,prover,type_encoding,verification_result,elapsed_ms,exit_code
ground_truth,dafny_examples_tmp_tmp8qotd4ez_leetcode_0027-remove-element.dfy,tptp,vampire,polymorphic,VERIFICATION_TIMED_OUT,29916,4
ground_truth,dafny_examples_tmp_tmp8qotd4ez_leetcode_0027-remove-element.dfy,tptp,vampire,monomorphic,VERIFICATION_TIMED_OUT,29844,4
ground_truth,dafny_examples_tmp_tmp8qotd4ez_leetcode_0027-remove-element.dfy,tptp,vampire,predicates,VERIFICATION_TIMED_OUT,29825,4
ground_truth,dafny_examples_tmp_tmp8qotd4ez_leetcode_0027-remove-element.dfy,tptp,vampire,arguments,VERIFICATION_TIMED_OUT,29840,4
ground_truth,dafny_examples_tmp_tmp8qotd4ez_leetcode_0027-remove-element.dfy,smtlib,vampire,monomorphic,VERIFICATION_TIMED_OUT,29792,4
ground_truth,dafny_examples_tmp_tmp8qotd4ez_leetcode_0027-remove-element.dfy,smtlib,vampire,predicates,VERIFICATION_TIMED_OUT,29761,4
ground_truth,dafny_examples_tmp_tmp8qotd4ez_leetcode_0027-remove-element.dfy,smtlib,vampire,arguments,VERIFICATION_TIMED_OUT,29763,4
ground_truth,dafny_examples_tmp_tmp8qotd4ez_leetcode_0027-remove-element.dfy,smtlib,z3,monomorphic,NOT_VERIFIED,1851,4
ground_truth,dafny_examples_tmp_tmp8qotd4ez_leetcode_0027-remove-element.dfy,smtlib,z3,predicates,VERIFIED,1172,0
ground_truth,dafny_examples_tmp_tmp8qotd4ez_leetcode_0027-remove-element.dfy,smtlib,z3,arguments,NOT_VERIFIED,1217,4
ground_truth,dafny-language-server_tmp_tmpkir0kenl_Test_hofs_SumSum.dfy,tptp,vampire,polymorphic,VERIFICATION_TIMED_OUT,30852,4
ground_truth,dafny-language-server_tmp_tmpkir0kenl_Test_hofs_SumSum.dfy,tptp,vampire,monomorphic,VERIFICATION_TIMED_OUT,30904,4
ground_truth,dafny-language-server_tmp_tmpkir0kenl_Test_hofs_SumSum.dfy,tptp,vampire,predicates,VERIFICATION_TIMED_OUT,59548,4
ground_truth,dafny-language-server_tmp_tmpkir0kenl_Test_hofs_SumSum.dfy,tptp,vampire,arguments,VERIFICATION_TIMED_OUT,30742,4
ground_truth,dafny-language-server_tmp_tmpkir0kenl_Test_hofs_SumSum.dfy,smtlib,vampire,monomorphic,VERIFICATION_TIMED_OUT,31006,4
ground_truth,dafny-language-server_tmp_tmpkir0kenl_Test_hofs_SumSum.dfy,smtlib,vampire,predicates,VERIFICATION_TIMED_OUT,59372,4
ground_truth,dafny-language-server_tmp_tmpkir0kenl_Test_hofs_SumSum.dfy,smtlib,vampire,arguments,VERIFICATION_TIMED_OUT,30701,4
ground_truth,dafny-language-server_tmp_tmpkir0kenl_Test_hofs_SumSum.dfy,smtlib,z3,monomorphic,NOT_VERIFIED,1785,4
ground_truth,dafny-language-server_tmp_tmpkir0kenl_Test_hofs_SumSum.dfy,smtlib,z3,predicates,NOT_VERIFIED,1813,4
ground_truth,dafny-language-server_tmp_tmpkir0kenl_Test_hofs_SumSum.dfy,smtlib,z3,arguments,NOT_VERIFIED,1672,4
ground_truth,SENG2011_tmp_tmpgk5jq85q_ass1_ex8.dfy,tptp,vampire,polymorphic,VERIFICATION_TIMED_OUT,29759,4
ground_truth,SENG2011_tmp_tmpgk5jq85q_ass1_ex8.dfy,tptp,vampire,monomorphic,VERIFICATION_TIMED_OUT,29819,4
ground_truth,SENG2011_tmp_tmpgk5jq85q_ass1_ex8.dfy,tptp,vampire,predicates,VERIFICATION_TIMED_OUT,29832,4
ground_truth,SENG2011_tmp_tmpgk5jq85q_ass1_ex8.dfy,tptp,vampire,arguments,VERIFICATION_TIMED_OUT,29826,4
ground_truth,SENG2011_tmp_tmpgk5jq85q_ass1_ex8.dfy,smtlib,vampire,monomorphic,VERIFICATION_TIMED_OUT,29779,4
ground_truth,SENG2011_tmp_tmpgk5jq85q_ass1_ex8.dfy,smtlib,vampire,predicates,VERIFICATION_TIMED_OUT,29793,4
ground_truth,SENG2011_tmp_tmpgk5jq85q_ass1_ex8.dfy,smtlib,vampire,arguments,VERIFICATION_TIMED_OUT,29791,4
ground_truth,SENG2011_tmp_tmpgk5jq85q_ass1_ex8.dfy,smtlib,z3,monomorphic,VERIFIED,870,0
ground_truth,SENG2011_tmp_tmpgk5jq85q_ass1_ex8.dfy,smtlib,z3,predicates,VERIFIED,862,0
ground_truth,SENG2011_tmp_tmpgk5jq85q_ass1_ex8.dfy,smtlib,z3,arguments,VERIFIED,844,0
ground_truth,MIEIC_mfes_tmp_tmpq3ho7nve_TP3_binary_search.dfy,tptp,vampire,polymorphic,VERIFICATION_TIMED_OUT,29884,4
ground_truth,MIEIC_mfes_tmp_tmpq3ho7nve_TP3_binary_search.dfy,tptp,vampire,monomorphic,VERIFICATION_TIMED_OUT,29960,4
ground_truth,MIEIC_mfes_tmp_tmpq3ho7nve_TP3_binary_search.dfy,tptp,vampire,predicates,VERIFICATION_TIMED_OUT,29907,4
ground_truth,MIEIC_mfes_tmp_tmpq3ho7nve_TP3_binary_search.dfy,tptp,vampire,arguments,VERIFICATION_TIMED_OUT,29878,4
ground_truth,MIEIC_mfes_tmp_tmpq3ho7nve_TP3_binary_search.dfy,smtlib,vampire,monomorphic,VERIFICATION_TIMED_OUT,29900,4
ground_truth,MIEIC_mfes_tmp_tmpq3ho7nve_TP3_binary_search.dfy,smtlib,vampire,predicates,VERIFICATION_TIMED_OUT,29865,4
ground_truth,MIEIC_mfes_tmp_tmpq3ho7nve_TP3_binary_search.dfy,smtlib,vampire,arguments,VERIFICATION_TIMED_OUT,29828,4
ground_truth,MIEIC_mfes_tmp_tmpq3ho7nve_TP3_binary_search.dfy,smtlib,z3,monomorphic,VERIFIED,969,0
ground_truth,MIEIC_mfes_tmp_tmpq3ho7nve_TP3_binary_search.dfy,smtlib,z3,predicates,VERIFIED,925,0
ground_truth,MIEIC_mfes_tmp_tmpq3ho7nve_TP3_binary_search.dfy,smtlib,z3,arguments,VERIFIED,916,0
ground_truth,protocol-verification-fa2023_tmp_tmpw6hy3mjp_demos_ch04_toy_consensus.dfy,tptp,vampire,polymorphic,VERIFICATION_TIMED_OUT,30013,4
ground_truth,protocol-verification-fa2023_tmp_tmpw6hy3mjp_demos_ch04_toy_consensus.dfy,tptp,vampire,monomorphic,VERIFICATION_TIMED_OUT,30088,4
ground_truth,protocol-verification-fa2023_tmp_tmpw6hy3mjp_demos_ch04_toy_consensus.dfy,tptp,vampire,predicates,VERIFICATION_TIMED_OUT,30332,4
ground_truth,protocol-verification-fa2023_tmp_tmpw6hy3mjp_demos_ch04_toy_consensus.dfy,tptp,vampire,arguments,VERIFICATION_TIMED_OUT,30044,4
ground_truth,protocol-verification-fa2023_tmp_tmpw6hy3mjp_demos_ch04_toy_consensus.dfy,smtlib,vampire,monomorphic,VERIFICATION_TIMED_OUT,30101,4
ground_truth,protocol-verification-fa2023_tmp_tmpw6hy3mjp_demos_ch04_toy_consensus.dfy,smtlib,vampire,predicates,VERIFICATION_TIMED_OUT,30280,4
ground_truth,protocol-verification-fa2023_tmp_tmpw6hy3mjp_demos_ch04_toy_consensus.dfy,smtlib,vampire,arguments,VERIFICATION_TIMED_OUT,30042,4
ground_truth,protocol-verification-fa2023_tmp_tmpw6hy3mjp_demos_ch04_toy_consensus.dfy,smtlib,z3,monomorphic,NOT_VERIFIED,1175,4
ground_truth,protocol-verification-fa2023_tmp_tmpw6hy3mjp_demos_ch04_toy_consensus.dfy,smtlib,z3,predicates,NOT_VERIFIED,1163,4
ground_truth,protocol-verification-fa2023_tmp_tmpw6hy3mjp_demos_ch04_toy_consensus.dfy,smtlib,z3,arguments,NOT_VERIFIED,1135,4
ground_truth,dafny_examples_tmp_tmp8qotd4ez_leetcode_0070-climbing-stairs.dfy,tptp,vampire,polymorphic,VERIFICATION_TIMED_OUT,29796,4
ground_truth,dafny_examples_tmp_tmp8qotd4ez_leetcode_0070-climbing-stairs.dfy,tptp,vampire,monomorphic,VERIFICATION_TIMED_OUT,29816,4
ground_truth,dafny_examples_tmp_tmp8qotd4ez_leetcode_0070-climbing-stairs.dfy,tptp,vampire,predicates,VERIFICATION_TIMED_OUT,29820,4
ground_truth,dafny_examples_tmp_tmp8qotd4ez_leetcode_0070-climbing-stairs.dfy,tptp,vampire,arguments,VERIFICATION_TIMED_OUT,29827,4
ground_truth,dafny_examples_tmp_tmp8qotd4ez_leetcode_0070-climbing-stairs.dfy,smtlib,vampire,monomorphic,VERIFICATION_TIMED_OUT,29788,4
ground_truth,dafny_examples_tmp_tmp8qotd4ez_leetcode_0070-climbing-stairs.dfy,smtlib,vampire,predicates,VERIFICATION_TIMED_OUT,29718,4
ground_truth,dafny_examples_tmp_tmp8qotd4ez_leetcode_0070-climbing-stairs.dfy,smtlib,vampire,arguments,VERIFICATION_TIMED_OUT,29763,4
ground_truth,dafny_examples_tmp_tmp8qotd4ez_leetcode_0070-climbing-stairs.dfy,smtlib,z3,monomorphic,VERIFIED,860,0
ground_truth,dafny_examples_tmp_tmp8qotd4ez_leetcode_0070-climbing-stairs.dfy,smtlib,z3,predicates,VERIFIED,836,0
ground_truth,dafny_examples_tmp_tmp8qotd4ez_leetcode_0070-climbing-stairs.dfy,smtlib,z3,arguments,VERIFIED,835,0
ground_truth,dafny-language-server_tmp_tmpkir0kenl_Test_LanguageServerTest_DafnyFiles_symbolTable_15_array.dfy,tptp,vampire,polymorphic,VERIFICATION_TIMED_OUT,29687,4
ground_truth,dafny-language-server_tmp_tmpkir0kenl_Test_LanguageServerTest_DafnyFiles_symbolTable_15_array.dfy,tptp,vampire,monomorphic,VERIFICATION_TIMED_OUT,29734,4
ground_truth,dafny-language-server_tmp_tmpkir0kenl_Test_LanguageServerTest_DafnyFiles_symbolTable_15_array.dfy,tptp,vampire,predicates,VERIFICATION_TIMED_OUT,29789,4
ground_truth,dafny-language-server_tmp_tmpkir0kenl_Test_LanguageServerTest_DafnyFiles_symbolTable_15_array.dfy,tptp,vampire,arguments,VERIFICATION_TIMED_OUT,29769,4
ground_truth,dafny-language-server_tmp_tmpkir0kenl_Test_LanguageServerTest_DafnyFiles_symbolTable_15_array.dfy,smtlib,vampire,monomorphic,VERIFICATION_TIMED_OUT,29698,4
ground_truth,dafny-language-server_tmp_tmpkir0kenl_Test_LanguageServerTest_DafnyFiles_symbolTable_15_array.dfy,smtlib,vampire,predicates,VERIFICATION_TIMED_OUT,29645,4
ground_truth,dafny-language-server_tmp_tmpkir0kenl_Test_LanguageServerTest_DafnyFiles_symbolTable_15_array.dfy,smtlib,vampire,arguments,VERIFICATION_TIMED_OUT,29686,4
ground_truth,dafny-language-server_tmp_tmpkir0kenl_Test_LanguageServerTest_DafnyFiles_symbolTable_15_array.dfy,smtlib,z3,monomorphic,VERIFIED,810,0
ground_truth,dafny-language-server_tmp_tmpkir0kenl_Test_LanguageServerTest_DafnyFiles_symbolTable_15_array.dfy,smtlib,z3,predicates,VERIFIED,782,0
ground_truth,dafny-language-server_tmp_tmpkir0kenl_Test_LanguageServerTest_DafnyFiles_symbolTable_15_array.dfy,smtlib,z3,arguments,VERIFIED,781,0
ground_truth,dafny-synthesis_task_id_95.dfy,tptp,vampire,polymorphic,VERIFICATION_TIMED_OUT,29815,4
ground_truth,dafny-synthesis_task_id_95.dfy,tptp,vampire,monomorphic,VERIFICATION_TIMED_OUT,29831,4
ground_truth,dafny-synthesis_task_id_95.dfy,tptp,vampire,predicates,VERIFICATION_TIMED_OUT,29812,4
ground_truth,dafny-synthesis_task_id_95.dfy,tptp,vampire,arguments,VERIFICATION_TIMED_OUT,29764,4
ground_truth,dafny-synthesis_task_id_95.dfy,smtlib,vampire,monomorphic,VERIFIED,1918,0
ground_truth,dafny-synthesis_task_id_95.dfy,smtlib,vampire,predicates,VERIFIED,23771,0
ground_truth,dafny-synthesis_task_id_95.dfy,smtlib,vampire,arguments,VERIFIED,1898,0
ground_truth,dafny-synthesis_task_id_95.dfy,smtlib,z3,monomorphic,VERIFIED,858,0
ground_truth,dafny-synthesis_task_id_95.dfy,smtlib,z3,predicates,VERIFIED,836,0
ground_truth,dafny-synthesis_task_id_95.dfy,smtlib,z3,arguments,VERIFIED,822,0
ground_truth,SENG2011_tmp_tmpgk5jq85q_ass1_ex7.dfy,tptp,vampire,polymorphic,VERIFIED,8174,0
ground_truth,SENG2011_tmp_tmpgk5jq85q_ass1_ex7.dfy,tptp,vampire,monomorphic,VERIFIED,14336,0
ground_truth,SENG2011_tmp_tmpgk5jq85q_ass1_ex7.dfy,tptp,vampire,predicates,VERIFICATION_TIMED_OUT,29753,4
ground_truth,SENG2011_tmp_tmpgk5jq85q_ass1_ex7.dfy,tptp,vampire,arguments,VERIFICATION_TIMED_OUT,29720,4
ground_truth,SENG2011_tmp_tmpgk5jq85q_ass1_ex7.dfy,smtlib,vampire,monomorphic,VERIFIED,3223,0
ground_truth,SENG2011_tmp_tmpgk5jq85q_ass1_ex7.dfy,smtlib,vampire,predicates,VERIFIED,8897,0
ground_truth,SENG2011_tmp_tmpgk5jq85q_ass1_ex7.dfy,smtlib,vampire,arguments,VERIFIED,1643,0
ground_truth,SENG2011_tmp_tmpgk5jq85q_ass1_ex7.dfy,smtlib,z3,monomorphic,VERIFIED,907,0
ground_truth,SENG2011_tmp_tmpgk5jq85q_ass1_ex7.dfy,smtlib,z3,predicates,VERIFIED,887,0
ground_truth,SENG2011_tmp_tmpgk5jq85q_ass1_ex7.dfy,smtlib,z3,arguments,VERIFIED,881,0
ground_truth,DafnyProjects_tmp_tmp2acw_s4s_longestPrefix.dfy,tptp,vampire,polymorphic,VERIFICATION_TIMED_OUT,29807,4
ground_truth,DafnyProjects_tmp_tmp2acw_s4s_longestPrefix.dfy,tptp,vampire,monomorphic,VERIFICATION_TIMED_OUT,29855,4
ground_truth,DafnyProjects_tmp_tmp2acw_s4s_longestPrefix.dfy,tptp,vampire,predicates,VERIFICATION_TIMED_OUT,29838,4
ground_truth,DafnyProjects_tmp_tmp2acw_s4s_longestPrefix.dfy,tptp,vampire,arguments,VERIFICATION_TIMED_OUT,29787,4
ground_truth,DafnyProjects_tmp_tmp2acw_s4s_longestPrefix.dfy,smtlib,vampire,monomorphic,VERIFICATION_TIMED_OUT,29771,4
ground_truth,DafnyProjects_tmp_tmp2acw_s4s_longestPrefix.dfy,smtlib,vampire,predicates,VERIFICATION_TIMED_OUT,29721,4
ground_truth,DafnyProjects_tmp_tmp2acw_s4s_longestPrefix.dfy,smtlib,vampire,arguments,VERIFICATION_TIMED_OUT,29758,4
ground_truth,DafnyProjects_tmp_tmp2acw_s4s_longestPrefix.dfy,smtlib,z3,monomorphic,VERIFIED,864,0
ground_truth,DafnyProjects_tmp_tmp2acw_s4s_longestPrefix.dfy,smtlib,z3,predicates,VERIFIED,840,0
ground_truth,DafnyProjects_tmp_tmp2acw_s4s_longestPrefix.dfy,smtlib,z3,arguments,VERIFIED,840,0
ground_truth,dafny-synthesis_task_id_268.dfy,tptp,vampire,polymorphic,VERIFIED,769,0
ground_truth,dafny-synthesis_task_id_268.dfy,tptp,vampire,monomorphic,VERIFIED,826,0
ground_truth,dafny-synthesis_task_id_268.dfy,tptp,vampire,predicates,VERIFIED,782,0
ground_truth,dafny-synthesis_task_id_268.dfy,tptp,vampire,arguments,VERIFIED,795,0
ground_truth,dafny-synthesis_task_id_268.dfy,smtlib,vampire,monomorphic,VERIFIED,787,0
ground_truth,dafny-synthesis_task_id_268.dfy,smtlib,vampire,predicates,VERIFIED,759,0
ground_truth,dafny-synthesis_task_id_268.dfy,smtlib,vampire,arguments,VERIFIED,747,0
ground_truth,dafny-synthesis_task_id_268.dfy,smtlib,z3,monomorphic,VERIFIED,784,0
ground_truth,dafny-synthesis_task_id_268.dfy,smtlib,z3,predicates,VERIFIED,742,0
ground_truth,dafny-synthesis_task_id_268.dfy,smtlib,z3,arguments,VERIFIED,741,0
ground_truth,CSC8204-Dafny_tmp_tmp11yhjb53_stack.dfy,tptp,vampire,polymorphic,VERIFICATION_TIMED_OUT,29799,4
ground_truth,CSC8204-Dafny_tmp_tmp11yhjb53_stack.dfy,tptp,vampire,monomorphic,VERIFICATION_TIMED_OUT,29836,4
ground_truth,CSC8204-Dafny_tmp_tmp11yhjb53_stack.dfy,tptp,vampire,predicates,VERIFICATION_TIMED_OUT,29794,4
ground_truth,CSC8204-Dafny_tmp_tmp11yhjb53_stack.dfy,tptp,vampire,arguments,VERIFICATION_TIMED_OUT,29851,4
ground_truth,CSC8204-Dafny_tmp_tmp11yhjb53_stack.dfy,smtlib,vampire,monomorphic,VERIFICATION_TIMED_OUT,29834,4
ground_truth,CSC8204-Dafny_tmp_tmp11yhjb53_stack.dfy,smtlib,vampire,predicates,VERIFICATION_TIMED_OUT,29736,4
ground_truth,CSC8204-Dafny_tmp_tmp11yhjb53_stack.dfy,smtlib,vampire,arguments,VERIFICATION_TIMED_OUT,29788,4
ground_truth,CSC8204-Dafny_tmp_tmp11yhjb53_stack.dfy,smtlib,z3,monomorphic,VERIFIED,896,0
ground_truth,CSC8204-Dafny_tmp_tmp11yhjb53_stack.dfy,smtlib,z3,predicates,VERIFIED,866,0
ground_truth,CSC8204-Dafny_tmp_tmp11yhjb53_stack.dfy,smtlib,z3,arguments,VERIFIED,856,0
ground_truth,Software-Verification_tmp_tmpv4ueky2d_Contains Duplicate_contains_duplicate.dfy,tptp,vampire,polymorphic,VERIFICATION_TIMED_OUT,29850,4
ground_truth,Software-Verification_tmp_tmpv4ueky2d_Contains Duplicate_contains_duplicate.dfy,tptp,vampire,monomorphic,VERIFICATION_TIMED_OUT,29840,4
ground_truth,Software-Verification_tmp_tmpv4ueky2d_Contains Duplicate_contains_duplicate.dfy,tptp,vampire,predicates,VERIFICATION_TIMED_OUT,29891,4
ground_truth,Software-Verification_tmp_tmpv4ueky2d_Contains Duplicate_contains_duplicate.dfy,tptp,vampire,arguments,VERIFICATION_TIMED_OUT,29859,4
ground_truth,Software-Verification_tmp_tmpv4ueky2d_Contains Duplicate_contains_duplicate.dfy,smtlib,vampire,monomorphic,VERIFICATION_TIMED_OUT,29849,4
ground_truth,Software-Verification_tmp_tmpv4ueky2d_Contains Duplicate_contains_duplicate.dfy,smtlib,vampire,predicates,VERIFICATION_TIMED_OUT,29754,4
ground_truth,Software-Verification_tmp_tmpv4ueky2d_Contains Duplicate_contains_duplicate.dfy,smtlib,vampire,arguments,VERIFICATION_TIMED_OUT,29786,4
ground_truth,Software-Verification_tmp_tmpv4ueky2d_Contains Duplicate_contains_duplicate.dfy,smtlib,z3,monomorphic,VERIFIED,901,0
ground_truth,Software-Verification_tmp_tmpv4ueky2d_Contains Duplicate_contains_duplicate.dfy,smtlib,z3,predicates,VERIFIED,883,0
ground_truth,Software-Verification_tmp_tmpv4ueky2d_Contains Duplicate_contains_duplicate.dfy,smtlib,z3,arguments,VERIFIED,866,0
ground_truth,Clover_array_append.dfy,tptp,vampire,polymorphic,VERIFICATION_TIMED_OUT,29757,4
ground_truth,Clover_array_append.dfy,tptp,vampire,monomorphic,VERIFICATION_TIMED_OUT,29831,4
ground_truth,Clover_array_append.dfy,tptp,vampire,predicates,VERIFICATION_TIMED_OUT,29807,4
ground_truth,Clover_array_append.dfy,tptp,vampire,arguments,VERIFICATION_TIMED_OUT,29784,4
ground_truth,Clover_array_append.dfy,smtlib,vampire,monomorphic,VERIFICATION_TIMED_OUT,29778,4
ground_truth,Clover_array_append.dfy,smtlib,vampire,predicates,VERIFICATION_TIMED_OUT,29725,4
ground_truth,Clover_array_append.dfy,smtlib,vampire,arguments,VERIFICATION_TIMED_OUT,29802,4
ground_truth,Clover_array_append.dfy,smtlib,z3,monomorphic,VERIFIED,878,0
ground_truth,Clover_array_append.dfy,smtlib,z3,predicates,VERIFIED,853,0
ground_truth,Clover_array_append.dfy,smtlib,z3,arguments,VERIFIED,845,0
ground_truth,Dafny-programs_tmp_tmpnso9eu7u_Algorithms + sorting_bubble-sort.dfy,tptp,vampire,polymorphic,VERIFICATION_TIMED_OUT,29810,4
ground_truth,Dafny-programs_tmp_tmpnso9eu7u_Algorithms + sorting_bubble-sort.dfy,tptp,vampire,monomorphic,VERIFICATION_TIMED_OUT,29919,4
ground_truth,Dafny-programs_tmp_tmpnso9eu7u_Algorithms + sorting_bubble-sort.dfy,tptp,vampire,predicates,VERIFICATION_TIMED_OUT,29886,4
ground_truth,Dafny-programs_tmp_tmpnso9eu7u_Algorithms + sorting_bubble-sort.dfy,tptp,vampire,arguments,VERIFICATION_TIMED_OUT,29867,4
ground_truth,Dafny-programs_tmp_tmpnso9eu7u_Algorithms + sorting_bubble-sort.dfy,smtlib,vampire,monomorphic,VERIFICATION_TIMED_OUT,29897,4
ground_truth,Dafny-programs_tmp_tmpnso9eu7u_Algorithms + sorting_bubble-sort.dfy,smtlib,vampire,predicates,VERIFICATION_TIMED_OUT,29819,4
ground_truth,Dafny-programs_tmp_tmpnso9eu7u_Algorithms + sorting_bubble-sort.dfy,smtlib,vampire,arguments,VERIFICATION_TIMED_OUT,29829,4
ground_truth,Dafny-programs_tmp_tmpnso9eu7u_Algorithms + sorting_bubble-sort.dfy,smtlib,z3,monomorphic,VERIFIED,2063,0
ground_truth,Dafny-programs_tmp_tmpnso9eu7u_Algorithms + sorting_bubble-sort.dfy,smtlib,z3,predicates,VERIFIED,1374,0
ground_truth,Dafny-programs_tmp_tmpnso9eu7u_Algorithms + sorting_bubble-sort.dfy,smtlib,z3,arguments,VERIFIED,1443,0
ground_truth,dafny-synthesis_task_id_803.dfy,tptp,vampire,polymorphic,VERIFIED,1138,0
ground_truth,dafny-synthesis_task_id_803.dfy,tptp,vampire,monomorphic,VERIFIED,2065,0
ground_truth,dafny-synthesis_task_id_803.dfy,tptp,vampire,predicates,VERIFIED,1248,0
ground_truth,dafny-synthesis_task_id_803.dfy,tptp,vampire,arguments,VERIFIED,1733,0
ground_truth,dafny-synthesis_task_id_803.dfy,smtlib,vampire,monomorphic,VERIFIED,1228,0
ground_truth,dafny-synthesis_task_id_803.dfy,smtlib,vampire,predicates,VERIFIED,1759,0
ground_truth,dafny-synthesis_task_id_803.dfy,smtlib,vampire,arguments,VERIFIED,1709,0
ground_truth,dafny-synthesis_task_id_803.dfy,smtlib,z3,monomorphic,VERIFIED,846,0
ground_truth,dafny-synthesis_task_id_803.dfy,smtlib,z3,predicates,VERIFIED,825,0
ground_truth,dafny-synthesis_task_id_803.dfy,smtlib,z3,arguments,VERIFIED,825,0
ground_truth,dafny-synthesis_task_id_447.dfy,tptp,vampire,polymorphic,VERIFICATION_TIMED_OUT,29733,4
ground_truth,dafny-synthesis_task_id_447.dfy,tptp,vampire,monomorphic,VERIFICATION_TIMED_OUT,29871,4
ground_truth,dafny-synthesis_task_id_447.dfy,tptp,vampire,predicates,VERIFICATION_TIMED_OUT,29858,4
ground_truth,dafny-synthesis_task_id_447.dfy,tptp,vampire,arguments,VERIFICATION_TIMED_OUT,29775,4
ground_truth,dafny-synthesis_task_id_447.dfy,smtlib,vampire,monomorphic,VERIFICATION_TIMED_OUT,29798,4
ground_truth,dafny-synthesis_task_id_447.dfy,smtlib,vampire,predicates,VERIFICATION_TIMED_OUT,29802,4
ground_truth,dafny-synthesis_task_id_447.dfy,smtlib,vampire,arguments,VERIFICATION_TIMED_OUT,29768,4
ground_truth,dafny-synthesis_task_id_447.dfy,smtlib,z3,monomorphic,VERIFIED,872,0
ground_truth,dafny-synthesis_task_id_447.dfy,smtlib,z3,predicates,VERIFIED,852,0
ground_truth,dafny-synthesis_task_id_447.dfy,smtlib,z3,arguments,VERIFIED,832,0
ground_truth,Programmverifikation-und-synthese_tmp_tmppurk6ime_PVS_Assignment_ex_06_Hoangkim_ex_06_hoangkim.dfy,tptp,vampire,polymorphic,VERIFIED,2315,0
ground_truth,Programmverifikation-und-synthese_tmp_tmppurk6ime_PVS_Assignment_ex_06_Hoangkim_ex_06_hoangkim.dfy,tptp,vampire,monomorphic,VERIFIED,10938,0
ground_truth,Programmverifikation-und-synthese_tmp_tmppurk6ime_PVS_Assignment_ex_06_Hoangkim_ex_06_hoangkim.dfy,tptp,vampire,predicates,VERIFICATION_TIMED_OUT,29757,4
ground_truth,Programmverifikation-und-synthese_tmp_tmppurk6ime_PVS_Assignment_ex_06_Hoangkim_ex_06_hoangkim.dfy,tptp,vampire,arguments,VERIFIED,2014,0
ground_truth,Programmverifikation-und-synthese_tmp_tmppurk6ime_PVS_Assignment_ex_06_Hoangkim_ex_06_hoangkim.dfy,smtlib,vampire,monomorphic,VERIFIED,2107,0
ground_truth,Programmverifikation-und-synthese_tmp_tmppurk6ime_PVS_Assignment_ex_06_Hoangkim_ex_06_hoangkim.dfy,smtlib,vampire,predicates,VERIFICATION_TIMED_OUT,29730,4
ground_truth,Programmverifikation-und-synthese_tmp_tmppurk6ime_PVS_Assignment_ex_06_Hoangkim_ex_06_hoangkim.dfy,smtlib,vampire,arguments,VERIFIED,2098,0
ground_truth,Programmverifikation-und-synthese_tmp_tmppurk6ime_PVS_Assignment_ex_06_Hoangkim_ex_06_hoangkim.dfy,smtlib,z3,monomorphic,VERIFIED,880,0
ground_truth,Programmverifikation-und-synthese_tmp_tmppurk6ime_PVS_Assignment_ex_06_Hoangkim_ex_06_hoangkim.dfy,smtlib,z3,predicates,VERIFIED,846,0
ground_truth,Programmverifikation-und-synthese_tmp_tmppurk6ime_PVS_Assignment_ex_06_Hoangkim_ex_06_hoangkim.dfy,smtlib,z3,arguments,VERIFIED,837,0
ground_truth,Clover_insert.dfy,tptp,vampire,polymorphic,VERIFICATION_TIMED_OUT,29796,4
ground_truth,Clover_insert.dfy,tptp,vampire,monomorphic,VERIFICATION_TIMED_OUT,29825,4
ground_truth,Clover_insert.dfy,tptp,vampire,predicates,VERIFICATION_TIMED_OUT,29880,4
ground_truth,Clover_insert.dfy,tptp,vampire,arguments,VERIFICATION_TIMED_OUT,29807,4
ground_truth,Clover_insert.dfy,smtlib,vampire,monomorphic,VERIFICATION_TIMED_OUT,29805,4
ground_truth,Clover_insert.dfy,smtlib,vampire,predicates,VERIFICATION_TIMED_OUT,29804,4
ground_truth,Clover_insert.dfy,smtlib,vampire,arguments,VERIFICATION_TIMED_OUT,29758,4
ground_truth,Clover_insert.dfy,smtlib,z3,monomorphic,VERIFIED,1490,0
ground_truth,Clover_insert.dfy,smtlib,z3,predicates,VERIFIED,1127,0
ground_truth,Clover_insert.dfy,smtlib,z3,arguments,NOT_VERIFIED,1377,4
ground_truth,Clover_triple2.dfy,tptp,vampire,polymorphic,VERIFIED,929,0
ground_truth,Clover_triple2.dfy,tptp,vampire,monomorphic,VERIFIED,1001,0
ground_truth,Clover_triple2.dfy,tptp,vampire,predicates,VERIFIED,976,0
ground_truth,Clover_triple2.dfy,tptp,vampire,arguments,VERIFIED,968,0
ground_truth,Clover_triple2.dfy,smtlib,vampire,monomorphic,VERIFIED,945,0
ground_truth,Clover_triple2.dfy,smtlib,vampire,predicates,VERIFIED,846,0
ground_truth,Clover_triple2.dfy,smtlib,vampire,arguments,VERIFIED,911,0
ground_truth,Clover_triple2.dfy,smtlib,z3,monomorphic,VERIFIED,793,0
ground_truth,Clover_triple2.dfy,smtlib,z3,predicates,VERIFIED,762,0
ground_truth,Clover_triple2.dfy,smtlib,z3,arguments,VERIFIED,757,0
ground_truth,t1_MF_tmp_tmpi_sqie4j_exemplos_colecoes_arrays_ex4.dfy,tptp,vampire,polymorphic,VERIFICATION_TIMED_OUT,29816,4
ground_truth,t1_MF_tmp_tmpi_sqie4j_exemplos_colecoes_arrays_ex4.dfy,tptp,vampire,monomorphic,VERIFICATION_TIMED_OUT,29855,4
ground_truth,t1_MF_tmp_tmpi_sqie4j_exemplos_colecoes_arrays_ex4.dfy,tptp,vampire,predicates,VERIFICATION_TIMED_OUT,29851,4
ground_truth,t1_MF_tmp_tmpi_sqie4j_exemplos_colecoes_arrays_ex4.dfy,tptp,vampire,arguments,VERIFICATION_TIMED_OUT,29792,4
ground_truth,t1_MF_tmp_tmpi_sqie4j_exemplos_colecoes_arrays_ex4.dfy,smtlib,vampire,monomorphic,VERIFICATION_TIMED_OUT,29800,4
ground_truth,t1_MF_tmp_tmpi_sqie4j_exemplos_colecoes_arrays_ex4.dfy,smtlib,vampire,predicates,VERIFICATION_TIMED_OUT,29801,4
ground_truth,t1_MF_tmp_tmpi_sqie4j_exemplos_colecoes_arrays_ex4.dfy,smtlib,vampire,arguments,VERIFICATION_TIMED_OUT,29739,4
ground_truth,t1_MF_tmp_tmpi_sqie4j_exemplos_colecoes_arrays_ex4.dfy,smtlib,z3,monomorphic,VERIFIED,879,0
ground_truth,t1_MF_tmp_tmpi_sqie4j_exemplos_colecoes_arrays_ex4.dfy,smtlib,z3,predicates,VERIFIED,863,0
ground_truth,t1_MF_tmp_tmpi_sqie4j_exemplos_colecoes_arrays_ex4.dfy,smtlib,z3,arguments,VERIFIED,846,0
ground_truth,MFES_2021_tmp_tmpuljn8zd9_Exams_Special_Exam_03_2020_4_CatalanNumbers.dfy,tptp,vampire,polymorphic,VERIFICATION_TIMED_OUT,29779,4
ground_truth,MFES_2021_tmp_tmpuljn8zd9_Exams_Special_Exam_03_2020_4_CatalanNumbers.dfy,tptp,vampire,monomorphic,VERIFICATION_TIMED_OUT,29822,4
ground_truth,MFES_2021_tmp_tmpuljn8zd9_Exams_Special_Exam_03_2020_4_CatalanNumbers.dfy,tptp,vampire,predicates,VERIFICATION_TIMED_OUT,29830,4
ground_truth,MFES_2021_tmp_tmpuljn8zd9_Exams_Special_Exam_03_2020_4_CatalanNumbers.dfy,tptp,vampire,arguments,VERIFICATION_TIMED_OUT,29729,4
ground_truth,MFES_2021_tmp_tmpuljn8zd9_Exams_Special_Exam_03_2020_4_CatalanNumbers.dfy,smtlib,vampire,monomorphic,VERIFICATION_TIMED_OUT,29749,4
ground_truth,MFES_2021_tmp_tmpuljn8zd9_Exams_Special_Exam_03_2020_4_CatalanNumbers.dfy,smtlib,vampire,predicates,VERIFICATION_TIMED_OUT,29702,4
ground_truth,MFES_2021_tmp_tmpuljn8zd9_Exams_Special_Exam_03_2020_4_CatalanNumbers.dfy,smtlib,vampire,arguments,VERIFICATION_TIMED_OUT,29704,4
ground_truth,MFES_2021_tmp_tmpuljn8zd9_Exams_Special_Exam_03_2020_4_CatalanNumbers.dfy,smtlib,z3,monomorphic,VERIFIED,1019,0
ground_truth,MFES_2021_tmp_tmpuljn8zd9_Exams_Special_Exam_03_2020_4_CatalanNumbers.dfy,smtlib,z3,predicates,VERIFIED,963,0
ground_truth,MFES_2021_tmp_tmpuljn8zd9_Exams_Special_Exam_03_2020_4_CatalanNumbers.dfy,smtlib,z3,arguments,VERIFIED,1662,0
ground_truth,dafny-synthesis_task_id_594.dfy,tptp,vampire,polymorphic,VERIFICATION_TIMED_OUT,29823,4
ground_truth,dafny-synthesis_task_id_594.dfy,tptp,vampire,monomorphic,VERIFICATION_TIMED_OUT,29909,4
ground_truth,dafny-synthesis_task_id_594.dfy,tptp,vampire,predicates,VERIFICATION_TIMED_OUT,29906,4
ground_truth,dafny-synthesis_task_id_594.dfy,tptp,vampire,arguments,VERIFICATION_TIMED_OUT,29864,4
ground_truth,dafny-synthesis_task_id_594.dfy,smtlib,vampire,monomorphic,VERIFICATION_TIMED_OUT,29835,4
ground_truth,dafny-synthesis_task_id_594.dfy,smtlib,vampire,predicates,VERIFICATION_TIMED_OUT,29835,4
ground_truth,dafny-synthesis_task_id_594.dfy,smtlib,vampire,arguments,VERIFICATION_TIMED_OUT,29814,4
ground_truth,dafny-synthesis_task_id_594.dfy,smtlib,z3,monomorphic,VERIFIED,949,0
ground_truth,dafny-synthesis_task_id_594.dfy,smtlib,z3,predicates,VERIFIED,898,0
ground_truth,dafny-synthesis_task_id_594.dfy,smtlib,z3,arguments,VERIFIED,896,0
ground_truth,AssertivePrograming_tmp_tmpwf43uz0e_DivMode_Unary.dfy,tptp,vampire,polymorphic,VERIFICATION_TIMED_OUT,32517,4
ground_truth,AssertivePrograming_tmp_tmpwf43uz0e_DivMode_Unary.dfy,tptp,vampire,monomorphic,VERIFICATION_TIMED_OUT,31809,4
ground_truth,AssertivePrograming_tmp_tmpwf43uz0e_DivMode_Unary.dfy,tptp,vampire,predicates,VERIFICATION_TIMED_OUT,88773,4
ground_truth,AssertivePrograming_tmp_tmpwf43uz0e_DivMode_Unary.dfy,tptp,vampire,arguments,VERIFICATION_TIMED_OUT,33157,4
ground_truth,AssertivePrograming_tmp_tmpwf43uz0e_DivMode_Unary.dfy,smtlib,vampire,monomorphic,VERIFICATION_TIMED_OUT,32483,4
ground_truth,AssertivePrograming_tmp_tmpwf43uz0e_DivMode_Unary.dfy,smtlib,vampire,predicates,VERIFICATION_TIMED_OUT,60147,4
ground_truth,AssertivePrograming_tmp_tmpwf43uz0e_DivMode_Unary.dfy,smtlib,vampire,arguments,VERIFICATION_TIMED_OUT,32389,4
ground_truth,AssertivePrograming_tmp_tmpwf43uz0e_DivMode_Unary.dfy,smtlib,z3,monomorphic,VERIFIED,2030,0
ground_truth,AssertivePrograming_tmp_tmpwf43uz0e_DivMode_Unary.dfy,smtlib,z3,predicates,VERIFIED,1989,0
ground_truth,AssertivePrograming_tmp_tmpwf43uz0e_DivMode_Unary.dfy,smtlib,z3,arguments,VERIFIED,1984,0
ground_truth,Workshop_tmp_tmp0cu11bdq_Lecture_Answers_max_array.dfy,tptp,vampire,polymorphic,VERIFICATION_TIMED_OUT,29790,4
ground_truth,Workshop_tmp_tmp0cu11bdq_Lecture_Answers_max_array.dfy,tptp,vampire,monomorphic,VERIFICATION_TIMED_OUT,29861,4
ground_truth,Workshop_tmp_tmp0cu11bdq_Lecture_Answers_max_array.dfy,tptp,vampire,predicates,VERIFICATION_TIMED_OUT,29844,4
ground_truth,Workshop_tmp_tmp0cu11bdq_Lecture_Answers_max_array.dfy,tptp,vampire,arguments,VERIFICATION_TIMED_OUT,29846,4
ground_truth,Workshop_tmp_tmp0cu11bdq_Lecture_Answers_max_array.dfy,smtlib,vampire,monomorphic,VERIFICATION_TIMED_OUT,29795,4
ground_truth,Workshop_tmp_tmp0cu11bdq_Lecture_Answers_max_array.dfy,smtlib,vampire,predicates,VERIFICATION_TIMED_OUT,29796,4
ground_truth,Workshop_tmp_tmp0cu11bdq_Lecture_Answers_max_array.dfy,smtlib,vampire,arguments,VERIFICATION_TIMED_OUT,29730,4
ground_truth,Workshop_tmp_tmp0cu11bdq_Lecture_Answers_max_array.dfy,smtlib,z3,monomorphic,VERIFIED,885,0
ground_truth,Workshop_tmp_tmp0cu11bdq_Lecture_Answers_max_array.dfy,smtlib,z3,predicates,VERIFIED,857,0
ground_truth,Workshop_tmp_tmp0cu11bdq_Lecture_Answers_max_array.dfy,smtlib,z3,arguments,VERIFIED,849,0
ground_truth,Program-Verification-Dataset_tmp_tmpgbdrlnu__Dafny_advanced examples_InsertionSort.dfy,tptp,vampire,polymorphic,VERIFICATION_TIMED_OUT,29801,4
ground_truth,Program-Verification-Dataset_tmp_tmpgbdrlnu__Dafny_advanced examples_InsertionSort.dfy,tptp,vampire,monomorphic,VERIFICATION_TIMED_OUT,29896,4
ground_truth,Program-Verification-Dataset_tmp_tmpgbdrlnu__Dafny_advanced examples_InsertionSort.dfy,tptp,vampire,predicates,VERIFICATION_TIMED_OUT,29882,4
ground_truth,Program-Verification-Dataset_tmp_tmpgbdrlnu__Dafny_advanced examples_InsertionSort.dfy,tptp,vampire,arguments,VERIFICATION_TIMED_OUT,29888,4
ground_truth,Program-Verification-Dataset_tmp_tmpgbdrlnu__Dafny_advanced examples_InsertionSort.dfy,smtlib,vampire,monomorphic,VERIFICATION_TIMED_OUT,29828,4
ground_truth,Program-Verification-Dataset_tmp_tmpgbdrlnu__Dafny_advanced examples_InsertionSort.dfy,smtlib,vampire,predicates,VERIFICATION_TIMED_OUT,29814,4
ground_truth,Program-Verification-Dataset_tmp_tmpgbdrlnu__Dafny_advanced examples_InsertionSort.dfy,smtlib,vampire,arguments,VERIFICATION_TIMED_OUT,29843,4
ground_truth,Program-Verification-Dataset_tmp_tmpgbdrlnu__Dafny_advanced examples_InsertionSort.dfy,smtlib,z3,monomorphic,VERIFIED,971,0
ground_truth,Program-Verification-Dataset_tmp_tmpgbdrlnu__Dafny_advanced examples_InsertionSort.dfy,smtlib,z3,predicates,VERIFIED,932,0
ground_truth,Program-Verification-Dataset_tmp_tmpgbdrlnu__Dafny_advanced examples_InsertionSort.dfy,smtlib,z3,arguments,VERIFIED,913,0
ground_truth,dafny-synthesis_task_id_431.dfy,tptp,vampire,polymorphic,VERIFICATION_TIMED_OUT,29746,4
ground_truth,dafny-synthesis_task_id_431.dfy,tptp,vampire,monomorphic,VERIFIED,16116,0
ground_truth,dafny-synthesis_task_id_431.dfy,tptp,vampire,predicates,VERIFICATION_TIMED_OUT,29865,4
ground_truth,dafny-synthesis_task_id_431.dfy,tptp,vampire,arguments,VERIFICATION_TIMED_OUT,29786,4
ground_truth,dafny-synthesis_task_id_431.dfy,smtlib,vampire,monomorphic,VERIFIED,3246,0
ground_truth,dafny-synthesis_task_id_431.dfy,smtlib,vampire,predicates,VERIFIED,22167,0
ground_truth,dafny-synthesis_task_id_431.dfy,smtlib,vampire,arguments,VERIFICATION_TIMED_OUT,29712,4
ground_truth,dafny-synthesis_task_id_431.dfy,smtlib,z3,monomorphic,VERIFIED,879,0
ground_truth,dafny-synthesis_task_id_431.dfy,smtlib,z3,predicates,VERIFIED,856,0
ground_truth,dafny-synthesis_task_id_431.dfy,smtlib,z3,arguments,VERIFIED,848,0
ground_truth,dafny-synthesis_task_id_312.dfy,tptp,vampire,polymorphic,VERIFIED,790,0
ground_truth,dafny-synthesis_task_id_312.dfy,tptp,vampire,monomorphic,VERIFIED,842,0
ground_truth,dafny-synthesis_task_id_312.dfy,tptp,vampire,predicates,VERIFIED,813,0
ground_truth,dafny-synthesis_task_id_312.dfy,tptp,vampire,arguments,VERIFIED,802,0
ground_truth,dafny-synthesis_task_id_312.dfy,smtlib,vampire,monomorphic,VERIFIED,798,0
ground_truth,dafny-synthesis_task_id_312.dfy,smtlib,vampire,predicates,VERIFIED,750,0
ground_truth,dafny-synthesis_task_id_312.dfy,smtlib,vampire,arguments,VERIFIED,745,0
ground_truth,dafny-synthesis_task_id_312.dfy,smtlib,z3,monomorphic,VERIFIED,781,0
ground_truth,dafny-synthesis_task_id_312.dfy,smtlib,z3,predicates,VERIFIED,746,0
ground_truth,dafny-synthesis_task_id_312.dfy,smtlib,z3,arguments,VERIFIED,745,0
ground_truth,dafny-synthesis_task_id_433.dfy,tptp,vampire,polymorphic,VERIFIED,2990,0
ground_truth,dafny-synthesis_task_id_433.dfy,tptp,vampire,monomorphic,VERIFIED,2620,0
ground_truth,dafny-synthesis_task_id_433.dfy,tptp,vampire,predicates,VERIFIED,2074,0
ground_truth,dafny-synthesis_task_id_433.dfy,tptp,vampire,arguments,VERIFIED,1840,0
ground_truth,dafny-synthesis_task_id_433.dfy,smtlib,vampire,monomorphic,VERIFIED,1925,0
ground_truth,dafny-synthesis_task_id_433.dfy,smtlib,vampire,predicates,VERIFIED,10518,0
ground_truth,dafny-synthesis_task_id_433.dfy,smtlib,vampire,arguments,VERIFIED,1886,0
ground_truth,dafny-synthesis_task_id_433.dfy,smtlib,z3,monomorphic,VERIFIED,878,0
ground_truth,dafny-synthesis_task_id_433.dfy,smtlib,z3,predicates,VERIFIED,854,0
ground_truth,dafny-synthesis_task_id_433.dfy,smtlib,z3,arguments,VERIFIED,850,0
ground_truth,Dafny_tmp_tmp0wu8wmfr_tests_F1a.dfy,tptp,vampire,polymorphic,VERIFICATION_TIMED_OUT,29689,4
ground_truth,Dafny_tmp_tmp0wu8wmfr_tests_F1a.dfy,tptp,vampire,monomorphic,VERIFICATION_TIMED_OUT,29759,4
ground_truth,Dafny_tmp_tmp0wu8wmfr_tests_F1a.dfy,tptp,vampire,predicates,VERIFICATION_TIMED_OUT,29764,4
ground_truth,Dafny_tmp_tmp0wu8wmfr_tests_F1a.dfy,tptp,vampire,arguments,VERIFICATION_TIMED_OUT,29740,4
ground_truth,Dafny_tmp_tmp0wu8wmfr_tests_F1a.dfy,smtlib,vampire,monomorphic,VERIFIED,867,0
ground_truth,Dafny_tmp_tmp0wu8wmfr_tests_F1a.dfy,smtlib,vampire,predicates,VERIFIED,840,0
ground_truth,Dafny_tmp_tmp0wu8wmfr_tests_F1a.dfy,smtlib,vampire,arguments,VERIFIED,969,0
ground_truth,Dafny_tmp_tmp0wu8wmfr_tests_F1a.dfy,smtlib,z3,monomorphic,VERIFIED,826,0
ground_truth,Dafny_tmp_tmp0wu8wmfr_tests_F1a.dfy,smtlib,z3,predicates,VERIFIED,786,0
ground_truth,Dafny_tmp_tmp0wu8wmfr_tests_F1a.dfy,smtlib,z3,arguments,VERIFIED,780,0
ground_truth,Dafny_tmp_tmpj88zq5zt_2-Kontrakte_reverse3.dfy,tptp,vampire,polymorphic,VERIFICATION_TIMED_OUT,29814,4
ground_truth,Dafny_tmp_tmpj88zq5zt_2-Kontrakte_reverse3.dfy,tptp,vampire,monomorphic,VERIFICATION_TIMED_OUT,29803,4
ground_truth,Dafny_tmp_tmpj88zq5zt_2-Kontrakte_reverse3.dfy,tptp,vampire,predicates,VERIFICATION_TIMED_OUT,29809,4
ground_truth,Dafny_tmp_tmpj88zq5zt_2-Kontrakte_reverse3.dfy,tptp,vampire,arguments,VERIFIED,19164,0
ground_truth,Dafny_tmp_tmpj88zq5zt_2-Kontrakte_reverse3.dfy,smtlib,vampire,monomorphic,VERIFIED,20305,0
ground_truth,Dafny_tmp_tmpj88zq5zt_2-Kontrakte_reverse3.dfy,smtlib,vampire,predicates,VERIFICATION_TIMED_OUT,29735,4
ground_truth,Dafny_tmp_tmpj88zq5zt_2-Kontrakte_reverse3.dfy,smtlib,vampire,arguments,VERIFIED,19498,0
ground_truth,Dafny_tmp_tmpj88zq5zt_2-Kontrakte_reverse3.dfy,smtlib,z3,monomorphic,VERIFIED,886,0
ground_truth,Dafny_tmp_tmpj88zq5zt_2-Kontrakte_reverse3.dfy,smtlib,z3,predicates,VERIFIED,866,0
ground_truth,Dafny_tmp_tmpj88zq5zt_2-Kontrakte_reverse3.dfy,smtlib,z3,arguments,VERIFIED,855,0
ground_truth,Dafny-Exercises_tmp_tmpjm75muf__Session2Exercises_ExerciseSquare_root.dfy,tptp,vampire,polymorphic,VERIFIED,3752,0
ground_truth,Dafny-Exercises_tmp_tmpjm75muf__Session2Exercises_ExerciseSquare_root.dfy,tptp,vampire,monomorphic,VERIFIED,6719,0
ground_truth,Dafny-Exercises_tmp_tmpjm75muf__Session2Exercises_ExerciseSquare_root.dfy,tptp,vampire,predicates,VERIFIED,17946,0
ground_truth,Dafny-Exercises_tmp_tmpjm75muf__Session2Exercises_ExerciseSquare_root.dfy,tptp,vampire,arguments,VERIFIED,1170,0
ground_truth,Dafny-Exercises_tmp_tmpjm75muf__Session2Exercises_ExerciseSquare_root.dfy,smtlib,vampire,monomorphic,VERIFIED,1167,0
ground_truth,Dafny-Exercises_tmp_tmpjm75muf__Session2Exercises_ExerciseSquare_root.dfy,smtlib,vampire,predicates,VERIFIED,1068,0
ground_truth,Dafny-Exercises_tmp_tmpjm75muf__Session2Exercises_ExerciseSquare_root.dfy,smtlib,vampire,arguments,VERIFIED,1039,0
ground_truth,Dafny-Exercises_tmp_tmpjm75muf__Session2Exercises_ExerciseSquare_root.dfy,smtlib,z3,monomorphic,VERIFIED,825,0
ground_truth,Dafny-Exercises_tmp_tmpjm75muf__Session2Exercises_ExerciseSquare_root.dfy,smtlib,z3,predicates,VERIFIED,806,0
ground_truth,Dafny-Exercises_tmp_tmpjm75muf__Session2Exercises_ExerciseSquare_root.dfy,smtlib,z3,arguments,VERIFIED,799,0
ground_truth,dafny-exercise_tmp_tmpouftptir_zapNegatives.dfy,tptp,vampire,polymorphic,VERIFICATION_TIMED_OUT,29813,4
ground_truth,dafny-exercise_tmp_tmpouftptir_zapNegatives.dfy,tptp,vampire,monomorphic,VERIFICATION_TIMED_OUT,29914,4
ground_truth,dafny-exercise_tmp_tmpouftptir_zapNegatives.dfy,tptp,vampire,predicates,VERIFICATION_TIMED_OUT,29853,4
ground_truth,dafny-exercise_tmp_tmpouftptir_zapNegatives.dfy,tptp,vampire,arguments,VERIFICATION_TIMED_OUT,29859,4
ground_truth,dafny-exercise_tmp_tmpouftptir_zapNegatives.dfy,smtlib,vampire,monomorphic,VERIFICATION_TIMED_OUT,29844,4
ground_truth,dafny-exercise_tmp_tmpouftptir_zapNegatives.dfy,smtlib,vampire,predicates,VERIFICATION_TIMED_OUT,29797,4
ground_truth,dafny-exercise_tmp_tmpouftptir_zapNegatives.dfy,smtlib,vampire,arguments,VERIFICATION_TIMED_OUT,29813,4
ground_truth,dafny-exercise_tmp_tmpouftptir_zapNegatives.dfy,smtlib,z3,monomorphic,VERIFIED,939,0
ground_truth,dafny-exercise_tmp_tmpouftptir_zapNegatives.dfy,smtlib,z3,predicates,VERIFIED,893,0
ground_truth,dafny-exercise_tmp_tmpouftptir_zapNegatives.dfy,smtlib,z3,arguments,VERIFIED,888,0
ground_truth,Dafny_Programs_tmp_tmp99966ew4_mymax.dfy,tptp,vampire,polymorphic,VERIFIED,812,0
ground_truth,Dafny_Programs_tmp_tmp99966ew4_mymax.dfy,tptp,vampire,monomorphic,VERIFIED,856,0
ground_truth,Dafny_Programs_tmp_tmp99966ew4_mymax.dfy,tptp,vampire,predicates,VERIFIED,838,0
ground_truth,Dafny_Programs_tmp_tmp99966ew4_mymax.dfy,tptp,vampire,arguments,VERIFIED,829,0
ground_truth,Dafny_Programs_tmp_tmp99966ew4_mymax.dfy,smtlib,vampire,monomorphic,VERIFIED,818,0
ground_truth,Dafny_Programs_tmp_tmp99966ew4_mymax.dfy,smtlib,vampire,predicates,VERIFIED,795,0
ground_truth,Dafny_Programs_tmp_tmp99966ew4_mymax.dfy,smtlib,vampire,arguments,VERIFIED,787,0
ground_truth,Dafny_Programs_tmp_tmp99966ew4_mymax.dfy,smtlib,z3,monomorphic,VERIFIED,808,0
ground_truth,Dafny_Programs_tmp_tmp99966ew4_mymax.dfy,smtlib,z3,predicates,VERIFIED,787,0
ground_truth,Dafny_Programs_tmp_tmp99966ew4_mymax.dfy,smtlib,z3,arguments,VERIFIED,770,0
ground_truth,Dafny_Verify_tmp_tmphq7j0row_Fine_Tune_Examples_50_examples_38.dfy,tptp,vampire,polymorphic,VERIFICATION_TIMED_OUT,29710,4
ground_truth,Dafny_Verify_tmp_tmphq7j0row_Fine_Tune_Examples_50_examples_38.dfy,tptp,vampire,monomorphic,VERIFICATION_TIMED_OUT,29768,4
ground_truth,Dafny_Verify_tmp_tmphq7j0row_Fine_Tune_Examples_50_examples_38.dfy,tptp,vampire,predicates,VERIFICATION_TIMED_OUT,29767,4
ground_truth,Dafny_Verify_tmp_tmphq7j0row_Fine_Tune_Examples_50_examples_38.dfy,tptp,vampire,arguments,VERIFICATION_TIMED_OUT,29809,4
ground_truth,Dafny_Verify_tmp_tmphq7j0row_Fine_Tune_Examples_50_examples_38.dfy,smtlib,vampire,monomorphic,VERIFIED,961,0
ground_truth,Dafny_Verify_tmp_tmphq7j0row_Fine_Tune_Examples_50_examples_38.dfy,smtlib,vampire,predicates,VERIFIED,1075,0
ground_truth,Dafny_Verify_tmp_tmphq7j0row_Fine_Tune_Examples_50_examples_38.dfy,smtlib,vampire,arguments,VERIFIED,954,0
ground_truth,Dafny_Verify_tmp_tmphq7j0row_Fine_Tune_Examples_50_examples_38.dfy,smtlib,z3,monomorphic,VERIFIED,812,0
ground_truth,Dafny_Verify_tmp_tmphq7j0row_Fine_Tune_Examples_50_examples_38.dfy,smtlib,z3,predicates,VERIFIED,795,0
ground_truth,Dafny_Verify_tmp_tmphq7j0row_Fine_Tune_Examples_50_examples_38.dfy,smtlib,z3,arguments,VERIFIED,781,0
ground_truth,software-specification-p1_tmp_tmpz9x6mpxb_BoilerPlate_Ex1.dfy,tptp,vampire,polymorphic,VERIFICATION_TIMED_OUT,58899,4
ground_truth,software-specification-p1_tmp_tmpz9x6mpxb_BoilerPlate_Ex1.dfy,tptp,vampire,monomorphic,VERIFICATION_TIMED_OUT,58948,4
ground_truth,software-specification-p1_tmp_tmpz9x6mpxb_BoilerPlate_Ex1.dfy,tptp,vampire,predicates,VERIFICATION_TIMED_OUT,58934,4
ground_truth,software-specification-p1_tmp_tmpz9x6mpxb_BoilerPlate_Ex1.dfy,tptp,vampire,arguments,VERIFICATION_TIMED_OUT,38872,4
ground_truth,software-specification-p1_tmp_tmpz9x6mpxb_BoilerPlate_Ex1.dfy,smtlib,vampire,monomorphic,VERIFICATION_TIMED_OUT,58885,4
ground_truth,software-specification-p1_tmp_tmpz9x6mpxb_BoilerPlate_Ex1.dfy,smtlib,vampire,predicates,VERIFICATION_TIMED_OUT,58851,4
ground_truth,software-specification-p1_tmp_tmpz9x6mpxb_BoilerPlate_Ex1.dfy,smtlib,vampire,arguments,VERIFICATION_TIMED_OUT,50472,4
ground_truth,software-specification-p1_tmp_tmpz9x6mpxb_BoilerPlate_Ex1.dfy,smtlib,z3,monomorphic,VERIFIED,1146,0
ground_truth,software-specification-p1_tmp_tmpz9x6mpxb_BoilerPlate_Ex1.dfy,smtlib,z3,predicates,VERIFIED,1162,0
ground_truth,software-specification-p1_tmp_tmpz9x6mpxb_BoilerPlate_Ex1.dfy,smtlib,z3,arguments,VERIFIED,1120,0
ground_truth,Clover_swap_sim.dfy,tptp,vampire,polymorphic,VERIFIED,773,0
ground_truth,Clover_swap_sim.dfy,tptp,vampire,monomorphic,VERIFIED,815,0
ground_truth,Clover_swap_sim.dfy,tptp,vampire,predicates,VERIFIED,786,0
ground_truth,Clover_swap_sim.dfy,tptp,vampire,arguments,VERIFIED,775,0
ground_truth,Clover_swap_sim.dfy,smtlib,vampire,monomorphic,VERIFIED,778,0
ground_truth,Clover_swap_sim.dfy,smtlib,vampire,predicates,VERIFIED,756,0
ground_truth,Clover_swap_sim.dfy,smtlib,vampire,arguments,VERIFIED,739,0
ground_truth,Clover_swap_sim.dfy,smtlib,z3,monomorphic,VERIFIED,754,0
ground_truth,Clover_swap_sim.dfy,smtlib,z3,predicates,VERIFIED,737,0
ground_truth,Clover_swap_sim.dfy,smtlib,z3,arguments,VERIFIED,731,0
ground_truth,dafny-synthesis_task_id_472.dfy,tptp,vampire,polymorphic,VERIFIED,3036,0
ground_truth,dafny-synthesis_task_id_472.dfy,tptp,vampire,monomorphic,VERIFIED,6977,0
ground_truth,dafny-synthesis_task_id_472.dfy,tptp,vampire,predicates,VERIFIED,10428,0
ground_truth,dafny-synthesis_task_id_472.dfy,tptp,vampire,arguments,VERIFIED,3063,0
ground_truth,dafny-synthesis_task_id_472.dfy,smtlib,vampire,monomorphic,VERIFIED,3216,0
ground_truth,dafny-synthesis_task_id_472.dfy,smtlib,vampire,predicates,VERIFIED,18952,0
ground_truth,dafny-synthesis_task_id_472.dfy,smtlib,vampire,arguments,VERIFIED,10569,0
ground_truth,dafny-synthesis_task_id_472.dfy,smtlib,z3,monomorphic,VERIFIED,873,0
ground_truth,dafny-synthesis_task_id_472.dfy,smtlib,z3,predicates,VERIFIED,839,0
ground_truth,dafny-synthesis_task_id_472.dfy,smtlib,z3,arguments,VERIFIED,842,0
ground_truth,Program-Verification-Dataset_tmp_tmpgbdrlnu__Dafny_from dafny main repo_dafny3_CalcExample.dfy,tptp,vampire,polymorphic,VERIFIED,903,0
ground_truth,Program-Verification-Dataset_tmp_tmpgbdrlnu__Dafny_from dafny main repo_dafny3_CalcExample.dfy,tptp,vampire,monomorphic,VERIFIED,971,0
ground_truth,Program-Verification-Dataset_tmp_tmpgbdrlnu__Dafny_from dafny main repo_dafny3_CalcExample.dfy,tptp,vampire,predicates,VERIFIED,929,0
ground_truth,Program-Verification-Dataset_tmp_tmpgbdrlnu__Dafny_from dafny main repo_dafny3_CalcExample.dfy,tptp,vampire,arguments,VERIFIED,912,0
ground_truth,Program-Verification-Dataset_tmp_tmpgbdrlnu__Dafny_from dafny main repo_dafny3_CalcExample.dfy,smtlib,vampire,monomorphic,VERIFIED,926,0
ground_truth,Program-Verification-Dataset_tmp_tmpgbdrlnu__Dafny_from dafny main repo_dafny3_CalcExample.dfy,smtlib,vampire,predicates,VERIFIED,880,0
ground_truth,Program-Verification-Dataset_tmp_tmpgbdrlnu__Dafny_from dafny main repo_dafny3_CalcExample.dfy,smtlib,vampire,arguments,VERIFIED,877,0
ground_truth,Program-Verification-Dataset_tmp_tmpgbdrlnu__Dafny_from dafny main repo_dafny3_CalcExample.dfy,smtlib,z3,monomorphic,VERIFIED,885,0
ground_truth,Program-Verification-Dataset_tmp_tmpgbdrlnu__Dafny_from dafny main repo_dafny3_CalcExample.dfy,smtlib,z3,predicates,VERIFIED,860,0
ground_truth,Program-Verification-Dataset_tmp_tmpgbdrlnu__Dafny_from dafny main repo_dafny3_CalcExample.dfy,smtlib,z3,arguments,VERIFIED,855,0
ground_truth,dafny-duck_tmp_tmplawbgxjo_p3.dfy,tptp,vampire,polymorphic,VERIFICATION_TIMED_OUT,29791,4
ground_truth,dafny-duck_tmp_tmplawbgxjo_p3.dfy,tptp,vampire,monomorphic,VERIFICATION_TIMED_OUT,29885,4
ground_truth,dafny-duck_tmp_tmplawbgxjo_p3.dfy,tptp,vampire,predicates,VERIFICATION_TIMED_OUT,29849,4
ground_truth,dafny-duck_tmp_tmplawbgxjo_p3.dfy,tptp,vampire,arguments,VERIFICATION_TIMED_OUT,29847,4
ground_truth,dafny-duck_tmp_tmplawbgxjo_p3.dfy,smtlib,vampire,monomorphic,VERIFICATION_TIMED_OUT,29815,4
ground_truth,dafny-duck_tmp_tmplawbgxjo_p3.dfy,smtlib,vampire,predicates,VERIFICATION_TIMED_OUT,29739,4
ground_truth,dafny-duck_tmp_tmplawbgxjo_p3.dfy,smtlib,vampire,arguments,VERIFICATION_TIMED_OUT,29819,4
ground_truth,dafny-duck_tmp_tmplawbgxjo_p3.dfy,smtlib,z3,monomorphic,VERIFIED,905,0
ground_truth,dafny-duck_tmp_tmplawbgxjo_p3.dfy,smtlib,z3,predicates,VERIFIED,881,0
ground_truth,dafny-duck_tmp_tmplawbgxjo_p3.dfy,smtlib,z3,arguments,VERIFIED,873,0
ground_truth,630-dafny_tmp_tmpz2kokaiq_Solution.dfy,tptp,vampire,polymorphic,VERIFICATION_TIMED_OUT,29819,4
ground_truth,630-dafny_tmp_tmpz2kokaiq_Solution.dfy,tptp,vampire,monomorphic,VERIFICATION_TIMED_OUT,29909,4
ground_truth,630-dafny_tmp_tmpz2kokaiq_Solution.dfy,tptp,vampire,predicates,VERIFICATION_TIMED_OUT,29822,4
ground_truth,630-dafny_tmp_tmpz2kokaiq_Solution.dfy,tptp,vampire,arguments,VERIFICATION_TIMED_OUT,29827,4
ground_truth,630-dafny_tmp_tmpz2kokaiq_Solution.dfy,smtlib,vampire,monomorphic,VERIFICATION_TIMED_OUT,29780,4
ground_truth,630-dafny_tmp_tmpz2kokaiq_Solution.dfy,smtlib,vampire,predicates,VERIFICATION_TIMED_OUT,29803,4
ground_truth,630-dafny_tmp_tmpz2kokaiq_Solution.dfy,smtlib,vampire,arguments,VERIFICATION_TIMED_OUT,29770,4
ground_truth,630-dafny_tmp_tmpz2kokaiq_Solution.dfy,smtlib,z3,monomorphic,VERIFIED,920,0
ground_truth,630-dafny_tmp_tmpz2kokaiq_Solution.dfy,smtlib,z3,predicates,VERIFIED,901,0
ground_truth,630-dafny_tmp_tmpz2kokaiq_Solution.dfy,smtlib,z3,arguments,VERIFIED,885,0
ground_truth,protocol-verification-fa2023_tmp_tmpw6hy3mjp_demos_ch03_nim_v3.dfy,tptp,vampire,polymorphic,VERIFICATION_TIMED_OUT,29931,4
ground_truth,protocol-verification-fa2023_tmp_tmpw6hy3mjp_demos_ch03_nim_v3.dfy,tptp,vampire,monomorphic,VERIFICATION_TIMED_OUT,30049,4
ground_truth,protocol-verification-fa2023_tmp_tmpw6hy3mjp_demos_ch03_nim_v3.dfy,tptp,vampire,predicates,VERIFICATION_TIMED_OUT,29940,4
ground_truth,protocol-verification-fa2023_tmp_tmpw6hy3mjp_demos_ch03_nim_v3.dfy,tptp,vampire,arguments,VERIFICATION_TIMED_OUT,29865,4
ground_truth,protocol-verification-fa2023_tmp_tmpw6hy3mjp_demos_ch03_nim_v3.dfy,smtlib,vampire,monomorphic,VERIFICATION_TIMED_OUT,29904,4
ground_truth,protocol-verification-fa2023_tmp_tmpw6hy3mjp_demos_ch03_nim_v3.dfy,smtlib,vampire,predicates,VERIFICATION_TIMED_OUT,29858,4
ground_truth,protocol-verification-fa2023_tmp_tmpw6hy3mjp_demos_ch03_nim_v3.dfy,smtlib,vampire,arguments,VERIFICATION_TIMED_OUT,29847,4
ground_truth,protocol-verification-fa2023_tmp_tmpw6hy3mjp_demos_ch03_nim_v3.dfy,smtlib,z3,monomorphic,VERIFIED,983,0
ground_truth,protocol-verification-fa2023_tmp_tmpw6hy3mjp_demos_ch03_nim_v3.dfy,smtlib,z3,predicates,NOT_VERIFIED,976,4
ground_truth,protocol-verification-fa2023_tmp_tmpw6hy3mjp_demos_ch03_nim_v3.dfy,smtlib,z3,arguments,VERIFIED,928,0
ground_truth,dafleet_tmp_tmpa2e4kb9v_0001-0050_0005-longest-palindromic-substring.dfy,tptp,vampire,polymorphic,VERIFICATION_TIMED_OUT,61537,4
ground_truth,dafleet_tmp_tmpa2e4kb9v_0001-0050_0005-longest-palindromic-substring.dfy,tptp,vampire,monomorphic,VERIFICATION_TIMED_OUT,59342,4
ground_truth,dafleet_tmp_tmpa2e4kb9v_0001-0050_0005-longest-palindromic-substring.dfy,tptp,vampire,predicates,VERIFICATION_TIMED_OUT,97701,4
ground_truth,dafleet_tmp_tmpa2e4kb9v_0001-0050_0005-longest-palindromic-substring.dfy,tptp,vampire,arguments,VERIFICATION_TIMED_OUT,59672,4
ground_truth,dafleet_tmp_tmpa2e4kb9v_0001-0050_0005-longest-palindromic-substring.dfy,smtlib,vampire,monomorphic,VERIFICATION_TIMED_OUT,59236,4
ground_truth,dafleet_tmp_tmpa2e4kb9v_0001-0050_0005-longest-palindromic-substring.dfy,smtlib,vampire,predicates,VERIFICATION_TIMED_OUT,82676,4
ground_truth,dafleet_tmp_tmpa2e4kb9v_0001-0050_0005-longest-palindromic-substring.dfy,smtlib,vampire,arguments,VERIFICATION_TIMED_OUT,60003,4
ground_truth,dafleet_tmp_tmpa2e4kb9v_0001-0050_0005-longest-palindromic-substring.dfy,smtlib,z3,monomorphic,VERIFIED,2064,0
ground_truth,dafleet_tmp_tmpa2e4kb9v_0001-0050_0005-longest-palindromic-substring.dfy,smtlib,z3,predicates,NOT_VERIFIED,2260,4
ground_truth,dafleet_tmp_tmpa2e4kb9v_0001-0050_0005-longest-palindromic-substring.dfy,smtlib,z3,arguments,VERIFIED,2105,0
ground_truth,dafny-synthesis_task_id_759.dfy,tptp,vampire,polymorphic,VERIFIED,1604,0
ground_truth,dafny-synthesis_task_id_759.dfy,tptp,vampire,monomorphic,VERIFIED,1842,0
ground_truth,dafny-synthesis_task_id_759.dfy,tptp,vampire,predicates,VERIFIED,1830,0
ground_truth,dafny-synthesis_task_id_759.dfy,tptp,vampire,arguments,VERIFIED,1832,0
ground_truth,dafny-synthesis_task_id_759.dfy,smtlib,vampire,monomorphic,VERIFIED,1942,0
ground_truth,dafny-synthesis_task_id_759.dfy,smtlib,vampire,predicates,VERIFIED,1916,0
ground_truth,dafny-synthesis_task_id_759.dfy,smtlib,vampire,arguments,VERIFIED,1913,0
ground_truth,dafny-synthesis_task_id_759.dfy,smtlib,z3,monomorphic,VERIFIED,866,0
ground_truth,dafny-synthesis_task_id_759.dfy,smtlib,z3,predicates,VERIFIED,835,0
ground_truth,dafny-synthesis_task_id_759.dfy,smtlib,z3,arguments,VERIFIED,835,0
ground_truth,Formal_Verification_With_Dafny_tmp_tmp5j79rq48_LimitedStack.dfy,tptp,vampire,polymorphic,VERIFICATION_TIMED_OUT,55399,4
ground_truth,Formal_Verification_With_Dafny_tmp_tmp5j79rq48_LimitedStack.dfy,tptp,vampire,monomorphic,VERIFICATION_TIMED_OUT,33405,4
ground_truth,Formal_Verification_With_Dafny_tmp_tmp5j79rq48_LimitedStack.dfy,tptp,vampire,predicates,VERIFICATION_TIMED_OUT,58975,4
ground_truth,Formal_Verification_With_Dafny_tmp_tmp5j79rq48_LimitedStack.dfy,tptp,vampire,arguments,VERIFICATION_TIMED_OUT,33698,4
ground_truth,Formal_Verification_With_Dafny_tmp_tmp5j79rq48_LimitedStack.dfy,smtlib,vampire,monomorphic,VERIFICATION_TIMED_OUT,32619,4
ground_truth,Formal_Verification_With_Dafny_tmp_tmp5j79rq48_LimitedStack.dfy,smtlib,vampire,predicates,VERIFICATION_TIMED_OUT,58788,4
ground_truth,Formal_Verification_With_Dafny_tmp_tmp5j79rq48_LimitedStack.dfy,smtlib,vampire,arguments,VERIFICATION_TIMED_OUT,58765,4
ground_truth,Formal_Verification_With_Dafny_tmp_tmp5j79rq48_LimitedStack.dfy,smtlib,z3,monomorphic,VERIFIED,1093,0
ground_truth,Formal_Verification_With_Dafny_tmp_tmp5j79rq48_LimitedStack.dfy,smtlib,z3,predicates,VERIFIED,1063,0
ground_truth,Formal_Verification_With_Dafny_tmp_tmp5j79rq48_LimitedStack.dfy,smtlib,z3,arguments,VERIFIED,1040,0
ground_truth,Dafny-VMC_tmp_tmpzgqv0i1u_src_Math_Exponential.dfy,tptp,vampire,polymorphic,VERIFIED,1144,0
ground_truth,Dafny-VMC_tmp_tmpzgqv0i1u_src_Math_Exponential.dfy,tptp,vampire,monomorphic,VERIFIED,1219,0
ground_truth,Dafny-VMC_tmp_tmpzgqv0i1u_src_Math_Exponential.dfy,tptp,vampire,predicates,VERIFIED,1248,0
ground_truth,Dafny-VMC_tmp_tmpzgqv0i1u_src_Math_Exponential.dfy,tptp,vampire,arguments,VERIFIED,1149,0
ground_truth,Dafny-VMC_tmp_tmpzgqv0i1u_src_Math_Exponential.dfy,smtlib,vampire,monomorphic,VERIFIED,1220,0
ground_truth,Dafny-VMC_tmp_tmpzgqv0i1u_src_Math_Exponential.dfy,smtlib,vampire,predicates,VERIFIED,1245,0
ground_truth,Dafny-VMC_tmp_tmpzgqv0i1u_src_Math_Exponential.dfy,smtlib,vampire,arguments,VERIFIED,1111,0
ground_truth,Dafny-VMC_tmp_tmpzgqv0i1u_src_Math_Exponential.dfy,smtlib,z3,monomorphic,NOT_VERIFIED,869,4
ground_truth,Dafny-VMC_tmp_tmpzgqv0i1u_src_Math_Exponential.dfy,smtlib,z3,predicates,NOT_VERIFIED,840,4
ground_truth,Dafny-VMC_tmp_tmpzgqv0i1u_src_Math_Exponential.dfy,smtlib,z3,arguments,NOT_VERIFIED,833,4
ground_truth,dafny_examples_tmp_tmp8qotd4ez_test_shuffle.dfy,tptp,vampire,polymorphic,VERIFICATION_TIMED_OUT,29905,4
ground_truth,dafny_examples_tmp_tmp8qotd4ez_test_shuffle.dfy,tptp,vampire,monomorphic,VERIFICATION_TIMED_OUT,29985,4
ground_truth,dafny_examples_tmp_tmp8qotd4ez_test_shuffle.dfy,tptp,vampire,predicates,VERIFICATION_TIMED_OUT,29897,4
ground_truth,dafny_examples_tmp_tmp8qotd4ez_test_shuffle.dfy,tptp,vampire,arguments,VERIFICATION_TIMED_OUT,29939,4
ground_truth,dafny_examples_tmp_tmp8qotd4ez_test_shuffle.dfy,smtlib,vampire,monomorphic,VERIFICATION_TIMED_OUT,29936,4
ground_truth,dafny_examples_tmp_tmp8qotd4ez_test_shuffle.dfy,smtlib,vampire,predicates,VERIFICATION_TIMED_OUT,29884,4
ground_truth,dafny_examples_tmp_tmp8qotd4ez_test_shuffle.dfy,smtlib,vampire,arguments,VERIFICATION_TIMED_OUT,29858,4
ground_truth,dafny_examples_tmp_tmp8qotd4ez_test_shuffle.dfy,smtlib,z3,monomorphic,VERIFIED,981,0
ground_truth,dafny_examples_tmp_tmp8qotd4ez_test_shuffle.dfy,smtlib,z3,predicates,VERIFIED,957,0
ground_truth,dafny_examples_tmp_tmp8qotd4ez_test_shuffle.dfy,smtlib,z3,arguments,VERIFIED,934,0
ground_truth,Dafny-Exercises_tmp_tmpjm75muf__Session2Exercises_ExerciseFibonacci.dfy,tptp,vampire,polymorphic,VERIFICATION_TIMED_OUT,29820,4
ground_truth,Dafny-Exercises_tmp_tmpjm75muf__Session2Exercises_ExerciseFibonacci.dfy,tptp,vampire,monomorphic,VERIFICATION_TIMED_OUT,29854,4
ground_truth,Dafny-Exercises_tmp_tmpjm75muf__Session2Exercises_ExerciseFibonacci.dfy,tptp,vampire,predicates,VERIFICATION_TIMED_OUT,29852,4
ground_truth,Dafny-Exercises_tmp_tmpjm75muf__Session2Exercises_ExerciseFibonacci.dfy,tptp,vampire,arguments,VERIFICATION_TIMED_OUT,29769,4
ground_truth,Dafny-Exercises_tmp_tmpjm75muf__Session2Exercises_ExerciseFibonacci.dfy,smtlib,vampire,monomorphic,VERIFICATION_TIMED_OUT,29771,4
ground_truth,Dafny-Exercises_tmp_tmpjm75muf__Session2Exercises_ExerciseFibonacci.dfy,smtlib,vampire,predicates,VERIFICATION_TIMED_OUT,29786,4
ground_truth,Dafny-Exercises_tmp_tmpjm75muf__Session2Exercises_ExerciseFibonacci.dfy,smtlib,vampire,arguments,VERIFICATION_TIMED_OUT,29784,4
ground_truth,Dafny-Exercises_tmp_tmpjm75muf__Session2Exercises_ExerciseFibonacci.dfy,smtlib,z3,monomorphic,VERIFIED,877,0
ground_truth,Dafny-Exercises_tmp_tmpjm75muf__Session2Exercises_ExerciseFibonacci.dfy,smtlib,z3,predicates,VERIFIED,851,0
ground_truth,Dafny-Exercises_tmp_tmpjm75muf__Session2Exercises_ExerciseFibonacci.dfy,smtlib,z3,arguments,VERIFIED,842,0
ground_truth,sat_dfy_tmp_tmpfcyj8am9_dfy_Seq.dfy,tptp,vampire,polymorphic,VERIFICATION_TIMED_OUT,29894,4
ground_truth,sat_dfy_tmp_tmpfcyj8am9_dfy_Seq.dfy,tptp,vampire,monomorphic,VERIFICATION_TIMED_OUT,29944,4
ground_truth,sat_dfy_tmp_tmpfcyj8am9_dfy_Seq.dfy,tptp,vampire,predicates,VERIFICATION_TIMED_OUT,29872,4
ground_truth,sat_dfy_tmp_tmpfcyj8am9_dfy_Seq.dfy,tptp,vampire,arguments,VERIFICATION_TIMED_OUT,29898,4
ground_truth,sat_dfy_tmp_tmpfcyj8am9_dfy_Seq.dfy,smtlib,vampire,monomorphic,VERIFICATION_TIMED_OUT,29857,4
ground_truth,sat_dfy_tmp_tmpfcyj8am9_dfy_Seq.dfy,smtlib,vampire,predicates,VERIFICATION_TIMED_OUT,29785,4
ground_truth,sat_dfy_tmp_tmpfcyj8am9_dfy_Seq.dfy,smtlib,vampire,arguments,VERIFICATION_TIMED_OUT,29804,4
ground_truth,sat_dfy_tmp_tmpfcyj8am9_dfy_Seq.dfy,smtlib,z3,monomorphic,NOT_VERIFIED,22553,4
ground_truth,sat_dfy_tmp_tmpfcyj8am9_dfy_Seq.dfy,smtlib,z3,predicates,NOT_VERIFIED,2209,4
ground_truth,sat_dfy_tmp_tmpfcyj8am9_dfy_Seq.dfy,smtlib,z3,arguments,NOT_VERIFIED,5962,4
ground_truth,VerifiedMergeSortDafny_tmp_tmpva7qms1b_MergeSort.dfy,tptp,vampire,polymorphic,VERIFICATION_TIMED_OUT,29848,4
ground_truth,VerifiedMergeSortDafny_tmp_tmpva7qms1b_MergeSort.dfy,tptp,vampire,monomorphic,VERIFICATION_TIMED_OUT,29962,4
ground_truth,VerifiedMergeSortDafny_tmp_tmpva7qms1b_MergeSort.dfy,tptp,vampire,predicates,VERIFICATION_TIMED_OUT,29869,4
ground_truth,VerifiedMergeSortDafny_tmp_tmpva7qms1b_MergeSort.dfy,tptp,vampire,arguments,VERIFICATION_TIMED_OUT,29861,4
ground_truth,VerifiedMergeSortDafny_tmp_tmpva7qms1b_MergeSort.dfy,smtlib,vampire,monomorphic,VERIFICATION_TIMED_OUT,29867,4
ground_truth,VerifiedMergeSortDafny_tmp_tmpva7qms1b_MergeSort.dfy,smtlib,vampire,predicates,VERIFICATION_TIMED_OUT,29855,4
ground_truth,VerifiedMergeSortDafny_tmp_tmpva7qms1b_MergeSort.dfy,smtlib,vampire,arguments,VERIFICATION_TIMED_OUT,29870,4
ground_truth,VerifiedMergeSortDafny_tmp_tmpva7qms1b_MergeSort.dfy,smtlib,z3,monomorphic,VERIFIED,1024,0
ground_truth,VerifiedMergeSortDafny_tmp_tmpva7qms1b_MergeSort.dfy,smtlib,z3,predicates,VERIFIED,1007,0
ground_truth,VerifiedMergeSortDafny_tmp_tmpva7qms1b_MergeSort.dfy,smtlib,z3,arguments,VERIFIED,1008,0
ground_truth,Clover_update_array.dfy,tptp,vampire,polymorphic,VERIFICATION_TIMED_OUT,29772,4
ground_truth,Clover_update_array.dfy,tptp,vampire,monomorphic,VERIFICATION_TIMED_OUT,29843,4
ground_truth,Clover_update_array.dfy,tptp,vampire,predicates,VERIFICATION_TIMED_OUT,29770,4
ground_truth,Clover_update_array.dfy,tptp,vampire,arguments,VERIFIED,18111,0
ground_truth,Clover_update_array.dfy,smtlib,vampire,monomorphic,VERIFIED,2845,0
ground_truth,Clover_update_array.dfy,smtlib,vampire,predicates,VERIFICATION_TIMED_OUT,29770,4
ground_truth,Clover_update_array.dfy,smtlib,vampire,arguments,VERIFIED,2720,0
ground_truth,Clover_update_array.dfy,smtlib,z3,monomorphic,VERIFIED,848,0
ground_truth,Clover_update_array.dfy,smtlib,z3,predicates,VERIFIED,819,0
ground_truth,Clover_update_array.dfy,smtlib,z3,arguments,VERIFIED,823,0
ground_truth,CVS-handout1_tmp_tmptm52no3k_1.dfy,tptp,vampire,polymorphic,VERIFICATION_TIMED_OUT,30429,4
ground_truth,CVS-handout1_tmp_tmptm52no3k_1.dfy,tptp,vampire,monomorphic,VERIFICATION_TIMED_OUT,30095,4
ground_truth,CVS-handout1_tmp_tmptm52no3k_1.dfy,tptp,vampire,predicates,VERIFICATION_TIMED_OUT,29961,4
ground_truth,CVS-handout1_tmp_tmptm52no3k_1.dfy,tptp,vampire,arguments,VERIFICATION_TIMED_OUT,29934,4
ground_truth,CVS-handout1_tmp_tmptm52no3k_1.dfy,smtlib,vampire,monomorphic,VERIFICATION_TIMED_OUT,29865,4
ground_truth,CVS-handout1_tmp_tmptm52no3k_1.dfy,smtlib,vampire,predicates,VERIFICATION_TIMED_OUT,30010,4
ground_truth,CVS-handout1_tmp_tmptm52no3k_1.dfy,smtlib,vampire,arguments,VERIFICATION_TIMED_OUT,29982,4
ground_truth,CVS-handout1_tmp_tmptm52no3k_1.dfy,smtlib,z3,monomorphic,VERIFIED,995,0
ground_truth,CVS-handout1_tmp_tmptm52no3k_1.dfy,smtlib,z3,predicates,VERIFIED,971,0
ground_truth,CVS-handout1_tmp_tmptm52no3k_1.dfy,smtlib,z3,arguments,VERIFIED,965,0
ground_truth,cs245-verification_tmp_tmp0h_nxhqp_SortingIssues_BubbleSortCode.dfy,tptp,vampire,polymorphic,VERIFIED,1488,0
ground_truth,cs245-verification_tmp_tmp0h_nxhqp_SortingIssues_BubbleSortCode.dfy,tptp,vampire,monomorphic,VERIFIED,1902,0
ground_truth,cs245-verification_tmp_tmp0h_nxhqp_SortingIssues_BubbleSortCode.dfy,tptp,vampire,predicates,VERIFIED,2084,0
ground_truth,cs245-verification_tmp_tmp0h_nxhqp_SortingIssues_BubbleSortCode.dfy,tptp,vampire,arguments,VERIFIED,1118,0
ground_truth,cs245-verification_tmp_tmp0h_nxhqp_SortingIssues_BubbleSortCode.dfy,smtlib,vampire,monomorphic,VERIFIED,1133,0
ground_truth,cs245-verification_tmp_tmp0h_nxhqp_SortingIssues_BubbleSortCode.dfy,smtlib,vampire,predicates,VERIFIED,2132,0
ground_truth,cs245-verification_tmp_tmp0h_nxhqp_SortingIssues_BubbleSortCode.dfy,smtlib,vampire,arguments,VERIFIED,1098,0
ground_truth,cs245-verification_tmp_tmp0h_nxhqp_SortingIssues_BubbleSortCode.dfy,smtlib,z3,monomorphic,VERIFIED,842,0
ground_truth,cs245-verification_tmp_tmp0h_nxhqp_SortingIssues_BubbleSortCode.dfy,smtlib,z3,predicates,VERIFIED,810,0
ground_truth,cs245-verification_tmp_tmp0h_nxhqp_SortingIssues_BubbleSortCode.dfy,smtlib,z3,arguments,VERIFIED,807,0
ground_truth,Clover_reverse.dfy,tptp,vampire,polymorphic,VERIFICATION_TIMED_OUT,29829,4
ground_truth,Clover_reverse.dfy,tptp,vampire,monomorphic,VERIFICATION_TIMED_OUT,29791,4
ground_truth,Clover_reverse.dfy,tptp,vampire,predicates,VERIFICATION_TIMED_OUT,29807,4
ground_truth,Clover_reverse.dfy,tptp,vampire,arguments,VERIFICATION_TIMED_OUT,29810,4
ground_truth,Clover_reverse.dfy,smtlib,vampire,monomorphic,VERIFICATION_TIMED_OUT,29788,4
ground_truth,Clover_reverse.dfy,smtlib,vampire,predicates,VERIFICATION_TIMED_OUT,29727,4
ground_truth,Clover_reverse.dfy,smtlib,vampire,arguments,VERIFICATION_TIMED_OUT,29802,4
ground_truth,Clover_reverse.dfy,smtlib,z3,monomorphic,VERIFIED,881,0
ground_truth,Clover_reverse.dfy,smtlib,z3,predicates,VERIFIED,855,0
ground_truth,Clover_reverse.dfy,smtlib,z3,arguments,VERIFIED,855,0
ground_truth,Dafny_tmp_tmpmvs2dmry_SlowMax.dfy,tptp,vampire,polymorphic,VERIFIED,3264,0
ground_truth,Dafny_tmp_tmpmvs2dmry_SlowMax.dfy,tptp,vampire,monomorphic,VERIFICATION_TIMED_OUT,29849,4
ground_truth,Dafny_tmp_tmpmvs2dmry_SlowMax.dfy,tptp,vampire,predicates,VERIFIED,1624,0
ground_truth,Dafny_tmp_tmpmvs2dmry_SlowMax.dfy,tptp,vampire,arguments,VERIFIED,1292,0
ground_truth,Dafny_tmp_tmpmvs2dmry_SlowMax.dfy,smtlib,vampire,monomorphic,VERIFIED,1287,0
ground_truth,Dafny_tmp_tmpmvs2dmry_SlowMax.dfy,smtlib,vampire,predicates,VERIFIED,1669,0
ground_truth,Dafny_tmp_tmpmvs2dmry_SlowMax.dfy,smtlib,vampire,arguments,VERIFIED,1628,0
ground_truth,Dafny_tmp_tmpmvs2dmry_SlowMax.dfy,smtlib,z3,monomorphic,VERIFIED,870,0
ground_truth,Dafny_tmp_tmpmvs2dmry_SlowMax.dfy,smtlib,z3,predicates,VERIFIED,834,0
ground_truth,Dafny_tmp_tmpmvs2dmry_SlowMax.dfy,smtlib,z3,arguments,VERIFIED,830,0
ground_truth,Program-Verification-Dataset_tmp_tmpgbdrlnu__Dafny_from dafny main repo_dafny0_ModulePrint.dfy,tptp,vampire,polymorphic,VERIFIED,1005,0
ground_truth,Program-Verification-Dataset_tmp_tmpgbdrlnu__Dafny_from dafny main repo_dafny0_ModulePrint.dfy,tptp,vampire,monomorphic,VERIFIED,1097,0
ground_truth,Program-Verification-Dataset_tmp_tmpgbdrlnu__Dafny_from dafny main repo_dafny0_ModulePrint.dfy,tptp,vampire,predicates,VERIFIED,1177,0
ground_truth,Program-Verification-Dataset_tmp_tmpgbdrlnu__Dafny_from dafny main repo_dafny0_ModulePrint.dfy,tptp,vampire,arguments,VERIFIED,948,0
ground_truth,Program-Verification-Dataset_tmp_tmpgbdrlnu__Dafny_from dafny main repo_dafny0_ModulePrint.dfy,smtlib,vampire,monomorphic,VERIFIED,1009,0
ground_truth,Program-Verification-Dataset_tmp_tmpgbdrlnu__Dafny_from dafny main repo_dafny0_ModulePrint.dfy,smtlib,vampire,predicates,VERIFIED,2009,0
ground_truth,Program-Verification-Dataset_tmp_tmpgbdrlnu__Dafny_from dafny main repo_dafny0_ModulePrint.dfy,smtlib,vampire,arguments,VERIFIED,936,0
ground_truth,Program-Verification-Dataset_tmp_tmpgbdrlnu__Dafny_from dafny main repo_dafny0_ModulePrint.dfy,smtlib,z3,monomorphic,VERIFIED,975,0
ground_truth,Program-Verification-Dataset_tmp_tmpgbdrlnu__Dafny_from dafny main repo_dafny0_ModulePrint.dfy,smtlib,z3,predicates,VERIFIED,877,0
ground_truth,Program-Verification-Dataset_tmp_tmpgbdrlnu__Dafny_from dafny main repo_dafny0_ModulePrint.dfy,smtlib,z3,arguments,VERIFIED,868,0
ground_truth,dafny-synthesis_task_id_59.dfy,tptp,vampire,polymorphic,VERIFIED,782,0
ground_truth,dafny-synthesis_task_id_59.dfy,tptp,vampire,monomorphic,VERIFIED,832,0
ground_truth,dafny-synthesis_task_id_59.dfy,tptp,vampire,predicates,VERIFIED,809,0
ground_truth,dafny-synthesis_task_id_59.dfy,tptp,vampire,arguments,VERIFIED,789,0
ground_truth,dafny-synthesis_task_id_59.dfy,smtlib,vampire,monomorphic,VERIFIED,773,0
ground_truth,dafny-synthesis_task_id_59.dfy,smtlib,vampire,predicates,VERIFIED,751,0
ground_truth,dafny-synthesis_task_id_59.dfy,smtlib,vampire,arguments,VERIFIED,758,0
ground_truth,dafny-synthesis_task_id_59.dfy,smtlib,z3,monomorphic,VERIFIED,769,0
ground_truth,dafny-synthesis_task_id_59.dfy,smtlib,z3,predicates,VERIFIED,755,0
ground_truth,dafny-synthesis_task_id_59.dfy,smtlib,z3,arguments,VERIFIED,741,0
ground_truth,formal_verication_dafny_tmp_tmpwgl2qz28_Challenges_ex7.dfy,tptp,vampire,polymorphic,VERIFICATION_TIMED_OUT,30229,4
ground_truth,formal_verication_dafny_tmp_tmpwgl2qz28_Challenges_ex7.dfy,tptp,vampire,monomorphic,VERIFICATION_TIMED_OUT,29975,4
ground_truth,formal_verication_dafny_tmp_tmpwgl2qz28_Challenges_ex7.dfy,tptp,vampire,predicates,VERIFICATION_TIMED_OUT,29959,4
ground_truth,formal_verication_dafny_tmp_tmpwgl2qz28_Challenges_ex7.dfy,tptp,vampire,arguments,VERIFICATION_TIMED_OUT,29993,4
ground_truth,formal_verication_dafny_tmp_tmpwgl2qz28_Challenges_ex7.dfy,smtlib,vampire,monomorphic,VERIFICATION_TIMED_OUT,29967,4
ground_truth,formal_verication_dafny_tmp_tmpwgl2qz28_Challenges_ex7.dfy,smtlib,vampire,predicates,VERIFICATION_TIMED_OUT,29887,4
ground_truth,formal_verication_dafny_tmp_tmpwgl2qz28_Challenges_ex7.dfy,smtlib,vampire,arguments,VERIFICATION_TIMED_OUT,29855,4
ground_truth,formal_verication_dafny_tmp_tmpwgl2qz28_Challenges_ex7.dfy,smtlib,z3,monomorphic,VERIFIED,1945,0
ground_truth,formal_verication_dafny_tmp_tmpwgl2qz28_Challenges_ex7.dfy,smtlib,z3,predicates,VERIFIED,1711,0
ground_truth,formal_verication_dafny_tmp_tmpwgl2qz28_Challenges_ex7.dfy,smtlib,z3,arguments,VERIFIED,1277,0
ground_truth,dafny-language-server_tmp_tmpkir0kenl_Test_dafny4_git-issue67.dfy,tptp,vampire,polymorphic,VERIFIED,887,0
ground_truth,dafny-language-server_tmp_tmpkir0kenl_Test_dafny4_git-issue67.dfy,tptp,vampire,monomorphic,VERIFIED,936,0
ground_truth,dafny-language-server_tmp_tmpkir0kenl_Test_dafny4_git-issue67.dfy,tptp,vampire,predicates,VERIFIED,1115,0
ground_truth,dafny-language-server_tmp_tmpkir0kenl_Test_dafny4_git-issue67.dfy,tptp,vampire,arguments,VERIFIED,890,0
ground_truth,dafny-language-server_tmp_tmpkir0kenl_Test_dafny4_git-issue67.dfy,smtlib,vampire,monomorphic,VERIFIED,885,0
ground_truth,dafny-language-server_tmp_tmpkir0kenl_Test_dafny4_git-issue67.dfy,smtlib,vampire,predicates,VERIFIED,1090,0
ground_truth,dafny-language-server_tmp_tmpkir0kenl_Test_dafny4_git-issue67.dfy,smtlib,vampire,arguments,VERIFIED,862,0
ground_truth,dafny-language-server_tmp_tmpkir0kenl_Test_dafny4_git-issue67.dfy,smtlib,z3,monomorphic,VERIFIED,867,0
ground_truth,dafny-language-server_tmp_tmpkir0kenl_Test_dafny4_git-issue67.dfy,smtlib,z3,predicates,VERIFIED,845,0
ground_truth,dafny-language-server_tmp_tmpkir0kenl_Test_dafny4_git-issue67.dfy,smtlib,z3,arguments,VERIFIED,828,0
ground_truth,Program-Verification-Dataset_tmp_tmpgbdrlnu__Dafny_advanced examples_GenericMax.dfy,tptp,vampire,polymorphic,VERIFICATION_TIMED_OUT,29774,4
ground_truth,Program-Verification-Dataset_tmp_tmpgbdrlnu__Dafny_advanced examples_GenericMax.dfy,tptp,vampire,monomorphic,VERIFICATION_TIMED_OUT,29919,4
ground_truth,Program-Verification-Dataset_tmp_tmpgbdrlnu__Dafny_advanced examples_GenericMax.dfy,tptp,vampire,predicates,VERIFICATION_TIMED_OUT,29821,4
ground_truth,Program-Verification-Dataset_tmp_tmpgbdrlnu__Dafny_advanced examples_GenericMax.dfy,tptp,vampire,arguments,VERIFICATION_TIMED_OUT,29873,4
ground_truth,Program-Verification-Dataset_tmp_tmpgbdrlnu__Dafny_advanced examples_GenericMax.dfy,smtlib,vampire,monomorphic,VERIFICATION_TIMED_OUT,29828,4
ground_truth,Program-Verification-Dataset_tmp_tmpgbdrlnu__Dafny_advanced examples_GenericMax.dfy,smtlib,vampire,predicates,VERIFICATION_TIMED_OUT,29781,4
ground_truth,Program-Verification-Dataset_tmp_tmpgbdrlnu__Dafny_advanced examples_GenericMax.dfy,smtlib,vampire,arguments,VERIFICATION_TIMED_OUT,29799,4
ground_truth,Program-Verification-Dataset_tmp_tmpgbdrlnu__Dafny_advanced examples_GenericMax.dfy,smtlib,z3,monomorphic,VERIFIED,920,0
ground_truth,Program-Verification-Dataset_tmp_tmpgbdrlnu__Dafny_advanced examples_GenericMax.dfy,smtlib,z3,predicates,VERIFIED,894,0
ground_truth,Program-Verification-Dataset_tmp_tmpgbdrlnu__Dafny_advanced examples_GenericMax.dfy,smtlib,z3,arguments,VERIFIED,879,0
ground_truth,circular-queue-implemetation_tmp_tmpnulfdc9l_Queue.dfy,tptp,vampire,polymorphic,VERIFICATION_TIMED_OUT,30618,4
ground_truth,circular-queue-implemetation_tmp_tmpnulfdc9l_Queue.dfy,tptp,vampire,monomorphic,VERIFICATION_TIMED_OUT,30615,4
ground_truth,circular-queue-implemetation_tmp_tmpnulfdc9l_Queue.dfy,tptp,vampire,predicates,VERIFICATION_TIMED_OUT,59028,4
ground_truth,circular-queue-implemetation_tmp_tmpnulfdc9l_Queue.dfy,tptp,vampire,arguments,VERIFICATION_TIMED_OUT,31841,4
ground_truth,circular-queue-implemetation_tmp_tmpnulfdc9l_Queue.dfy,smtlib,vampire,monomorphic,VERIFICATION_TIMED_OUT,30398,4
ground_truth,circular-queue-implemetation_tmp_tmpnulfdc9l_Queue.dfy,smtlib,vampire,predicates,VERIFICATION_TIMED_OUT,42792,4
ground_truth,circular-queue-implemetation_tmp_tmpnulfdc9l_Queue.dfy,smtlib,vampire,arguments,VERIFICATION_TIMED_OUT,30668,4
ground_truth,circular-queue-implemetation_tmp_tmpnulfdc9l_Queue.dfy,smtlib,z3,monomorphic,VERIFIED,1272,0
ground_truth,circular-queue-implemetation_tmp_tmpnulfdc9l_Queue.dfy,smtlib,z3,predicates,VERIFIED,1367,0
ground_truth,circular-queue-implemetation_tmp_tmpnulfdc9l_Queue.dfy,smtlib,z3,arguments,VERIFIED,1350,0
ground_truth,Clover_count_lessthan.dfy,tptp,vampire,polymorphic,VERIFICATION_TIMED_OUT,29791,4
ground_truth,Clover_count_lessthan.dfy,tptp,vampire,monomorphic,VERIFICATION_TIMED_OUT,29810,4
ground_truth,Clover_count_lessthan.dfy,tptp,vampire,predicates,VERIFICATION_TIMED_OUT,29868,4
ground_truth,Clover_count_lessthan.dfy,tptp,vampire,arguments,VERIFICATION_TIMED_OUT,29820,4
ground_truth,Clover_count_lessthan.dfy,smtlib,vampire,monomorphic,VERIFICATION_TIMED_OUT,29813,4
ground_truth,Clover_count_lessthan.dfy,smtlib,vampire,predicates,VERIFICATION_TIMED_OUT,29799,4
ground_truth,Clover_count_lessthan.dfy,smtlib,vampire,arguments,VERIFICATION_TIMED_OUT,29751,4
ground_truth,Clover_count_lessthan.dfy,smtlib,z3,monomorphic,VERIFIED,1097,0
ground_truth,Clover_count_lessthan.dfy,smtlib,z3,predicates,VERIFIED,1325,0
ground_truth,Clover_count_lessthan.dfy,smtlib,z3,arguments,VERIFIED,1171,0
ground_truth,dafny-synthesis_task_id_397.dfy,tptp,vampire,polymorphic,VERIFIED,794,0
ground_truth,dafny-synthesis_task_id_397.dfy,tptp,vampire,monomorphic,VERIFIED,849,0
ground_truth,dafny-synthesis_task_id_397.dfy,tptp,vampire,predicates,VERIFIED,805,0
ground_truth,dafny-synthesis_task_id_397.dfy,tptp,vampire,arguments,VERIFIED,796,0
ground_truth,dafny-synthesis_task_id_397.dfy,smtlib,vampire,monomorphic,VERIFIED,801,0
ground_truth,dafny-synthesis_task_id_397.dfy,smtlib,vampire,predicates,VERIFIED,773,0
ground_truth,dafny-synthesis_task_id_397.dfy,smtlib,vampire,arguments,VERIFIED,763,0
ground_truth,dafny-synthesis_task_id_397.dfy,smtlib,z3,monomorphic,VERIFIED,784,0
ground_truth,dafny-synthesis_task_id_397.dfy,smtlib,z3,predicates,VERIFIED,756,0
ground_truth,dafny-synthesis_task_id_397.dfy,smtlib,z3,arguments,VERIFIED,746,0
ground_truth,Dafny_Verify_tmp_tmphq7j0row_AI_agent_verify_examples_DoubleArray.dfy,tptp,vampire,polymorphic,VERIFICATION_TIMED_OUT,29764,4
ground_truth,Dafny_Verify_tmp_tmphq7j0row_AI_agent_verify_examples_DoubleArray.dfy,tptp,vampire,monomorphic,VERIFICATION_TIMED_OUT,29869,4
ground_truth,Dafny_Verify_tmp_tmphq7j0row_AI_agent_verify_examples_DoubleArray.dfy,tptp,vampire,predicates,VERIFICATION_TIMED_OUT,29851,4
ground_truth,Dafny_Verify_tmp_tmphq7j0row_AI_agent_verify_examples_DoubleArray.dfy,tptp,vampire,arguments,VERIFICATION_TIMED_OUT,29828,4
ground_truth,Dafny_Verify_tmp_tmphq7j0row_AI_agent_verify_examples_DoubleArray.dfy,smtlib,vampire,monomorphic,VERIFICATION_TIMED_OUT,29745,4
ground_truth,Dafny_Verify_tmp_tmphq7j0row_AI_agent_verify_examples_DoubleArray.dfy,smtlib,vampire,predicates,VERIFICATION_TIMED_OUT,29771,4
ground_truth,Dafny_Verify_tmp_tmphq7j0row_AI_agent_verify_examples_DoubleArray.dfy,smtlib,vampire,arguments,VERIFICATION_TIMED_OUT,29724,4
ground_truth,Dafny_Verify_tmp_tmphq7j0row_AI_agent_verify_examples_DoubleArray.dfy,smtlib,z3,monomorphic,VERIFIED,883,0
ground_truth,Dafny_Verify_tmp_tmphq7j0row_AI_agent_verify_examples_DoubleArray.dfy,smtlib,z3,predicates,VERIFIED,855,0
ground_truth,Dafny_Verify_tmp_tmphq7j0row_AI_agent_verify_examples_DoubleArray.dfy,smtlib,z3,arguments,VERIFIED,846,0
ground_truth,Dafny_Learning_Experience_tmp_tmpuxvcet_u_week8_12_a3_search_findPositionOfIndex.dfy,tptp,vampire,polymorphic,VERIFICATION_TIMED_OUT,29843,4
ground_truth,Dafny_Learning_Experience_tmp_tmpuxvcet_u_week8_12_a3_search_findPositionOfIndex.dfy,tptp,vampire,monomorphic,VERIFICATION_TIMED_OUT,29870,4
ground_truth,Dafny_Learning_Experience_tmp_tmpuxvcet_u_week8_12_a3_search_findPositionOfIndex.dfy,tptp,vampire,predicates,VERIFICATION_TIMED_OUT,29896,4
ground_truth,Dafny_Learning_Experience_tmp_tmpuxvcet_u_week8_12_a3_search_findPositionOfIndex.dfy,tptp,vampire,arguments,VERIFICATION_TIMED_OUT,29862,4
ground_truth,Dafny_Learning_Experience_tmp_tmpuxvcet_u_week8_12_a3_search_findPositionOfIndex.dfy,smtlib,vampire,monomorphic,VERIFICATION_TIMED_OUT,29767,4
ground_truth,Dafny_Learning_Experience_tmp_tmpuxvcet_u_week8_12_a3_search_findPositionOfIndex.dfy,smtlib,vampire,predicates,VERIFICATION_TIMED_OUT,29805,4
ground_truth,Dafny_Learning_Experience_tmp_tmpuxvcet_u_week8_12_a3_search_findPositionOfIndex.dfy,smtlib,vampire,arguments,VERIFICATION_TIMED_OUT,29781,4
ground_truth,Dafny_Learning_Experience_tmp_tmpuxvcet_u_week8_12_a3_search_findPositionOfIndex.dfy,smtlib,z3,monomorphic,VERIFIED,936,0
ground_truth,Dafny_Learning_Experience_tmp_tmpuxvcet_u_week8_12_a3_search_findPositionOfIndex.dfy,smtlib,z3,predicates,VERIFIED,906,0
ground_truth,Dafny_Learning_Experience_tmp_tmpuxvcet_u_week8_12_a3_search_findPositionOfIndex.dfy,smtlib,z3,arguments,VERIFIED,896,0
ground_truth,dafny-language-server_tmp_tmpkir0kenl_Test_dafny2_Intervals.dfy,tptp,vampire,polymorphic,VERIFICATION_TIMED_OUT,29811,4
ground_truth,dafny-language-server_tmp_tmpkir0kenl_Test_dafny2_Intervals.dfy,tptp,vampire,monomorphic,VERIFICATION_TIMED_OUT,29923,4
ground_truth,dafny-language-server_tmp_tmpkir0kenl_Test_dafny2_Intervals.dfy,tptp,vampire,predicates,VERIFICATION_TIMED_OUT,29916,4
ground_truth,dafny-language-server_tmp_tmpkir0kenl_Test_dafny2_Intervals.dfy,tptp,vampire,arguments,VERIFICATION_TIMED_OUT,29919,4
ground_truth,dafny-language-server_tmp_tmpkir0kenl_Test_dafny2_Intervals.dfy,smtlib,vampire,monomorphic,VERIFICATION_TIMED_OUT,29870,4
ground_truth,dafny-language-server_tmp_tmpkir0kenl_Test_dafny2_Intervals.dfy,smtlib,vampire,predicates,VERIFICATION_TIMED_OUT,29845,4
ground_truth,dafny-language-server_tmp_tmpkir0kenl_Test_dafny2_Intervals.dfy,smtlib,vampire,arguments,VERIFICATION_TIMED_OUT,29800,4
ground_truth,dafny-language-server_tmp_tmpkir0kenl_Test_dafny2_Intervals.dfy,smtlib,z3,monomorphic,VERIFIED,946,0
ground_truth,dafny-language-server_tmp_tmpkir0kenl_Test_dafny2_Intervals.dfy,smtlib,z3,predicates,VERIFIED,935,0
ground_truth,dafny-language-server_tmp_tmpkir0kenl_Test_dafny2_Intervals.dfy,smtlib,z3,arguments,VERIFIED,912,0
ground_truth,dafny-language-server_tmp_tmpkir0kenl_Test_vacid0_Composite.dfy,tptp,vampire,polymorphic,VERIFICATION_TIMED_OUT,30332,4
ground_truth,dafny-language-server_tmp_tmpkir0kenl_Test_vacid0_Composite.dfy,tptp,vampire,monomorphic,VERIFICATION_TIMED_OUT,30429,4
ground_truth,dafny-language-server_tmp_tmpkir0kenl_Test_vacid0_Composite.dfy,tptp,vampire,predicates,VERIFICATION_TIMED_OUT,40239,4
ground_truth,dafny-language-server_tmp_tmpkir0kenl_Test_vacid0_Composite.dfy,tptp,vampire,arguments,VERIFICATION_TIMED_OUT,30636,4
ground_truth,dafny-language-server_tmp_tmpkir0kenl_Test_vacid0_Composite.dfy,smtlib,vampire,monomorphic,VERIFICATION_TIMED_OUT,30728,4
ground_truth,dafny-language-server_tmp_tmpkir0kenl_Test_vacid0_Composite.dfy,smtlib,vampire,predicates,VERIFICATION_TIMED_OUT,40578,4
ground_truth,dafny-language-server_tmp_tmpkir0kenl_Test_vacid0_Composite.dfy,smtlib,vampire,arguments,VERIFICATION_TIMED_OUT,30680,4
ground_truth,dafny-language-server_tmp_tmpkir0kenl_Test_vacid0_Composite.dfy,smtlib,z3,monomorphic,VERIFIED,1690,0
ground_truth,dafny-language-server_tmp_tmpkir0kenl_Test_vacid0_Composite.dfy,smtlib,z3,predicates,VERIFIED,2187,0
ground_truth,dafny-language-server_tmp_tmpkir0kenl_Test_vacid0_Composite.dfy,smtlib,z3,arguments,VERIFIED,1723,0
ground_truth,dafny_tmp_tmp59p638nn_examples_realExponent.dfy,tptp,vampire,polymorphic,VERIFIED,1501,0
ground_truth,dafny_tmp_tmp59p638nn_examples_realExponent.dfy,tptp,vampire,monomorphic,VERIFIED,1283,0
ground_truth,dafny_tmp_tmp59p638nn_examples_realExponent.dfy,tptp,vampire,predicates,VERIFICATION_TIMED_OUT,29904,4
ground_truth,dafny_tmp_tmp59p638nn_examples_realExponent.dfy,tptp,vampire,arguments,VERIFICATION_TIMED_OUT,29834,4
ground_truth,dafny_tmp_tmp59p638nn_examples_realExponent.dfy,smtlib,vampire,monomorphic,VERIFIED,1189,0
ground_truth,dafny_tmp_tmp59p638nn_examples_realExponent.dfy,smtlib,vampire,predicates,VERIFIED,1663,0
ground_truth,dafny_tmp_tmp59p638nn_examples_realExponent.dfy,smtlib,vampire,arguments,VERIFIED,1147,0
ground_truth,dafny_tmp_tmp59p638nn_examples_realExponent.dfy,smtlib,z3,monomorphic,VERIFIED,908,0
ground_truth,dafny_tmp_tmp59p638nn_examples_realExponent.dfy,smtlib,z3,predicates,VERIFIED,863,0
ground_truth,dafny_tmp_tmp59p638nn_examples_realExponent.dfy,smtlib,z3,arguments,VERIFIED,867,0
ground_truth,dafny-synthesis_task_id_623.dfy,tptp,vampire,polymorphic,VERIFICATION_TIMED_OUT,29826,4
ground_truth,dafny-synthesis_task_id_623.dfy,tptp,vampire,monomorphic,VERIFICATION_TIMED_OUT,29835,4
ground_truth,dafny-synthesis_task_id_623.dfy,tptp,vampire,predicates,VERIFICATION_TIMED_OUT,29830,4
ground_truth,dafny-synthesis_task_id_623.dfy,tptp,vampire,arguments,VERIFICATION_TIMED_OUT,29827,4
ground_truth,dafny-synthesis_task_id_623.dfy,smtlib,vampire,monomorphic,VERIFICATION_TIMED_OUT,29828,4
ground_truth,dafny-synthesis_task_id_623.dfy,smtlib,vampire,predicates,VERIFICATION_TIMED_OUT,29824,4
ground_truth,dafny-synthesis_task_id_623.dfy,smtlib,vampire,arguments,VERIFICATION_TIMED_OUT,29727,4
ground_truth,dafny-synthesis_task_id_623.dfy,smtlib,z3,monomorphic,VERIFIED,896,0
ground_truth,dafny-synthesis_task_id_623.dfy,smtlib,z3,predicates,VERIFIED,868,0
ground_truth,dafny-synthesis_task_id_623.dfy,smtlib,z3,arguments,VERIFIED,863,0
ground_truth,dafny-synthesis_task_id_80.dfy,tptp,vampire,polymorphic,VERIFIED,775,0
ground_truth,dafny-synthesis_task_id_80.dfy,tptp,vampire,monomorphic,VERIFIED,836,0
ground_truth,dafny-synthesis_task_id_80.dfy,tptp,vampire,predicates,VERIFIED,811,0
ground_truth,dafny-synthesis_task_id_80.dfy,tptp,vampire,arguments,VERIFIED,806,0
ground_truth,dafny-synthesis_task_id_80.dfy,smtlib,vampire,monomorphic,VERIFIED,794,0
ground_truth,dafny-synthesis_task_id_80.dfy,smtlib,vampire,predicates,VERIFIED,748,0
ground_truth,dafny-synthesis_task_id_80.dfy,smtlib,vampire,arguments,VERIFIED,759,0
ground_truth,dafny-synthesis_task_id_80.dfy,smtlib,z3,monomorphic,VERIFIED,784,0
ground_truth,dafny-synthesis_task_id_80.dfy,smtlib,z3,predicates,VERIFIED,754,0
ground_truth,dafny-synthesis_task_id_80.dfy,smtlib,z3,arguments,VERIFIED,744,0
ground_truth,dafny-language-server_tmp_tmpkir0kenl_Test_dafny4_git-issue40.dfy,tptp,vampire,polymorphic,VERIFIED,1094,0
ground_truth,dafny-language-server_tmp_tmpkir0kenl_Test_dafny4_git-issue40.dfy,tptp,vampire,monomorphic,VERIFIED,1202,0
ground_truth,dafny-language-server_tmp_tmpkir0kenl_Test_dafny4_git-issue40.dfy,tptp,vampire,predicates,VERIFIED,1185,0
ground_truth,dafny-language-server_tmp_tmpkir0kenl_Test_dafny4_git-issue40.dfy,tptp,vampire,arguments,VERIFIED,1165,0
ground_truth,dafny-language-server_tmp_tmpkir0kenl_Test_dafny4_git-issue40.dfy,smtlib,vampire,monomorphic,VERIFIED,1071,0
ground_truth,dafny-language-server_tmp_tmpkir0kenl_Test_dafny4_git-issue40.dfy,smtlib,vampire,predicates,VERIFIED,2112,0
ground_truth,dafny-language-server_tmp_tmpkir0kenl_Test_dafny4_git-issue40.dfy,smtlib,vampire,arguments,VERIFIED,1139,0
ground_truth,dafny-language-server_tmp_tmpkir0kenl_Test_dafny4_git-issue40.dfy,smtlib,z3,monomorphic,VERIFIED,891,0
ground_truth,dafny-language-server_tmp_tmpkir0kenl_Test_dafny4_git-issue40.dfy,smtlib,z3,predicates,VERIFIED,849,0
ground_truth,dafny-language-server_tmp_tmpkir0kenl_Test_dafny4_git-issue40.dfy,smtlib,z3,arguments,VERIFIED,846,0
ground_truth,Program-Verification-Dataset_tmp_tmpgbdrlnu__Dafny_variant examples_SumOfCubes.dfy,tptp,vampire,polymorphic,VERIFICATION_TIMED_OUT,29946,4
ground_truth,Program-Verification-Dataset_tmp_tmpgbdrlnu__Dafny_variant examples_SumOfCubes.dfy,tptp,vampire,monomorphic,VERIFICATION_TIMED_OUT,29928,4
ground_truth,Program-Verification-Dataset_tmp_tmpgbdrlnu__Dafny_variant examples_SumOfCubes.dfy,tptp,vampire,predicates,VERIFICATION_TIMED_OUT,29956,4
ground_truth,Program-Verification-Dataset_tmp_tmpgbdrlnu__Dafny_variant examples_SumOfCubes.dfy,tptp,vampire,arguments,VERIFICATION_TIMED_OUT,29931,4
ground_truth,Program-Verification-Dataset_tmp_tmpgbdrlnu__Dafny_variant examples_SumOfCubes.dfy,smtlib,vampire,monomorphic,VERIFICATION_TIMED_OUT,29907,4
ground_truth,Program-Verification-Dataset_tmp_tmpgbdrlnu__Dafny_variant examples_SumOfCubes.dfy,smtlib,vampire,predicates,VERIFICATION_TIMED_OUT,29919,4
ground_truth,Program-Verification-Dataset_tmp_tmpgbdrlnu__Dafny_variant examples_SumOfCubes.dfy,smtlib,vampire,arguments,VERIFICATION_TIMED_OUT,29903,4
ground_truth,Program-Verification-Dataset_tmp_tmpgbdrlnu__Dafny_variant examples_SumOfCubes.dfy,smtlib,z3,monomorphic,VERIFIED,929,0
ground_truth,Program-Verification-Dataset_tmp_tmpgbdrlnu__Dafny_variant examples_SumOfCubes.dfy,smtlib,z3,predicates,VERIFIED,889,0
ground_truth,Program-Verification-Dataset_tmp_tmpgbdrlnu__Dafny_variant examples_SumOfCubes.dfy,smtlib,z3,arguments,VERIFIED,893,0
ground_truth,Software-Verification_tmp_tmpv4ueky2d_Counting Bits_counting_bits.dfy,tptp,vampire,polymorphic,VERIFICATION_TIMED_OUT,29822,4
ground_truth,Software-Verification_tmp_tmpv4ueky2d_Counting Bits_counting_bits.dfy,tptp,vampire,monomorphic,VERIFICATION_TIMED_OUT,29828,4
ground_truth,Software-Verification_tmp_tmpv4ueky2d_Counting Bits_counting_bits.dfy,tptp,vampire,predicates,VERIFICATION_TIMED_OUT,29861,4
ground_truth,Software-Verification_tmp_tmpv4ueky2d_Counting Bits_counting_bits.dfy,tptp,vampire,arguments,VERIFICATION_TIMED_OUT,29782,4
ground_truth,Software-Verification_tmp_tmpv4ueky2d_Counting Bits_counting_bits.dfy,smtlib,vampire,monomorphic,VERIFICATION_TIMED_OUT,29813,4
ground_truth,Software-Verification_tmp_tmpv4ueky2d_Counting Bits_counting_bits.dfy,smtlib,vampire,predicates,VERIFICATION_TIMED_OUT,29792,4
ground_truth,Software-Verification_tmp_tmpv4ueky2d_Counting Bits_counting_bits.dfy,smtlib,vampire,arguments,VERIFICATION_TIMED_OUT,29780,4
ground_truth,Software-Verification_tmp_tmpv4ueky2d_Counting Bits_counting_bits.dfy,smtlib,z3,monomorphic,VERIFIED,902,0
ground_truth,Software-Verification_tmp_tmpv4ueky2d_Counting Bits_counting_bits.dfy,smtlib,z3,predicates,VERIFIED,864,0
ground_truth,Software-Verification_tmp_tmpv4ueky2d_Counting Bits_counting_bits.dfy,smtlib,z3,arguments,VERIFIED,872,0
ground_truth,dafny-language-server_tmp_tmpkir0kenl_Test_dafny2_TuringFactorial.dfy,tptp,vampire,polymorphic,VERIFICATION_TIMED_OUT,29822,4
ground_truth,dafny-language-server_tmp_tmpkir0kenl_Test_dafny2_TuringFactorial.dfy,tptp,vampire,monomorphic,VERIFIED,13050,0
ground_truth,dafny-language-server_tmp_tmpkir0kenl_Test_dafny2_TuringFactorial.dfy,tptp,vampire,predicates,VERIFICATION_TIMED_OUT,29760,4
ground_truth,dafny-language-server_tmp_tmpkir0kenl_Test_dafny2_TuringFactorial.dfy,tptp,vampire,arguments,VERIFICATION_TIMED_OUT,29747,4
ground_truth,dafny-language-server_tmp_tmpkir0kenl_Test_dafny2_TuringFactorial.dfy,smtlib,vampire,monomorphic,VERIFICATION_TIMED_OUT,29819,4
ground_truth,dafny-language-server_tmp_tmpkir0kenl_Test_dafny2_TuringFactorial.dfy,smtlib,vampire,predicates,VERIFICATION_TIMED_OUT,29763,4
ground_truth,dafny-language-server_tmp_tmpkir0kenl_Test_dafny2_TuringFactorial.dfy,smtlib,vampire,arguments,VERIFICATION_TIMED_OUT,29697,4
ground_truth,dafny-language-server_tmp_tmpkir0kenl_Test_dafny2_TuringFactorial.dfy,smtlib,z3,monomorphic,VERIFIED,872,0
ground_truth,dafny-language-server_tmp_tmpkir0kenl_Test_dafny2_TuringFactorial.dfy,smtlib,z3,predicates,VERIFIED,839,0
ground_truth,dafny-language-server_tmp_tmpkir0kenl_Test_dafny2_TuringFactorial.dfy,smtlib,z3,arguments,VERIFIED,837,0
ground_truth,dafny-exercise_tmp_tmpouftptir_maxArray.dfy,tptp,vampire,polymorphic,VERIFICATION_TIMED_OUT,29806,4
ground_truth,dafny-exercise_tmp_tmpouftptir_maxArray.dfy,tptp,vampire,monomorphic,VERIFICATION_TIMED_OUT,29861,4
ground_truth,dafny-exercise_tmp_tmpouftptir_maxArray.dfy,tptp,vampire,predicates,VERIFICATION_TIMED_OUT,29823,4
ground_truth,dafny-exercise_tmp_tmpouftptir_maxArray.dfy,tptp,vampire,arguments,VERIFICATION_TIMED_OUT,29866,4
ground_truth,dafny-exercise_tmp_tmpouftptir_maxArray.dfy,smtlib,vampire,monomorphic,VERIFICATION_TIMED_OUT,29811,4
ground_truth,dafny-exercise_tmp_tmpouftptir_maxArray.dfy,smtlib,vampire,predicates,VERIFICATION_TIMED_OUT,29770,4
ground_truth,dafny-exercise_tmp_tmpouftptir_maxArray.dfy,smtlib,vampire,arguments,VERIFICATION_TIMED_OUT,29780,4
ground_truth,dafny-exercise_tmp_tmpouftptir_maxArray.dfy,smtlib,z3,monomorphic,VERIFIED,903,0
ground_truth,dafny-exercise_tmp_tmpouftptir_maxArray.dfy,smtlib,z3,predicates,VERIFIED,894,0
ground_truth,dafny-exercise_tmp_tmpouftptir_maxArray.dfy,smtlib,z3,arguments,VERIFIED,865,0
ground_truth,dafny-duck_tmp_tmplawbgxjo_p6.dfy,tptp,vampire,polymorphic,VERIFICATION_TIMED_OUT,29871,4
ground_truth,dafny-duck_tmp_tmplawbgxjo_p6.dfy,tptp,vampire,monomorphic,VERIFICATION_TIMED_OUT,29864,4
ground_truth,dafny-duck_tmp_tmplawbgxjo_p6.dfy,tptp,vampire,predicates,VERIFICATION_TIMED_OUT,29909,4
ground_truth,dafny-duck_tmp_tmplawbgxjo_p6.dfy,tptp,vampire,arguments,VERIFICATION_TIMED_OUT,29891,4
ground_truth,dafny-duck_tmp_tmplawbgxjo_p6.dfy,smtlib,vampire,monomorphic,VERIFICATION_TIMED_OUT,29865,4
ground_truth,dafny-duck_tmp_tmplawbgxjo_p6.dfy,smtlib,vampire,predicates,VERIFICATION_TIMED_OUT,29800,4
ground_truth,dafny-duck_tmp_tmplawbgxjo_p6.dfy,smtlib,vampire,arguments,VERIFICATION_TIMED_OUT,29841,4
ground_truth,dafny-duck_tmp_tmplawbgxjo_p6.dfy,smtlib,z3,monomorphic,VERIFIED,952,0
ground_truth,dafny-duck_tmp_tmplawbgxjo_p6.dfy,smtlib,z3,predicates,VERIFIED,926,0
ground_truth,dafny-duck_tmp_tmplawbgxjo_p6.dfy,smtlib,z3,arguments,VERIFIED,916,0
ground_truth,Clover_canyon_search.dfy,tptp,vampire,polymorphic,VERIFICATION_TIMED_OUT,29832,4
ground_truth,Clover_canyon_search.dfy,tptp,vampire,monomorphic,VERIFICATION_TIMED_OUT,29845,4
ground_truth,Clover_canyon_search.dfy,tptp,vampire,predicates,VERIFICATION_TIMED_OUT,29839,4
ground_truth,Clover_canyon_search.dfy,tptp,vampire,arguments,VERIFICATION_TIMED_OUT,29836,4
ground_truth,Clover_canyon_search.dfy,smtlib,vampire,monomorphic,VERIFICATION_TIMED_OUT,29843,4
ground_truth,Clover_canyon_search.dfy,smtlib,vampire,predicates,VERIFICATION_TIMED_OUT,29819,4
ground_truth,Clover_canyon_search.dfy,smtlib,vampire,arguments,VERIFICATION_TIMED_OUT,29749,4
ground_truth,Clover_canyon_search.dfy,smtlib,z3,monomorphic,VERIFIED,924,0
ground_truth,Clover_canyon_search.dfy,smtlib,z3,predicates,VERIFIED,896,0
ground_truth,Clover_canyon_search.dfy,smtlib,z3,arguments,VERIFIED,908,0
ground_truth,Clover_avg.dfy,tptp,vampire,polymorphic,VERIFIED,784,0
ground_truth,Clover_avg.dfy,tptp,vampire,monomorphic,VERIFIED,824,0
ground_truth,Clover_avg.dfy,tptp,vampire,predicates,VERIFIED,805,0
ground_truth,Clover_avg.dfy,tptp,vampire,arguments,VERIFIED,799,0
ground_truth,Clover_avg.dfy,smtlib,vampire,monomorphic,VERIFIED,793,0
ground_truth,Clover_avg.dfy,smtlib,vampire,predicates,VERIFIED,759,0
ground_truth,Clover_avg.dfy,smtlib,vampire,arguments,VERIFIED,751,0
ground_truth,Clover_avg.dfy,smtlib,z3,monomorphic,VERIFIED,775,0
ground_truth,Clover_avg.dfy,smtlib,z3,predicates,VERIFIED,745,0
ground_truth,Clover_avg.dfy,smtlib,z3,arguments,VERIFIED,734,0
ground_truth,dafny-language-server_tmp_tmpkir0kenl_Test_dafny4_Bug165.dfy,tptp,vampire,polymorphic,VERIFICATION_TIMED_OUT,29775,4
ground_truth,dafny-language-server_tmp_tmpkir0kenl_Test_dafny4_Bug165.dfy,tptp,vampire,monomorphic,VERIFIED,2199,0
ground_truth,dafny-language-server_tmp_tmpkir0kenl_Test_dafny4_Bug165.dfy,tptp,vampire,predicates,VERIFICATION_TIMED_OUT,29798,4
ground_truth,dafny-language-server_tmp_tmpkir0kenl_Test_dafny4_Bug165.dfy,tptp,vampire,arguments,VERIFICATION_TIMED_OUT,29801,4
ground_truth,dafny-language-server_tmp_tmpkir0kenl_Test_dafny4_Bug165.dfy,smtlib,vampire,monomorphic,VERIFIED,2912,0
ground_truth,dafny-language-server_tmp_tmpkir0kenl_Test_dafny4_Bug165.dfy,smtlib,vampire,predicates,VERIFICATION_TIMED_OUT,29778,4
ground_truth,dafny-language-server_tmp_tmpkir0kenl_Test_dafny4_Bug165.dfy,smtlib,vampire,arguments,VERIFIED,2892,0
ground_truth,dafny-language-server_tmp_tmpkir0kenl_Test_dafny4_Bug165.dfy,smtlib,z3,monomorphic,VERIFIED,871,0
ground_truth,dafny-language-server_tmp_tmpkir0kenl_Test_dafny4_Bug165.dfy,smtlib,z3,predicates,VERIFIED,844,0
ground_truth,dafny-language-server_tmp_tmpkir0kenl_Test_dafny4_Bug165.dfy,smtlib,z3,arguments,VERIFIED,837,0
ground_truth,Clover_return_seven.dfy,tptp,vampire,polymorphic,VERIFIED,771,0
ground_truth,Clover_return_seven.dfy,tptp,vampire,monomorphic,VERIFIED,819,0
ground_truth,Clover_return_seven.dfy,tptp,vampire,predicates,VERIFIED,788,0
ground_truth,Clover_return_seven.dfy,tptp,vampire,arguments,VERIFIED,782,0
ground_truth,Clover_return_seven.dfy,smtlib,vampire,monomorphic,VERIFIED,787,0
ground_truth,Clover_return_seven.dfy,smtlib,vampire,predicates,VERIFIED,757,0
ground_truth,Clover_return_seven.dfy,smtlib,vampire,arguments,VERIFIED,745,0
ground_truth,Clover_return_seven.dfy,smtlib,z3,monomorphic,VERIFIED,768,0
ground_truth,Clover_return_seven.dfy,smtlib,z3,predicates,VERIFIED,744,0
ground_truth,Clover_return_seven.dfy,smtlib,z3,arguments,VERIFIED,742,0
ground_truth,dafny-synthesis_task_id_133.dfy,tptp,vampire,polymorphic,VERIFICATION_TIMED_OUT,29759,4
ground_truth,dafny-synthesis_task_id_133.dfy,tptp,vampire,monomorphic,VERIFICATION_TIMED_OUT,29797,4
ground_truth,dafny-synthesis_task_id_133.dfy,tptp,vampire,predicates,VERIFICATION_TIMED_OUT,29812,4
ground_truth,dafny-synthesis_task_id_133.dfy,tptp,vampire,arguments,VERIFIED,18753,0
ground_truth,dafny-synthesis_task_id_133.dfy,smtlib,vampire,monomorphic,VERIFICATION_TIMED_OUT,29840,4
ground_truth,dafny-synthesis_task_id_133.dfy,smtlib,vampire,predicates,VERIFICATION_TIMED_OUT,29696,4
ground_truth,dafny-synthesis_task_id_133.dfy,smtlib,vampire,arguments,VERIFICATION_TIMED_OUT,29732,4
ground_truth,dafny-synthesis_task_id_133.dfy,smtlib,z3,monomorphic,VERIFIED,883,0
ground_truth,dafny-synthesis_task_id_133.dfy,smtlib,z3,predicates,VERIFIED,861,0
ground_truth,dafny-synthesis_task_id_133.dfy,smtlib,z3,arguments,VERIFIED,861,0
ground_truth,dafny-synthesis_task_id_804.dfy,tptp,vampire,polymorphic,VERIFIED,2234,0
ground_truth,dafny-synthesis_task_id_804.dfy,tptp,vampire,monomorphic,VERIFIED,2643,0
ground_truth,dafny-synthesis_task_id_804.dfy,tptp,vampire,predicates,VERIFIED,2070,0
ground_truth,dafny-synthesis_task_id_804.dfy,tptp,vampire,arguments,VERIFIED,1832,0
ground_truth,dafny-synthesis_task_id_804.dfy,smtlib,vampire,monomorphic,VERIFIED,1949,0
ground_truth,dafny-synthesis_task_id_804.dfy,smtlib,vampire,predicates,VERIFIED,4778,0
ground_truth,dafny-synthesis_task_id_804.dfy,smtlib,vampire,arguments,VERIFIED,1910,0
ground_truth,dafny-synthesis_task_id_804.dfy,smtlib,z3,monomorphic,VERIFIED,894,0
ground_truth,dafny-synthesis_task_id_804.dfy,smtlib,z3,predicates,VERIFIED,858,0
ground_truth,dafny-synthesis_task_id_804.dfy,smtlib,z3,arguments,VERIFIED,855,0
ground_truth,Dafny_tmp_tmpmvs2dmry_examples2.dfy,tptp,vampire,polymorphic,VERIFICATION_TIMED_OUT,29830,4
ground_truth,Dafny_tmp_tmpmvs2dmry_examples2.dfy,tptp,vampire,monomorphic,VERIFICATION_TIMED_OUT,29908,4
ground_truth,Dafny_tmp_tmpmvs2dmry_examples2.dfy,tptp,vampire,predicates,VERIFICATION_TIMED_OUT,29838,4
ground_truth,Dafny_tmp_tmpmvs2dmry_examples2.dfy,tptp,vampire,arguments,VERIFICATION_TIMED_OUT,29844,4
ground_truth,Dafny_tmp_tmpmvs2dmry_examples2.dfy,smtlib,vampire,monomorphic,VERIFICATION_TIMED_OUT,29837,4
ground_truth,Dafny_tmp_tmpmvs2dmry_examples2.dfy,smtlib,vampire,predicates,VERIFICATION_TIMED_OUT,29782,4
ground_truth,Dafny_tmp_tmpmvs2dmry_examples2.dfy,smtlib,vampire,arguments,VERIFICATION_TIMED_OUT,29808,4
ground_truth,Dafny_tmp_tmpmvs2dmry_examples2.dfy,smtlib,z3,monomorphic,VERIFIED,926,0
ground_truth,Dafny_tmp_tmpmvs2dmry_examples2.dfy,smtlib,z3,predicates,VERIFIED,883,0
ground_truth,Dafny_tmp_tmpmvs2dmry_examples2.dfy,smtlib,z3,arguments,VERIFIED,875,0
ground_truth,assertive-programming-assignment-1_tmp_tmp3h_cj44u_SearchAddends.dfy,tptp,vampire,polymorphic,VERIFICATION_TIMED_OUT,30088,4
ground_truth,assertive-programming-assignment-1_tmp_tmp3h_cj44u_SearchAddends.dfy,tptp,vampire,monomorphic,VERIFICATION_TIMED_OUT,30095,4
ground_truth,assertive-programming-assignment-1_tmp_tmp3h_cj44u_SearchAddends.dfy,tptp,vampire,predicates,VERIFICATION_TIMED_OUT,30053,4
ground_truth,assertive-programming-assignment-1_tmp_tmp3h_cj44u_SearchAddends.dfy,tptp,vampire,arguments,VERIFICATION_TIMED_OUT,29991,4
ground_truth,assertive-programming-assignment-1_tmp_tmp3h_cj44u_SearchAddends.dfy,smtlib,vampire,monomorphic,VERIFICATION_TIMED_OUT,30029,4
ground_truth,assertive-programming-assignment-1_tmp_tmp3h_cj44u_SearchAddends.dfy,smtlib,vampire,predicates,VERIFICATION_TIMED_OUT,30037,4
ground_truth,assertive-programming-assignment-1_tmp_tmp3h_cj44u_SearchAddends.dfy,smtlib,vampire,arguments,VERIFICATION_TIMED_OUT,29987,4
ground_truth,assertive-programming-assignment-1_tmp_tmp3h_cj44u_SearchAddends.dfy,smtlib,z3,monomorphic,VERIFIED,1032,0
ground_truth,assertive-programming-assignment-1_tmp_tmp3h_cj44u_SearchAddends.dfy,smtlib,z3,predicates,VERIFIED,985,0
ground_truth,assertive-programming-assignment-1_tmp_tmp3h_cj44u_SearchAddends.dfy,smtlib,z3,arguments,VERIFIED,977,0
ground_truth,dafny-synthesis_task_id_457.dfy,tptp,vampire,polymorphic,VERIFICATION_TIMED_OUT,29792,4
ground_truth,dafny-synthesis_task_id_457.dfy,tptp,vampire,monomorphic,VERIFICATION_TIMED_OUT,29840,4
ground_truth,dafny-synthesis_task_id_457.dfy,tptp,vampire,predicates,VERIFICATION_TIMED_OUT,29801,4
ground_truth,dafny-synthesis_task_id_457.dfy,tptp,vampire,arguments,VERIFICATION_TIMED_OUT,29818,4
ground_truth,dafny-synthesis_task_id_457.dfy,smtlib,vampire,monomorphic,VERIFICATION_TIMED_OUT,29777,4
ground_truth,dafny-synthesis_task_id_457.dfy,smtlib,vampire,predicates,VERIFICATION_TIMED_OUT,29709,4
ground_truth,dafny-synthesis_task_id_457.dfy,smtlib,vampire,arguments,VERIFICATION_TIMED_OUT,29670,4
ground_truth,dafny-synthesis_task_id_457.dfy,smtlib,z3,monomorphic,VERIFIED,860,0
ground_truth,dafny-synthesis_task_id_457.dfy,smtlib,z3,predicates,VERIFIED,832,0
ground_truth,dafny-synthesis_task_id_457.dfy,smtlib,z3,arguments,VERIFIED,837,0
ground_truth,Software-Verification_tmp_tmpv4ueky2d_Valid Anagram_valid_anagram.dfy,tptp,vampire,polymorphic,VERIFICATION_TIMED_OUT,29801,4
ground_truth,Software-Verification_tmp_tmpv4ueky2d_Valid Anagram_valid_anagram.dfy,tptp,vampire,monomorphic,VERIFICATION_TIMED_OUT,29890,4
ground_truth,Software-Verification_tmp_tmpv4ueky2d_Valid Anagram_valid_anagram.dfy,tptp,vampire,predicates,VERIFICATION_TIMED_OUT,29899,4
ground_truth,Software-Verification_tmp_tmpv4ueky2d_Valid Anagram_valid_anagram.dfy,tptp,vampire,arguments,VERIFICATION_TIMED_OUT,29820,4
ground_truth,Software-Verification_tmp_tmpv4ueky2d_Valid Anagram_valid_anagram.dfy,smtlib,vampire,monomorphic,VERIFICATION_TIMED_OUT,29860,4
ground_truth,Software-Verification_tmp_tmpv4ueky2d_Valid Anagram_valid_anagram.dfy,smtlib,vampire,predicates,VERIFICATION_TIMED_OUT,29774,4
ground_truth,Software-Verification_tmp_tmpv4ueky2d_Valid Anagram_valid_anagram.dfy,smtlib,vampire,arguments,VERIFICATION_TIMED_OUT,29801,4
ground_truth,Software-Verification_tmp_tmpv4ueky2d_Valid Anagram_valid_anagram.dfy,smtlib,z3,monomorphic,VERIFIED,1504,0
ground_truth,Software-Verification_tmp_tmpv4ueky2d_Valid Anagram_valid_anagram.dfy,smtlib,z3,predicates,VERIFIED,3426,0
ground_truth,Software-Verification_tmp_tmpv4ueky2d_Valid Anagram_valid_anagram.dfy,smtlib,z3,arguments,VERIFIED,1626,0
ground_truth,Program-Verification-Dataset_tmp_tmpgbdrlnu__Dafny_advanced examples_ReverseString.dfy,tptp,vampire,polymorphic,VERIFICATION_TIMED_OUT,30400,4
ground_truth,Program-Verification-Dataset_tmp_tmpgbdrlnu__Dafny_advanced examples_ReverseString.dfy,tptp,vampire,monomorphic,VERIFICATION_TIMED_OUT,29947,4
ground_truth,Program-Verification-Dataset_tmp_tmpgbdrlnu__Dafny_advanced examples_ReverseString.dfy,tptp,vampire,predicates,VERIFICATION_TIMED_OUT,29931,4
ground_truth,Program-Verification-Dataset_tmp_tmpgbdrlnu__Dafny_advanced examples_ReverseString.dfy,tptp,vampire,arguments,VERIFICATION_TIMED_OUT,29888,4
ground_truth,Program-Verification-Dataset_tmp_tmpgbdrlnu__Dafny_advanced examples_ReverseString.dfy,smtlib,vampire,monomorphic,VERIFICATION_TIMED_OUT,29915,4
ground_truth,Program-Verification-Dataset_tmp_tmpgbdrlnu__Dafny_advanced examples_ReverseString.dfy,smtlib,vampire,predicates,VERIFICATION_TIMED_OUT,29849,4
ground_truth,Program-Verification-Dataset_tmp_tmpgbdrlnu__Dafny_advanced examples_ReverseString.dfy,smtlib,vampire,arguments,VERIFICATION_TIMED_OUT,29838,4
ground_truth,Program-Verification-Dataset_tmp_tmpgbdrlnu__Dafny_advanced examples_ReverseString.dfy,smtlib,z3,monomorphic,VERIFIED,971,0
ground_truth,Program-Verification-Dataset_tmp_tmpgbdrlnu__Dafny_advanced examples_ReverseString.dfy,smtlib,z3,predicates,VERIFIED,986,0
ground_truth,Program-Verification-Dataset_tmp_tmpgbdrlnu__Dafny_advanced examples_ReverseString.dfy,smtlib,z3,arguments,VERIFIED,958,0
ground_truth,dafny-synthesis_task_id_242.dfy,tptp,vampire,polymorphic,VERIFIED,831,0
ground_truth,dafny-synthesis_task_id_242.dfy,tptp,vampire,monomorphic,VERIFIED,887,0
ground_truth,dafny-synthesis_task_id_242.dfy,tptp,vampire,predicates,VERIFIED,882,0
ground_truth,dafny-synthesis_task_id_242.dfy,tptp,vampire,arguments,VERIFIED,854,0
ground_truth,dafny-synthesis_task_id_242.dfy,smtlib,vampire,monomorphic,VERIFIED,844,0
ground_truth,dafny-synthesis_task_id_242.dfy,smtlib,vampire,predicates,VERIFIED,832,0
ground_truth,dafny-synthesis_task_id_242.dfy,smtlib,vampire,arguments,VERIFIED,818,0
ground_truth,dafny-synthesis_task_id_242.dfy,smtlib,z3,monomorphic,VERIFIED,774,0
ground_truth,dafny-synthesis_task_id_242.dfy,smtlib,z3,predicates,VERIFIED,746,0
ground_truth,dafny-synthesis_task_id_242.dfy,smtlib,z3,arguments,VERIFIED,740,0
ground_truth,FlexWeek_tmp_tmpc_tfdj_3_ex2.dfy,tptp,vampire,polymorphic,VERIFICATION_TIMED_OUT,29830,4
ground_truth,FlexWeek_tmp_tmpc_tfdj_3_ex2.dfy,tptp,vampire,monomorphic,VERIFICATION_TIMED_OUT,29865,4
ground_truth,FlexWeek_tmp_tmpc_tfdj_3_ex2.dfy,tptp,vampire,predicates,VERIFICATION_TIMED_OUT,29838,4
ground_truth,FlexWeek_tmp_tmpc_tfdj_3_ex2.dfy,tptp,vampire,arguments,VERIFICATION_TIMED_OUT,29819,4
ground_truth,FlexWeek_tmp_tmpc_tfdj_3_ex2.dfy,smtlib,vampire,monomorphic,VERIFICATION_TIMED_OUT,29875,4
ground_truth,FlexWeek_tmp_tmpc_tfdj_3_ex2.dfy,smtlib,vampire,predicates,VERIFICATION_TIMED_OUT,29762,4
ground_truth,FlexWeek_tmp_tmpc_tfdj_3_ex2.dfy,smtlib,vampire,arguments,VERIFICATION_TIMED_OUT,29815,4
ground_truth,FlexWeek_tmp_tmpc_tfdj_3_ex2.dfy,smtlib,z3,monomorphic,VERIFIED,929,0
ground_truth,FlexWeek_tmp_tmpc_tfdj_3_ex2.dfy,smtlib,z3,predicates,VERIFIED,897,0
ground_truth,FlexWeek_tmp_tmpc_tfdj_3_ex2.dfy,smtlib,z3,arguments,VERIFIED,897,0
ground_truth,test-generation-examples_tmp_tmptwyqofrp_ParamTests_dafny_Utils.dfy,tptp,vampire,polymorphic,VERIFIED,595,0
ground_truth,test-generation-examples_tmp_tmptwyqofrp_ParamTests_dafny_Utils.dfy,tptp,vampire,monomorphic,VERIFIED,635,0
ground_truth,test-generation-examples_tmp_tmptwyqofrp_ParamTests_dafny_Utils.dfy,tptp,vampire,predicates,VERIFIED,585,0
ground_truth,test-generation-examples_tmp_tmptwyqofrp_ParamTests_dafny_Utils.dfy,tptp,vampire,arguments,VERIFIED,578,0
ground_truth,test-generation-examples_tmp_tmptwyqofrp_ParamTests_dafny_Utils.dfy,smtlib,vampire,monomorphic,VERIFIED,602,0
ground_truth,test-generation-examples_tmp_tmptwyqofrp_ParamTests_dafny_Utils.dfy,smtlib,vampire,predicates,VERIFIED,554,0
ground_truth,test-generation-examples_tmp_tmptwyqofrp_ParamTests_dafny_Utils.dfy,smtlib,vampire,arguments,VERIFIED,544,0
ground_truth,test-generation-examples_tmp_tmptwyqofrp_ParamTests_dafny_Utils.dfy,smtlib,z3,monomorphic,VERIFIED,606,0
ground_truth,test-generation-examples_tmp_tmptwyqofrp_ParamTests_dafny_Utils.dfy,smtlib,z3,predicates,VERIFIED,551,0
ground_truth,test-generation-examples_tmp_tmptwyqofrp_ParamTests_dafny_Utils.dfy,smtlib,z3,arguments,VERIFIED,555,0
ground_truth,dafny-exercises_tmp_tmp5mvrowrx_paper_krml190.dfy,tptp,vampire,polymorphic,VERIFICATION_TIMED_OUT,30213,4
ground_truth,dafny-exercises_tmp_tmp5mvrowrx_paper_krml190.dfy,tptp,vampire,monomorphic,VERIFICATION_TIMED_OUT,30233,4
ground_truth,dafny-exercises_tmp_tmp5mvrowrx_paper_krml190.dfy,tptp,vampire,predicates,VERIFICATION_TIMED_OUT,29974,4
ground_truth,dafny-exercises_tmp_tmp5mvrowrx_paper_krml190.dfy,tptp,vampire,arguments,VERIFICATION_TIMED_OUT,29950,4
ground_truth,dafny-exercises_tmp_tmp5mvrowrx_paper_krml190.dfy,smtlib,vampire,monomorphic,VERIFICATION_TIMED_OUT,29931,4
ground_truth,dafny-exercises_tmp_tmp5mvrowrx_paper_krml190.dfy,smtlib,vampire,predicates,VERIFICATION_TIMED_OUT,29924,4
ground_truth,dafny-exercises_tmp_tmp5mvrowrx_paper_krml190.dfy,smtlib,vampire,arguments,VERIFICATION_TIMED_OUT,29902,4
ground_truth,dafny-exercises_tmp_tmp5mvrowrx_paper_krml190.dfy,smtlib,z3,monomorphic,VERIFIED,2090,0
ground_truth,dafny-exercises_tmp_tmp5mvrowrx_paper_krml190.dfy,smtlib,z3,predicates,VERIFIED,1560,0
ground_truth,dafny-exercises_tmp_tmp5mvrowrx_paper_krml190.dfy,smtlib,z3,arguments,VERIFIED,1291,0
ground_truth,Clover_two_sum.dfy,tptp,vampire,polymorphic,VERIFICATION_TIMED_OUT,29787,4
ground_truth,Clover_two_sum.dfy,tptp,vampire,monomorphic,VERIFICATION_TIMED_OUT,29850,4
ground_truth,Clover_two_sum.dfy,tptp,vampire,predicates,VERIFICATION_TIMED_OUT,29834,4
ground_truth,Clover_two_sum.dfy,tptp,vampire,arguments,VERIFICATION_TIMED_OUT,29860,4
ground_truth,Clover_two_sum.dfy,smtlib,vampire,monomorphic,VERIFICATION_TIMED_OUT,29773,4
ground_truth,Clover_two_sum.dfy,smtlib,vampire,predicates,VERIFICATION_TIMED_OUT,29726,4
ground_truth,Clover_two_sum.dfy,smtlib,vampire,arguments,VERIFICATION_TIMED_OUT,29784,4
ground_truth,Clover_two_sum.dfy,smtlib,z3,monomorphic,VERIFIED,894,0
ground_truth,Clover_two_sum.dfy,smtlib,z3,predicates,VERIFIED,878,0
ground_truth,Clover_two_sum.dfy,smtlib,z3,arguments,VERIFIED,854,0
ground_truth,dafny-synthesis_task_id_606.dfy,tptp,vampire,polymorphic,VERIFIED,789,0
ground_truth,dafny-synthesis_task_id_606.dfy,tptp,vampire,monomorphic,VERIFIED,835,0
ground_truth,dafny-synthesis_task_id_606.dfy,tptp,vampire,predicates,VERIFIED,809,0
ground_truth,dafny-synthesis_task_id_606.dfy,tptp,vampire,arguments,VERIFIED,796,0
ground_truth,dafny-synthesis_task_id_606.dfy,smtlib,vampire,monomorphic,VERIFIED,802,0
ground_truth,dafny-synthesis_task_id_606.dfy,smtlib,vampire,predicates,VERIFIED,749,0
ground_truth,dafny-synthesis_task_id_606.dfy,smtlib,vampire,arguments,VERIFIED,750,0
ground_truth,dafny-synthesis_task_id_606.dfy,smtlib,z3,monomorphic,VERIFIED,786,0
ground_truth,dafny-synthesis_task_id_606.dfy,smtlib,z3,predicates,VERIFIED,744,0
ground_truth,dafny-synthesis_task_id_606.dfy,smtlib,z3,arguments,VERIFIED,739,0
ground_truth,assertive-programming-assignment-1_tmp_tmp3h_cj44u_ProdAndCount.dfy,tptp,vampire,polymorphic,VERIFICATION_TIMED_OUT,59164,4
ground_truth,assertive-programming-assignment-1_tmp_tmp3h_cj44u_ProdAndCount.dfy,tptp,vampire,monomorphic,VERIFICATION_TIMED_OUT,44171,4
ground_truth,assertive-programming-assignment-1_tmp_tmp3h_cj44u_ProdAndCount.dfy,tptp,vampire,predicates,VERIFICATION_TIMED_OUT,59013,4
ground_truth,assertive-programming-assignment-1_tmp_tmp3h_cj44u_ProdAndCount.dfy,tptp,vampire,arguments,VERIFICATION_TIMED_OUT,32612,4
ground_truth,assertive-programming-assignment-1_tmp_tmp3h_cj44u_ProdAndCount.dfy,smtlib,vampire,monomorphic,VERIFICATION_TIMED_OUT,33260,4
ground_truth,assertive-programming-assignment-1_tmp_tmp3h_cj44u_ProdAndCount.dfy,smtlib,vampire,predicates,VERIFICATION_TIMED_OUT,58858,4
ground_truth,assertive-programming-assignment-1_tmp_tmp3h_cj44u_ProdAndCount.dfy,smtlib,vampire,arguments,VERIFICATION_TIMED_OUT,33591,4
ground_truth,assertive-programming-assignment-1_tmp_tmp3h_cj44u_ProdAndCount.dfy,smtlib,z3,monomorphic,VERIFICATION_TIMED_OUT,31159,4
ground_truth,assertive-programming-assignment-1_tmp_tmp3h_cj44u_ProdAndCount.dfy,smtlib,z3,predicates,VERIFICATION_TIMED_OUT,31121,4
ground_truth,assertive-programming-assignment-1_tmp_tmp3h_cj44u_ProdAndCount.dfy,smtlib,z3,arguments,VERIFICATION_TIMED_OUT,31089,4
ground_truth,Clover_min_array.dfy,tptp,vampire,polymorphic,VERIFICATION_TIMED_OUT,29746,4
ground_truth,Clover_min_array.dfy,tptp,vampire,monomorphic,VERIFICATION_TIMED_OUT,29836,4
ground_truth,Clover_min_array.dfy,tptp,vampire,predicates,VERIFICATION_TIMED_OUT,29875,4
ground_truth,Clover_min_array.dfy,tptp,vampire,arguments,VERIFICATION_TIMED_OUT,29806,4
ground_truth,Clover_min_array.dfy,smtlib,vampire,monomorphic,VERIFIED,1940,0
ground_truth,Clover_min_array.dfy,smtlib,vampire,predicates,VERIFICATION_TIMED_OUT,29765,4
ground_truth,Clover_min_array.dfy,smtlib,vampire,arguments,VERIFICATION_TIMED_OUT,29696,4
ground_truth,Clover_min_array.dfy,smtlib,z3,monomorphic,VERIFIED,876,0
ground_truth,Clover_min_array.dfy,smtlib,z3,predicates,VERIFIED,850,0
ground_truth,Clover_min_array.dfy,smtlib,z3,arguments,VERIFIED,845,0
ground_truth,dafny-synthesis_task_id_637.dfy,tptp,vampire,polymorphic,VERIFIED,772,0
ground_truth,dafny-synthesis_task_id_637.dfy,tptp,vampire,monomorphic,VERIFIED,829,0
ground_truth,dafny-synthesis_task_id_637.dfy,tptp,vampire,predicates,VERIFIED,807,0
ground_truth,dafny-synthesis_task_id_637.dfy,tptp,vampire,arguments,VERIFIED,794,0
ground_truth,dafny-synthesis_task_id_637.dfy,smtlib,vampire,monomorphic,VERIFIED,780,0
ground_truth,dafny-synthesis_task_id_637.dfy,smtlib,vampire,predicates,VERIFIED,765,0
ground_truth,dafny-synthesis_task_id_637.dfy,smtlib,vampire,arguments,VERIFIED,755,0
ground_truth,dafny-synthesis_task_id_637.dfy,smtlib,z3,monomorphic,VERIFIED,776,0
ground_truth,dafny-synthesis_task_id_637.dfy,smtlib,z3,predicates,VERIFIED,744,0
ground_truth,dafny-synthesis_task_id_637.dfy,smtlib,z3,arguments,VERIFIED,738,0
ground_truth,type-definition_tmp_tmp71kdzz3p_final.dfy,tptp,vampire,polymorphic,VERIFIED,1062,0
ground_truth,type-definition_tmp_tmp71kdzz3p_final.dfy,tptp,vampire,monomorphic,VERIFIED,1146,0
ground_truth,type-definition_tmp_tmp71kdzz3p_final.dfy,tptp,vampire,predicates,VERIFIED,18446,0
ground_truth,type-definition_tmp_tmp71kdzz3p_final.dfy,tptp,vampire,arguments,VERIFIED,1087,0
ground_truth,type-definition_tmp_tmp71kdzz3p_final.dfy,smtlib,vampire,monomorphic,VERIFIED,1121,0
ground_truth,type-definition_tmp_tmp71kdzz3p_final.dfy,smtlib,vampire,predicates,VERIFIED,18644,0
ground_truth,type-definition_tmp_tmp71kdzz3p_final.dfy,smtlib,vampire,arguments,VERIFIED,1059,0
ground_truth,type-definition_tmp_tmp71kdzz3p_final.dfy,smtlib,z3,monomorphic,VERIFIED,877,0
ground_truth,type-definition_tmp_tmp71kdzz3p_final.dfy,smtlib,z3,predicates,VERIFIED,830,0
ground_truth,type-definition_tmp_tmp71kdzz3p_final.dfy,smtlib,z3,arguments,VERIFIED,816,0
ground_truth,Dafny_Verify_tmp_tmphq7j0row_AI_agent_verify_examples_IncrementMatrix.dfy,tptp,vampire,polymorphic,VERIFICATION_TIMED_OUT,29780,4
ground_truth,Dafny_Verify_tmp_tmphq7j0row_AI_agent_verify_examples_IncrementMatrix.dfy,tptp,vampire,monomorphic,VERIFICATION_TIMED_OUT,29895,4
ground_truth,Dafny_Verify_tmp_tmphq7j0row_AI_agent_verify_examples_IncrementMatrix.dfy,tptp,vampire,predicates,VERIFICATION_TIMED_OUT,29864,4
ground_truth,Dafny_Verify_tmp_tmphq7j0row_AI_agent_verify_examples_IncrementMatrix.dfy,tptp,vampire,arguments,VERIFICATION_TIMED_OUT,29855,4
ground_truth,Dafny_Verify_tmp_tmphq7j0row_AI_agent_verify_examples_IncrementMatrix.dfy,smtlib,vampire,monomorphic,VERIFICATION_TIMED_OUT,29879,4
ground_truth,Dafny_Verify_tmp_tmphq7j0row_AI_agent_verify_examples_IncrementMatrix.dfy,smtlib,vampire,predicates,VERIFICATION_TIMED_OUT,29806,4
ground_truth,Dafny_Verify_tmp_tmphq7j0row_AI_agent_verify_examples_IncrementMatrix.dfy,smtlib,vampire,arguments,VERIFICATION_TIMED_OUT,29796,4
ground_truth,Dafny_Verify_tmp_tmphq7j0row_AI_agent_verify_examples_IncrementMatrix.dfy,smtlib,z3,monomorphic,VERIFIED,925,0
ground_truth,Dafny_Verify_tmp_tmphq7j0row_AI_agent_verify_examples_IncrementMatrix.dfy,smtlib,z3,predicates,VERIFIED,892,0
ground_truth,Dafny_Verify_tmp_tmphq7j0row_AI_agent_verify_examples_IncrementMatrix.dfy,smtlib,z3,arguments,VERIFIED,884,0
ground_truth,dafny-synthesis_task_id_626.dfy,tptp,vampire,polymorphic,VERIFIED,781,0
ground_truth,dafny-synthesis_task_id_626.dfy,tptp,vampire,monomorphic,VERIFIED,818,0
ground_truth,dafny-synthesis_task_id_626.dfy,tptp,vampire,predicates,VERIFIED,797,0
ground_truth,dafny-synthesis_task_id_626.dfy,tptp,vampire,arguments,VERIFIED,789,0
ground_truth,dafny-synthesis_task_id_626.dfy,smtlib,vampire,monomorphic,VERIFIED,790,0
ground_truth,dafny-synthesis_task_id_626.dfy,smtlib,vampire,predicates,VERIFIED,758,0
ground_truth,dafny-synthesis_task_id_626.dfy,smtlib,vampire,arguments,VERIFIED,745,0
ground_truth,dafny-synthesis_task_id_626.dfy,smtlib,z3,monomorphic,VERIFIED,770,0
ground_truth,dafny-synthesis_task_id_626.dfy,smtlib,z3,predicates,VERIFIED,747,0
ground_truth,dafny-synthesis_task_id_626.dfy,smtlib,z3,arguments,VERIFIED,745,0
ground_truth,dafny-synthesis_task_id_602.dfy,tptp,vampire,polymorphic,VERIFICATION_TIMED_OUT,29762,4
ground_truth,dafny-synthesis_task_id_602.dfy,tptp,vampire,monomorphic,VERIFICATION_TIMED_OUT,29895,4
ground_truth,dafny-synthesis_task_id_602.dfy,tptp,vampire,predicates,VERIFICATION_TIMED_OUT,29833,4
ground_truth,dafny-synthesis_task_id_602.dfy,tptp,vampire,arguments,VERIFICATION_TIMED_OUT,29797,4
ground_truth,dafny-synthesis_task_id_602.dfy,smtlib,vampire,monomorphic,VERIFICATION_TIMED_OUT,29808,4
ground_truth,dafny-synthesis_task_id_602.dfy,smtlib,vampire,predicates,VERIFICATION_TIMED_OUT,29810,4
ground_truth,dafny-synthesis_task_id_602.dfy,smtlib,vampire,arguments,VERIFICATION_TIMED_OUT,29807,4
ground_truth,dafny-synthesis_task_id_602.dfy,smtlib,z3,monomorphic,VERIFIED,916,0
ground_truth,dafny-synthesis_task_id_602.dfy,smtlib,z3,predicates,VERIFIED,862,0
ground_truth,dafny-synthesis_task_id_602.dfy,smtlib,z3,arguments,VERIFIED,871,0
ground_truth,Metodos_Formais_tmp_tmpql2hwcsh_Arrays_explicacao.dfy,tptp,vampire,polymorphic,VERIFIED,2961,0
ground_truth,Metodos_Formais_tmp_tmpql2hwcsh_Arrays_explicacao.dfy,tptp,vampire,monomorphic,VERIFIED,1815,0
ground_truth,Metodos_Formais_tmp_tmpql2hwcsh_Arrays_explicacao.dfy,tptp,vampire,predicates,VERIFIED,7978,0
ground_truth,Metodos_Formais_tmp_tmpql2hwcsh_Arrays_explicacao.dfy,tptp,vampire,arguments,VERIFIED,1844,0
ground_truth,Metodos_Formais_tmp_tmpql2hwcsh_Arrays_explicacao.dfy,smtlib,vampire,monomorphic,VERIFIED,1920,0
ground_truth,Metodos_Formais_tmp_tmpql2hwcsh_Arrays_explicacao.dfy,smtlib,vampire,predicates,VERIFIED,8737,0
ground_truth,Metodos_Formais_tmp_tmpql2hwcsh_Arrays_explicacao.dfy,smtlib,vampire,arguments,VERIFIED,1934,0
ground_truth,Metodos_Formais_tmp_tmpql2hwcsh_Arrays_explicacao.dfy,smtlib,z3,monomorphic,VERIFIED,872,0
ground_truth,Metodos_Formais_tmp_tmpql2hwcsh_Arrays_explicacao.dfy,smtlib,z3,predicates,VERIFIED,847,0
ground_truth,Metodos_Formais_tmp_tmpql2hwcsh_Arrays_explicacao.dfy,smtlib,z3,arguments,VERIFIED,836,0
ground_truth,dafny-workout_tmp_tmp0abkw6f8_starter_ex02.dfy,tptp,vampire,polymorphic,VERIFIED,850,0
ground_truth,dafny-workout_tmp_tmp0abkw6f8_starter_ex02.dfy,tptp,vampire,monomorphic,VERIFIED,890,0
ground_truth,dafny-workout_tmp_tmp0abkw6f8_starter_ex02.dfy,tptp,vampire,predicates,VERIFIED,873,0
ground_truth,dafny-workout_tmp_tmp0abkw6f8_starter_ex02.dfy,tptp,vampire,arguments,VERIFIED,866,0
ground_truth,dafny-workout_tmp_tmp0abkw6f8_starter_ex02.dfy,smtlib,vampire,monomorphic,VERIFIED,860,0
ground_truth,dafny-workout_tmp_tmp0abkw6f8_starter_ex02.dfy,smtlib,vampire,predicates,VERIFIED,825,0
ground_truth,dafny-workout_tmp_tmp0abkw6f8_starter_ex02.dfy,smtlib,vampire,arguments,VERIFIED,809,0
ground_truth,dafny-workout_tmp_tmp0abkw6f8_starter_ex02.dfy,smtlib,z3,monomorphic,VERIFIED,812,0
ground_truth,dafny-workout_tmp_tmp0abkw6f8_starter_ex02.dfy,smtlib,z3,predicates,VERIFIED,769,0
ground_truth,dafny-workout_tmp_tmp0abkw6f8_starter_ex02.dfy,smtlib,z3,arguments,VERIFIED,775,0
ground_truth,MFDS_tmp_tmpvvr5y1t9_Assignments_Ass-1-2020-21-Sol-eGela.dfy,tptp,vampire,polymorphic,VERIFICATION_TIMED_OUT,29946,4
ground_truth,MFDS_tmp_tmpvvr5y1t9_Assignments_Ass-1-2020-21-Sol-eGela.dfy,tptp,vampire,monomorphic,VERIFICATION_TIMED_OUT,30026,4
ground_truth,MFDS_tmp_tmpvvr5y1t9_Assignments_Ass-1-2020-21-Sol-eGela.dfy,tptp,vampire,predicates,VERIFICATION_TIMED_OUT,29921,4
ground_truth,MFDS_tmp_tmpvvr5y1t9_Assignments_Ass-1-2020-21-Sol-eGela.dfy,tptp,vampire,arguments,VERIFICATION_TIMED_OUT,29900,4
ground_truth,MFDS_tmp_tmpvvr5y1t9_Assignments_Ass-1-2020-21-Sol-eGela.dfy,smtlib,vampire,monomorphic,VERIFICATION_TIMED_OUT,29936,4
ground_truth,MFDS_tmp_tmpvvr5y1t9_Assignments_Ass-1-2020-21-Sol-eGela.dfy,smtlib,vampire,predicates,VERIFICATION_TIMED_OUT,29882,4
ground_truth,MFDS_tmp_tmpvvr5y1t9_Assignments_Ass-1-2020-21-Sol-eGela.dfy,smtlib,vampire,arguments,VERIFICATION_TIMED_OUT,29902,4
ground_truth,MFDS_tmp_tmpvvr5y1t9_Assignments_Ass-1-2020-21-Sol-eGela.dfy,smtlib,z3,monomorphic,VERIFIED,7860,0
ground_truth,MFDS_tmp_tmpvvr5y1t9_Assignments_Ass-1-2020-21-Sol-eGela.dfy,smtlib,z3,predicates,VERIFIED,1103,0
ground_truth,MFDS_tmp_tmpvvr5y1t9_Assignments_Ass-1-2020-21-Sol-eGela.dfy,smtlib,z3,arguments,VERIFIED,1073,0
ground_truth,Metodos_Formais_tmp_tmpql2hwcsh_Invariantes_fibonacci.dfy,tptp,vampire,polymorphic,VERIFICATION_TIMED_OUT,29806,4
ground_truth,Metodos_Formais_tmp_tmpql2hwcsh_Invariantes_fibonacci.dfy,tptp,vampire,monomorphic,VERIFICATION_TIMED_OUT,29803,4
ground_truth,Metodos_Formais_tmp_tmpql2hwcsh_Invariantes_fibonacci.dfy,tptp,vampire,predicates,VERIFICATION_TIMED_OUT,29836,4
ground_truth,Metodos_Formais_tmp_tmpql2hwcsh_Invariantes_fibonacci.dfy,tptp,vampire,arguments,VERIFICATION_TIMED_OUT,29757,4
ground_truth,Metodos_Formais_tmp_tmpql2hwcsh_Invariantes_fibonacci.dfy,smtlib,vampire,monomorphic,VERIFICATION_TIMED_OUT,29780,4
ground_truth,Metodos_Formais_tmp_tmpql2hwcsh_Invariantes_fibonacci.dfy,smtlib,vampire,predicates,VERIFICATION_TIMED_OUT,29682,4
ground_truth,Metodos_Formais_tmp_tmpql2hwcsh_Invariantes_fibonacci.dfy,smtlib,vampire,arguments,VERIFICATION_TIMED_OUT,29747,4
ground_truth,Metodos_Formais_tmp_tmpql2hwcsh_Invariantes_fibonacci.dfy,smtlib,z3,monomorphic,VERIFIED,852,0
ground_truth,Metodos_Formais_tmp_tmpql2hwcsh_Invariantes_fibonacci.dfy,smtlib,z3,predicates,VERIFIED,832,0
ground_truth,Metodos_Formais_tmp_tmpql2hwcsh_Invariantes_fibonacci.dfy,smtlib,z3,arguments,VERIFIED,820,0
ground_truth,Software-building-and-verification-Projects_tmp_tmp5tm1srrn_CVS-projeto_aula3.dfy,tptp,vampire,polymorphic,VERIFICATION_TIMED_OUT,30023,4
ground_truth,Software-building-and-verification-Projects_tmp_tmp5tm1srrn_CVS-projeto_aula3.dfy,tptp,vampire,monomorphic,VERIFICATION_TIMED_OUT,30019,4
ground_truth,Software-building-and-verification-Projects_tmp_tmp5tm1srrn_CVS-projeto_aula3.dfy,tptp,vampire,predicates,VERIFICATION_TIMED_OUT,30209,4
ground_truth,Software-building-and-verification-Projects_tmp_tmp5tm1srrn_CVS-projeto_aula3.dfy,tptp,vampire,arguments,VERIFICATION_TIMED_OUT,30055,4
ground_truth,Software-building-and-verification-Projects_tmp_tmp5tm1srrn_CVS-projeto_aula3.dfy,smtlib,vampire,monomorphic,VERIFICATION_TIMED_OUT,29877,4
ground_truth,Software-building-and-verification-Projects_tmp_tmp5tm1srrn_CVS-projeto_aula3.dfy,smtlib,vampire,predicates,VERIFICATION_TIMED_OUT,29973,4
ground_truth,Software-building-and-verification-Projects_tmp_tmp5tm1srrn_CVS-projeto_aula3.dfy,smtlib,vampire,arguments,VERIFICATION_TIMED_OUT,30011,4
ground_truth,Software-building-and-verification-Projects_tmp_tmp5tm1srrn_CVS-projeto_aula3.dfy,smtlib,z3,monomorphic,VERIFIED,985,0
ground_truth,Software-building-and-verification-Projects_tmp_tmp5tm1srrn_CVS-projeto_aula3.dfy,smtlib,z3,predicates,VERIFIED,963,0
ground_truth,Software-building-and-verification-Projects_tmp_tmp5tm1srrn_CVS-projeto_aula3.dfy,smtlib,z3,arguments,VERIFIED,955,0
ground_truth,Program-Verification-Dataset_tmp_tmpgbdrlnu__Dafny_algorithms and leetcode_examples_relativeOrder.dfy,tptp,vampire,polymorphic,VERIFICATION_TIMED_OUT,29879,4
ground_truth,Program-Verification-Dataset_tmp_tmpgbdrlnu__Dafny_algorithms and leetcode_examples_relativeOrder.dfy,tptp,vampire,monomorphic,VERIFICATION_TIMED_OUT,29874,4
ground_truth,Program-Verification-Dataset_tmp_tmpgbdrlnu__Dafny_algorithms and leetcode_examples_relativeOrder.dfy,tptp,vampire,predicates,VERIFICATION_TIMED_OUT,29850,4
ground_truth,Program-Verification-Dataset_tmp_tmpgbdrlnu__Dafny_algorithms and leetcode_examples_relativeOrder.dfy,tptp,vampire,arguments,VERIFICATION_TIMED_OUT,29845,4
ground_truth,Program-Verification-Dataset_tmp_tmpgbdrlnu__Dafny_algorithms and leetcode_examples_relativeOrder.dfy,smtlib,vampire,monomorphic,VERIFICATION_TIMED_OUT,29873,4
ground_truth,Program-Verification-Dataset_tmp_tmpgbdrlnu__Dafny_algorithms and leetcode_examples_relativeOrder.dfy,smtlib,vampire,predicates,VERIFICATION_TIMED_OUT,29813,4
ground_truth,Program-Verification-Dataset_tmp_tmpgbdrlnu__Dafny_algorithms and leetcode_examples_relativeOrder.dfy,smtlib,vampire,arguments,VERIFICATION_TIMED_OUT,29806,4
ground_truth,Program-Verification-Dataset_tmp_tmpgbdrlnu__Dafny_algorithms and leetcode_examples_relativeOrder.dfy,smtlib,z3,monomorphic,NOT_VERIFIED,997,4
ground_truth,Program-Verification-Dataset_tmp_tmpgbdrlnu__Dafny_algorithms and leetcode_examples_relativeOrder.dfy,smtlib,z3,predicates,NOT_VERIFIED,992,4
ground_truth,Program-Verification-Dataset_tmp_tmpgbdrlnu__Dafny_algorithms and leetcode_examples_relativeOrder.dfy,smtlib,z3,arguments,NOT_VERIFIED,950,4
ground_truth,SENG2011_tmp_tmpgk5jq85q_flex_ex2.dfy,tptp,vampire,polymorphic,VERIFICATION_TIMED_OUT,29850,4
ground_truth,SENG2011_tmp_tmpgk5jq85q_flex_ex2.dfy,tptp,vampire,monomorphic,VERIFICATION_TIMED_OUT,29937,4
ground_truth,SENG2011_tmp_tmpgk5jq85q_flex_ex2.dfy,tptp,vampire,predicates,VERIFICATION_TIMED_OUT,29894,4
ground_truth,SENG2011_tmp_tmpgk5jq85q_flex_ex2.dfy,tptp,vampire,arguments,VERIFICATION_TIMED_OUT,29865,4
ground_truth,SENG2011_tmp_tmpgk5jq85q_flex_ex2.dfy,smtlib,vampire,monomorphic,VERIFICATION_TIMED_OUT,29857,4
ground_truth,SENG2011_tmp_tmpgk5jq85q_flex_ex2.dfy,smtlib,vampire,predicates,VERIFICATION_TIMED_OUT,29848,4
ground_truth,SENG2011_tmp_tmpgk5jq85q_flex_ex2.dfy,smtlib,vampire,arguments,VERIFICATION_TIMED_OUT,29822,4
ground_truth,SENG2011_tmp_tmpgk5jq85q_flex_ex2.dfy,smtlib,z3,monomorphic,VERIFIED,969,0
ground_truth,SENG2011_tmp_tmpgk5jq85q_flex_ex2.dfy,smtlib,z3,predicates,VERIFIED,914,0
ground_truth,SENG2011_tmp_tmpgk5jq85q_flex_ex2.dfy,smtlib,z3,arguments,VERIFIED,910,0
ground_truth,M2_tmp_tmp2laaavvl_Software Verification_Exercices_Exo7-ComputeSum.dfy,tptp,vampire,polymorphic,VERIFICATION_TIMED_OUT,29806,4
ground_truth,M2_tmp_tmp2laaavvl_Software Verification_Exercices_Exo7-ComputeSum.dfy,tptp,vampire,monomorphic,VERIFICATION_TIMED_OUT,29757,4
ground_truth,M2_tmp_tmp2laaavvl_Software Verification_Exercices_Exo7-ComputeSum.dfy,tptp,vampire,predicates,VERIFIED,18648,0
ground_truth,M2_tmp_tmp2laaavvl_Software Verification_Exercices_Exo7-ComputeSum.dfy,tptp,vampire,arguments,VERIFIED,3493,0
ground_truth,M2_tmp_tmp2laaavvl_Software Verification_Exercices_Exo7-ComputeSum.dfy,smtlib,vampire,monomorphic,VERIFICATION_TIMED_OUT,29791,4
ground_truth,M2_tmp_tmp2laaavvl_Software Verification_Exercices_Exo7-ComputeSum.dfy,smtlib,vampire,predicates,VERIFIED,10939,0
ground_truth,M2_tmp_tmp2laaavvl_Software Verification_Exercices_Exo7-ComputeSum.dfy,smtlib,vampire,arguments,VERIFIED,4727,0
ground_truth,M2_tmp_tmp2laaavvl_Software Verification_Exercices_Exo7-ComputeSum.dfy,smtlib,z3,monomorphic,VERIFIED,862,0
ground_truth,M2_tmp_tmp2laaavvl_Software Verification_Exercices_Exo7-ComputeSum.dfy,smtlib,z3,predicates,VERIFIED,841,0
ground_truth,M2_tmp_tmp2laaavvl_Software Verification_Exercices_Exo7-ComputeSum.dfy,smtlib,z3,arguments,VERIFIED,824,0
ground_truth,dafny-synthesis_task_id_82.dfy,tptp,vampire,polymorphic,VERIFIED,794,0
ground_truth,dafny-synthesis_task_id_82.dfy,tptp,vampire,monomorphic,VERIFIED,838,0
ground_truth,dafny-synthesis_task_id_82.dfy,tptp,vampire,predicates,VERIFIED,809,0
ground_truth,dafny-synthesis_task_id_82.dfy,tptp,vampire,arguments,VERIFIED,801,0
ground_truth,dafny-synthesis_task_id_82.dfy,smtlib,vampire,monomorphic,VERIFIED,791,0
ground_truth,dafny-synthesis_task_id_82.dfy,smtlib,vampire,predicates,VERIFIED,760,0
ground_truth,dafny-synthesis_task_id_82.dfy,smtlib,vampire,arguments,VERIFIED,761,0
ground_truth,dafny-synthesis_task_id_82.dfy,smtlib,z3,monomorphic,VERIFIED,786,0
ground_truth,dafny-synthesis_task_id_82.dfy,smtlib,z3,predicates,VERIFIED,742,0
ground_truth,dafny-synthesis_task_id_82.dfy,smtlib,z3,arguments,VERIFIED,747,0
ground_truth,Dafny_Verify_tmp_tmphq7j0row_Test_Cases_Function.dfy,tptp,vampire,polymorphic,VERIFIED,884,0
ground_truth,Dafny_Verify_tmp_tmphq7j0row_Test_Cases_Function.dfy,tptp,vampire,monomorphic,VERIFIED,942,0
ground_truth,Dafny_Verify_tmp_tmphq7j0row_Test_Cases_Function.dfy,tptp,vampire,predicates,VERIFIED,912,0
ground_truth,Dafny_Verify_tmp_tmphq7j0row_Test_Cases_Function.dfy,tptp,vampire,arguments,VERIFIED,900,0
ground_truth,Dafny_Verify_tmp_tmphq7j0row_Test_Cases_Function.dfy,smtlib,vampire,monomorphic,VERIFIED,897,0
ground_truth,Dafny_Verify_tmp_tmphq7j0row_Test_Cases_Function.dfy,smtlib,vampire,predicates,VERIFIED,975,0
ground_truth,Dafny_Verify_tmp_tmphq7j0row_Test_Cases_Function.dfy,smtlib,vampire,arguments,VERIFIED,851,0
ground_truth,Dafny_Verify_tmp_tmphq7j0row_Test_Cases_Function.dfy,smtlib,z3,monomorphic,VERIFIED,841,0
ground_truth,Dafny_Verify_tmp_tmphq7j0row_Test_Cases_Function.dfy,smtlib,z3,predicates,VERIFIED,792,0
ground_truth,Dafny_Verify_tmp_tmphq7j0row_Test_Cases_Function.dfy,smtlib,z3,arguments,VERIFIED,806,0
ground_truth,Dafny-Exercises_tmp_tmpjm75muf__Session4Exercises_ExerciseAllEqual.dfy,tptp,vampire,polymorphic,VERIFICATION_TIMED_OUT,30172,4
ground_truth,Dafny-Exercises_tmp_tmpjm75muf__Session4Exercises_ExerciseAllEqual.dfy,tptp,vampire,monomorphic,VERIFICATION_TIMED_OUT,30236,4
ground_truth,Dafny-Exercises_tmp_tmpjm75muf__Session4Exercises_ExerciseAllEqual.dfy,tptp,vampire,predicates,VERIFICATION_TIMED_OUT,58935,4
ground_truth,Dafny-Exercises_tmp_tmpjm75muf__Session4Exercises_ExerciseAllEqual.dfy,tptp,vampire,arguments,VERIFICATION_TIMED_OUT,30206,4
ground_truth,Dafny-Exercises_tmp_tmpjm75muf__Session4Exercises_ExerciseAllEqual.dfy,smtlib,vampire,monomorphic,VERIFICATION_TIMED_OUT,30155,4
ground_truth,Dafny-Exercises_tmp_tmpjm75muf__Session4Exercises_ExerciseAllEqual.dfy,smtlib,vampire,predicates,VERIFICATION_TIMED_OUT,30538,4
ground_truth,Dafny-Exercises_tmp_tmpjm75muf__Session4Exercises_ExerciseAllEqual.dfy,smtlib,vampire,arguments,VERIFICATION_TIMED_OUT,30179,4
ground_truth,Dafny-Exercises_tmp_tmpjm75muf__Session4Exercises_ExerciseAllEqual.dfy,smtlib,z3,monomorphic,VERIFIED,1001,0
ground_truth,Dafny-Exercises_tmp_tmpjm75muf__Session4Exercises_ExerciseAllEqual.dfy,smtlib,z3,predicates,VERIFIED,1008,0
ground_truth,Dafny-Exercises_tmp_tmpjm75muf__Session4Exercises_ExerciseAllEqual.dfy,smtlib,z3,arguments,VERIFIED,971,0
ground_truth,Dafny-Exercises_tmp_tmpjm75muf__Session7Exercises_ExerciseBinarySearch.dfy,tptp,vampire,polymorphic,VERIFICATION_TIMED_OUT,29963,4
ground_truth,Dafny-Exercises_tmp_tmpjm75muf__Session7Exercises_ExerciseBinarySearch.dfy,tptp,vampire,monomorphic,VERIFICATION_TIMED_OUT,30069,4
ground_truth,Dafny-Exercises_tmp_tmpjm75muf__Session7Exercises_ExerciseBinarySearch.dfy,tptp,vampire,predicates,VERIFICATION_TIMED_OUT,30012,4
ground_truth,Dafny-Exercises_tmp_tmpjm75muf__Session7Exercises_ExerciseBinarySearch.dfy,tptp,vampire,arguments,VERIFICATION_TIMED_OUT,29999,4
ground_truth,Dafny-Exercises_tmp_tmpjm75muf__Session7Exercises_ExerciseBinarySearch.dfy,smtlib,vampire,monomorphic,VERIFICATION_TIMED_OUT,30040,4
ground_truth,Dafny-Exercises_tmp_tmpjm75muf__Session7Exercises_ExerciseBinarySearch.dfy,smtlib,vampire,predicates,VERIFICATION_TIMED_OUT,30031,4
ground_truth,Dafny-Exercises_tmp_tmpjm75muf__Session7Exercises_ExerciseBinarySearch.dfy,smtlib,vampire,arguments,VERIFICATION_TIMED_OUT,30029,4
ground_truth,Dafny-Exercises_tmp_tmpjm75muf__Session7Exercises_ExerciseBinarySearch.dfy,smtlib,z3,monomorphic,VERIFIED,976,0
ground_truth,Dafny-Exercises_tmp_tmpjm75muf__Session7Exercises_ExerciseBinarySearch.dfy,smtlib,z3,predicates,VERIFIED,959,0
ground_truth,Dafny-Exercises_tmp_tmpjm75muf__Session7Exercises_ExerciseBinarySearch.dfy,smtlib,z3,arguments,VERIFIED,948,0
ground_truth,dafny-synthesis_task_id_458.dfy,tptp,vampire,polymorphic,VERIFIED,784,0
ground_truth,dafny-synthesis_task_id_458.dfy,tptp,vampire,monomorphic,VERIFIED,825,0
ground_truth,dafny-synthesis_task_id_458.dfy,tptp,vampire,predicates,VERIFIED,791,0
ground_truth,dafny-synthesis_task_id_458.dfy,tptp,vampire,arguments,VERIFIED,794,0
ground_truth,dafny-synthesis_task_id_458.dfy,smtlib,vampire,monomorphic,VERIFIED,785,0
ground_truth,dafny-synthesis_task_id_458.dfy,smtlib,vampire,predicates,VERIFIED,756,0
ground_truth,dafny-synthesis_task_id_458.dfy,smtlib,vampire,arguments,VERIFIED,755,0
ground_truth,dafny-synthesis_task_id_458.dfy,smtlib,z3,monomorphic,VERIFIED,771,0
ground_truth,dafny-synthesis_task_id_458.dfy,smtlib,z3,predicates,VERIFIED,743,0
ground_truth,dafny-synthesis_task_id_458.dfy,smtlib,z3,arguments,VERIFIED,744,0
ground_truth,veri-sparse_tmp_tmp15fywna6_dafny_spmv.dfy,tptp,vampire,polymorphic,VERIFICATION_TIMED_OUT,29961,4
ground_truth,veri-sparse_tmp_tmp15fywna6_dafny_spmv.dfy,tptp,vampire,monomorphic,VERIFICATION_TIMED_OUT,30020,4
ground_truth,veri-sparse_tmp_tmp15fywna6_dafny_spmv.dfy,tptp,vampire,predicates,VERIFICATION_TIMED_OUT,29984,4
ground_truth,veri-sparse_tmp_tmp15fywna6_dafny_spmv.dfy,tptp,vampire,arguments,VERIFICATION_TIMED_OUT,29922,4
ground_truth,veri-sparse_tmp_tmp15fywna6_dafny_spmv.dfy,smtlib,vampire,monomorphic,VERIFICATION_TIMED_OUT,29916,4
ground_truth,veri-sparse_tmp_tmp15fywna6_dafny_spmv.dfy,smtlib,vampire,predicates,VERIFICATION_TIMED_OUT,29876,4
ground_truth,veri-sparse_tmp_tmp15fywna6_dafny_spmv.dfy,smtlib,vampire,arguments,VERIFICATION_TIMED_OUT,29888,4
ground_truth,veri-sparse_tmp_tmp15fywna6_dafny_spmv.dfy,smtlib,z3,monomorphic,VERIFIED,1542,0
ground_truth,veri-sparse_tmp_tmp15fywna6_dafny_spmv.dfy,smtlib,z3,predicates,VERIFIED,1550,0
ground_truth,veri-sparse_tmp_tmp15fywna6_dafny_spmv.dfy,smtlib,z3,arguments,VERIFIED,1477,0
ground_truth,Program-Verification-Dataset_tmp_tmpgbdrlnu__Dafny_advanced examples_Percentile.dfy,tptp,vampire,polymorphic,VERIFICATION_TIMED_OUT,30086,4
ground_truth,Program-Verification-Dataset_tmp_tmpgbdrlnu__Dafny_advanced examples_Percentile.dfy,tptp,vampire,monomorphic,VERIFICATION_TIMED_OUT,30285,4
ground_truth,Program-Verification-Dataset_tmp_tmpgbdrlnu__Dafny_advanced examples_Percentile.dfy,tptp,vampire,predicates,VERIFICATION_TIMED_OUT,30261,4
ground_truth,Program-Verification-Dataset_tmp_tmpgbdrlnu__Dafny_advanced examples_Percentile.dfy,tptp,vampire,arguments,VERIFICATION_TIMED_OUT,30146,4
ground_truth,Program-Verification-Dataset_tmp_tmpgbdrlnu__Dafny_advanced examples_Percentile.dfy,smtlib,vampire,monomorphic,VERIFICATION_TIMED_OUT,30239,4
ground_truth,Program-Verification-Dataset_tmp_tmpgbdrlnu__Dafny_advanced examples_Percentile.dfy,smtlib,vampire,predicates,VERIFICATION_TIMED_OUT,30302,4
ground_truth,Program-Verification-Dataset_tmp_tmpgbdrlnu__Dafny_advanced examples_Percentile.dfy,smtlib,vampire,arguments,VERIFICATION_TIMED_OUT,30238,4
ground_truth,Program-Verification-Dataset_tmp_tmpgbdrlnu__Dafny_advanced examples_Percentile.dfy,smtlib,z3,monomorphic,NOT_VERIFIED,1006,4
ground_truth,Program-Verification-Dataset_tmp_tmpgbdrlnu__Dafny_advanced examples_Percentile.dfy,smtlib,z3,predicates,NOT_VERIFIED,984,4
ground_truth,Program-Verification-Dataset_tmp_tmpgbdrlnu__Dafny_advanced examples_Percentile.dfy,smtlib,z3,arguments,NOT_VERIFIED,978,4
ground_truth,ironsync-osdi2023_tmp_tmpx80antoe_lib_Marshalling_Math.dfy,tptp,vampire,polymorphic,VERIFICATION_TIMED_OUT,58807,4
ground_truth,ironsync-osdi2023_tmp_tmpx80antoe_lib_Marshalling_Math.dfy,tptp,vampire,monomorphic,VERIFICATION_TIMED_OUT,58970,4
ground_truth,ironsync-osdi2023_tmp_tmpx80antoe_lib_Marshalling_Math.dfy,tptp,vampire,predicates,VERIFICATION_TIMED_OUT,58870,4
ground_truth,ironsync-osdi2023_tmp_tmpx80antoe_lib_Marshalling_Math.dfy,tptp,vampire,arguments,VERIFICATION_TIMED_OUT,58863,4
ground_truth,ironsync-osdi2023_tmp_tmpx80antoe_lib_Marshalling_Math.dfy,smtlib,vampire,monomorphic,VERIFICATION_TIMED_OUT,31102,4
ground_truth,ironsync-osdi2023_tmp_tmpx80antoe_lib_Marshalling_Math.dfy,smtlib,vampire,predicates,VERIFICATION_TIMED_OUT,37039,4
ground_truth,ironsync-osdi2023_tmp_tmpx80antoe_lib_Marshalling_Math.dfy,smtlib,vampire,arguments,VERIFICATION_TIMED_OUT,31238,4
ground_truth,ironsync-osdi2023_tmp_tmpx80antoe_lib_Marshalling_Math.dfy,smtlib,z3,monomorphic,VERIFICATION_TIMED_OUT,30964,4
ground_truth,ironsync-osdi2023_tmp_tmpx80antoe_lib_Marshalling_Math.dfy,smtlib,z3,predicates,VERIFICATION_TIMED_OUT,30945,4
ground_truth,ironsync-osdi2023_tmp_tmpx80antoe_lib_Marshalling_Math.dfy,smtlib,z3,arguments,VERIFICATION_TIMED_OUT,30942,4
ground_truth,Dafny-Exercises_tmp_tmpjm75muf__Session8Exercises_ExerciseInsertionSort.dfy,tptp,vampire,polymorphic,VERIFICATION_TIMED_OUT,29812,4
ground_truth,Dafny-Exercises_tmp_tmpjm75muf__Session8Exercises_ExerciseInsertionSort.dfy,tptp,vampire,monomorphic,VERIFICATION_TIMED_OUT,29890,4
ground_truth,Dafny-Exercises_tmp_tmpjm75muf__Session8Exercises_ExerciseInsertionSort.dfy,tptp,vampire,predicates,VERIFICATION_TIMED_OUT,29850,4
ground_truth,Dafny-Exercises_tmp_tmpjm75muf__Session8Exercises_ExerciseInsertionSort.dfy,tptp,vampire,arguments,VERIFICATION_TIMED_OUT,29814,4
ground_truth,Dafny-Exercises_tmp_tmpjm75muf__Session8Exercises_ExerciseInsertionSort.dfy,smtlib,vampire,monomorphic,VERIFICATION_TIMED_OUT,29886,4
ground_truth,Dafny-Exercises_tmp_tmpjm75muf__Session8Exercises_ExerciseInsertionSort.dfy,smtlib,vampire,predicates,VERIFICATION_TIMED_OUT,29745,4
ground_truth,Dafny-Exercises_tmp_tmpjm75muf__Session8Exercises_ExerciseInsertionSort.dfy,smtlib,vampire,arguments,VERIFICATION_TIMED_OUT,29802,4
ground_truth,Dafny-Exercises_tmp_tmpjm75muf__Session8Exercises_ExerciseInsertionSort.dfy,smtlib,z3,monomorphic,VERIFIED,6838,0
ground_truth,Dafny-Exercises_tmp_tmpjm75muf__Session8Exercises_ExerciseInsertionSort.dfy,smtlib,z3,predicates,VERIFIED,2275,0
ground_truth,Dafny-Exercises_tmp_tmpjm75muf__Session8Exercises_ExerciseInsertionSort.dfy,smtlib,z3,arguments,VERIFIED,3344,0
ground_truth,ironsync-osdi2023_tmp_tmpx80antoe_linear-dafny_Test_git-issues_git-issue-283.dfy,tptp,vampire,polymorphic,VERIFIED,996,0
ground_truth,ironsync-osdi2023_tmp_tmpx80antoe_linear-dafny_Test_git-issues_git-issue-283.dfy,tptp,vampire,monomorphic,VERIFIED,1109,0
ground_truth,ironsync-osdi2023_tmp_tmpx80antoe_linear-dafny_Test_git-issues_git-issue-283.dfy,tptp,vampire,predicates,VERIFIED,1162,0
ground_truth,ironsync-osdi2023_tmp_tmpx80antoe_linear-dafny_Test_git-issues_git-issue-283.dfy,tptp,vampire,arguments,VERIFIED,1047,0
ground_truth,ironsync-osdi2023_tmp_tmpx80antoe_linear-dafny_Test_git-issues_git-issue-283.dfy,smtlib,vampire,monomorphic,VERIFIED,1025,0
ground_truth,ironsync-osdi2023_tmp_tmpx80antoe_linear-dafny_Test_git-issues_git-issue-283.dfy,smtlib,vampire,predicates,VERIFIED,1170,0
ground_truth,ironsync-osdi2023_tmp_tmpx80antoe_linear-dafny_Test_git-issues_git-issue-283.dfy,smtlib,vampire,arguments,VERIFIED,1046,0
ground_truth,ironsync-osdi2023_tmp_tmpx80antoe_linear-dafny_Test_git-issues_git-issue-283.dfy,smtlib,z3,monomorphic,VERIFIED,930,0
ground_truth,ironsync-osdi2023_tmp_tmpx80antoe_linear-dafny_Test_git-issues_git-issue-283.dfy,smtlib,z3,predicates,VERIFIED,910,0
ground_truth,ironsync-osdi2023_tmp_tmpx80antoe_linear-dafny_Test_git-issues_git-issue-283.dfy,smtlib,z3,arguments,VERIFIED,902,0
ground_truth,dafny-synthesis_task_id_17.dfy,tptp,vampire,polymorphic,VERIFIED,785,0
ground_truth,dafny-synthesis_task_id_17.dfy,tptp,vampire,monomorphic,VERIFIED,833,0
ground_truth,dafny-synthesis_task_id_17.dfy,tptp,vampire,predicates,VERIFIED,803,0
ground_truth,dafny-synthesis_task_id_17.dfy,tptp,vampire,arguments,VERIFIED,791,0
ground_truth,dafny-synthesis_task_id_17.dfy,smtlib,vampire,monomorphic,VERIFIED,789,0
ground_truth,dafny-synthesis_task_id_17.dfy,smtlib,vampire,predicates,VERIFIED,750,0
ground_truth,dafny-synthesis_task_id_17.dfy,smtlib,vampire,arguments,VERIFIED,757,0
ground_truth,dafny-synthesis_task_id_17.dfy,smtlib,z3,monomorphic,VERIFIED,771,0
ground_truth,dafny-synthesis_task_id_17.dfy,smtlib,z3,predicates,VERIFIED,752,0
ground_truth,dafny-synthesis_task_id_17.dfy,smtlib,z3,arguments,VERIFIED,738,0
ground_truth,dafny-synthesis_task_id_145.dfy,tptp,vampire,polymorphic,VERIFICATION_TIMED_OUT,29781,4
ground_truth,dafny-synthesis_task_id_145.dfy,tptp,vampire,monomorphic,VERIFICATION_TIMED_OUT,29843,4
ground_truth,dafny-synthesis_task_id_145.dfy,tptp,vampire,predicates,VERIFICATION_TIMED_OUT,29834,4
ground_truth,dafny-synthesis_task_id_145.dfy,tptp,vampire,arguments,VERIFICATION_TIMED_OUT,29796,4
ground_truth,dafny-synthesis_task_id_145.dfy,smtlib,vampire,monomorphic,VERIFICATION_TIMED_OUT,29754,4
ground_truth,dafny-synthesis_task_id_145.dfy,smtlib,vampire,predicates,VERIFICATION_TIMED_OUT,29758,4
ground_truth,dafny-synthesis_task_id_145.dfy,smtlib,vampire,arguments,VERIFICATION_TIMED_OUT,29742,4
ground_truth,dafny-synthesis_task_id_145.dfy,smtlib,z3,monomorphic,VERIFIED,874,0
ground_truth,dafny-synthesis_task_id_145.dfy,smtlib,z3,predicates,VERIFIED,843,0
ground_truth,dafny-synthesis_task_id_145.dfy,smtlib,z3,arguments,VERIFIED,843,0
ground_truth,groupTheory_tmp_tmppmmxvu8h_assignment1.dfy,tptp,vampire,polymorphic,VERIFIED,2680,0
ground_truth,groupTheory_tmp_tmppmmxvu8h_assignment1.dfy,tptp,vampire,monomorphic,VERIFIED,2745,0
ground_truth,groupTheory_tmp_tmppmmxvu8h_assignment1.dfy,tptp,vampire,predicates,VERIFICATION_TIMED_OUT,29851,4
ground_truth,groupTheory_tmp_tmppmmxvu8h_assignment1.dfy,tptp,vampire,arguments,VERIFIED,10070,0
ground_truth,groupTheory_tmp_tmppmmxvu8h_assignment1.dfy,smtlib,vampire,monomorphic,VERIFIED,2035,0
ground_truth,groupTheory_tmp_tmppmmxvu8h_assignment1.dfy,smtlib,vampire,predicates,VERIFICATION_TIMED_OUT,29823,4
ground_truth,groupTheory_tmp_tmppmmxvu8h_assignment1.dfy,smtlib,vampire,arguments,VERIFIED,13124,0
ground_truth,groupTheory_tmp_tmppmmxvu8h_assignment1.dfy,smtlib,z3,monomorphic,VERIFIED,924,0
ground_truth,groupTheory_tmp_tmppmmxvu8h_assignment1.dfy,smtlib,z3,predicates,VERIFIED,880,0
ground_truth,groupTheory_tmp_tmppmmxvu8h_assignment1.dfy,smtlib,z3,arguments,VERIFIED,872,0
ground_truth,dafny-synthesis_task_id_240.dfy,tptp,vampire,polymorphic,VERIFICATION_TIMED_OUT,29768,4
ground_truth,dafny-synthesis_task_id_240.dfy,tptp,vampire,monomorphic,VERIFICATION_TIMED_OUT,29758,4
ground_truth,dafny-synthesis_task_id_240.dfy,tptp,vampire,predicates,VERIFICATION_TIMED_OUT,29806,4
ground_truth,dafny-synthesis_task_id_240.dfy,tptp,vampire,arguments,VERIFICATION_TIMED_OUT,29779,4
ground_truth,dafny-synthesis_task_id_240.dfy,smtlib,vampire,monomorphic,VERIFICATION_TIMED_OUT,29780,4
ground_truth,dafny-synthesis_task_id_240.dfy,smtlib,vampire,predicates,VERIFICATION_TIMED_OUT,29757,4
ground_truth,dafny-synthesis_task_id_240.dfy,smtlib,vampire,arguments,VERIFICATION_TIMED_OUT,29755,4
ground_truth,dafny-synthesis_task_id_240.dfy,smtlib,z3,monomorphic,VERIFIED,844,0
ground_truth,dafny-synthesis_task_id_240.dfy,smtlib,z3,predicates,VERIFIED,815,0
ground_truth,dafny-synthesis_task_id_240.dfy,smtlib,z3,arguments,VERIFIED,798,0
ground_truth,t1_MF_tmp_tmpi_sqie4j_exemplos_introducao_ex4.dfy,tptp,vampire,polymorphic,VERIFICATION_TIMED_OUT,29743,4
ground_truth,t1_MF_tmp_tmpi_sqie4j_exemplos_introducao_ex4.dfy,tptp,vampire,monomorphic,VERIFICATION_TIMED_OUT,29830,4
ground_truth,t1_MF_tmp_tmpi_sqie4j_exemplos_introducao_ex4.dfy,tptp,vampire,predicates,VERIFICATION_TIMED_OUT,29788,4
ground_truth,t1_MF_tmp_tmpi_sqie4j_exemplos_introducao_ex4.dfy,tptp,vampire,arguments,VERIFIED,4456,0
ground_truth,t1_MF_tmp_tmpi_sqie4j_exemplos_introducao_ex4.dfy,smtlib,vampire,monomorphic,VERIFIED,4808,0
ground_truth,t1_MF_tmp_tmpi_sqie4j_exemplos_introducao_ex4.dfy,smtlib,vampire,predicates,VERIFIED,14171,0
ground_truth,t1_MF_tmp_tmpi_sqie4j_exemplos_introducao_ex4.dfy,smtlib,vampire,arguments,VERIFIED,4675,0
ground_truth,t1_MF_tmp_tmpi_sqie4j_exemplos_introducao_ex4.dfy,smtlib,z3,monomorphic,VERIFIED,865,0
ground_truth,t1_MF_tmp_tmpi_sqie4j_exemplos_introducao_ex4.dfy,smtlib,z3,predicates,VERIFIED,839,0
ground_truth,t1_MF_tmp_tmpi_sqie4j_exemplos_introducao_ex4.dfy,smtlib,z3,arguments,VERIFIED,829,0
ground_truth,dafny-synthesis_task_id_598.dfy,tptp,vampire,polymorphic,VERIFIED,1264,0
ground_truth,dafny-synthesis_task_id_598.dfy,tptp,vampire,monomorphic,VERIFIED,875,0
ground_truth,dafny-synthesis_task_id_598.dfy,tptp,vampire,predicates,VERIFIED,1097,0
ground_truth,dafny-synthesis_task_id_598.dfy,tptp,vampire,arguments,VERIFIED,843,0
ground_truth,dafny-synthesis_task_id_598.dfy,smtlib,vampire,monomorphic,VERIFIED,833,0
ground_truth,dafny-synthesis_task_id_598.dfy,smtlib,vampire,predicates,VERIFIED,1170,0
ground_truth,dafny-synthesis_task_id_598.dfy,smtlib,vampire,arguments,VERIFIED,798,0
ground_truth,dafny-synthesis_task_id_598.dfy,smtlib,z3,monomorphic,VERIFIED,800,0
ground_truth,dafny-synthesis_task_id_598.dfy,smtlib,z3,predicates,VERIFIED,761,0
ground_truth,dafny-synthesis_task_id_598.dfy,smtlib,z3,arguments,VERIFIED,759,0
ground_truth,dafny-language-server_tmp_tmpkir0kenl_Test_allocated1_dafny0_fun-with-slices.dfy,tptp,vampire,polymorphic,VERIFICATION_TIMED_OUT,30045,4
ground_truth,dafny-language-server_tmp_tmpkir0kenl_Test_allocated1_dafny0_fun-with-slices.dfy,tptp,vampire,monomorphic,VERIFICATION_TIMED_OUT,29789,4
ground_truth,dafny-language-server_tmp_tmpkir0kenl_Test_allocated1_dafny0_fun-with-slices.dfy,tptp,vampire,predicates,VERIFICATION_TIMED_OUT,29796,4
ground_truth,dafny-language-server_tmp_tmpkir0kenl_Test_allocated1_dafny0_fun-with-slices.dfy,tptp,vampire,arguments,VERIFICATION_TIMED_OUT,29767,4
ground_truth,dafny-language-server_tmp_tmpkir0kenl_Test_allocated1_dafny0_fun-with-slices.dfy,smtlib,vampire,monomorphic,VERIFICATION_TIMED_OUT,29825,4
ground_truth,dafny-language-server_tmp_tmpkir0kenl_Test_allocated1_dafny0_fun-with-slices.dfy,smtlib,vampire,predicates,VERIFICATION_TIMED_OUT,29723,4
ground_truth,dafny-language-server_tmp_tmpkir0kenl_Test_allocated1_dafny0_fun-with-slices.dfy,smtlib,vampire,arguments,VERIFICATION_TIMED_OUT,29704,4
ground_truth,dafny-language-server_tmp_tmpkir0kenl_Test_allocated1_dafny0_fun-with-slices.dfy,smtlib,z3,monomorphic,VERIFIED,1023,0
ground_truth,dafny-language-server_tmp_tmpkir0kenl_Test_allocated1_dafny0_fun-with-slices.dfy,smtlib,z3,predicates,NOT_VERIFIED,917,4
ground_truth,dafny-language-server_tmp_tmpkir0kenl_Test_allocated1_dafny0_fun-with-slices.dfy,smtlib,z3,arguments,VERIFIED,885,0
ground_truth,Dafny_Verify_tmp_tmphq7j0row_Fine_Tune_Examples_50_examples_28.dfy,tptp,vampire,polymorphic,VERIFIED,852,0
ground_truth,Dafny_Verify_tmp_tmphq7j0row_Fine_Tune_Examples_50_examples_28.dfy,tptp,vampire,monomorphic,VERIFIED,900,0
ground_truth,Dafny_Verify_tmp_tmphq7j0row_Fine_Tune_Examples_50_examples_28.dfy,tptp,vampire,predicates,VERIFIED,873,0
ground_truth,Dafny_Verify_tmp_tmphq7j0row_Fine_Tune_Examples_50_examples_28.dfy,tptp,vampire,arguments,VERIFIED,857,0
ground_truth,Dafny_Verify_tmp_tmphq7j0row_Fine_Tune_Examples_50_examples_28.dfy,smtlib,vampire,monomorphic,VERIFIED,856,0
ground_truth,Dafny_Verify_tmp_tmphq7j0row_Fine_Tune_Examples_50_examples_28.dfy,smtlib,vampire,predicates,VERIFIED,830,0
ground_truth,Dafny_Verify_tmp_tmphq7j0row_Fine_Tune_Examples_50_examples_28.dfy,smtlib,vampire,arguments,VERIFIED,827,0
ground_truth,Dafny_Verify_tmp_tmphq7j0row_Fine_Tune_Examples_50_examples_28.dfy,smtlib,z3,monomorphic,VERIFIED,821,0
ground_truth,Dafny_Verify_tmp_tmphq7j0row_Fine_Tune_Examples_50_examples_28.dfy,smtlib,z3,predicates,VERIFIED,783,0
ground_truth,Dafny_Verify_tmp_tmphq7j0row_Fine_Tune_Examples_50_examples_28.dfy,smtlib,z3,arguments,VERIFIED,779,0
ground_truth,dafny-synthesis_task_id_776.dfy,tptp,vampire,polymorphic,VERIFIED,1015,0
ground_truth,dafny-synthesis_task_id_776.dfy,tptp,vampire,monomorphic,VERIFIED,1063,0
ground_truth,dafny-synthesis_task_id_776.dfy,tptp,vampire,predicates,VERIFIED,1165,0
ground_truth,dafny-synthesis_task_id_776.dfy,tptp,vampire,arguments,VERIFIED,1031,0
ground_truth,dafny-synthesis_task_id_776.dfy,smtlib,vampire,monomorphic,VERIFIED,1046,0
ground_truth,dafny-synthesis_task_id_776.dfy,smtlib,vampire,predicates,VERIFIED,1144,0
ground_truth,dafny-synthesis_task_id_776.dfy,smtlib,vampire,arguments,VERIFIED,1016,0
ground_truth,dafny-synthesis_task_id_776.dfy,smtlib,z3,monomorphic,VERIFIED,859,0
ground_truth,dafny-synthesis_task_id_776.dfy,smtlib,z3,predicates,VERIFIED,835,0
ground_truth,dafny-synthesis_task_id_776.dfy,smtlib,z3,arguments,VERIFIED,828,0
ground_truth,dafny-language-server_tmp_tmpkir0kenl_Test_hofs_Requires.dfy,tptp,vampire,polymorphic,VERIFIED,1861,0
ground_truth,dafny-language-server_tmp_tmpkir0kenl_Test_hofs_Requires.dfy,tptp,vampire,monomorphic,VERIFIED,2282,0
ground_truth,dafny-language-server_tmp_tmpkir0kenl_Test_hofs_Requires.dfy,tptp,vampire,predicates,VERIFICATION_TIMED_OUT,29856,4
ground_truth,dafny-language-server_tmp_tmpkir0kenl_Test_hofs_Requires.dfy,tptp,vampire,arguments,VERIFICATION_TIMED_OUT,29934,4
ground_truth,dafny-language-server_tmp_tmpkir0kenl_Test_hofs_Requires.dfy,smtlib,vampire,monomorphic,VERIFIED,2055,0
ground_truth,dafny-language-server_tmp_tmpkir0kenl_Test_hofs_Requires.dfy,smtlib,vampire,predicates,VERIFIED,9133,0
ground_truth,dafny-language-server_tmp_tmpkir0kenl_Test_hofs_Requires.dfy,smtlib,vampire,arguments,VERIFIED,2870,0
ground_truth,dafny-language-server_tmp_tmpkir0kenl_Test_hofs_Requires.dfy,smtlib,z3,monomorphic,VERIFIED,927,0
ground_truth,dafny-language-server_tmp_tmpkir0kenl_Test_hofs_Requires.dfy,smtlib,z3,predicates,VERIFIED,894,0
ground_truth,dafny-language-server_tmp_tmpkir0kenl_Test_hofs_Requires.dfy,smtlib,z3,arguments,VERIFIED,867,0
ground_truth,Clover_is_palindrome.dfy,tptp,vampire,polymorphic,VERIFICATION_TIMED_OUT,29811,4
ground_truth,Clover_is_palindrome.dfy,tptp,vampire,monomorphic,VERIFICATION_TIMED_OUT,29795,4
ground_truth,Clover_is_palindrome.dfy,tptp,vampire,predicates,VERIFICATION_TIMED_OUT,29770,4
ground_truth,Clover_is_palindrome.dfy,tptp,vampire,arguments,VERIFICATION_TIMED_OUT,29817,4
ground_truth,Clover_is_palindrome.dfy,smtlib,vampire,monomorphic,VERIFICATION_TIMED_OUT,29841,4
ground_truth,Clover_is_palindrome.dfy,smtlib,vampire,predicates,VERIFICATION_TIMED_OUT,29718,4
ground_truth,Clover_is_palindrome.dfy,smtlib,vampire,arguments,VERIFICATION_TIMED_OUT,29771,4
ground_truth,Clover_is_palindrome.dfy,smtlib,z3,monomorphic,VERIFIED,879,0
ground_truth,Clover_is_palindrome.dfy,smtlib,z3,predicates,VERIFIED,853,0
ground_truth,Clover_is_palindrome.dfy,smtlib,z3,arguments,VERIFIED,843,0
ground_truth,dafny-synthesis_task_id_414.dfy,tptp,vampire,polymorphic,VERIFIED,1517,0
ground_truth,dafny-synthesis_task_id_414.dfy,tptp,vampire,monomorphic,VERIFIED,1830,0
ground_truth,dafny-synthesis_task_id_414.dfy,tptp,vampire,predicates,VERIFIED,1163,0
ground_truth,dafny-synthesis_task_id_414.dfy,tptp,vampire,arguments,VERIFIED,1149,0
ground_truth,dafny-synthesis_task_id_414.dfy,smtlib,vampire,monomorphic,VERIFIED,1928,0
ground_truth,dafny-synthesis_task_id_414.dfy,smtlib,vampire,predicates,VERIFIED,1628,0
ground_truth,dafny-synthesis_task_id_414.dfy,smtlib,vampire,arguments,VERIFIED,1914,0
ground_truth,dafny-synthesis_task_id_414.dfy,smtlib,z3,monomorphic,VERIFIED,850,0
ground_truth,dafny-synthesis_task_id_414.dfy,smtlib,z3,predicates,VERIFIED,840,0
ground_truth,dafny-synthesis_task_id_414.dfy,smtlib,z3,arguments,VERIFIED,833,0
ground_truth,dafny-synthesis_task_id_622.dfy,tptp,vampire,polymorphic,VERIFIED,1116,0
ground_truth,dafny-synthesis_task_id_622.dfy,tptp,vampire,monomorphic,VERIFIED,1642,0
ground_truth,dafny-synthesis_task_id_622.dfy,tptp,vampire,predicates,VERIFIED,2040,0
ground_truth,dafny-synthesis_task_id_622.dfy,tptp,vampire,arguments,VERIFIED,1166,0
ground_truth,dafny-synthesis_task_id_622.dfy,smtlib,vampire,monomorphic,VERIFIED,1162,0
ground_truth,dafny-synthesis_task_id_622.dfy,smtlib,vampire,predicates,VERIFIED,1253,0
ground_truth,dafny-synthesis_task_id_622.dfy,smtlib,vampire,arguments,VERIFIED,1148,0
ground_truth,dafny-synthesis_task_id_622.dfy,smtlib,z3,monomorphic,VERIFIED,865,0
ground_truth,dafny-synthesis_task_id_622.dfy,smtlib,z3,predicates,VERIFIED,839,0
ground_truth,dafny-synthesis_task_id_622.dfy,smtlib,z3,arguments,VERIFIED,831,0
ground_truth,cs245-verification_tmp_tmp0h_nxhqp_SortingIssues_FirstAttempt.dfy,tptp,vampire,polymorphic,VERIFICATION_TIMED_OUT,29762,4
ground_truth,cs245-verification_tmp_tmp0h_nxhqp_SortingIssues_FirstAttempt.dfy,tptp,vampire,monomorphic,VERIFICATION_TIMED_OUT,29883,4
ground_truth,cs245-verification_tmp_tmp0h_nxhqp_SortingIssues_FirstAttempt.dfy,tptp,vampire,predicates,VERIFICATION_TIMED_OUT,29784,4
ground_truth,cs245-verification_tmp_tmp0h_nxhqp_SortingIssues_FirstAttempt.dfy,tptp,vampire,arguments,VERIFICATION_TIMED_OUT,29787,4
ground_truth,cs245-verification_tmp_tmp0h_nxhqp_SortingIssues_FirstAttempt.dfy,smtlib,vampire,monomorphic,VERIFICATION_TIMED_OUT,29842,4
ground_truth,cs245-verification_tmp_tmp0h_nxhqp_SortingIssues_FirstAttempt.dfy,smtlib,vampire,predicates,VERIFICATION_TIMED_OUT,29730,4
ground_truth,cs245-verification_tmp_tmp0h_nxhqp_SortingIssues_FirstAttempt.dfy,smtlib,vampire,arguments,VERIFICATION_TIMED_OUT,29773,4
ground_truth,cs245-verification_tmp_tmp0h_nxhqp_SortingIssues_FirstAttempt.dfy,smtlib,z3,monomorphic,VERIFIED,871,0
ground_truth,cs245-verification_tmp_tmp0h_nxhqp_SortingIssues_FirstAttempt.dfy,smtlib,z3,predicates,VERIFIED,840,0
ground_truth,cs245-verification_tmp_tmp0h_nxhqp_SortingIssues_FirstAttempt.dfy,smtlib,z3,arguments,VERIFIED,842,0
ground_truth,Dafny-Exercises_tmp_tmpjm75muf__Session7Exercises_ExerciseReplace.dfy,tptp,vampire,polymorphic,VERIFICATION_TIMED_OUT,29814,4
ground_truth,Dafny-Exercises_tmp_tmpjm75muf__Session7Exercises_ExerciseReplace.dfy,tptp,vampire,monomorphic,VERIFICATION_TIMED_OUT,29788,4
ground_truth,Dafny-Exercises_tmp_tmpjm75muf__Session7Exercises_ExerciseReplace.dfy,tptp,vampire,predicates,VERIFICATION_TIMED_OUT,29830,4
ground_truth,Dafny-Exercises_tmp_tmpjm75muf__Session7Exercises_ExerciseReplace.dfy,tptp,vampire,arguments,VERIFICATION_TIMED_OUT,29787,4
ground_truth,Dafny-Exercises_tmp_tmpjm75muf__Session7Exercises_ExerciseReplace.dfy,smtlib,vampire,monomorphic,VERIFICATION_TIMED_OUT,29794,4
ground_truth,Dafny-Exercises_tmp_tmpjm75muf__Session7Exercises_ExerciseReplace.dfy,smtlib,vampire,predicates,VERIFICATION_TIMED_OUT,29818,4
ground_truth,Dafny-Exercises_tmp_tmpjm75muf__Session7Exercises_ExerciseReplace.dfy,smtlib,vampire,arguments,VERIFICATION_TIMED_OUT,29774,4
ground_truth,Dafny-Exercises_tmp_tmpjm75muf__Session7Exercises_ExerciseReplace.dfy,smtlib,z3,monomorphic,VERIFIED,878,0
ground_truth,Dafny-Exercises_tmp_tmpjm75muf__Session7Exercises_ExerciseReplace.dfy,smtlib,z3,predicates,VERIFIED,860,0
ground_truth,Dafny-Exercises_tmp_tmpjm75muf__Session7Exercises_ExerciseReplace.dfy,smtlib,z3,arguments,VERIFIED,864,0
ground_truth,Program-Verification-Dataset_tmp_tmpgbdrlnu__Dafny_algorithms and leetcode_leetcode_stairClimbing.dfy,tptp,vampire,polymorphic,VERIFICATION_TIMED_OUT,59341,4
ground_truth,Program-Verification-Dataset_tmp_tmpgbdrlnu__Dafny_algorithms and leetcode_leetcode_stairClimbing.dfy,tptp,vampire,monomorphic,VERIFICATION_TIMED_OUT,59430,4
ground_truth,Program-Verification-Dataset_tmp_tmpgbdrlnu__Dafny_algorithms and leetcode_leetcode_stairClimbing.dfy,tptp,vampire,predicates,VERIFICATION_TIMED_OUT,87992,4
ground_truth,Program-Verification-Dataset_tmp_tmpgbdrlnu__Dafny_algorithms and leetcode_leetcode_stairClimbing.dfy,tptp,vampire,arguments,VERIFICATION_TIMED_OUT,60358,4
ground_truth,Program-Verification-Dataset_tmp_tmpgbdrlnu__Dafny_algorithms and leetcode_leetcode_stairClimbing.dfy,smtlib,vampire,monomorphic,VERIFICATION_TIMED_OUT,59165,4
ground_truth,Program-Verification-Dataset_tmp_tmpgbdrlnu__Dafny_algorithms and leetcode_leetcode_stairClimbing.dfy,smtlib,vampire,predicates,VERIFICATION_TIMED_OUT,64339,4
ground_truth,Program-Verification-Dataset_tmp_tmpgbdrlnu__Dafny_algorithms and leetcode_leetcode_stairClimbing.dfy,smtlib,vampire,arguments,VERIFICATION_TIMED_OUT,59212,4
ground_truth,Program-Verification-Dataset_tmp_tmpgbdrlnu__Dafny_algorithms and leetcode_leetcode_stairClimbing.dfy,smtlib,z3,monomorphic,NOT_VERIFIED,1404,4
ground_truth,Program-Verification-Dataset_tmp_tmpgbdrlnu__Dafny_algorithms and leetcode_leetcode_stairClimbing.dfy,smtlib,z3,predicates,NOT_VERIFIED,1437,4
ground_truth,Program-Verification-Dataset_tmp_tmpgbdrlnu__Dafny_algorithms and leetcode_leetcode_stairClimbing.dfy,smtlib,z3,arguments,NOT_VERIFIED,1245,4
ground_truth,Program-Verification-Dataset_tmp_tmpgbdrlnu__Dafny_advanced examples_EvenPredicate.dfy,tptp,vampire,polymorphic,VERIFIED,4840,0
ground_truth,Program-Verification-Dataset_tmp_tmpgbdrlnu__Dafny_advanced examples_EvenPredicate.dfy,tptp,vampire,monomorphic,VERIFICATION_TIMED_OUT,29872,4
ground_truth,Program-Verification-Dataset_tmp_tmpgbdrlnu__Dafny_advanced examples_EvenPredicate.dfy,tptp,vampire,predicates,VERIFICATION_TIMED_OUT,29873,4
ground_truth,Program-Verification-Dataset_tmp_tmpgbdrlnu__Dafny_advanced examples_EvenPredicate.dfy,tptp,vampire,arguments,VERIFIED,20066,0
ground_truth,Program-Verification-Dataset_tmp_tmpgbdrlnu__Dafny_advanced examples_EvenPredicate.dfy,smtlib,vampire,monomorphic,VERIFIED,9538,0
ground_truth,Program-Verification-Dataset_tmp_tmpgbdrlnu__Dafny_advanced examples_EvenPredicate.dfy,smtlib,vampire,predicates,VERIFICATION_TIMED_OUT,29713,4
ground_truth,Program-Verification-Dataset_tmp_tmpgbdrlnu__Dafny_advanced examples_EvenPredicate.dfy,smtlib,vampire,arguments,VERIFIED,9545,0
ground_truth,Program-Verification-Dataset_tmp_tmpgbdrlnu__Dafny_advanced examples_EvenPredicate.dfy,smtlib,z3,monomorphic,VERIFIED,890,0
ground_truth,Program-Verification-Dataset_tmp_tmpgbdrlnu__Dafny_advanced examples_EvenPredicate.dfy,smtlib,z3,predicates,VERIFIED,863,0
ground_truth,Program-Verification-Dataset_tmp_tmpgbdrlnu__Dafny_advanced examples_EvenPredicate.dfy,smtlib,z3,arguments,VERIFIED,863,0
ground_truth,Program-Verification-Dataset_tmp_tmpgbdrlnu__Dafny_basic examples_sumto_sol.dfy,tptp,vampire,polymorphic,VERIFICATION_TIMED_OUT,29823,4
ground_truth,Program-Verification-Dataset_tmp_tmpgbdrlnu__Dafny_basic examples_sumto_sol.dfy,tptp,vampire,monomorphic,VERIFICATION_TIMED_OUT,29879,4
ground_truth,Program-Verification-Dataset_tmp_tmpgbdrlnu__Dafny_basic examples_sumto_sol.dfy,tptp,vampire,predicates,VERIFICATION_TIMED_OUT,29849,4
ground_truth,Program-Verification-Dataset_tmp_tmpgbdrlnu__Dafny_basic examples_sumto_sol.dfy,tptp,vampire,arguments,VERIFICATION_TIMED_OUT,29887,4
ground_truth,Program-Verification-Dataset_tmp_tmpgbdrlnu__Dafny_basic examples_sumto_sol.dfy,smtlib,vampire,monomorphic,VERIFICATION_TIMED_OUT,29848,4
ground_truth,Program-Verification-Dataset_tmp_tmpgbdrlnu__Dafny_basic examples_sumto_sol.dfy,smtlib,vampire,predicates,VERIFICATION_TIMED_OUT,29806,4
ground_truth,Program-Verification-Dataset_tmp_tmpgbdrlnu__Dafny_basic examples_sumto_sol.dfy,smtlib,vampire,arguments,VERIFICATION_TIMED_OUT,29792,4
ground_truth,Program-Verification-Dataset_tmp_tmpgbdrlnu__Dafny_basic examples_sumto_sol.dfy,smtlib,z3,monomorphic,VERIFIED,928,0
ground_truth,Program-Verification-Dataset_tmp_tmpgbdrlnu__Dafny_basic examples_sumto_sol.dfy,smtlib,z3,predicates,VERIFIED,895,0
ground_truth,Program-Verification-Dataset_tmp_tmpgbdrlnu__Dafny_basic examples_sumto_sol.dfy,smtlib,z3,arguments,VERIFIED,873,0
ground_truth,formal-methods-in-software-engineering_tmp_tmpe7fjnek6_Labs2_gr2.dfy,tptp,vampire,polymorphic,VERIFICATION_TIMED_OUT,30035,4
ground_truth,formal-methods-in-software-engineering_tmp_tmpe7fjnek6_Labs2_gr2.dfy,tptp,vampire,monomorphic,VERIFICATION_TIMED_OUT,30037,4
ground_truth,formal-methods-in-software-engineering_tmp_tmpe7fjnek6_Labs2_gr2.dfy,tptp,vampire,predicates,VERIFICATION_TIMED_OUT,58866,4
ground_truth,formal-methods-in-software-engineering_tmp_tmpe7fjnek6_Labs2_gr2.dfy,tptp,vampire,arguments,VERIFICATION_TIMED_OUT,30364,4
ground_truth,formal-methods-in-software-engineering_tmp_tmpe7fjnek6_Labs2_gr2.dfy,smtlib,vampire,monomorphic,VERIFICATION_TIMED_OUT,30085,4
ground_truth,formal-methods-in-software-engineering_tmp_tmpe7fjnek6_Labs2_gr2.dfy,smtlib,vampire,predicates,VERIFICATION_TIMED_OUT,39332,4
ground_truth,formal-methods-in-software-engineering_tmp_tmpe7fjnek6_Labs2_gr2.dfy,smtlib,vampire,arguments,VERIFICATION_TIMED_OUT,29994,4
ground_truth,formal-methods-in-software-engineering_tmp_tmpe7fjnek6_Labs2_gr2.dfy,smtlib,z3,monomorphic,VERIFIED,997,0
ground_truth,formal-methods-in-software-engineering_tmp_tmpe7fjnek6_Labs2_gr2.dfy,smtlib,z3,predicates,VERIFIED,971,0
ground_truth,formal-methods-in-software-engineering_tmp_tmpe7fjnek6_Labs2_gr2.dfy,smtlib,z3,arguments,VERIFIED,956,0
ground_truth,Dafny-Exercises_tmp_tmpjm75muf__Session6Exercises_ExercisePeekSum.dfy,tptp,vampire,polymorphic,VERIFICATION_TIMED_OUT,29786,4
ground_truth,Dafny-Exercises_tmp_tmpjm75muf__Session6Exercises_ExercisePeekSum.dfy,tptp,vampire,monomorphic,VERIFICATION_TIMED_OUT,29880,4
ground_truth,Dafny-Exercises_tmp_tmpjm75muf__Session6Exercises_ExercisePeekSum.dfy,tptp,vampire,predicates,VERIFICATION_TIMED_OUT,29827,4
ground_truth,Dafny-Exercises_tmp_tmpjm75muf__Session6Exercises_ExercisePeekSum.dfy,tptp,vampire,arguments,VERIFICATION_TIMED_OUT,29823,4
ground_truth,Dafny-Exercises_tmp_tmpjm75muf__Session6Exercises_ExercisePeekSum.dfy,smtlib,vampire,monomorphic,VERIFICATION_TIMED_OUT,29848,4
ground_truth,Dafny-Exercises_tmp_tmpjm75muf__Session6Exercises_ExercisePeekSum.dfy,smtlib,vampire,predicates,VERIFICATION_TIMED_OUT,29749,4
ground_truth,Dafny-Exercises_tmp_tmpjm75muf__Session6Exercises_ExercisePeekSum.dfy,smtlib,vampire,arguments,VERIFICATION_TIMED_OUT,29803,4
ground_truth,Dafny-Exercises_tmp_tmpjm75muf__Session6Exercises_ExercisePeekSum.dfy,smtlib,z3,monomorphic,VERIFIED,943,0
ground_truth,Dafny-Exercises_tmp_tmpjm75muf__Session6Exercises_ExercisePeekSum.dfy,smtlib,z3,predicates,VERIFIED,895,0
ground_truth,Dafny-Exercises_tmp_tmpjm75muf__Session6Exercises_ExercisePeekSum.dfy,smtlib,z3,arguments,VERIFIED,896,0
ground_truth,DafnyExercises_tmp_tmpd6qyevja_QuickExercises_testing2.dfy,tptp,vampire,polymorphic,VERIFIED,378,0
ground_truth,DafnyExercises_tmp_tmpd6qyevja_QuickExercises_testing2.dfy,tptp,vampire,monomorphic,VERIFIED,365,0
ground_truth,DafnyExercises_tmp_tmpd6qyevja_QuickExercises_testing2.dfy,tptp,vampire,predicates,VERIFIED,367,0
ground_truth,DafnyExercises_tmp_tmpd6qyevja_QuickExercises_testing2.dfy,tptp,vampire,arguments,VERIFIED,359,0
ground_truth,DafnyExercises_tmp_tmpd6qyevja_QuickExercises_testing2.dfy,smtlib,vampire,monomorphic,VERIFIED,324,0
ground_truth,DafnyExercises_tmp_tmpd6qyevja_QuickExercises_testing2.dfy,smtlib,vampire,predicates,VERIFIED,324,0
ground_truth,DafnyExercises_tmp_tmpd6qyevja_QuickExercises_testing2.dfy,smtlib,vampire,arguments,VERIFIED,331,0
ground_truth,DafnyExercises_tmp_tmpd6qyevja_QuickExercises_testing2.dfy,smtlib,z3,monomorphic,VERIFIED,342,0
ground_truth,DafnyExercises_tmp_tmpd6qyevja_QuickExercises_testing2.dfy,smtlib,z3,predicates,VERIFIED,332,0
ground_truth,DafnyExercises_tmp_tmpd6qyevja_QuickExercises_testing2.dfy,smtlib,z3,arguments,VERIFIED,333,0
ground_truth,Invoker_tmp_tmpypx0gs8x_dafny_abstract-interpreter_SimpleVerifier.dfy,tptp,vampire,polymorphic,VERIFICATION_TIMED_OUT,88236,4
ground_truth,Invoker_tmp_tmpypx0gs8x_dafny_abstract-interpreter_SimpleVerifier.dfy,tptp,vampire,monomorphic,VERIFICATION_TIMED_OUT,88656,4
ground_truth,Invoker_tmp_tmpypx0gs8x_dafny_abstract-interpreter_SimpleVerifier.dfy,tptp,vampire,predicates,VERIFICATION_TIMED_OUT,88588,4
ground_truth,Invoker_tmp_tmpypx0gs8x_dafny_abstract-interpreter_SimpleVerifier.dfy,tptp,vampire,arguments,VERIFICATION_TIMED_OUT,88346,4
ground_truth,Invoker_tmp_tmpypx0gs8x_dafny_abstract-interpreter_SimpleVerifier.dfy,smtlib,vampire,monomorphic,VERIFICATION_TIMED_OUT,88603,4
ground_truth,Invoker_tmp_tmpypx0gs8x_dafny_abstract-interpreter_SimpleVerifier.dfy,smtlib,vampire,predicates,VERIFICATION_TIMED_OUT,88387,4
ground_truth,Invoker_tmp_tmpypx0gs8x_dafny_abstract-interpreter_SimpleVerifier.dfy,smtlib,vampire,arguments,VERIFICATION_TIMED_OUT,88252,4
ground_truth,Invoker_tmp_tmpypx0gs8x_dafny_abstract-interpreter_SimpleVerifier.dfy,smtlib,z3,monomorphic,VERIFIED,1555,0
ground_truth,Invoker_tmp_tmpypx0gs8x_dafny_abstract-interpreter_SimpleVerifier.dfy,smtlib,z3,predicates,NOT_VERIFIED,1390,4
ground_truth,Invoker_tmp_tmpypx0gs8x_dafny_abstract-interpreter_SimpleVerifier.dfy,smtlib,z3,arguments,VERIFIED,1332,0
ground_truth,dafny-synthesis_task_id_424.dfy,tptp,vampire,polymorphic,VERIFICATION_TIMED_OUT,29789,4
ground_truth,dafny-synthesis_task_id_424.dfy,tptp,vampire,monomorphic,VERIFICATION_TIMED_OUT,29821,4
ground_truth,dafny-synthesis_task_id_424.dfy,tptp,vampire,predicates,VERIFICATION_TIMED_OUT,29831,4
ground_truth,dafny-synthesis_task_id_424.dfy,tptp,vampire,arguments,VERIFICATION_TIMED_OUT,29840,4
ground_truth,dafny-synthesis_task_id_424.dfy,smtlib,vampire,monomorphic,VERIFICATION_TIMED_OUT,29832,4
ground_truth,dafny-synthesis_task_id_424.dfy,smtlib,vampire,predicates,VERIFICATION_TIMED_OUT,29751,4
ground_truth,dafny-synthesis_task_id_424.dfy,smtlib,vampire,arguments,VERIFICATION_TIMED_OUT,29719,4
ground_truth,dafny-synthesis_task_id_424.dfy,smtlib,z3,monomorphic,VERIFIED,862,0
ground_truth,dafny-synthesis_task_id_424.dfy,smtlib,z3,predicates,VERIFIED,853,0
ground_truth,dafny-synthesis_task_id_424.dfy,smtlib,z3,arguments,VERIFIED,838,0
ground_truth,RollingMax.dfy,tptp,vampire,polymorphic,VERIFICATION_TIMED_OUT,29856,4
ground_truth,RollingMax.dfy,tptp,vampire,monomorphic,VERIFICATION_TIMED_OUT,29906,4
ground_truth,RollingMax.dfy,tptp,vampire,predicates,VERIFICATION_TIMED_OUT,29880,4
ground_truth,RollingMax.dfy,tptp,vampire,arguments,VERIFICATION_TIMED_OUT,29782,4
ground_truth,RollingMax.dfy,smtlib,vampire,monomorphic,VERIFICATION_TIMED_OUT,29847,4
ground_truth,RollingMax.dfy,smtlib,vampire,predicates,VERIFICATION_TIMED_OUT,29795,4
ground_truth,RollingMax.dfy,smtlib,vampire,arguments,VERIFICATION_TIMED_OUT,29796,4
ground_truth,RollingMax.dfy,smtlib,z3,monomorphic,VERIFIED,929,0
ground_truth,RollingMax.dfy,smtlib,z3,predicates,VERIFIED,880,0
ground_truth,RollingMax.dfy,smtlib,z3,arguments,VERIFIED,885,0
ground_truth,dafny-synthesis_task_id_171.dfy,tptp,vampire,polymorphic,VERIFIED,791,0
ground_truth,dafny-synthesis_task_id_171.dfy,tptp,vampire,monomorphic,VERIFIED,824,0
ground_truth,dafny-synthesis_task_id_171.dfy,tptp,vampire,predicates,VERIFIED,799,0
ground_truth,dafny-synthesis_task_id_171.dfy,tptp,vampire,arguments,VERIFIED,787,0
ground_truth,dafny-synthesis_task_id_171.dfy,smtlib,vampire,monomorphic,VERIFIED,790,0
ground_truth,dafny-synthesis_task_id_171.dfy,smtlib,vampire,predicates,VERIFIED,758,0
ground_truth,dafny-synthesis_task_id_171.dfy,smtlib,vampire,arguments,VERIFIED,755,0
ground_truth,dafny-synthesis_task_id_171.dfy,smtlib,z3,monomorphic,VERIFIED,784,0
ground_truth,dafny-synthesis_task_id_171.dfy,smtlib,z3,predicates,VERIFIED,745,0
ground_truth,dafny-synthesis_task_id_171.dfy,smtlib,z3,arguments,VERIFIED,742,0
ground_truth,MFES_2021_tmp_tmpuljn8zd9_FCUL_Exercises_8_sum.dfy,tptp,vampire,polymorphic,VERIFICATION_TIMED_OUT,29710,4
ground_truth,MFES_2021_tmp_tmpuljn8zd9_FCUL_Exercises_8_sum.dfy,tptp,vampire,monomorphic,VERIFICATION_TIMED_OUT,29812,4
ground_truth,MFES_2021_tmp_tmpuljn8zd9_FCUL_Exercises_8_sum.dfy,tptp,vampire,predicates,VERIFICATION_TIMED_OUT,29806,4
ground_truth,MFES_2021_tmp_tmpuljn8zd9_FCUL_Exercises_8_sum.dfy,tptp,vampire,arguments,VERIFICATION_TIMED_OUT,29769,4
ground_truth,MFES_2021_tmp_tmpuljn8zd9_FCUL_Exercises_8_sum.dfy,smtlib,vampire,monomorphic,VERIFIED,2063,0
ground_truth,MFES_2021_tmp_tmpuljn8zd9_FCUL_Exercises_8_sum.dfy,smtlib,vampire,predicates,VERIFIED,1948,0
ground_truth,MFES_2021_tmp_tmpuljn8zd9_FCUL_Exercises_8_sum.dfy,smtlib,vampire,arguments,VERIFIED,1080,0
ground_truth,MFES_2021_tmp_tmpuljn8zd9_FCUL_Exercises_8_sum.dfy,smtlib,z3,monomorphic,VERIFIED,855,0
ground_truth,MFES_2021_tmp_tmpuljn8zd9_FCUL_Exercises_8_sum.dfy,smtlib,z3,predicates,VERIFIED,828,0
ground_truth,MFES_2021_tmp_tmpuljn8zd9_FCUL_Exercises_8_sum.dfy,smtlib,z3,arguments,VERIFIED,819,0
ground_truth,Clover_cal_sum.dfy,tptp,vampire,polymorphic,VERIFICATION_TIMED_OUT,29770,4
ground_truth,Clover_cal_sum.dfy,tptp,vampire,monomorphic,VERIFICATION_TIMED_OUT,29825,4
ground_truth,Clover_cal_sum.dfy,tptp,vampire,predicates,VERIFICATION_TIMED_OUT,29747,4
ground_truth,Clover_cal_sum.dfy,tptp,vampire,arguments,VERIFICATION_TIMED_OUT,29769,4
ground_truth,Clover_cal_sum.dfy,smtlib,vampire,monomorphic,VERIFIED,974,0
ground_truth,Clover_cal_sum.dfy,smtlib,vampire,predicates,VERIFIED,983,0
ground_truth,Clover_cal_sum.dfy,smtlib,vampire,arguments,VERIFIED,1144,0
ground_truth,Clover_cal_sum.dfy,smtlib,z3,monomorphic,VERIFIED,823,0
ground_truth,Clover_cal_sum.dfy,smtlib,z3,predicates,VERIFIED,795,0
ground_truth,Clover_cal_sum.dfy,smtlib,z3,arguments,VERIFIED,794,0
ground_truth,dafny_examples_tmp_tmp8qotd4ez_leetcode_0277-find-the-celebrity.dfy,tptp,vampire,polymorphic,VERIFICATION_TIMED_OUT,29823,4
ground_truth,dafny_examples_tmp_tmp8qotd4ez_leetcode_0277-find-the-celebrity.dfy,tptp,vampire,monomorphic,VERIFIED,28784,0
ground_truth,dafny_examples_tmp_tmp8qotd4ez_leetcode_0277-find-the-celebrity.dfy,tptp,vampire,predicates,VERIFICATION_TIMED_OUT,29831,4
ground_truth,dafny_examples_tmp_tmp8qotd4ez_leetcode_0277-find-the-celebrity.dfy,tptp,vampire,arguments,VERIFIED,20716,0
ground_truth,dafny_examples_tmp_tmp8qotd4ez_leetcode_0277-find-the-celebrity.dfy,smtlib,vampire,monomorphic,VERIFIED,8649,0
ground_truth,dafny_examples_tmp_tmp8qotd4ez_leetcode_0277-find-the-celebrity.dfy,smtlib,vampire,predicates,VERIFIED,23060,0
ground_truth,dafny_examples_tmp_tmp8qotd4ez_leetcode_0277-find-the-celebrity.dfy,smtlib,vampire,arguments,VERIFIED,21404,0
ground_truth,dafny_examples_tmp_tmp8qotd4ez_leetcode_0277-find-the-celebrity.dfy,smtlib,z3,monomorphic,VERIFIED,953,0
ground_truth,dafny_examples_tmp_tmp8qotd4ez_leetcode_0277-find-the-celebrity.dfy,smtlib,z3,predicates,VERIFIED,908,0
ground_truth,dafny_examples_tmp_tmp8qotd4ez_leetcode_0277-find-the-celebrity.dfy,smtlib,z3,arguments,VERIFIED,904,0
ground_truth,DafnyProjects_tmp_tmp2acw_s4s_Graph.dfy,tptp,vampire,polymorphic,VERIFICATION_TIMED_OUT,30071,4
ground_truth,DafnyProjects_tmp_tmp2acw_s4s_Graph.dfy,tptp,vampire,monomorphic,VERIFICATION_TIMED_OUT,30085,4
ground_truth,DafnyProjects_tmp_tmp2acw_s4s_Graph.dfy,tptp,vampire,predicates,VERIFICATION_TIMED_OUT,30076,4
ground_truth,DafnyProjects_tmp_tmp2acw_s4s_Graph.dfy,tptp,vampire,arguments,VERIFICATION_TIMED_OUT,30115,4
ground_truth,DafnyProjects_tmp_tmp2acw_s4s_Graph.dfy,smtlib,vampire,monomorphic,VERIFICATION_TIMED_OUT,30052,4
ground_truth,DafnyProjects_tmp_tmp2acw_s4s_Graph.dfy,smtlib,vampire,predicates,VERIFICATION_TIMED_OUT,30053,4
ground_truth,DafnyProjects_tmp_tmp2acw_s4s_Graph.dfy,smtlib,vampire,arguments,VERIFICATION_TIMED_OUT,29982,4
ground_truth,DafnyProjects_tmp_tmp2acw_s4s_Graph.dfy,smtlib,z3,monomorphic,VERIFIED,1175,0
ground_truth,DafnyProjects_tmp_tmp2acw_s4s_Graph.dfy,smtlib,z3,predicates,VERIFIED,1308,0
ground_truth,DafnyProjects_tmp_tmp2acw_s4s_Graph.dfy,smtlib,z3,arguments,VERIFIED,1187,0
ground_truth,dafny-synthesis_task_id_233.dfy,tptp,vampire,polymorphic,VERIFIED,785,0
ground_truth,dafny-synthesis_task_id_233.dfy,tptp,vampire,monomorphic,VERIFIED,836,0
ground_truth,dafny-synthesis_task_id_233.dfy,tptp,vampire,predicates,VERIFIED,802,0
ground_truth,dafny-synthesis_task_id_233.dfy,tptp,vampire,arguments,VERIFIED,801,0
ground_truth,dafny-synthesis_task_id_233.dfy,smtlib,vampire,monomorphic,VERIFIED,787,0
ground_truth,dafny-synthesis_task_id_233.dfy,smtlib,vampire,predicates,VERIFIED,754,0
ground_truth,dafny-synthesis_task_id_233.dfy,smtlib,vampire,arguments,VERIFIED,759,0
ground_truth,dafny-synthesis_task_id_233.dfy,smtlib,z3,monomorphic,VERIFIED,784,0
ground_truth,dafny-synthesis_task_id_233.dfy,smtlib,z3,predicates,VERIFIED,757,0
ground_truth,dafny-synthesis_task_id_233.dfy,smtlib,z3,arguments,VERIFIED,753,0
ground_truth,formal_verication_dafny_tmp_tmpwgl2qz28_Challenges_ex2.dfy,tptp,vampire,polymorphic,VERIFIED,1136,0
ground_truth,formal_verication_dafny_tmp_tmpwgl2qz28_Challenges_ex2.dfy,tptp,vampire,monomorphic,VERIFIED,1268,0
ground_truth,formal_verication_dafny_tmp_tmpwgl2qz28_Challenges_ex2.dfy,tptp,vampire,predicates,VERIFIED,1149,0
ground_truth,formal_verication_dafny_tmp_tmpwgl2qz28_Challenges_ex2.dfy,tptp,vampire,arguments,VERIFIED,1132,0
ground_truth,formal_verication_dafny_tmp_tmpwgl2qz28_Challenges_ex2.dfy,smtlib,vampire,monomorphic,VERIFIED,975,0
ground_truth,formal_verication_dafny_tmp_tmpwgl2qz28_Challenges_ex2.dfy,smtlib,vampire,predicates,VERIFIED,1115,0
ground_truth,formal_verication_dafny_tmp_tmpwgl2qz28_Challenges_ex2.dfy,smtlib,vampire,arguments,VERIFIED,1097,0
ground_truth,formal_verication_dafny_tmp_tmpwgl2qz28_Challenges_ex2.dfy,smtlib,z3,monomorphic,VERIFIED,850,0
ground_truth,formal_verication_dafny_tmp_tmpwgl2qz28_Challenges_ex2.dfy,smtlib,z3,predicates,VERIFIED,802,0
ground_truth,formal_verication_dafny_tmp_tmpwgl2qz28_Challenges_ex2.dfy,smtlib,z3,arguments,VERIFIED,801,0
ground_truth,Programmverifikation-und-synthese_tmp_tmppurk6ime_PVS_Assignment_ex_05_Hoangkim_ex_05_Hoangkim.dfy,tptp,vampire,polymorphic,VERIFICATION_TIMED_OUT,29811,4
ground_truth,Programmverifikation-und-synthese_tmp_tmppurk6ime_PVS_Assignment_ex_05_Hoangkim_ex_05_Hoangkim.dfy,tptp,vampire,monomorphic,VERIFICATION_TIMED_OUT,29880,4
ground_truth,Programmverifikation-und-synthese_tmp_tmppurk6ime_PVS_Assignment_ex_05_Hoangkim_ex_05_Hoangkim.dfy,tptp,vampire,predicates,VERIFICATION_TIMED_OUT,29852,4
ground_truth,Programmverifikation-und-synthese_tmp_tmppurk6ime_PVS_Assignment_ex_05_Hoangkim_ex_05_Hoangkim.dfy,tptp,vampire,arguments,VERIFICATION_TIMED_OUT,29804,4
ground_truth,Programmverifikation-und-synthese_tmp_tmppurk6ime_PVS_Assignment_ex_05_Hoangkim_ex_05_Hoangkim.dfy,smtlib,vampire,monomorphic,VERIFICATION_TIMED_OUT,29835,4
ground_truth,Programmverifikation-und-synthese_tmp_tmppurk6ime_PVS_Assignment_ex_05_Hoangkim_ex_05_Hoangkim.dfy,smtlib,vampire,predicates,VERIFICATION_TIMED_OUT,29773,4
ground_truth,Programmverifikation-und-synthese_tmp_tmppurk6ime_PVS_Assignment_ex_05_Hoangkim_ex_05_Hoangkim.dfy,smtlib,vampire,arguments,VERIFICATION_TIMED_OUT,29775,4
ground_truth,Programmverifikation-und-synthese_tmp_tmppurk6ime_PVS_Assignment_ex_05_Hoangkim_ex_05_Hoangkim.dfy,smtlib,z3,monomorphic,VERIFIED,912,0
ground_truth,Programmverifikation-und-synthese_tmp_tmppurk6ime_PVS_Assignment_ex_05_Hoangkim_ex_05_Hoangkim.dfy,smtlib,z3,predicates,VERIFIED,882,0
ground_truth,Programmverifikation-und-synthese_tmp_tmppurk6ime_PVS_Assignment_ex_05_Hoangkim_ex_05_Hoangkim.dfy,smtlib,z3,arguments,VERIFIED,853,0
ground_truth,Clover_double_quadruple.dfy,tptp,vampire,polymorphic,VERIFIED,852,0
ground_truth,Clover_double_quadruple.dfy,tptp,vampire,monomorphic,VERIFIED,894,0
ground_truth,Clover_double_quadruple.dfy,tptp,vampire,predicates,VERIFIED,865,0
ground_truth,Clover_double_quadruple.dfy,tptp,vampire,arguments,VERIFIED,858,0
ground_truth,Clover_double_quadruple.dfy,smtlib,vampire,monomorphic,VERIFIED,850,0
ground_truth,Clover_double_quadruple.dfy,smtlib,vampire,predicates,VERIFIED,831,0
ground_truth,Clover_double_quadruple.dfy,smtlib,vampire,arguments,VERIFIED,902,0
ground_truth,Clover_double_quadruple.dfy,smtlib,z3,monomorphic,VERIFIED,778,0
ground_truth,Clover_double_quadruple.dfy,smtlib,z3,predicates,VERIFIED,748,0
ground_truth,Clover_double_quadruple.dfy,smtlib,z3,arguments,VERIFIED,739,0
ground_truth,dafny-sandbox_tmp_tmp3tu2bu8a_Stlc.dfy,tptp,vampire,polymorphic,VERIFICATION_TIMED_OUT,42781,4
ground_truth,dafny-sandbox_tmp_tmp3tu2bu8a_Stlc.dfy,tptp,vampire,monomorphic,VERIFICATION_TIMED_OUT,40778,4
ground_truth,dafny-sandbox_tmp_tmp3tu2bu8a_Stlc.dfy,tptp,vampire,predicates,VERIFICATION_TIMED_OUT,59316,4
ground_truth,dafny-sandbox_tmp_tmp3tu2bu8a_Stlc.dfy,tptp,vampire,arguments,VERIFICATION_TIMED_OUT,59100,4
ground_truth,dafny-sandbox_tmp_tmp3tu2bu8a_Stlc.dfy,smtlib,vampire,monomorphic,VERIFICATION_TIMED_OUT,32476,4
ground_truth,dafny-sandbox_tmp_tmp3tu2bu8a_Stlc.dfy,smtlib,vampire,predicates,VERIFICATION_TIMED_OUT,59035,4
ground_truth,dafny-sandbox_tmp_tmp3tu2bu8a_Stlc.dfy,smtlib,vampire,arguments,VERIFICATION_TIMED_OUT,37757,4
ground_truth,dafny-sandbox_tmp_tmp3tu2bu8a_Stlc.dfy,smtlib,z3,monomorphic,NOT_VERIFIED,1186,4
ground_truth,dafny-sandbox_tmp_tmp3tu2bu8a_Stlc.dfy,smtlib,z3,predicates,NOT_VERIFIED,1227,4
ground_truth,dafny-sandbox_tmp_tmp3tu2bu8a_Stlc.dfy,smtlib,z3,arguments,NOT_VERIFIED,1154,4
ground_truth,Clover_binary_search.dfy,tptp,vampire,polymorphic,VERIFICATION_TIMED_OUT,29760,4
ground_truth,Clover_binary_search.dfy,tptp,vampire,monomorphic,VERIFICATION_TIMED_OUT,29839,4
ground_truth,Clover_binary_search.dfy,tptp,vampire,predicates,VERIFICATION_TIMED_OUT,29799,4
ground_truth,Clover_binary_search.dfy,tptp,vampire,arguments,VERIFICATION_TIMED_OUT,29797,4
ground_truth,Clover_binary_search.dfy,smtlib,vampire,monomorphic,VERIFICATION_TIMED_OUT,29787,4
ground_truth,Clover_binary_search.dfy,smtlib,vampire,predicates,VERIFICATION_TIMED_OUT,29750,4
ground_truth,Clover_binary_search.dfy,smtlib,vampire,arguments,VERIFICATION_TIMED_OUT,29784,4
ground_truth,Clover_binary_search.dfy,smtlib,z3,monomorphic,VERIFIED,887,0
ground_truth,Clover_binary_search.dfy,smtlib,z3,predicates,VERIFIED,870,0
ground_truth,Clover_binary_search.dfy,smtlib,z3,arguments,VERIFIED,856,0
ground_truth,dafny-language-server_tmp_tmpkir0kenl_Test_triggers_large-quantifiers-dont-break-dafny.dfy,tptp,vampire,polymorphic,VERIFIED,1395,0
ground_truth,dafny-language-server_tmp_tmpkir0kenl_Test_triggers_large-quantifiers-dont-break-dafny.dfy,tptp,vampire,monomorphic,VERIFIED,1464,0
ground_truth,dafny-language-server_tmp_tmpkir0kenl_Test_triggers_large-quantifiers-dont-break-dafny.dfy,tptp,vampire,predicates,VERIFIED,2232,0
ground_truth,dafny-language-server_tmp_tmpkir0kenl_Test_triggers_large-quantifiers-dont-break-dafny.dfy,tptp,vampire,arguments,VERIFIED,1428,0
ground_truth,dafny-language-server_tmp_tmpkir0kenl_Test_triggers_large-quantifiers-dont-break-dafny.dfy,smtlib,vampire,monomorphic,VERIFIED,1441,0
ground_truth,dafny-language-server_tmp_tmpkir0kenl_Test_triggers_large-quantifiers-dont-break-dafny.dfy,smtlib,vampire,predicates,VERIFIED,2246,0
ground_truth,dafny-language-server_tmp_tmpkir0kenl_Test_triggers_large-quantifiers-dont-break-dafny.dfy,smtlib,vampire,arguments,VERIFIED,2217,0
ground_truth,dafny-language-server_tmp_tmpkir0kenl_Test_triggers_large-quantifiers-dont-break-dafny.dfy,smtlib,z3,monomorphic,VERIFIED,944,0
ground_truth,dafny-language-server_tmp_tmpkir0kenl_Test_triggers_large-quantifiers-dont-break-dafny.dfy,smtlib,z3,predicates,VERIFIED,897,0
ground_truth,dafny-language-server_tmp_tmpkir0kenl_Test_triggers_large-quantifiers-dont-break-dafny.dfy,smtlib,z3,arguments,VERIFIED,894,0
ground_truth,dafny-language-server_tmp_tmpkir0kenl_Test_dafny4_git-issue133.dfy,tptp,vampire,polymorphic,VERIFICATION_TIMED_OUT,29807,4
ground_truth,dafny-language-server_tmp_tmpkir0kenl_Test_dafny4_git-issue133.dfy,tptp,vampire,monomorphic,VERIFICATION_TIMED_OUT,29919,4
ground_truth,dafny-language-server_tmp_tmpkir0kenl_Test_dafny4_git-issue133.dfy,tptp,vampire,predicates,VERIFICATION_TIMED_OUT,29859,4
ground_truth,dafny-language-server_tmp_tmpkir0kenl_Test_dafny4_git-issue133.dfy,tptp,vampire,arguments,VERIFIED,8912,0
ground_truth,dafny-language-server_tmp_tmpkir0kenl_Test_dafny4_git-issue133.dfy,smtlib,vampire,monomorphic,VERIFIED,20494,0
ground_truth,dafny-language-server_tmp_tmpkir0kenl_Test_dafny4_git-issue133.dfy,smtlib,vampire,predicates,VERIFICATION_TIMED_OUT,29833,4
ground_truth,dafny-language-server_tmp_tmpkir0kenl_Test_dafny4_git-issue133.dfy,smtlib,vampire,arguments,VERIFIED,18018,0
ground_truth,dafny-language-server_tmp_tmpkir0kenl_Test_dafny4_git-issue133.dfy,smtlib,z3,monomorphic,VERIFIED,934,0
ground_truth,dafny-language-server_tmp_tmpkir0kenl_Test_dafny4_git-issue133.dfy,smtlib,z3,predicates,VERIFIED,894,0
ground_truth,dafny-language-server_tmp_tmpkir0kenl_Test_dafny4_git-issue133.dfy,smtlib,z3,arguments,VERIFIED,883,0
ground_truth,Program-Verification-Dataset_tmp_tmpgbdrlnu__Dafny_basic examples_BubbleSort.dfy,tptp,vampire,polymorphic,VERIFICATION_TIMED_OUT,29814,4
ground_truth,Program-Verification-Dataset_tmp_tmpgbdrlnu__Dafny_basic examples_BubbleSort.dfy,tptp,vampire,monomorphic,VERIFICATION_TIMED_OUT,29932,4
ground_truth,Program-Verification-Dataset_tmp_tmpgbdrlnu__Dafny_basic examples_BubbleSort.dfy,tptp,vampire,predicates,VERIFICATION_TIMED_OUT,29865,4
ground_truth,Program-Verification-Dataset_tmp_tmpgbdrlnu__Dafny_basic examples_BubbleSort.dfy,tptp,vampire,arguments,VERIFICATION_TIMED_OUT,29837,4
ground_truth,Program-Verification-Dataset_tmp_tmpgbdrlnu__Dafny_basic examples_BubbleSort.dfy,smtlib,vampire,monomorphic,VERIFICATION_TIMED_OUT,29842,4
ground_truth,Program-Verification-Dataset_tmp_tmpgbdrlnu__Dafny_basic examples_BubbleSort.dfy,smtlib,vampire,predicates,VERIFICATION_TIMED_OUT,29806,4
ground_truth,Program-Verification-Dataset_tmp_tmpgbdrlnu__Dafny_basic examples_BubbleSort.dfy,smtlib,vampire,arguments,VERIFICATION_TIMED_OUT,29761,4
ground_truth,Program-Verification-Dataset_tmp_tmpgbdrlnu__Dafny_basic examples_BubbleSort.dfy,smtlib,z3,monomorphic,VERIFIED,6398,0
ground_truth,Program-Verification-Dataset_tmp_tmpgbdrlnu__Dafny_basic examples_BubbleSort.dfy,smtlib,z3,predicates,VERIFIED,1216,0
ground_truth,Program-Verification-Dataset_tmp_tmpgbdrlnu__Dafny_basic examples_BubbleSort.dfy,smtlib,z3,arguments,VERIFIED,1750,0
ground_truth,dafny-synthesis_task_id_94.dfy,tptp,vampire,polymorphic,VERIFICATION_TIMED_OUT,29823,4
ground_truth,dafny-synthesis_task_id_94.dfy,tptp,vampire,monomorphic,VERIFICATION_TIMED_OUT,29841,4
ground_truth,dafny-synthesis_task_id_94.dfy,tptp,vampire,predicates,VERIFICATION_TIMED_OUT,29829,4
ground_truth,dafny-synthesis_task_id_94.dfy,tptp,vampire,arguments,VERIFICATION_TIMED_OUT,29829,4
ground_truth,dafny-synthesis_task_id_94.dfy,smtlib,vampire,monomorphic,VERIFICATION_TIMED_OUT,29788,4
ground_truth,dafny-synthesis_task_id_94.dfy,smtlib,vampire,predicates,VERIFICATION_TIMED_OUT,29767,4
ground_truth,dafny-synthesis_task_id_94.dfy,smtlib,vampire,arguments,VERIFICATION_TIMED_OUT,29777,4
ground_truth,dafny-synthesis_task_id_94.dfy,smtlib,z3,monomorphic,VERIFIED,885,0
ground_truth,dafny-synthesis_task_id_94.dfy,smtlib,z3,predicates,VERIFIED,866,0
ground_truth,dafny-synthesis_task_id_94.dfy,smtlib,z3,arguments,VERIFIED,861,0
ground_truth,vmware-verification-2023_tmp_tmpoou5u54i_demos_leader_election.dfy,tptp,vampire,polymorphic,VERIFICATION_TIMED_OUT,30436,4
ground_truth,vmware-verification-2023_tmp_tmpoou5u54i_demos_leader_election.dfy,tptp,vampire,monomorphic,VERIFICATION_TIMED_OUT,30229,4
ground_truth,vmware-verification-2023_tmp_tmpoou5u54i_demos_leader_election.dfy,tptp,vampire,predicates,VERIFICATION_TIMED_OUT,30261,4
ground_truth,vmware-verification-2023_tmp_tmpoou5u54i_demos_leader_election.dfy,tptp,vampire,arguments,VERIFICATION_TIMED_OUT,30191,4
ground_truth,vmware-verification-2023_tmp_tmpoou5u54i_demos_leader_election.dfy,smtlib,vampire,monomorphic,VERIFICATION_TIMED_OUT,30127,4
ground_truth,vmware-verification-2023_tmp_tmpoou5u54i_demos_leader_election.dfy,smtlib,vampire,predicates,VERIFICATION_TIMED_OUT,30283,4
ground_truth,vmware-verification-2023_tmp_tmpoou5u54i_demos_leader_election.dfy,smtlib,vampire,arguments,VERIFICATION_TIMED_OUT,30148,4
ground_truth,vmware-verification-2023_tmp_tmpoou5u54i_demos_leader_election.dfy,smtlib,z3,monomorphic,VERIFIED,1130,0
ground_truth,vmware-verification-2023_tmp_tmpoou5u54i_demos_leader_election.dfy,smtlib,z3,predicates,NOT_VERIFIED,1147,4
ground_truth,vmware-verification-2023_tmp_tmpoou5u54i_demos_leader_election.dfy,smtlib,z3,arguments,VERIFIED,1087,0
ground_truth,Dafny_Programs_tmp_tmp99966ew4_lemma.dfy,tptp,vampire,polymorphic,VERIFICATION_TIMED_OUT,29873,4
ground_truth,Dafny_Programs_tmp_tmp99966ew4_lemma.dfy,tptp,vampire,monomorphic,VERIFICATION_TIMED_OUT,29891,4
ground_truth,Dafny_Programs_tmp_tmp99966ew4_lemma.dfy,tptp,vampire,predicates,VERIFICATION_TIMED_OUT,29827,4
ground_truth,Dafny_Programs_tmp_tmp99966ew4_lemma.dfy,tptp,vampire,arguments,VERIFICATION_TIMED_OUT,29846,4
ground_truth,Dafny_Programs_tmp_tmp99966ew4_lemma.dfy,smtlib,vampire,monomorphic,VERIFICATION_TIMED_OUT,29852,4
ground_truth,Dafny_Programs_tmp_tmp99966ew4_lemma.dfy,smtlib,vampire,predicates,VERIFICATION_TIMED_OUT,29766,4
ground_truth,Dafny_Programs_tmp_tmp99966ew4_lemma.dfy,smtlib,vampire,arguments,VERIFICATION_TIMED_OUT,29787,4
ground_truth,Dafny_Programs_tmp_tmp99966ew4_lemma.dfy,smtlib,z3,monomorphic,VERIFIED,943,0
ground_truth,Dafny_Programs_tmp_tmp99966ew4_lemma.dfy,smtlib,z3,predicates,VERIFIED,902,0
ground_truth,Dafny_Programs_tmp_tmp99966ew4_lemma.dfy,smtlib,z3,arguments,VERIFIED,888,0
ground_truth,Program-Verification-Dataset_tmp_tmpgbdrlnu__Dafny_algorithms and leetcode_ProgramProofs_ch15.dfy,tptp,vampire,polymorphic,VERIFICATION_TIMED_OUT,30235,4
ground_truth,Program-Verification-Dataset_tmp_tmpgbdrlnu__Dafny_algorithms and leetcode_ProgramProofs_ch15.dfy,tptp,vampire,monomorphic,VERIFICATION_TIMED_OUT,30284,4
ground_truth,Program-Verification-Dataset_tmp_tmpgbdrlnu__Dafny_algorithms and leetcode_ProgramProofs_ch15.dfy,tptp,vampire,predicates,VERIFICATION_TIMED_OUT,30265,4
ground_truth,Program-Verification-Dataset_tmp_tmpgbdrlnu__Dafny_algorithms and leetcode_ProgramProofs_ch15.dfy,tptp,vampire,arguments,VERIFICATION_TIMED_OUT,30137,4
ground_truth,Program-Verification-Dataset_tmp_tmpgbdrlnu__Dafny_algorithms and leetcode_ProgramProofs_ch15.dfy,smtlib,vampire,monomorphic,VERIFICATION_TIMED_OUT,30206,4
ground_truth,Program-Verification-Dataset_tmp_tmpgbdrlnu__Dafny_algorithms and leetcode_ProgramProofs_ch15.dfy,smtlib,vampire,predicates,VERIFICATION_TIMED_OUT,30260,4
ground_truth,Program-Verification-Dataset_tmp_tmpgbdrlnu__Dafny_algorithms and leetcode_ProgramProofs_ch15.dfy,smtlib,vampire,arguments,VERIFICATION_TIMED_OUT,30147,4
ground_truth,Program-Verification-Dataset_tmp_tmpgbdrlnu__Dafny_algorithms and leetcode_ProgramProofs_ch15.dfy,smtlib,z3,monomorphic,VERIFICATION_TIMED_OUT,31049,4
ground_truth,Program-Verification-Dataset_tmp_tmpgbdrlnu__Dafny_algorithms and leetcode_ProgramProofs_ch15.dfy,smtlib,z3,predicates,VERIFIED,1609,0
ground_truth,Program-Verification-Dataset_tmp_tmpgbdrlnu__Dafny_algorithms and leetcode_ProgramProofs_ch15.dfy,smtlib,z3,arguments,VERIFIED,5572,0
ground_truth,protocol-verification-fa2023_tmp_tmpw6hy3mjp_demos_ch04_leader_election.dfy,tptp,vampire,polymorphic,VERIFICATION_TIMED_OUT,30426,4
ground_truth,protocol-verification-fa2023_tmp_tmpw6hy3mjp_demos_ch04_leader_election.dfy,tptp,vampire,monomorphic,VERIFICATION_TIMED_OUT,30322,4
ground_truth,protocol-verification-fa2023_tmp_tmpw6hy3mjp_demos_ch04_leader_election.dfy,tptp,vampire,predicates,VERIFICATION_TIMED_OUT,30443,4
ground_truth,protocol-verification-fa2023_tmp_tmpw6hy3mjp_demos_ch04_leader_election.dfy,tptp,vampire,arguments,VERIFICATION_TIMED_OUT,30346,4
ground_truth,protocol-verification-fa2023_tmp_tmpw6hy3mjp_demos_ch04_leader_election.dfy,smtlib,vampire,monomorphic,VERIFICATION_TIMED_OUT,30254,4
ground_truth,protocol-verification-fa2023_tmp_tmpw6hy3mjp_demos_ch04_leader_election.dfy,smtlib,vampire,predicates,VERIFICATION_TIMED_OUT,30383,4
ground_truth,protocol-verification-fa2023_tmp_tmpw6hy3mjp_demos_ch04_leader_election.dfy,smtlib,vampire,arguments,VERIFICATION_TIMED_OUT,30147,4
ground_truth,protocol-verification-fa2023_tmp_tmpw6hy3mjp_demos_ch04_leader_election.dfy,smtlib,z3,monomorphic,VERIFIED,1160,0
ground_truth,protocol-verification-fa2023_tmp_tmpw6hy3mjp_demos_ch04_leader_election.dfy,smtlib,z3,predicates,NOT_VERIFIED,1209,4
ground_truth,protocol-verification-fa2023_tmp_tmpw6hy3mjp_demos_ch04_leader_election.dfy,smtlib,z3,arguments,VERIFIED,1118,0
ground_truth,Metodos_Formais_tmp_tmpbez22nnn_Aula_4_ex3.dfy,tptp,vampire,polymorphic,VERIFICATION_TIMED_OUT,29798,4
ground_truth,Metodos_Formais_tmp_tmpbez22nnn_Aula_4_ex3.dfy,tptp,vampire,monomorphic,VERIFICATION_TIMED_OUT,29850,4
ground_truth,Metodos_Formais_tmp_tmpbez22nnn_Aula_4_ex3.dfy,tptp,vampire,predicates,VERIFICATION_TIMED_OUT,29819,4
ground_truth,Metodos_Formais_tmp_tmpbez22nnn_Aula_4_ex3.dfy,tptp,vampire,arguments,VERIFICATION_TIMED_OUT,29814,4
ground_truth,Metodos_Formais_tmp_tmpbez22nnn_Aula_4_ex3.dfy,smtlib,vampire,monomorphic,VERIFICATION_TIMED_OUT,29765,4
ground_truth,Metodos_Formais_tmp_tmpbez22nnn_Aula_4_ex3.dfy,smtlib,vampire,predicates,VERIFICATION_TIMED_OUT,29748,4
ground_truth,Metodos_Formais_tmp_tmpbez22nnn_Aula_4_ex3.dfy,smtlib,vampire,arguments,VERIFICATION_TIMED_OUT,29785,4
ground_truth,Metodos_Formais_tmp_tmpbez22nnn_Aula_4_ex3.dfy,smtlib,z3,monomorphic,VERIFIED,867,0
ground_truth,Metodos_Formais_tmp_tmpbez22nnn_Aula_4_ex3.dfy,smtlib,z3,predicates,VERIFIED,853,0
ground_truth,Metodos_Formais_tmp_tmpbez22nnn_Aula_4_ex3.dfy,smtlib,z3,arguments,VERIFIED,846,0
ground_truth,dafny-synthesis_task_id_793.dfy,tptp,vampire,polymorphic,VERIFIED,2292,0
ground_truth,dafny-synthesis_task_id_793.dfy,tptp,vampire,monomorphic,VERIFIED,1289,0
ground_truth,dafny-synthesis_task_id_793.dfy,tptp,vampire,predicates,VERIFIED,22529,0
ground_truth,dafny-synthesis_task_id_793.dfy,tptp,vampire,arguments,VERIFIED,3287,0
ground_truth,dafny-synthesis_task_id_793.dfy,smtlib,vampire,monomorphic,VERIFIED,3492,0
ground_truth,dafny-synthesis_task_id_793.dfy,smtlib,vampire,predicates,VERIFIED,23740,0
ground_truth,dafny-synthesis_task_id_793.dfy,smtlib,vampire,arguments,VERIFIED,3444,0
ground_truth,dafny-synthesis_task_id_793.dfy,smtlib,z3,monomorphic,VERIFIED,884,0
ground_truth,dafny-synthesis_task_id_793.dfy,smtlib,z3,predicates,VERIFIED,876,0
ground_truth,dafny-synthesis_task_id_793.dfy,smtlib,z3,arguments,VERIFIED,845,0
ground_truth,Dafny_Programs_tmp_tmp99966ew4_binary_search.dfy,tptp,vampire,polymorphic,VERIFICATION_TIMED_OUT,29770,4
ground_truth,Dafny_Programs_tmp_tmp99966ew4_binary_search.dfy,tptp,vampire,monomorphic,VERIFICATION_TIMED_OUT,29885,4
ground_truth,Dafny_Programs_tmp_tmp99966ew4_binary_search.dfy,tptp,vampire,predicates,VERIFICATION_TIMED_OUT,29840,4
ground_truth,Dafny_Programs_tmp_tmp99966ew4_binary_search.dfy,tptp,vampire,arguments,VERIFICATION_TIMED_OUT,29859,4
ground_truth,Dafny_Programs_tmp_tmp99966ew4_binary_search.dfy,smtlib,vampire,monomorphic,VERIFIED,21595,0
ground_truth,Dafny_Programs_tmp_tmp99966ew4_binary_search.dfy,smtlib,vampire,predicates,VERIFIED,21916,0
ground_truth,Dafny_Programs_tmp_tmp99966ew4_binary_search.dfy,smtlib,vampire,arguments,VERIFIED,21941,0
ground_truth,Dafny_Programs_tmp_tmp99966ew4_binary_search.dfy,smtlib,z3,monomorphic,VERIFIED,926,0
ground_truth,Dafny_Programs_tmp_tmp99966ew4_binary_search.dfy,smtlib,z3,predicates,VERIFIED,900,0
ground_truth,Dafny_Programs_tmp_tmp99966ew4_binary_search.dfy,smtlib,z3,arguments,VERIFIED,904,0
ground_truth,dafny-synthesis_task_id_251.dfy,tptp,vampire,polymorphic,VERIFICATION_TIMED_OUT,29762,4
ground_truth,dafny-synthesis_task_id_251.dfy,tptp,vampire,monomorphic,VERIFICATION_TIMED_OUT,29838,4
ground_truth,dafny-synthesis_task_id_251.dfy,tptp,vampire,predicates,VERIFICATION_TIMED_OUT,29831,4
ground_truth,dafny-synthesis_task_id_251.dfy,tptp,vampire,arguments,VERIFICATION_TIMED_OUT,29788,4
ground_truth,dafny-synthesis_task_id_251.dfy,smtlib,vampire,monomorphic,VERIFICATION_TIMED_OUT,29745,4
ground_truth,dafny-synthesis_task_id_251.dfy,smtlib,vampire,predicates,VERIFICATION_TIMED_OUT,29746,4
ground_truth,dafny-synthesis_task_id_251.dfy,smtlib,vampire,arguments,VERIFICATION_TIMED_OUT,29778,4
ground_truth,dafny-synthesis_task_id_251.dfy,smtlib,z3,monomorphic,VERIFIED,858,0
ground_truth,dafny-synthesis_task_id_251.dfy,smtlib,z3,predicates,VERIFIED,844,0
ground_truth,dafny-synthesis_task_id_251.dfy,smtlib,z3,arguments,VERIFIED,827,0
ground_truth,dafny-language-server_tmp_tmpkir0kenl_Test_triggers_function-applications-are-triggers.dfy,tptp,vampire,polymorphic,VERIFIED,1074,0
ground_truth,dafny-language-server_tmp_tmpkir0kenl_Test_triggers_function-applications-are-triggers.dfy,tptp,vampire,monomorphic,VERIFIED,1124,0
ground_truth,dafny-language-server_tmp_tmpkir0kenl_Test_triggers_function-applications-are-triggers.dfy,tptp,vampire,predicates,VERIFIED,1102,0
ground_truth,dafny-language-server_tmp_tmpkir0kenl_Test_triggers_function-applications-are-triggers.dfy,tptp,vampire,arguments,VERIFIED,1095,0
ground_truth,dafny-language-server_tmp_tmpkir0kenl_Test_triggers_function-applications-are-triggers.dfy,smtlib,vampire,monomorphic,VERIFIED,902,0
ground_truth,dafny-language-server_tmp_tmpkir0kenl_Test_triggers_function-applications-are-triggers.dfy,smtlib,vampire,predicates,VERIFIED,3241,0
ground_truth,dafny-language-server_tmp_tmpkir0kenl_Test_triggers_function-applications-are-triggers.dfy,smtlib,vampire,arguments,VERIFIED,1071,0
ground_truth,dafny-language-server_tmp_tmpkir0kenl_Test_triggers_function-applications-are-triggers.dfy,smtlib,z3,monomorphic,VERIFIED,865,0
ground_truth,dafny-language-server_tmp_tmpkir0kenl_Test_triggers_function-applications-are-triggers.dfy,smtlib,z3,predicates,VERIFIED,827,0
ground_truth,dafny-language-server_tmp_tmpkir0kenl_Test_triggers_function-applications-are-triggers.dfy,smtlib,z3,arguments,VERIFIED,825,0
ground_truth,dafny-synthesis_task_id_618.dfy,tptp,vampire,polymorphic,VERIFICATION_TIMED_OUT,29818,4
ground_truth,dafny-synthesis_task_id_618.dfy,tptp,vampire,monomorphic,VERIFICATION_TIMED_OUT,29791,4
ground_truth,dafny-synthesis_task_id_618.dfy,tptp,vampire,predicates,VERIFICATION_TIMED_OUT,29807,4
ground_truth,dafny-synthesis_task_id_618.dfy,tptp,vampire,arguments,VERIFICATION_TIMED_OUT,29843,4
ground_truth,dafny-synthesis_task_id_618.dfy,smtlib,vampire,monomorphic,VERIFIED,3760,0
ground_truth,dafny-synthesis_task_id_618.dfy,smtlib,vampire,predicates,VERIFICATION_TIMED_OUT,29712,4
ground_truth,dafny-synthesis_task_id_618.dfy,smtlib,vampire,arguments,VERIFICATION_TIMED_OUT,29754,4
ground_truth,dafny-synthesis_task_id_618.dfy,smtlib,z3,monomorphic,VERIFIED,853,0
ground_truth,dafny-synthesis_task_id_618.dfy,smtlib,z3,predicates,VERIFIED,844,0
ground_truth,dafny-synthesis_task_id_618.dfy,smtlib,z3,arguments,VERIFIED,832,0
ground_truth,Dafny_Verify_tmp_tmphq7j0row_Fine_Tune_Examples_error_data_completion_06_n.dfy,tptp,vampire,polymorphic,VERIFIED,1095,0
ground_truth,Dafny_Verify_tmp_tmphq7j0row_Fine_Tune_Examples_error_data_completion_06_n.dfy,tptp,vampire,monomorphic,VERIFIED,1159,0
ground_truth,Dafny_Verify_tmp_tmphq7j0row_Fine_Tune_Examples_error_data_completion_06_n.dfy,tptp,vampire,predicates,VERIFIED,1127,0
ground_truth,Dafny_Verify_tmp_tmphq7j0row_Fine_Tune_Examples_error_data_completion_06_n.dfy,tptp,vampire,arguments,VERIFIED,1100,0
ground_truth,Dafny_Verify_tmp_tmphq7j0row_Fine_Tune_Examples_error_data_completion_06_n.dfy,smtlib,vampire,monomorphic,VERIFIED,1118,0
ground_truth,Dafny_Verify_tmp_tmphq7j0row_Fine_Tune_Examples_error_data_completion_06_n.dfy,smtlib,vampire,predicates,VERIFIED,1103,0
ground_truth,Dafny_Verify_tmp_tmphq7j0row_Fine_Tune_Examples_error_data_completion_06_n.dfy,smtlib,vampire,arguments,VERIFIED,1096,0
ground_truth,Dafny_Verify_tmp_tmphq7j0row_Fine_Tune_Examples_error_data_completion_06_n.dfy,smtlib,z3,monomorphic,VERIFIED,839,0
ground_truth,Dafny_Verify_tmp_tmphq7j0row_Fine_Tune_Examples_error_data_completion_06_n.dfy,smtlib,z3,predicates,VERIFIED,814,0
ground_truth,Dafny_Verify_tmp_tmphq7j0row_Fine_Tune_Examples_error_data_completion_06_n.dfy,smtlib,z3,arguments,VERIFIED,806,0
ground_truth,DafnyProjects_tmp_tmp2acw_s4s_CombNK.dfy,tptp,vampire,polymorphic,VERIFICATION_TIMED_OUT,29888,4
ground_truth,DafnyProjects_tmp_tmp2acw_s4s_CombNK.dfy,tptp,vampire,monomorphic,VERIFICATION_TIMED_OUT,29991,4
ground_truth,DafnyProjects_tmp_tmp2acw_s4s_CombNK.dfy,tptp,vampire,predicates,VERIFICATION_TIMED_OUT,29909,4
ground_truth,DafnyProjects_tmp_tmp2acw_s4s_CombNK.dfy,tptp,vampire,arguments,VERIFICATION_TIMED_OUT,29930,4
ground_truth,DafnyProjects_tmp_tmp2acw_s4s_CombNK.dfy,smtlib,vampire,monomorphic,VERIFICATION_TIMED_OUT,29923,4
ground_truth,DafnyProjects_tmp_tmp2acw_s4s_CombNK.dfy,smtlib,vampire,predicates,VERIFICATION_TIMED_OUT,29891,4
ground_truth,DafnyProjects_tmp_tmp2acw_s4s_CombNK.dfy,smtlib,vampire,arguments,VERIFICATION_TIMED_OUT,29856,4
ground_truth,DafnyProjects_tmp_tmp2acw_s4s_CombNK.dfy,smtlib,z3,monomorphic,NOT_VERIFIED,1010,4
ground_truth,DafnyProjects_tmp_tmp2acw_s4s_CombNK.dfy,smtlib,z3,predicates,NOT_VERIFIED,964,4
ground_truth,DafnyProjects_tmp_tmp2acw_s4s_CombNK.dfy,smtlib,z3,arguments,NOT_VERIFIED,943,4
ground_truth,protocol-verification-fa2023_tmp_tmpw6hy3mjp_demos_dafny-internals_03-encoding_lemma_call.dfy,tptp,vampire,polymorphic,VERIFIED,864,0
ground_truth,protocol-verification-fa2023_tmp_tmpw6hy3mjp_demos_dafny-internals_03-encoding_lemma_call.dfy,tptp,vampire,monomorphic,VERIFIED,924,0
ground_truth,protocol-verification-fa2023_tmp_tmpw6hy3mjp_demos_dafny-internals_03-encoding_lemma_call.dfy,tptp,vampire,predicates,VERIFIED,905,0
ground_truth,protocol-verification-fa2023_tmp_tmpw6hy3mjp_demos_dafny-internals_03-encoding_lemma_call.dfy,tptp,vampire,arguments,VERIFIED,895,0
ground_truth,protocol-verification-fa2023_tmp_tmpw6hy3mjp_demos_dafny-internals_03-encoding_lemma_call.dfy,smtlib,vampire,monomorphic,VERIFIED,881,0
ground_truth,protocol-verification-fa2023_tmp_tmpw6hy3mjp_demos_dafny-internals_03-encoding_lemma_call.dfy,smtlib,vampire,predicates,VERIFIED,868,0
ground_truth,protocol-verification-fa2023_tmp_tmpw6hy3mjp_demos_dafny-internals_03-encoding_lemma_call.dfy,smtlib,vampire,arguments,VERIFIED,849,0
ground_truth,protocol-verification-fa2023_tmp_tmpw6hy3mjp_demos_dafny-internals_03-encoding_lemma_call.dfy,smtlib,z3,monomorphic,VERIFIED,816,0
ground_truth,protocol-verification-fa2023_tmp_tmpw6hy3mjp_demos_dafny-internals_03-encoding_lemma_call.dfy,smtlib,z3,predicates,VERIFIED,797,0
ground_truth,protocol-verification-fa2023_tmp_tmpw6hy3mjp_demos_dafny-internals_03-encoding_lemma_call.dfy,smtlib,z3,arguments,VERIFIED,789,0
ground_truth,dafny-synthesis_task_id_573.dfy,tptp,vampire,polymorphic,VERIFICATION_TIMED_OUT,29851,4
ground_truth,dafny-synthesis_task_id_573.dfy,tptp,vampire,monomorphic,VERIFICATION_TIMED_OUT,29969,4
ground_truth,dafny-synthesis_task_id_573.dfy,tptp,vampire,predicates,VERIFICATION_TIMED_OUT,29955,4
ground_truth,dafny-synthesis_task_id_573.dfy,tptp,vampire,arguments,VERIFICATION_TIMED_OUT,29932,4
ground_truth,dafny-synthesis_task_id_573.dfy,smtlib,vampire,monomorphic,VERIFICATION_TIMED_OUT,29942,4
ground_truth,dafny-synthesis_task_id_573.dfy,smtlib,vampire,predicates,VERIFICATION_TIMED_OUT,29875,4
ground_truth,dafny-synthesis_task_id_573.dfy,smtlib,vampire,arguments,VERIFICATION_TIMED_OUT,29830,4
ground_truth,dafny-synthesis_task_id_573.dfy,smtlib,z3,monomorphic,VERIFIED,21474,0
ground_truth,dafny-synthesis_task_id_573.dfy,smtlib,z3,predicates,VERIFICATION_TIMED_OUT,30927,4
ground_truth,dafny-synthesis_task_id_573.dfy,smtlib,z3,arguments,VERIFIED,954,0
ground_truth,dafny-synthesis_task_id_641.dfy,tptp,vampire,polymorphic,VERIFIED,800,0
ground_truth,dafny-synthesis_task_id_641.dfy,tptp,vampire,monomorphic,VERIFIED,829,0
ground_truth,dafny-synthesis_task_id_641.dfy,tptp,vampire,predicates,VERIFIED,806,0
ground_truth,dafny-synthesis_task_id_641.dfy,tptp,vampire,arguments,VERIFIED,807,0
ground_truth,dafny-synthesis_task_id_641.dfy,smtlib,vampire,monomorphic,VERIFIED,799,0
ground_truth,dafny-synthesis_task_id_641.dfy,smtlib,vampire,predicates,VERIFIED,756,0
ground_truth,dafny-synthesis_task_id_641.dfy,smtlib,vampire,arguments,VERIFIED,753,0
ground_truth,dafny-synthesis_task_id_641.dfy,smtlib,z3,monomorphic,VERIFIED,777,0
ground_truth,dafny-synthesis_task_id_641.dfy,smtlib,z3,predicates,VERIFIED,751,0
ground_truth,dafny-synthesis_task_id_641.dfy,smtlib,z3,arguments,VERIFIED,751,0
ground_truth,Program-Verification-Dataset_tmp_tmpgbdrlnu__Dafny_verified algorithms_inductive_props.dfy,tptp,vampire,polymorphic,VERIFICATION_TIMED_OUT,31496,4
ground_truth,Program-Verification-Dataset_tmp_tmpgbdrlnu__Dafny_verified algorithms_inductive_props.dfy,tptp,vampire,monomorphic,VERIFICATION_TIMED_OUT,31709,4
ground_truth,Program-Verification-Dataset_tmp_tmpgbdrlnu__Dafny_verified algorithms_inductive_props.dfy,tptp,vampire,predicates,VERIFICATION_TIMED_OUT,88275,4
ground_truth,Program-Verification-Dataset_tmp_tmpgbdrlnu__Dafny_verified algorithms_inductive_props.dfy,tptp,vampire,arguments,VERIFICATION_TIMED_OUT,88031,4
ground_truth,Program-Verification-Dataset_tmp_tmpgbdrlnu__Dafny_verified algorithms_inductive_props.dfy,smtlib,vampire,monomorphic,VERIFICATION_TIMED_OUT,30576,4
ground_truth,Program-Verification-Dataset_tmp_tmpgbdrlnu__Dafny_verified algorithms_inductive_props.dfy,smtlib,vampire,predicates,VERIFICATION_TIMED_OUT,38916,4
ground_truth,Program-Verification-Dataset_tmp_tmpgbdrlnu__Dafny_verified algorithms_inductive_props.dfy,smtlib,vampire,arguments,VERIFICATION_TIMED_OUT,31559,4
ground_truth,Program-Verification-Dataset_tmp_tmpgbdrlnu__Dafny_verified algorithms_inductive_props.dfy,smtlib,z3,monomorphic,VERIFIED,1104,0
ground_truth,Program-Verification-Dataset_tmp_tmpgbdrlnu__Dafny_verified algorithms_inductive_props.dfy,smtlib,z3,predicates,NOT_VERIFIED,1123,4
ground_truth,Program-Verification-Dataset_tmp_tmpgbdrlnu__Dafny_verified algorithms_inductive_props.dfy,smtlib,z3,arguments,VERIFIED,1063,0
ground_truth,Simulink-To_dafny_tmp_tmpbcuesj2t_Tank.dfy,tptp,vampire,polymorphic,VERIFICATION_TIMED_OUT,29746,4
ground_truth,Simulink-To_dafny_tmp_tmpbcuesj2t_Tank.dfy,tptp,vampire,monomorphic,VERIFICATION_TIMED_OUT,29896,4
ground_truth,Simulink-To_dafny_tmp_tmpbcuesj2t_Tank.dfy,tptp,vampire,predicates,VERIFICATION_TIMED_OUT,29828,4
ground_truth,Simulink-To_dafny_tmp_tmpbcuesj2t_Tank.dfy,tptp,vampire,arguments,VERIFICATION_TIMED_OUT,29750,4
ground_truth,Simulink-To_dafny_tmp_tmpbcuesj2t_Tank.dfy,smtlib,vampire,monomorphic,VERIFIED,19239,0
ground_truth,Simulink-To_dafny_tmp_tmpbcuesj2t_Tank.dfy,smtlib,vampire,predicates,VERIFICATION_TIMED_OUT,29742,4
ground_truth,Simulink-To_dafny_tmp_tmpbcuesj2t_Tank.dfy,smtlib,vampire,arguments,VERIFICATION_TIMED_OUT,29710,4
ground_truth,Simulink-To_dafny_tmp_tmpbcuesj2t_Tank.dfy,smtlib,z3,monomorphic,VERIFIED,890,0
ground_truth,Simulink-To_dafny_tmp_tmpbcuesj2t_Tank.dfy,smtlib,z3,predicates,VERIFIED,849,0
ground_truth,Simulink-To_dafny_tmp_tmpbcuesj2t_Tank.dfy,smtlib,z3,arguments,VERIFIED,848,0
ground_truth,Program-Verification-Dataset_tmp_tmpgbdrlnu__Dafny_algorithms and leetcode_examples_bubblesort.dfy,tptp,vampire,polymorphic,VERIFICATION_TIMED_OUT,29848,4
ground_truth,Program-Verification-Dataset_tmp_tmpgbdrlnu__Dafny_algorithms and leetcode_examples_bubblesort.dfy,tptp,vampire,monomorphic,VERIFICATION_TIMED_OUT,29964,4
ground_truth,Program-Verification-Dataset_tmp_tmpgbdrlnu__Dafny_algorithms and leetcode_examples_bubblesort.dfy,tptp,vampire,predicates,VERIFICATION_TIMED_OUT,29888,4
ground_truth,Program-Verification-Dataset_tmp_tmpgbdrlnu__Dafny_algorithms and leetcode_examples_bubblesort.dfy,tptp,vampire,arguments,VERIFICATION_TIMED_OUT,29856,4
ground_truth,Program-Verification-Dataset_tmp_tmpgbdrlnu__Dafny_algorithms and leetcode_examples_bubblesort.dfy,smtlib,vampire,monomorphic,VERIFICATION_TIMED_OUT,29925,4
ground_truth,Program-Verification-Dataset_tmp_tmpgbdrlnu__Dafny_algorithms and leetcode_examples_bubblesort.dfy,smtlib,vampire,predicates,VERIFICATION_TIMED_OUT,29838,4
ground_truth,Program-Verification-Dataset_tmp_tmpgbdrlnu__Dafny_algorithms and leetcode_examples_bubblesort.dfy,smtlib,vampire,arguments,VERIFICATION_TIMED_OUT,29798,4
ground_truth,Program-Verification-Dataset_tmp_tmpgbdrlnu__Dafny_algorithms and leetcode_examples_bubblesort.dfy,smtlib,z3,monomorphic,NOT_VERIFIED,972,4
ground_truth,Program-Verification-Dataset_tmp_tmpgbdrlnu__Dafny_algorithms and leetcode_examples_bubblesort.dfy,smtlib,z3,predicates,NOT_VERIFIED,917,4
ground_truth,Program-Verification-Dataset_tmp_tmpgbdrlnu__Dafny_algorithms and leetcode_examples_bubblesort.dfy,smtlib,z3,arguments,NOT_VERIFIED,911,4
ground_truth,Clover_all_digits.dfy,tptp,vampire,polymorphic,VERIFIED,2851,0
ground_truth,Clover_all_digits.dfy,tptp,vampire,monomorphic,VERIFIED,1821,0
ground_truth,Clover_all_digits.dfy,tptp,vampire,predicates,VERIFIED,2671,0
ground_truth,Clover_all_digits.dfy,tptp,vampire,arguments,VERIFIED,1869,0
ground_truth,Clover_all_digits.dfy,smtlib,vampire,monomorphic,VERIFIED,1979,0
ground_truth,Clover_all_digits.dfy,smtlib,vampire,predicates,VERIFIED,1985,0
ground_truth,Clover_all_digits.dfy,smtlib,vampire,arguments,VERIFIED,1952,0
ground_truth,Clover_all_digits.dfy,smtlib,z3,monomorphic,VERIFIED,868,0
ground_truth,Clover_all_digits.dfy,smtlib,z3,predicates,VERIFIED,840,0
ground_truth,Clover_all_digits.dfy,smtlib,z3,arguments,VERIFIED,835,0
ground_truth,SENG2011_tmp_tmpgk5jq85q_flex_ex5.dfy,tptp,vampire,polymorphic,VERIFIED,2956,0
ground_truth,SENG2011_tmp_tmpgk5jq85q_flex_ex5.dfy,tptp,vampire,monomorphic,VERIFIED,4199,0
ground_truth,SENG2011_tmp_tmpgk5jq85q_flex_ex5.dfy,tptp,vampire,predicates,VERIFIED,10519,0
ground_truth,SENG2011_tmp_tmpgk5jq85q_flex_ex5.dfy,tptp,vampire,arguments,VERIFIED,1868,0
ground_truth,SENG2011_tmp_tmpgk5jq85q_flex_ex5.dfy,smtlib,vampire,monomorphic,VERIFIED,1983,0
ground_truth,SENG2011_tmp_tmpgk5jq85q_flex_ex5.dfy,smtlib,vampire,predicates,VERIFIED,10892,0
ground_truth,SENG2011_tmp_tmpgk5jq85q_flex_ex5.dfy,smtlib,vampire,arguments,VERIFIED,1966,0
ground_truth,SENG2011_tmp_tmpgk5jq85q_flex_ex5.dfy,smtlib,z3,monomorphic,VERIFIED,902,0
ground_truth,SENG2011_tmp_tmpgk5jq85q_flex_ex5.dfy,smtlib,z3,predicates,VERIFIED,879,0
ground_truth,SENG2011_tmp_tmpgk5jq85q_flex_ex5.dfy,smtlib,z3,arguments,VERIFIED,877,0
ground_truth,Dafny_Verify_tmp_tmphq7j0row_Generated_Code_Count.dfy,tptp,vampire,polymorphic,VERIFICATION_TIMED_OUT,29787,4
ground_truth,Dafny_Verify_tmp_tmphq7j0row_Generated_Code_Count.dfy,tptp,vampire,monomorphic,VERIFIED,27562,0
ground_truth,Dafny_Verify_tmp_tmphq7j0row_Generated_Code_Count.dfy,tptp,vampire,predicates,VERIFICATION_TIMED_OUT,29791,4
ground_truth,Dafny_Verify_tmp_tmphq7j0row_Generated_Code_Count.dfy,tptp,vampire,arguments,VERIFICATION_TIMED_OUT,29805,4
ground_truth,Dafny_Verify_tmp_tmphq7j0row_Generated_Code_Count.dfy,smtlib,vampire,monomorphic,VERIFIED,13807,0
ground_truth,Dafny_Verify_tmp_tmphq7j0row_Generated_Code_Count.dfy,smtlib,vampire,predicates,VERIFICATION_TIMED_OUT,29800,4
ground_truth,Dafny_Verify_tmp_tmphq7j0row_Generated_Code_Count.dfy,smtlib,vampire,arguments,VERIFICATION_TIMED_OUT,29750,4
ground_truth,Dafny_Verify_tmp_tmphq7j0row_Generated_Code_Count.dfy,smtlib,z3,monomorphic,VERIFIED,914,0
ground_truth,Dafny_Verify_tmp_tmphq7j0row_Generated_Code_Count.dfy,smtlib,z3,predicates,VERIFIED,864,0
ground_truth,Dafny_Verify_tmp_tmphq7j0row_Generated_Code_Count.dfy,smtlib,z3,arguments,VERIFIED,861,0
ground_truth,Dafny_Verify_tmp_tmphq7j0row_dataset_bql_exampls_Min.dfy,tptp,vampire,polymorphic,VERIFICATION_TIMED_OUT,29823,4
ground_truth,Dafny_Verify_tmp_tmphq7j0row_dataset_bql_exampls_Min.dfy,tptp,vampire,monomorphic,VERIFIED,1849,0
ground_truth,Dafny_Verify_tmp_tmphq7j0row_dataset_bql_exampls_Min.dfy,tptp,vampire,predicates,VERIFICATION_TIMED_OUT,29853,4
ground_truth,Dafny_Verify_tmp_tmphq7j0row_dataset_bql_exampls_Min.dfy,tptp,vampire,arguments,VERIFICATION_TIMED_OUT,29785,4
ground_truth,Dafny_Verify_tmp_tmphq7j0row_dataset_bql_exampls_Min.dfy,smtlib,vampire,monomorphic,VERIFIED,1965,0
ground_truth,Dafny_Verify_tmp_tmphq7j0row_dataset_bql_exampls_Min.dfy,smtlib,vampire,predicates,VERIFIED,23695,0
ground_truth,Dafny_Verify_tmp_tmphq7j0row_dataset_bql_exampls_Min.dfy,smtlib,vampire,arguments,VERIFICATION_TIMED_OUT,29749,4
ground_truth,Dafny_Verify_tmp_tmphq7j0row_dataset_bql_exampls_Min.dfy,smtlib,z3,monomorphic,VERIFIED,875,0
ground_truth,Dafny_Verify_tmp_tmphq7j0row_dataset_bql_exampls_Min.dfy,smtlib,z3,predicates,VERIFIED,860,0
ground_truth,Dafny_Verify_tmp_tmphq7j0row_dataset_bql_exampls_Min.dfy,smtlib,z3,arguments,VERIFIED,851,0
ground_truth,M2_tmp_tmp2laaavvl_Software Verification_Exercices_Exo4-CountAndReturn.dfy,tptp,vampire,polymorphic,VERIFIED,831,0
ground_truth,M2_tmp_tmp2laaavvl_Software Verification_Exercices_Exo4-CountAndReturn.dfy,tptp,vampire,monomorphic,VERIFIED,878,0
ground_truth,M2_tmp_tmp2laaavvl_Software Verification_Exercices_Exo4-CountAndReturn.dfy,tptp,vampire,predicates,VERIFIED,839,0
ground_truth,M2_tmp_tmp2laaavvl_Software Verification_Exercices_Exo4-CountAndReturn.dfy,tptp,vampire,arguments,VERIFIED,836,0
ground_truth,M2_tmp_tmp2laaavvl_Software Verification_Exercices_Exo4-CountAndReturn.dfy,smtlib,vampire,monomorphic,VERIFIED,847,0
ground_truth,M2_tmp_tmp2laaavvl_Software Verification_Exercices_Exo4-CountAndReturn.dfy,smtlib,vampire,predicates,VERIFIED,807,0
ground_truth,M2_tmp_tmp2laaavvl_Software Verification_Exercices_Exo4-CountAndReturn.dfy,smtlib,vampire,arguments,VERIFIED,800,0
ground_truth,M2_tmp_tmp2laaavvl_Software Verification_Exercices_Exo4-CountAndReturn.dfy,smtlib,z3,monomorphic,VERIFIED,816,0
ground_truth,M2_tmp_tmp2laaavvl_Software Verification_Exercices_Exo4-CountAndReturn.dfy,smtlib,z3,predicates,VERIFIED,785,0
ground_truth,M2_tmp_tmp2laaavvl_Software Verification_Exercices_Exo4-CountAndReturn.dfy,smtlib,z3,arguments,VERIFIED,780,0
ground_truth,Dafny-Exercises_tmp_tmpjm75muf__Session3Exercises_ExerciseMaximum.dfy,tptp,vampire,polymorphic,VERIFICATION_TIMED_OUT,29873,4
ground_truth,Dafny-Exercises_tmp_tmpjm75muf__Session3Exercises_ExerciseMaximum.dfy,tptp,vampire,monomorphic,VERIFICATION_TIMED_OUT,29945,4
ground_truth,Dafny-Exercises_tmp_tmpjm75muf__Session3Exercises_ExerciseMaximum.dfy,tptp,vampire,predicates,VERIFICATION_TIMED_OUT,30172,4
ground_truth,Dafny-Exercises_tmp_tmpjm75muf__Session3Exercises_ExerciseMaximum.dfy,tptp,vampire,arguments,VERIFICATION_TIMED_OUT,30080,4
ground_truth,Dafny-Exercises_tmp_tmpjm75muf__Session3Exercises_ExerciseMaximum.dfy,smtlib,vampire,monomorphic,VERIFICATION_TIMED_OUT,29895,4
ground_truth,Dafny-Exercises_tmp_tmpjm75muf__Session3Exercises_ExerciseMaximum.dfy,smtlib,vampire,predicates,VERIFICATION_TIMED_OUT,30198,4
ground_truth,Dafny-Exercises_tmp_tmpjm75muf__Session3Exercises_ExerciseMaximum.dfy,smtlib,vampire,arguments,VERIFICATION_TIMED_OUT,30055,4
ground_truth,Dafny-Exercises_tmp_tmpjm75muf__Session3Exercises_ExerciseMaximum.dfy,smtlib,z3,monomorphic,VERIFIED,949,0
ground_truth,Dafny-Exercises_tmp_tmpjm75muf__Session3Exercises_ExerciseMaximum.dfy,smtlib,z3,predicates,VERIFIED,925,0
ground_truth,Dafny-Exercises_tmp_tmpjm75muf__Session3Exercises_ExerciseMaximum.dfy,smtlib,z3,arguments,VERIFIED,922,0
ground_truth,Program-Verification-Dataset_tmp_tmpgbdrlnu__Dafny_verified algorithms_lol_sort.dfy,tptp,vampire,polymorphic,VERIFICATION_TIMED_OUT,29881,4
ground_truth,Program-Verification-Dataset_tmp_tmpgbdrlnu__Dafny_verified algorithms_lol_sort.dfy,tptp,vampire,monomorphic,VERIFICATION_TIMED_OUT,29966,4
ground_truth,Program-Verification-Dataset_tmp_tmpgbdrlnu__Dafny_verified algorithms_lol_sort.dfy,tptp,vampire,predicates,VERIFICATION_TIMED_OUT,29949,4
ground_truth,Program-Verification-Dataset_tmp_tmpgbdrlnu__Dafny_verified algorithms_lol_sort.dfy,tptp,vampire,arguments,VERIFICATION_TIMED_OUT,29932,4
ground_truth,Program-Verification-Dataset_tmp_tmpgbdrlnu__Dafny_verified algorithms_lol_sort.dfy,smtlib,vampire,monomorphic,VERIFICATION_TIMED_OUT,29931,4
ground_truth,Program-Verification-Dataset_tmp_tmpgbdrlnu__Dafny_verified algorithms_lol_sort.dfy,smtlib,vampire,predicates,VERIFICATION_TIMED_OUT,29851,4
ground_truth,Program-Verification-Dataset_tmp_tmpgbdrlnu__Dafny_verified algorithms_lol_sort.dfy,smtlib,vampire,arguments,VERIFICATION_TIMED_OUT,29827,4
ground_truth,Program-Verification-Dataset_tmp_tmpgbdrlnu__Dafny_verified algorithms_lol_sort.dfy,smtlib,z3,monomorphic,VERIFIED,1213,0
ground_truth,Program-Verification-Dataset_tmp_tmpgbdrlnu__Dafny_verified algorithms_lol_sort.dfy,smtlib,z3,predicates,NOT_VERIFIED,1012,4
ground_truth,Program-Verification-Dataset_tmp_tmpgbdrlnu__Dafny_verified algorithms_lol_sort.dfy,smtlib,z3,arguments,VERIFIED,1136,0
ground_truth,Clover_modify_2d_array.dfy,tptp,vampire,polymorphic,VERIFICATION_TIMED_OUT,29788,4
ground_truth,Clover_modify_2d_array.dfy,tptp,vampire,monomorphic,VERIFICATION_TIMED_OUT,29820,4
ground_truth,Clover_modify_2d_array.dfy,tptp,vampire,predicates,VERIFICATION_TIMED_OUT,29835,4
ground_truth,Clover_modify_2d_array.dfy,tptp,vampire,arguments,VERIFICATION_TIMED_OUT,29803,4
ground_truth,Clover_modify_2d_array.dfy,smtlib,vampire,monomorphic,VERIFIED,21523,0
ground_truth,Clover_modify_2d_array.dfy,smtlib,vampire,predicates,VERIFICATION_TIMED_OUT,29740,4
ground_truth,Clover_modify_2d_array.dfy,smtlib,vampire,arguments,VERIFICATION_TIMED_OUT,29764,4
ground_truth,Clover_modify_2d_array.dfy,smtlib,z3,monomorphic,VERIFIED,864,0
ground_truth,Clover_modify_2d_array.dfy,smtlib,z3,predicates,VERIFIED,846,0
ground_truth,Clover_modify_2d_array.dfy,smtlib,z3,arguments,VERIFIED,828,0
ground_truth,Dafny_tmp_tmp0wu8wmfr_tests_InsertionSortSeq.dfy,tptp,vampire,polymorphic,VERIFICATION_TIMED_OUT,29812,4
ground_truth,Dafny_tmp_tmp0wu8wmfr_tests_InsertionSortSeq.dfy,tptp,vampire,monomorphic,VERIFICATION_TIMED_OUT,29875,4
ground_truth,Dafny_tmp_tmp0wu8wmfr_tests_InsertionSortSeq.dfy,tptp,vampire,predicates,VERIFICATION_TIMED_OUT,29853,4
ground_truth,Dafny_tmp_tmp0wu8wmfr_tests_InsertionSortSeq.dfy,tptp,vampire,arguments,VERIFICATION_TIMED_OUT,29856,4
ground_truth,Dafny_tmp_tmp0wu8wmfr_tests_InsertionSortSeq.dfy,smtlib,vampire,monomorphic,VERIFICATION_TIMED_OUT,29787,4
ground_truth,Dafny_tmp_tmp0wu8wmfr_tests_InsertionSortSeq.dfy,smtlib,vampire,predicates,VERIFICATION_TIMED_OUT,29765,4
ground_truth,Dafny_tmp_tmp0wu8wmfr_tests_InsertionSortSeq.dfy,smtlib,vampire,arguments,VERIFICATION_TIMED_OUT,29716,4
ground_truth,Dafny_tmp_tmp0wu8wmfr_tests_InsertionSortSeq.dfy,smtlib,z3,monomorphic,VERIFIED,20058,0
ground_truth,Dafny_tmp_tmp0wu8wmfr_tests_InsertionSortSeq.dfy,smtlib,z3,predicates,VERIFIED,1204,0
ground_truth,Dafny_tmp_tmp0wu8wmfr_tests_InsertionSortSeq.dfy,smtlib,z3,arguments,VERIFIED,7031,0
ground_truth,dafny-synthesis_task_id_135.dfy,tptp,vampire,polymorphic,VERIFIED,777,0
ground_truth,dafny-synthesis_task_id_135.dfy,tptp,vampire,monomorphic,VERIFIED,820,0
ground_truth,dafny-synthesis_task_id_135.dfy,tptp,vampire,predicates,VERIFIED,793,0
ground_truth,dafny-synthesis_task_id_135.dfy,tptp,vampire,arguments,VERIFIED,793,0
ground_truth,dafny-synthesis_task_id_135.dfy,smtlib,vampire,monomorphic,VERIFIED,790,0
ground_truth,dafny-synthesis_task_id_135.dfy,smtlib,vampire,predicates,VERIFIED,765,0
ground_truth,dafny-synthesis_task_id_135.dfy,smtlib,vampire,arguments,VERIFIED,759,0
ground_truth,dafny-synthesis_task_id_135.dfy,smtlib,z3,monomorphic,VERIFIED,781,0
ground_truth,dafny-synthesis_task_id_135.dfy,smtlib,z3,predicates,VERIFIED,749,0
ground_truth,dafny-synthesis_task_id_135.dfy,smtlib,z3,arguments,VERIFIED,746,0
ground_truth,specTesting_tmp_tmpueam35lx_examples_max_max.dfy,tptp,vampire,polymorphic,VERIFICATION_TIMED_OUT,29831,4
ground_truth,specTesting_tmp_tmpueam35lx_examples_max_max.dfy,tptp,vampire,monomorphic,VERIFICATION_TIMED_OUT,29925,4
ground_truth,specTesting_tmp_tmpueam35lx_examples_max_max.dfy,tptp,vampire,predicates,VERIFICATION_TIMED_OUT,29858,4
ground_truth,specTesting_tmp_tmpueam35lx_examples_max_max.dfy,tptp,vampire,arguments,VERIFICATION_TIMED_OUT,29874,4
ground_truth,specTesting_tmp_tmpueam35lx_examples_max_max.dfy,smtlib,vampire,monomorphic,VERIFICATION_TIMED_OUT,29858,4
ground_truth,specTesting_tmp_tmpueam35lx_examples_max_max.dfy,smtlib,vampire,predicates,VERIFICATION_TIMED_OUT,29841,4
ground_truth,specTesting_tmp_tmpueam35lx_examples_max_max.dfy,smtlib,vampire,arguments,VERIFICATION_TIMED_OUT,29835,4
ground_truth,specTesting_tmp_tmpueam35lx_examples_max_max.dfy,smtlib,z3,monomorphic,VERIFIED,890,0
ground_truth,specTesting_tmp_tmpueam35lx_examples_max_max.dfy,smtlib,z3,predicates,VERIFIED,846,0
ground_truth,specTesting_tmp_tmpueam35lx_examples_max_max.dfy,smtlib,z3,arguments,VERIFIED,835,0
ground_truth,dafny-language-server_tmp_tmpkir0kenl_Test_tutorial_maximum.dfy,tptp,vampire,polymorphic,VERIFICATION_TIMED_OUT,29845,4
ground_truth,dafny-language-server_tmp_tmpkir0kenl_Test_tutorial_maximum.dfy,tptp,vampire,monomorphic,VERIFICATION_TIMED_OUT,29845,4
ground_truth,dafny-language-server_tmp_tmpkir0kenl_Test_tutorial_maximum.dfy,tptp,vampire,predicates,VERIFICATION_TIMED_OUT,29840,4
ground_truth,dafny-language-server_tmp_tmpkir0kenl_Test_tutorial_maximum.dfy,tptp,vampire,arguments,VERIFICATION_TIMED_OUT,29780,4
ground_truth,dafny-language-server_tmp_tmpkir0kenl_Test_tutorial_maximum.dfy,smtlib,vampire,monomorphic,VERIFIED,10776,0
ground_truth,dafny-language-server_tmp_tmpkir0kenl_Test_tutorial_maximum.dfy,smtlib,vampire,predicates,VERIFICATION_TIMED_OUT,29722,4
ground_truth,dafny-language-server_tmp_tmpkir0kenl_Test_tutorial_maximum.dfy,smtlib,vampire,arguments,VERIFICATION_TIMED_OUT,29798,4
ground_truth,dafny-language-server_tmp_tmpkir0kenl_Test_tutorial_maximum.dfy,smtlib,z3,monomorphic,VERIFIED,871,0
ground_truth,dafny-language-server_tmp_tmpkir0kenl_Test_tutorial_maximum.dfy,smtlib,z3,predicates,VERIFIED,859,0
ground_truth,dafny-language-server_tmp_tmpkir0kenl_Test_tutorial_maximum.dfy,smtlib,z3,arguments,VERIFIED,840,0
ground_truth,dafny-synthesis_task_id_741.dfy,tptp,vampire,polymorphic,VERIFIED,24912,0
ground_truth,dafny-synthesis_task_id_741.dfy,tptp,vampire,monomorphic,VERIFIED,1882,0
ground_truth,dafny-synthesis_task_id_741.dfy,tptp,vampire,predicates,VERIFICATION_TIMED_OUT,29791,4
ground_truth,dafny-synthesis_task_id_741.dfy,tptp,vampire,arguments,VERIFIED,3067,0
ground_truth,dafny-synthesis_task_id_741.dfy,smtlib,vampire,monomorphic,VERIFIED,1969,0
ground_truth,dafny-synthesis_task_id_741.dfy,smtlib,vampire,predicates,VERIFICATION_TIMED_OUT,29736,4
ground_truth,dafny-synthesis_task_id_741.dfy,smtlib,vampire,arguments,VERIFIED,1960,0
ground_truth,dafny-synthesis_task_id_741.dfy,smtlib,z3,monomorphic,VERIFIED,879,0
ground_truth,dafny-synthesis_task_id_741.dfy,smtlib,z3,predicates,VERIFIED,855,0
ground_truth,dafny-synthesis_task_id_741.dfy,smtlib,z3,arguments,VERIFIED,850,0
ground_truth,CVS-Projto1_tmp_tmpb1o0bu8z_proj1_proj1.dfy,tptp,vampire,polymorphic,VERIFICATION_TIMED_OUT,29982,4
ground_truth,CVS-Projto1_tmp_tmpb1o0bu8z_proj1_proj1.dfy,tptp,vampire,monomorphic,VERIFICATION_TIMED_OUT,30024,4
ground_truth,CVS-Projto1_tmp_tmpb1o0bu8z_proj1_proj1.dfy,tptp,vampire,predicates,VERIFICATION_TIMED_OUT,29985,4
ground_truth,CVS-Projto1_tmp_tmpb1o0bu8z_proj1_proj1.dfy,tptp,vampire,arguments,VERIFICATION_TIMED_OUT,30011,4
ground_truth,CVS-Projto1_tmp_tmpb1o0bu8z_proj1_proj1.dfy,smtlib,vampire,monomorphic,VERIFICATION_TIMED_OUT,30021,4
ground_truth,CVS-Projto1_tmp_tmpb1o0bu8z_proj1_proj1.dfy,smtlib,vampire,predicates,VERIFICATION_TIMED_OUT,30004,4
ground_truth,CVS-Projto1_tmp_tmpb1o0bu8z_proj1_proj1.dfy,smtlib,vampire,arguments,VERIFICATION_TIMED_OUT,30003,4
ground_truth,CVS-Projto1_tmp_tmpb1o0bu8z_proj1_proj1.dfy,smtlib,z3,monomorphic,VERIFIED,1019,0
ground_truth,CVS-Projto1_tmp_tmpb1o0bu8z_proj1_proj1.dfy,smtlib,z3,predicates,VERIFIED,999,0
ground_truth,CVS-Projto1_tmp_tmpb1o0bu8z_proj1_proj1.dfy,smtlib,z3,arguments,VERIFIED,1000,0
ground_truth,Metodos_Formais_tmp_tmpbez22nnn_Aula_2_ex2.dfy,tptp,vampire,polymorphic,VERIFICATION_TIMED_OUT,29748,4
ground_truth,Metodos_Formais_tmp_tmpbez22nnn_Aula_2_ex2.dfy,tptp,vampire,monomorphic,VERIFICATION_TIMED_OUT,29843,4
ground_truth,Metodos_Formais_tmp_tmpbez22nnn_Aula_2_ex2.dfy,tptp,vampire,predicates,VERIFICATION_TIMED_OUT,29791,4
ground_truth,Metodos_Formais_tmp_tmpbez22nnn_Aula_2_ex2.dfy,tptp,vampire,arguments,VERIFICATION_TIMED_OUT,29826,4
ground_truth,Metodos_Formais_tmp_tmpbez22nnn_Aula_2_ex2.dfy,smtlib,vampire,monomorphic,VERIFICATION_TIMED_OUT,29745,4
ground_truth,Metodos_Formais_tmp_tmpbez22nnn_Aula_2_ex2.dfy,smtlib,vampire,predicates,VERIFIED,9203,0
ground_truth,Metodos_Formais_tmp_tmpbez22nnn_Aula_2_ex2.dfy,smtlib,vampire,arguments,VERIFICATION_TIMED_OUT,29757,4
ground_truth,Metodos_Formais_tmp_tmpbez22nnn_Aula_2_ex2.dfy,smtlib,z3,monomorphic,VERIFIED,863,0
ground_truth,Metodos_Formais_tmp_tmpbez22nnn_Aula_2_ex2.dfy,smtlib,z3,predicates,VERIFIED,840,0
ground_truth,Metodos_Formais_tmp_tmpbez22nnn_Aula_2_ex2.dfy,smtlib,z3,arguments,VERIFIED,834,0
ground_truth,dafny-synthesis_task_id_230.dfy,tptp,vampire,polymorphic,VERIFICATION_TIMED_OUT,29744,4
ground_truth,dafny-synthesis_task_id_230.dfy,tptp,vampire,monomorphic,VERIFICATION_TIMED_OUT,29826,4
ground_truth,dafny-synthesis_task_id_230.dfy,tptp,vampire,predicates,VERIFICATION_TIMED_OUT,29818,4
ground_truth,dafny-synthesis_task_id_230.dfy,tptp,vampire,arguments,VERIFICATION_TIMED_OUT,29842,4
ground_truth,dafny-synthesis_task_id_230.dfy,smtlib,vampire,monomorphic,VERIFICATION_TIMED_OUT,29756,4
ground_truth,dafny-synthesis_task_id_230.dfy,smtlib,vampire,predicates,VERIFICATION_TIMED_OUT,29717,4
ground_truth,dafny-synthesis_task_id_230.dfy,smtlib,vampire,arguments,VERIFICATION_TIMED_OUT,29705,4
ground_truth,dafny-synthesis_task_id_230.dfy,smtlib,z3,monomorphic,VERIFIED,877,0
ground_truth,dafny-synthesis_task_id_230.dfy,smtlib,z3,predicates,VERIFIED,856,0
ground_truth,dafny-synthesis_task_id_230.dfy,smtlib,z3,arguments,VERIFIED,844,0
ground_truth,Dafny_Verify_tmp_tmphq7j0row_Test_Cases_LoopInvariant.dfy,tptp,vampire,polymorphic,VERIFIED,1017,0
ground_truth,Dafny_Verify_tmp_tmphq7j0row_Test_Cases_LoopInvariant.dfy,tptp,vampire,monomorphic,VERIFIED,1039,0
ground_truth,Dafny_Verify_tmp_tmphq7j0row_Test_Cases_LoopInvariant.dfy,tptp,vampire,predicates,VERIFIED,1013,0
ground_truth,Dafny_Verify_tmp_tmphq7j0row_Test_Cases_LoopInvariant.dfy,tptp,vampire,arguments,VERIFIED,1212,0
ground_truth,Dafny_Verify_tmp_tmphq7j0row_Test_Cases_LoopInvariant.dfy,smtlib,vampire,monomorphic,VERIFIED,988,0
ground_truth,Dafny_Verify_tmp_tmphq7j0row_Test_Cases_LoopInvariant.dfy,smtlib,vampire,predicates,VERIFIED,1000,0
ground_truth,Dafny_Verify_tmp_tmphq7j0row_Test_Cases_LoopInvariant.dfy,smtlib,vampire,arguments,VERIFIED,975,0
ground_truth,Dafny_Verify_tmp_tmphq7j0row_Test_Cases_LoopInvariant.dfy,smtlib,z3,monomorphic,VERIFIED,838,0
ground_truth,Dafny_Verify_tmp_tmphq7j0row_Test_Cases_LoopInvariant.dfy,smtlib,z3,predicates,VERIFIED,826,0
ground_truth,Dafny_Verify_tmp_tmphq7j0row_Test_Cases_LoopInvariant.dfy,smtlib,z3,arguments,VERIFIED,823,0
ground_truth,DafnyProjects_tmp_tmp2acw_s4s_partitionOddEven.dfy,tptp,vampire,polymorphic,VERIFICATION_TIMED_OUT,29839,4
ground_truth,DafnyProjects_tmp_tmp2acw_s4s_partitionOddEven.dfy,tptp,vampire,monomorphic,VERIFICATION_TIMED_OUT,29938,4
ground_truth,DafnyProjects_tmp_tmp2acw_s4s_partitionOddEven.dfy,tptp,vampire,predicates,VERIFICATION_TIMED_OUT,29919,4
ground_truth,DafnyProjects_tmp_tmp2acw_s4s_partitionOddEven.dfy,tptp,vampire,arguments,VERIFICATION_TIMED_OUT,29893,4
ground_truth,DafnyProjects_tmp_tmp2acw_s4s_partitionOddEven.dfy,smtlib,vampire,monomorphic,VERIFICATION_TIMED_OUT,29896,4
ground_truth,DafnyProjects_tmp_tmp2acw_s4s_partitionOddEven.dfy,smtlib,vampire,predicates,VERIFICATION_TIMED_OUT,29853,4
ground_truth,DafnyProjects_tmp_tmp2acw_s4s_partitionOddEven.dfy,smtlib,vampire,arguments,VERIFICATION_TIMED_OUT,29816,4
ground_truth,DafnyProjects_tmp_tmp2acw_s4s_partitionOddEven.dfy,smtlib,z3,monomorphic,VERIFIED,1415,0
ground_truth,DafnyProjects_tmp_tmp2acw_s4s_partitionOddEven.dfy,smtlib,z3,predicates,VERIFIED,1003,0
ground_truth,DafnyProjects_tmp_tmp2acw_s4s_partitionOddEven.dfy,smtlib,z3,arguments,VERIFIED,1080,0
ground_truth,HATRA-2022-Paper_tmp_tmp5texxy8l_copilot_verification_Binary Search_binary_search.dfy,tptp,vampire,polymorphic,VERIFIED,2123,0
ground_truth,HATRA-2022-Paper_tmp_tmp5texxy8l_copilot_verification_Binary Search_binary_search.dfy,tptp,vampire,monomorphic,VERIFIED,2097,0
ground_truth,HATRA-2022-Paper_tmp_tmp5texxy8l_copilot_verification_Binary Search_binary_search.dfy,tptp,vampire,predicates,VERIFIED,18923,0
ground_truth,HATRA-2022-Paper_tmp_tmp5texxy8l_copilot_verification_Binary Search_binary_search.dfy,tptp,vampire,arguments,VERIFIED,2812,0
ground_truth,HATRA-2022-Paper_tmp_tmp5texxy8l_copilot_verification_Binary Search_binary_search.dfy,smtlib,vampire,monomorphic,VERIFIED,2981,0
ground_truth,HATRA-2022-Paper_tmp_tmp5texxy8l_copilot_verification_Binary Search_binary_search.dfy,smtlib,vampire,predicates,VERIFIED,2897,0
ground_truth,HATRA-2022-Paper_tmp_tmp5texxy8l_copilot_verification_Binary Search_binary_search.dfy,smtlib,vampire,arguments,VERIFIED,2900,0
ground_truth,HATRA-2022-Paper_tmp_tmp5texxy8l_copilot_verification_Binary Search_binary_search.dfy,smtlib,z3,monomorphic,VERIFIED,976,0
ground_truth,HATRA-2022-Paper_tmp_tmp5texxy8l_copilot_verification_Binary Search_binary_search.dfy,smtlib,z3,predicates,VERIFIED,922,0
ground_truth,HATRA-2022-Paper_tmp_tmp5texxy8l_copilot_verification_Binary Search_binary_search.dfy,smtlib,z3,arguments,VERIFIED,917,0
ground_truth,Programmverifikation-und-synthese_tmp_tmppurk6ime_PVS_Assignment_ex_06_Hoangkim_ex06-solution.dfy,tptp,vampire,polymorphic,VERIFICATION_TIMED_OUT,29811,4
ground_truth,Programmverifikation-und-synthese_tmp_tmppurk6ime_PVS_Assignment_ex_06_Hoangkim_ex06-solution.dfy,tptp,vampire,monomorphic,VERIFICATION_TIMED_OUT,29869,4
ground_truth,Programmverifikation-und-synthese_tmp_tmppurk6ime_PVS_Assignment_ex_06_Hoangkim_ex06-solution.dfy,tptp,vampire,predicates,VERIFICATION_TIMED_OUT,29760,4
ground_truth,Programmverifikation-und-synthese_tmp_tmppurk6ime_PVS_Assignment_ex_06_Hoangkim_ex06-solution.dfy,tptp,vampire,arguments,VERIFICATION_TIMED_OUT,29793,4
ground_truth,Programmverifikation-und-synthese_tmp_tmppurk6ime_PVS_Assignment_ex_06_Hoangkim_ex06-solution.dfy,smtlib,vampire,monomorphic,VERIFIED,2189,0
ground_truth,Programmverifikation-und-synthese_tmp_tmppurk6ime_PVS_Assignment_ex_06_Hoangkim_ex06-solution.dfy,smtlib,vampire,predicates,VERIFICATION_TIMED_OUT,29744,4
ground_truth,Programmverifikation-und-synthese_tmp_tmppurk6ime_PVS_Assignment_ex_06_Hoangkim_ex06-solution.dfy,smtlib,vampire,arguments,VERIFICATION_TIMED_OUT,29694,4
ground_truth,Programmverifikation-und-synthese_tmp_tmppurk6ime_PVS_Assignment_ex_06_Hoangkim_ex06-solution.dfy,smtlib,z3,monomorphic,VERIFIED,871,0
ground_truth,Programmverifikation-und-synthese_tmp_tmppurk6ime_PVS_Assignment_ex_06_Hoangkim_ex06-solution.dfy,smtlib,z3,predicates,VERIFIED,843,0
ground_truth,Programmverifikation-und-synthese_tmp_tmppurk6ime_PVS_Assignment_ex_06_Hoangkim_ex06-solution.dfy,smtlib,z3,arguments,VERIFIED,853,0
ground_truth,MFS_tmp_tmpmmnu354t_Testes anteriores_T2_ex5_2020_2.dfy,tptp,vampire,polymorphic,VERIFICATION_TIMED_OUT,29845,4
ground_truth,MFS_tmp_tmpmmnu354t_Testes anteriores_T2_ex5_2020_2.dfy,tptp,vampire,monomorphic,VERIFICATION_TIMED_OUT,29874,4
ground_truth,MFS_tmp_tmpmmnu354t_Testes anteriores_T2_ex5_2020_2.dfy,tptp,vampire,predicates,VERIFICATION_TIMED_OUT,29901,4
ground_truth,MFS_tmp_tmpmmnu354t_Testes anteriores_T2_ex5_2020_2.dfy,tptp,vampire,arguments,VERIFICATION_TIMED_OUT,29846,4
ground_truth,MFS_tmp_tmpmmnu354t_Testes anteriores_T2_ex5_2020_2.dfy,smtlib,vampire,monomorphic,VERIFICATION_TIMED_OUT,29851,4
ground_truth,MFS_tmp_tmpmmnu354t_Testes anteriores_T2_ex5_2020_2.dfy,smtlib,vampire,predicates,VERIFICATION_TIMED_OUT,29819,4
ground_truth,MFS_tmp_tmpmmnu354t_Testes anteriores_T2_ex5_2020_2.dfy,smtlib,vampire,arguments,VERIFICATION_TIMED_OUT,29825,4
ground_truth,MFS_tmp_tmpmmnu354t_Testes anteriores_T2_ex5_2020_2.dfy,smtlib,z3,monomorphic,VERIFIED,1124,0
ground_truth,MFS_tmp_tmpmmnu354t_Testes anteriores_T2_ex5_2020_2.dfy,smtlib,z3,predicates,VERIFIED,1372,0
ground_truth,MFS_tmp_tmpmmnu354t_Testes anteriores_T2_ex5_2020_2.dfy,smtlib,z3,arguments,VERIFIED,1403,0
ground_truth,dafl_tmp_tmp_r3_8w3y_dafny_examples_uiowa_modifying-arrays.dfy,tptp,vampire,polymorphic,VERIFICATION_TIMED_OUT,30181,4
ground_truth,dafl_tmp_tmp_r3_8w3y_dafny_examples_uiowa_modifying-arrays.dfy,tptp,vampire,monomorphic,VERIFICATION_TIMED_OUT,30233,4
ground_truth,dafl_tmp_tmp_r3_8w3y_dafny_examples_uiowa_modifying-arrays.dfy,tptp,vampire,predicates,VERIFICATION_TIMED_OUT,31157,4
ground_truth,dafl_tmp_tmp_r3_8w3y_dafny_examples_uiowa_modifying-arrays.dfy,tptp,vampire,arguments,VERIFICATION_TIMED_OUT,30133,4
ground_truth,dafl_tmp_tmp_r3_8w3y_dafny_examples_uiowa_modifying-arrays.dfy,smtlib,vampire,monomorphic,VERIFICATION_TIMED_OUT,30137,4
ground_truth,dafl_tmp_tmp_r3_8w3y_dafny_examples_uiowa_modifying-arrays.dfy,smtlib,vampire,predicates,VERIFICATION_TIMED_OUT,30321,4
ground_truth,dafl_tmp_tmp_r3_8w3y_dafny_examples_uiowa_modifying-arrays.dfy,smtlib,vampire,arguments,VERIFICATION_TIMED_OUT,30214,4
ground_truth,dafl_tmp_tmp_r3_8w3y_dafny_examples_uiowa_modifying-arrays.dfy,smtlib,z3,monomorphic,VERIFIED,953,0
ground_truth,dafl_tmp_tmp_r3_8w3y_dafny_examples_uiowa_modifying-arrays.dfy,smtlib,z3,predicates,VERIFIED,927,0
ground_truth,dafl_tmp_tmp_r3_8w3y_dafny_examples_uiowa_modifying-arrays.dfy,smtlib,z3,arguments,VERIFIED,931,0
ground_truth,protocol-verification-fa2023_tmp_tmpw6hy3mjp_demos_dafny-internals_03-encoding_pair.dfy,tptp,vampire,polymorphic,VERIFIED,2589,0
ground_truth,protocol-verification-fa2023_tmp_tmpw6hy3mjp_demos_dafny-internals_03-encoding_pair.dfy,tptp,vampire,monomorphic,VERIFIED,1995,0
ground_truth,protocol-verification-fa2023_tmp_tmpw6hy3mjp_demos_dafny-internals_03-encoding_pair.dfy,tptp,vampire,predicates,VERIFIED,3100,0
ground_truth,protocol-verification-fa2023_tmp_tmpw6hy3mjp_demos_dafny-internals_03-encoding_pair.dfy,tptp,vampire,arguments,VERIFIED,1494,0
ground_truth,protocol-verification-fa2023_tmp_tmpw6hy3mjp_demos_dafny-internals_03-encoding_pair.dfy,smtlib,vampire,monomorphic,VERIFIED,1515,0
ground_truth,protocol-verification-fa2023_tmp_tmpw6hy3mjp_demos_dafny-internals_03-encoding_pair.dfy,smtlib,vampire,predicates,VERIFIED,3211,0
ground_truth,protocol-verification-fa2023_tmp_tmpw6hy3mjp_demos_dafny-internals_03-encoding_pair.dfy,smtlib,vampire,arguments,VERIFIED,1876,0
ground_truth,protocol-verification-fa2023_tmp_tmpw6hy3mjp_demos_dafny-internals_03-encoding_pair.dfy,smtlib,z3,monomorphic,VERIFIED,999,0
ground_truth,protocol-verification-fa2023_tmp_tmpw6hy3mjp_demos_dafny-internals_03-encoding_pair.dfy,smtlib,z3,predicates,VERIFIED,929,0
ground_truth,protocol-verification-fa2023_tmp_tmpw6hy3mjp_demos_dafny-internals_03-encoding_pair.dfy,smtlib,z3,arguments,VERIFIED,906,0
ground_truth,MFES_2021_tmp_tmpuljn8zd9_FCUL_Exercises_10_find.dfy,tptp,vampire,polymorphic,VERIFIED,2948,0
ground_truth,MFES_2021_tmp_tmpuljn8zd9_FCUL_Exercises_10_find.dfy,tptp,vampire,monomorphic,VERIFIED,1827,0
ground_truth,MFES_2021_tmp_tmpuljn8zd9_FCUL_Exercises_10_find.dfy,tptp,vampire,predicates,VERIFIED,3341,0
ground_truth,MFES_2021_tmp_tmpuljn8zd9_FCUL_Exercises_10_find.dfy,tptp,vampire,arguments,VERIFIED,1829,0
ground_truth,MFES_2021_tmp_tmpuljn8zd9_FCUL_Exercises_10_find.dfy,smtlib,vampire,monomorphic,VERIFIED,1944,0
ground_truth,MFES_2021_tmp_tmpuljn8zd9_FCUL_Exercises_10_find.dfy,smtlib,vampire,predicates,VERIFIED,1936,0
ground_truth,MFES_2021_tmp_tmpuljn8zd9_FCUL_Exercises_10_find.dfy,smtlib,vampire,arguments,VERIFIED,1940,0
ground_truth,MFES_2021_tmp_tmpuljn8zd9_FCUL_Exercises_10_find.dfy,smtlib,z3,monomorphic,VERIFIED,868,0
ground_truth,MFES_2021_tmp_tmpuljn8zd9_FCUL_Exercises_10_find.dfy,smtlib,z3,predicates,VERIFIED,845,0
ground_truth,MFES_2021_tmp_tmpuljn8zd9_FCUL_Exercises_10_find.dfy,smtlib,z3,arguments,VERIFIED,837,0
ground_truth,dafny-synthesis_task_id_764.dfy,tptp,vampire,polymorphic,VERIFIED,942,0
ground_truth,dafny-synthesis_task_id_764.dfy,tptp,vampire,monomorphic,VERIFIED,1002,0
ground_truth,dafny-synthesis_task_id_764.dfy,tptp,vampire,predicates,VERIFIED,1117,0
ground_truth,dafny-synthesis_task_id_764.dfy,tptp,vampire,arguments,VERIFIED,978,0
ground_truth,dafny-synthesis_task_id_764.dfy,smtlib,vampire,monomorphic,VERIFIED,957,0
ground_truth,dafny-synthesis_task_id_764.dfy,smtlib,vampire,predicates,VERIFIED,1024,0
ground_truth,dafny-synthesis_task_id_764.dfy,smtlib,vampire,arguments,VERIFIED,912,0
ground_truth,dafny-synthesis_task_id_764.dfy,smtlib,z3,monomorphic,VERIFIED,867,0
ground_truth,dafny-synthesis_task_id_764.dfy,smtlib,z3,predicates,VERIFIED,838,0
ground_truth,dafny-synthesis_task_id_764.dfy,smtlib,z3,arguments,VERIFIED,837,0
ground_truth,dafny-exercise_tmp_tmpouftptir_prac1_ex1.dfy,tptp,vampire,polymorphic,VERIFICATION_TIMED_OUT,29752,4
ground_truth,dafny-exercise_tmp_tmpouftptir_prac1_ex1.dfy,tptp,vampire,monomorphic,VERIFICATION_TIMED_OUT,29850,4
ground_truth,dafny-exercise_tmp_tmpouftptir_prac1_ex1.dfy,tptp,vampire,predicates,VERIFICATION_TIMED_OUT,29785,4
ground_truth,dafny-exercise_tmp_tmpouftptir_prac1_ex1.dfy,tptp,vampire,arguments,VERIFICATION_TIMED_OUT,29848,4
ground_truth,dafny-exercise_tmp_tmpouftptir_prac1_ex1.dfy,smtlib,vampire,monomorphic,VERIFICATION_TIMED_OUT,29818,4
ground_truth,dafny-exercise_tmp_tmpouftptir_prac1_ex1.dfy,smtlib,vampire,predicates,VERIFICATION_TIMED_OUT,29750,4
ground_truth,dafny-exercise_tmp_tmpouftptir_prac1_ex1.dfy,smtlib,vampire,arguments,VERIFICATION_TIMED_OUT,29739,4
ground_truth,dafny-exercise_tmp_tmpouftptir_prac1_ex1.dfy,smtlib,z3,monomorphic,VERIFIED,904,0
ground_truth,dafny-exercise_tmp_tmpouftptir_prac1_ex1.dfy,smtlib,z3,predicates,VERIFIED,871,0
ground_truth,dafny-exercise_tmp_tmpouftptir_prac1_ex1.dfy,smtlib,z3,arguments,VERIFIED,869,0
ground_truth,vfag_tmp_tmpc29dxm1j_mergesort.dfy,tptp,vampire,polymorphic,VERIFICATION_TIMED_OUT,29776,4
ground_truth,vfag_tmp_tmpc29dxm1j_mergesort.dfy,tptp,vampire,monomorphic,VERIFICATION_TIMED_OUT,29877,4
ground_truth,vfag_tmp_tmpc29dxm1j_mergesort.dfy,tptp,vampire,predicates,VERIFICATION_TIMED_OUT,29815,4
ground_truth,vfag_tmp_tmpc29dxm1j_mergesort.dfy,tptp,vampire,arguments,VERIFICATION_TIMED_OUT,29822,4
ground_truth,vfag_tmp_tmpc29dxm1j_mergesort.dfy,smtlib,vampire,monomorphic,VERIFIED,8748,0
ground_truth,vfag_tmp_tmpc29dxm1j_mergesort.dfy,smtlib,vampire,predicates,VERIFICATION_TIMED_OUT,29797,4
ground_truth,vfag_tmp_tmpc29dxm1j_mergesort.dfy,smtlib,vampire,arguments,VERIFICATION_TIMED_OUT,29762,4
ground_truth,vfag_tmp_tmpc29dxm1j_mergesort.dfy,smtlib,z3,monomorphic,VERIFIED,896,0
ground_truth,vfag_tmp_tmpc29dxm1j_mergesort.dfy,smtlib,z3,predicates,VERIFIED,866,0
ground_truth,vfag_tmp_tmpc29dxm1j_mergesort.dfy,smtlib,z3,arguments,VERIFIED,851,0
ground_truth,Program-Verification-Dataset_tmp_tmpgbdrlnu__Dafny_from dafny main repo_dafny4_NipkowKlein-chapter3.dfy,tptp,vampire,polymorphic,VERIFICATION_TIMED_OUT,30476,4
ground_truth,Program-Verification-Dataset_tmp_tmpgbdrlnu__Dafny_from dafny main repo_dafny4_NipkowKlein-chapter3.dfy,tptp,vampire,monomorphic,VERIFICATION_TIMED_OUT,30538,4
ground_truth,Program-Verification-Dataset_tmp_tmpgbdrlnu__Dafny_from dafny main repo_dafny4_NipkowKlein-chapter3.dfy,tptp,vampire,predicates,VERIFICATION_TIMED_OUT,59047,4
ground_truth,Program-Verification-Dataset_tmp_tmpgbdrlnu__Dafny_from dafny main repo_dafny4_NipkowKlein-chapter3.dfy,tptp,vampire,arguments,VERIFICATION_TIMED_OUT,30734,4
ground_truth,Program-Verification-Dataset_tmp_tmpgbdrlnu__Dafny_from dafny main repo_dafny4_NipkowKlein-chapter3.dfy,smtlib,vampire,monomorphic,VERIFICATION_TIMED_OUT,30420,4
ground_truth,Program-Verification-Dataset_tmp_tmpgbdrlnu__Dafny_from dafny main repo_dafny4_NipkowKlein-chapter3.dfy,smtlib,vampire,predicates,VERIFICATION_TIMED_OUT,30966,4
ground_truth,Program-Verification-Dataset_tmp_tmpgbdrlnu__Dafny_from dafny main repo_dafny4_NipkowKlein-chapter3.dfy,smtlib,vampire,arguments,VERIFICATION_TIMED_OUT,30687,4
ground_truth,Program-Verification-Dataset_tmp_tmpgbdrlnu__Dafny_from dafny main repo_dafny4_NipkowKlein-chapter3.dfy,smtlib,z3,monomorphic,VERIFIED,1223,0
ground_truth,Program-Verification-Dataset_tmp_tmpgbdrlnu__Dafny_from dafny main repo_dafny4_NipkowKlein-chapter3.dfy,smtlib,z3,predicates,VERIFIED,1218,0
ground_truth,Program-Verification-Dataset_tmp_tmpgbdrlnu__Dafny_from dafny main repo_dafny4_NipkowKlein-chapter3.dfy,smtlib,z3,arguments,VERIFIED,1156,0
ground_truth,MFES_2021_tmp_tmpuljn8zd9_TheoreticalClasses_Power.dfy,tptp,vampire,polymorphic,VERIFICATION_TIMED_OUT,29882,4
ground_truth,MFES_2021_tmp_tmpuljn8zd9_TheoreticalClasses_Power.dfy,tptp,vampire,monomorphic,VERIFICATION_TIMED_OUT,29896,4
ground_truth,MFES_2021_tmp_tmpuljn8zd9_TheoreticalClasses_Power.dfy,tptp,vampire,predicates,VERIFICATION_TIMED_OUT,29863,4
ground_truth,MFES_2021_tmp_tmpuljn8zd9_TheoreticalClasses_Power.dfy,tptp,vampire,arguments,VERIFICATION_TIMED_OUT,29789,4
ground_truth,MFES_2021_tmp_tmpuljn8zd9_TheoreticalClasses_Power.dfy,smtlib,vampire,monomorphic,VERIFICATION_TIMED_OUT,29869,4
ground_truth,MFES_2021_tmp_tmpuljn8zd9_TheoreticalClasses_Power.dfy,smtlib,vampire,predicates,VERIFICATION_TIMED_OUT,29812,4
ground_truth,MFES_2021_tmp_tmpuljn8zd9_TheoreticalClasses_Power.dfy,smtlib,vampire,arguments,VERIFICATION_TIMED_OUT,29734,4
ground_truth,MFES_2021_tmp_tmpuljn8zd9_TheoreticalClasses_Power.dfy,smtlib,z3,monomorphic,NOT_VERIFIED,964,4
ground_truth,MFES_2021_tmp_tmpuljn8zd9_TheoreticalClasses_Power.dfy,smtlib,z3,predicates,NOT_VERIFIED,893,4
ground_truth,MFES_2021_tmp_tmpuljn8zd9_TheoreticalClasses_Power.dfy,smtlib,z3,arguments,NOT_VERIFIED,973,4
ground_truth,BinarySearchTree_tmp_tmp_bn2twp5_bst4copy.dfy,tptp,vampire,polymorphic,VERIFICATION_TIMED_OUT,30163,4
ground_truth,BinarySearchTree_tmp_tmp_bn2twp5_bst4copy.dfy,tptp,vampire,monomorphic,VERIFICATION_TIMED_OUT,29953,4
ground_truth,BinarySearchTree_tmp_tmp_bn2twp5_bst4copy.dfy,tptp,vampire,predicates,VERIFICATION_TIMED_OUT,30216,4
ground_truth,BinarySearchTree_tmp_tmp_bn2twp5_bst4copy.dfy,tptp,vampire,arguments,VERIFICATION_TIMED_OUT,30018,4
ground_truth,BinarySearchTree_tmp_tmp_bn2twp5_bst4copy.dfy,smtlib,vampire,monomorphic,VERIFICATION_TIMED_OUT,29970,4
ground_truth,BinarySearchTree_tmp_tmp_bn2twp5_bst4copy.dfy,smtlib,vampire,predicates,VERIFICATION_TIMED_OUT,29959,4
ground_truth,BinarySearchTree_tmp_tmp_bn2twp5_bst4copy.dfy,smtlib,vampire,arguments,VERIFIED,21971,0
ground_truth,BinarySearchTree_tmp_tmp_bn2twp5_bst4copy.dfy,smtlib,z3,monomorphic,VERIFIED,1071,0
ground_truth,BinarySearchTree_tmp_tmp_bn2twp5_bst4copy.dfy,smtlib,z3,predicates,VERIFIED,1041,0
ground_truth,BinarySearchTree_tmp_tmp_bn2twp5_bst4copy.dfy,smtlib,z3,arguments,VERIFIED,1009,0
ground_truth,Software-Verification_tmp_tmpv4ueky2d_Longest Increasing Subsequence_longest_increasing_subsequence.dfy,tptp,vampire,polymorphic,VERIFIED,10183,0
ground_truth,Software-Verification_tmp_tmpv4ueky2d_Longest Increasing Subsequence_longest_increasing_subsequence.dfy,tptp,vampire,monomorphic,VERIFIED,20042,0
ground_truth,Software-Verification_tmp_tmpv4ueky2d_Longest Increasing Subsequence_longest_increasing_subsequence.dfy,tptp,vampire,predicates,VERIFICATION_TIMED_OUT,29924,4
ground_truth,Software-Verification_tmp_tmpv4ueky2d_Longest Increasing Subsequence_longest_increasing_subsequence.dfy,tptp,vampire,arguments,VERIFIED,21641,0
ground_truth,Software-Verification_tmp_tmpv4ueky2d_Longest Increasing Subsequence_longest_increasing_subsequence.dfy,smtlib,vampire,monomorphic,VERIFIED,19574,0
ground_truth,Software-Verification_tmp_tmpv4ueky2d_Longest Increasing Subsequence_longest_increasing_subsequence.dfy,smtlib,vampire,predicates,VERIFICATION_TIMED_OUT,29829,4
ground_truth,Software-Verification_tmp_tmpv4ueky2d_Longest Increasing Subsequence_longest_increasing_subsequence.dfy,smtlib,vampire,arguments,VERIFIED,19076,0
ground_truth,Software-Verification_tmp_tmpv4ueky2d_Longest Increasing Subsequence_longest_increasing_subsequence.dfy,smtlib,z3,monomorphic,VERIFIED,952,0
ground_truth,Software-Verification_tmp_tmpv4ueky2d_Longest Increasing Subsequence_longest_increasing_subsequence.dfy,smtlib,z3,predicates,VERIFIED,901,0
ground_truth,Software-Verification_tmp_tmpv4ueky2d_Longest Increasing Subsequence_longest_increasing_subsequence.dfy,smtlib,z3,arguments,VERIFIED,894,0
ground_truth,Metodos_Formais_tmp_tmpbez22nnn_Aula_4_ex1.dfy,tptp,vampire,polymorphic,VERIFIED,25922,0
ground_truth,Metodos_Formais_tmp_tmpbez22nnn_Aula_4_ex1.dfy,tptp,vampire,monomorphic,VERIFICATION_TIMED_OUT,29831,4
ground_truth,Metodos_Formais_tmp_tmpbez22nnn_Aula_4_ex1.dfy,tptp,vampire,predicates,VERIFIED,1049,0
ground_truth,Metodos_Formais_tmp_tmpbez22nnn_Aula_4_ex1.dfy,tptp,vampire,arguments,VERIFICATION_TIMED_OUT,29738,4
ground_truth,Metodos_Formais_tmp_tmpbez22nnn_Aula_4_ex1.dfy,smtlib,vampire,monomorphic,VERIFIED,894,0
ground_truth,Metodos_Formais_tmp_tmpbez22nnn_Aula_4_ex1.dfy,smtlib,vampire,predicates,VERIFIED,975,0
ground_truth,Metodos_Formais_tmp_tmpbez22nnn_Aula_4_ex1.dfy,smtlib,vampire,arguments,VERIFIED,847,0
ground_truth,Metodos_Formais_tmp_tmpbez22nnn_Aula_4_ex1.dfy,smtlib,z3,monomorphic,VERIFIED,839,0
ground_truth,Metodos_Formais_tmp_tmpbez22nnn_Aula_4_ex1.dfy,smtlib,z3,predicates,VERIFIED,811,0
ground_truth,Metodos_Formais_tmp_tmpbez22nnn_Aula_4_ex1.dfy,smtlib,z3,arguments,VERIFIED,799,0
ground_truth,Software-building-and-verification-Projects_tmp_tmp5tm1srrn_CVS-projeto_aula1.dfy,tptp,vampire,polymorphic,VERIFICATION_TIMED_OUT,29797,4
ground_truth,Software-building-and-verification-Projects_tmp_tmp5tm1srrn_CVS-projeto_aula1.dfy,tptp,vampire,monomorphic,VERIFIED,3540,0
ground_truth,Software-building-and-verification-Projects_tmp_tmp5tm1srrn_CVS-projeto_aula1.dfy,tptp,vampire,predicates,VERIFICATION_TIMED_OUT,30085,4
ground_truth,Software-building-and-verification-Projects_tmp_tmp5tm1srrn_CVS-projeto_aula1.dfy,tptp,vampire,arguments,VERIFICATION_TIMED_OUT,29967,4
ground_truth,Software-building-and-verification-Projects_tmp_tmp5tm1srrn_CVS-projeto_aula1.dfy,smtlib,vampire,monomorphic,VERIFIED,9319,0
ground_truth,Software-building-and-verification-Projects_tmp_tmp5tm1srrn_CVS-projeto_aula1.dfy,smtlib,vampire,predicates,VERIFICATION_TIMED_OUT,30192,4
ground_truth,Software-building-and-verification-Projects_tmp_tmp5tm1srrn_CVS-projeto_aula1.dfy,smtlib,vampire,arguments,VERIFIED,9233,0
ground_truth,Software-building-and-verification-Projects_tmp_tmp5tm1srrn_CVS-projeto_aula1.dfy,smtlib,z3,monomorphic,VERIFIED,938,0
ground_truth,Software-building-and-verification-Projects_tmp_tmp5tm1srrn_CVS-projeto_aula1.dfy,smtlib,z3,predicates,VERIFIED,917,0
ground_truth,Software-building-and-verification-Projects_tmp_tmp5tm1srrn_CVS-projeto_aula1.dfy,smtlib,z3,arguments,VERIFIED,889,0
ground_truth,llm-verified-eval_tmp_tmpd2deqn_i_dafny_0.dfy,tptp,vampire,polymorphic,VERIFIED,3377,0
ground_truth,llm-verified-eval_tmp_tmpd2deqn_i_dafny_0.dfy,tptp,vampire,monomorphic,VERIFIED,7121,0
ground_truth,llm-verified-eval_tmp_tmpd2deqn_i_dafny_0.dfy,tptp,vampire,predicates,VERIFIED,8271,0
ground_truth,llm-verified-eval_tmp_tmpd2deqn_i_dafny_0.dfy,tptp,vampire,arguments,VERIFIED,3059,0
ground_truth,llm-verified-eval_tmp_tmpd2deqn_i_dafny_0.dfy,smtlib,vampire,monomorphic,VERIFIED,3213,0
ground_truth,llm-verified-eval_tmp_tmpd2deqn_i_dafny_0.dfy,smtlib,vampire,predicates,VERIFIED,22120,0
ground_truth,llm-verified-eval_tmp_tmpd2deqn_i_dafny_0.dfy,smtlib,vampire,arguments,VERIFIED,8095,0
ground_truth,llm-verified-eval_tmp_tmpd2deqn_i_dafny_0.dfy,smtlib,z3,monomorphic,VERIFIED,915,0
ground_truth,llm-verified-eval_tmp_tmpd2deqn_i_dafny_0.dfy,smtlib,z3,predicates,VERIFIED,894,0
ground_truth,llm-verified-eval_tmp_tmpd2deqn_i_dafny_0.dfy,smtlib,z3,arguments,VERIFIED,888,0
ground_truth,HATRA-2022-Paper_tmp_tmp5texxy8l_copilot_verification_Largest Sum_largest_sum.dfy,tptp,vampire,polymorphic,VERIFICATION_TIMED_OUT,29900,4
ground_truth,HATRA-2022-Paper_tmp_tmp5texxy8l_copilot_verification_Largest Sum_largest_sum.dfy,tptp,vampire,monomorphic,VERIFICATION_TIMED_OUT,29909,4
ground_truth,HATRA-2022-Paper_tmp_tmp5texxy8l_copilot_verification_Largest Sum_largest_sum.dfy,tptp,vampire,predicates,VERIFICATION_TIMED_OUT,29888,4
ground_truth,HATRA-2022-Paper_tmp_tmp5texxy8l_copilot_verification_Largest Sum_largest_sum.dfy,tptp,vampire,arguments,VERIFICATION_TIMED_OUT,29830,4
ground_truth,HATRA-2022-Paper_tmp_tmp5texxy8l_copilot_verification_Largest Sum_largest_sum.dfy,smtlib,vampire,monomorphic,VERIFICATION_TIMED_OUT,29918,4
ground_truth,HATRA-2022-Paper_tmp_tmp5texxy8l_copilot_verification_Largest Sum_largest_sum.dfy,smtlib,vampire,predicates,VERIFICATION_TIMED_OUT,29826,4
ground_truth,HATRA-2022-Paper_tmp_tmp5texxy8l_copilot_verification_Largest Sum_largest_sum.dfy,smtlib,vampire,arguments,VERIFICATION_TIMED_OUT,29791,4
ground_truth,HATRA-2022-Paper_tmp_tmp5texxy8l_copilot_verification_Largest Sum_largest_sum.dfy,smtlib,z3,monomorphic,VERIFIED,956,0
ground_truth,HATRA-2022-Paper_tmp_tmp5texxy8l_copilot_verification_Largest Sum_largest_sum.dfy,smtlib,z3,predicates,VERIFIED,911,0
ground_truth,HATRA-2022-Paper_tmp_tmp5texxy8l_copilot_verification_Largest Sum_largest_sum.dfy,smtlib,z3,arguments,VERIFIED,907,0
ground_truth,dafny-synthesis_task_id_728.dfy,tptp,vampire,polymorphic,VERIFICATION_TIMED_OUT,29795,4
ground_truth,dafny-synthesis_task_id_728.dfy,tptp,vampire,monomorphic,VERIFICATION_TIMED_OUT,29833,4
ground_truth,dafny-synthesis_task_id_728.dfy,tptp,vampire,predicates,VERIFICATION_TIMED_OUT,29788,4
ground_truth,dafny-synthesis_task_id_728.dfy,tptp,vampire,arguments,VERIFICATION_TIMED_OUT,29791,4
ground_truth,dafny-synthesis_task_id_728.dfy,smtlib,vampire,monomorphic,VERIFICATION_TIMED_OUT,29796,4
ground_truth,dafny-synthesis_task_id_728.dfy,smtlib,vampire,predicates,VERIFICATION_TIMED_OUT,29720,4
ground_truth,dafny-synthesis_task_id_728.dfy,smtlib,vampire,arguments,VERIFICATION_TIMED_OUT,29695,4
ground_truth,dafny-synthesis_task_id_728.dfy,smtlib,z3,monomorphic,VERIFIED,849,0
ground_truth,dafny-synthesis_task_id_728.dfy,smtlib,z3,predicates,VERIFIED,838,0
ground_truth,dafny-synthesis_task_id_728.dfy,smtlib,z3,arguments,VERIFIED,824,0
ground_truth,dafny-language-server_tmp_tmpkir0kenl_Test_hofs_Compilation.dfy,tptp,vampire,polymorphic,VERIFICATION_TIMED_OUT,29792,4
ground_truth,dafny-language-server_tmp_tmpkir0kenl_Test_hofs_Compilation.dfy,tptp,vampire,monomorphic,VERIFICATION_TIMED_OUT,29873,4
ground_truth,dafny-language-server_tmp_tmpkir0kenl_Test_hofs_Compilation.dfy,tptp,vampire,predicates,VERIFICATION_TIMED_OUT,29911,4
ground_truth,dafny-language-server_tmp_tmpkir0kenl_Test_hofs_Compilation.dfy,tptp,vampire,arguments,VERIFIED,24874,0
ground_truth,dafny-language-server_tmp_tmpkir0kenl_Test_hofs_Compilation.dfy,smtlib,vampire,monomorphic,VERIFIED,11762,0
ground_truth,dafny-language-server_tmp_tmpkir0kenl_Test_hofs_Compilation.dfy,smtlib,vampire,predicates,VERIFICATION_TIMED_OUT,29785,4
ground_truth,dafny-language-server_tmp_tmpkir0kenl_Test_hofs_Compilation.dfy,smtlib,vampire,arguments,VERIFICATION_TIMED_OUT,29806,4
ground_truth,dafny-language-server_tmp_tmpkir0kenl_Test_hofs_Compilation.dfy,smtlib,z3,monomorphic,VERIFIED,956,0
ground_truth,dafny-language-server_tmp_tmpkir0kenl_Test_hofs_Compilation.dfy,smtlib,z3,predicates,VERIFIED,920,0
ground_truth,dafny-language-server_tmp_tmpkir0kenl_Test_hofs_Compilation.dfy,smtlib,z3,arguments,VERIFIED,890,0
ground_truth,dafny-synthesis_task_id_452.dfy,tptp,vampire,polymorphic,VERIFIED,801,0
ground_truth,dafny-synthesis_task_id_452.dfy,tptp,vampire,monomorphic,VERIFIED,842,0
ground_truth,dafny-synthesis_task_id_452.dfy,tptp,vampire,predicates,VERIFIED,812,0
ground_truth,dafny-synthesis_task_id_452.dfy,tptp,vampire,arguments,VERIFIED,802,0
ground_truth,dafny-synthesis_task_id_452.dfy,smtlib,vampire,monomorphic,VERIFIED,790,0
ground_truth,dafny-synthesis_task_id_452.dfy,smtlib,vampire,predicates,VERIFIED,771,0
ground_truth,dafny-synthesis_task_id_452.dfy,smtlib,vampire,arguments,VERIFIED,758,0
ground_truth,dafny-synthesis_task_id_452.dfy,smtlib,z3,monomorphic,VERIFIED,790,0
ground_truth,dafny-synthesis_task_id_452.dfy,smtlib,z3,predicates,VERIFIED,761,0
ground_truth,dafny-synthesis_task_id_452.dfy,smtlib,z3,arguments,VERIFIED,757,0
ground_truth,dafny-language-server_tmp_tmpkir0kenl_Test_dafny4_MonadicLaws.dfy,tptp,vampire,polymorphic,VERIFICATION_TIMED_OUT,29986,4
ground_truth,dafny-language-server_tmp_tmpkir0kenl_Test_dafny4_MonadicLaws.dfy,tptp,vampire,monomorphic,VERIFICATION_TIMED_OUT,30086,4
ground_truth,dafny-language-server_tmp_tmpkir0kenl_Test_dafny4_MonadicLaws.dfy,tptp,vampire,predicates,VERIFICATION_TIMED_OUT,30037,4
ground_truth,dafny-language-server_tmp_tmpkir0kenl_Test_dafny4_MonadicLaws.dfy,tptp,vampire,arguments,VERIFICATION_TIMED_OUT,29997,4
ground_truth,dafny-language-server_tmp_tmpkir0kenl_Test_dafny4_MonadicLaws.dfy,smtlib,vampire,monomorphic,VERIFICATION_TIMED_OUT,29997,4
ground_truth,dafny-language-server_tmp_tmpkir0kenl_Test_dafny4_MonadicLaws.dfy,smtlib,vampire,predicates,VERIFICATION_TIMED_OUT,29892,4
ground_truth,dafny-language-server_tmp_tmpkir0kenl_Test_dafny4_MonadicLaws.dfy,smtlib,vampire,arguments,VERIFICATION_TIMED_OUT,29948,4
ground_truth,dafny-language-server_tmp_tmpkir0kenl_Test_dafny4_MonadicLaws.dfy,smtlib,z3,monomorphic,VERIFIED,1070,0
ground_truth,dafny-language-server_tmp_tmpkir0kenl_Test_dafny4_MonadicLaws.dfy,smtlib,z3,predicates,VERIFIED,1041,0
ground_truth,dafny-language-server_tmp_tmpkir0kenl_Test_dafny4_MonadicLaws.dfy,smtlib,z3,arguments,VERIFIED,1032,0
ground_truth,dafny-language-server_tmp_tmpkir0kenl_Test_dafny4_Lucas-down.dfy,tptp,vampire,polymorphic,VERIFICATION_TIMED_OUT,30866,4
ground_truth,dafny-language-server_tmp_tmpkir0kenl_Test_dafny4_Lucas-down.dfy,tptp,vampire,monomorphic,VERIFICATION_TIMED_OUT,30266,4
ground_truth,dafny-language-server_tmp_tmpkir0kenl_Test_dafny4_Lucas-down.dfy,tptp,vampire,predicates,VERIFICATION_TIMED_OUT,30702,4
ground_truth,dafny-language-server_tmp_tmpkir0kenl_Test_dafny4_Lucas-down.dfy,tptp,vampire,arguments,VERIFICATION_TIMED_OUT,30196,4
ground_truth,dafny-language-server_tmp_tmpkir0kenl_Test_dafny4_Lucas-down.dfy,smtlib,vampire,monomorphic,VERIFICATION_TIMED_OUT,30049,4
ground_truth,dafny-language-server_tmp_tmpkir0kenl_Test_dafny4_Lucas-down.dfy,smtlib,vampire,predicates,VERIFICATION_TIMED_OUT,30392,4
ground_truth,dafny-language-server_tmp_tmpkir0kenl_Test_dafny4_Lucas-down.dfy,smtlib,vampire,arguments,VERIFICATION_TIMED_OUT,30176,4
ground_truth,dafny-language-server_tmp_tmpkir0kenl_Test_dafny4_Lucas-down.dfy,smtlib,z3,monomorphic,VERIFIED,1204,0
ground_truth,dafny-language-server_tmp_tmpkir0kenl_Test_dafny4_Lucas-down.dfy,smtlib,z3,predicates,NOT_VERIFIED,1266,4
ground_truth,dafny-language-server_tmp_tmpkir0kenl_Test_dafny4_Lucas-down.dfy,smtlib,z3,arguments,VERIFIED,1075,0
ground_truth,dafny-synthesis_task_id_808.dfy,tptp,vampire,polymorphic,VERIFIED,25625,0
ground_truth,dafny-synthesis_task_id_808.dfy,tptp,vampire,monomorphic,VERIFIED,1852,0
ground_truth,dafny-synthesis_task_id_808.dfy,tptp,vampire,predicates,VERIFIED,18942,0
ground_truth,dafny-synthesis_task_id_808.dfy,tptp,vampire,arguments,VERIFICATION_TIMED_OUT,29781,4
ground_truth,dafny-synthesis_task_id_808.dfy,smtlib,vampire,monomorphic,VERIFIED,1952,0
ground_truth,dafny-synthesis_task_id_808.dfy,smtlib,vampire,predicates,VERIFICATION_TIMED_OUT,29733,4
ground_truth,dafny-synthesis_task_id_808.dfy,smtlib,vampire,arguments,VERIFICATION_TIMED_OUT,29692,4
ground_truth,dafny-synthesis_task_id_808.dfy,smtlib,z3,monomorphic,VERIFIED,854,0
ground_truth,dafny-synthesis_task_id_808.dfy,smtlib,z3,predicates,VERIFIED,827,0
ground_truth,dafny-synthesis_task_id_808.dfy,smtlib,z3,arguments,VERIFIED,818,0
ground_truth,Dafny-Practice_tmp_tmphnmt4ovh_BST.dfy,tptp,vampire,polymorphic,VERIFICATION_TIMED_OUT,30031,4
ground_truth,Dafny-Practice_tmp_tmphnmt4ovh_BST.dfy,tptp,vampire,monomorphic,VERIFICATION_TIMED_OUT,30170,4
ground_truth,Dafny-Practice_tmp_tmphnmt4ovh_BST.dfy,tptp,vampire,predicates,VERIFICATION_TIMED_OUT,30239,4
ground_truth,Dafny-Practice_tmp_tmphnmt4ovh_BST.dfy,tptp,vampire,arguments,VERIFICATION_TIMED_OUT,30071,4
ground_truth,Dafny-Practice_tmp_tmphnmt4ovh_BST.dfy,smtlib,vampire,monomorphic,VERIFICATION_TIMED_OUT,30061,4
ground_truth,Dafny-Practice_tmp_tmphnmt4ovh_BST.dfy,smtlib,vampire,predicates,VERIFICATION_TIMED_OUT,30118,4
ground_truth,Dafny-Practice_tmp_tmphnmt4ovh_BST.dfy,smtlib,vampire,arguments,VERIFICATION_TIMED_OUT,29994,4
ground_truth,Dafny-Practice_tmp_tmphnmt4ovh_BST.dfy,smtlib,z3,monomorphic,VERIFICATION_TIMED_OUT,31108,4
ground_truth,Dafny-Practice_tmp_tmphnmt4ovh_BST.dfy,smtlib,z3,predicates,VERIFIED,20718,0
ground_truth,Dafny-Practice_tmp_tmphnmt4ovh_BST.dfy,smtlib,z3,arguments,VERIFIED,27144,0
ground_truth,Metodos_Formais_tmp_tmpql2hwcsh_Invariantes_multiplicador.dfy,tptp,vampire,polymorphic,VERIFIED,863,0
ground_truth,Metodos_Formais_tmp_tmpql2hwcsh_Invariantes_multiplicador.dfy,tptp,vampire,monomorphic,VERIFIED,1129,0
ground_truth,Metodos_Formais_tmp_tmpql2hwcsh_Invariantes_multiplicador.dfy,tptp,vampire,predicates,VERIFIED,1552,0
ground_truth,Metodos_Formais_tmp_tmpql2hwcsh_Invariantes_multiplicador.dfy,tptp,vampire,arguments,VERIFIED,1108,0
ground_truth,Metodos_Formais_tmp_tmpql2hwcsh_Invariantes_multiplicador.dfy,smtlib,vampire,monomorphic,VERIFIED,1099,0
ground_truth,Metodos_Formais_tmp_tmpql2hwcsh_Invariantes_multiplicador.dfy,smtlib,vampire,predicates,VERIFIED,1098,0
ground_truth,Metodos_Formais_tmp_tmpql2hwcsh_Invariantes_multiplicador.dfy,smtlib,vampire,arguments,VERIFIED,1076,0
ground_truth,Metodos_Formais_tmp_tmpql2hwcsh_Invariantes_multiplicador.dfy,smtlib,z3,monomorphic,VERIFIED,826,0
ground_truth,Metodos_Formais_tmp_tmpql2hwcsh_Invariantes_multiplicador.dfy,smtlib,z3,predicates,VERIFIED,796,0
ground_truth,Metodos_Formais_tmp_tmpql2hwcsh_Invariantes_multiplicador.dfy,smtlib,z3,arguments,VERIFIED,789,0
ground_truth,Final-Project-Dafny_tmp_tmpmcywuqox_Attempts_Exercise6_Binary_Search.dfy,tptp,vampire,polymorphic,VERIFICATION_TIMED_OUT,29805,4
ground_truth,Final-Project-Dafny_tmp_tmpmcywuqox_Attempts_Exercise6_Binary_Search.dfy,tptp,vampire,monomorphic,VERIFICATION_TIMED_OUT,29867,4
ground_truth,Final-Project-Dafny_tmp_tmpmcywuqox_Attempts_Exercise6_Binary_Search.dfy,tptp,vampire,predicates,VERIFICATION_TIMED_OUT,29881,4
ground_truth,Final-Project-Dafny_tmp_tmpmcywuqox_Attempts_Exercise6_Binary_Search.dfy,tptp,vampire,arguments,VERIFICATION_TIMED_OUT,29797,4
ground_truth,Final-Project-Dafny_tmp_tmpmcywuqox_Attempts_Exercise6_Binary_Search.dfy,smtlib,vampire,monomorphic,VERIFIED,21284,0
ground_truth,Final-Project-Dafny_tmp_tmpmcywuqox_Attempts_Exercise6_Binary_Search.dfy,smtlib,vampire,predicates,VERIFIED,22136,0
ground_truth,Final-Project-Dafny_tmp_tmpmcywuqox_Attempts_Exercise6_Binary_Search.dfy,smtlib,vampire,arguments,VERIFIED,21653,0
ground_truth,Final-Project-Dafny_tmp_tmpmcywuqox_Attempts_Exercise6_Binary_Search.dfy,smtlib,z3,monomorphic,VERIFIED,895,0
ground_truth,Final-Project-Dafny_tmp_tmpmcywuqox_Attempts_Exercise6_Binary_Search.dfy,smtlib,z3,predicates,VERIFIED,870,0
ground_truth,Final-Project-Dafny_tmp_tmpmcywuqox_Attempts_Exercise6_Binary_Search.dfy,smtlib,z3,arguments,VERIFIED,860,0
ground_truth,Dafny_Verify_tmp_tmphq7j0row_Generated_Code_rand.dfy,tptp,vampire,polymorphic,VERIFIED,878,0
ground_truth,Dafny_Verify_tmp_tmphq7j0row_Generated_Code_rand.dfy,tptp,vampire,monomorphic,VERIFIED,932,0
ground_truth,Dafny_Verify_tmp_tmphq7j0row_Generated_Code_rand.dfy,tptp,vampire,predicates,VERIFIED,908,0
ground_truth,Dafny_Verify_tmp_tmphq7j0row_Generated_Code_rand.dfy,tptp,vampire,arguments,VERIFIED,892,0
ground_truth,Dafny_Verify_tmp_tmphq7j0row_Generated_Code_rand.dfy,smtlib,vampire,monomorphic,VERIFIED,883,0
ground_truth,Dafny_Verify_tmp_tmphq7j0row_Generated_Code_rand.dfy,smtlib,vampire,predicates,VERIFIED,870,0
ground_truth,Dafny_Verify_tmp_tmphq7j0row_Generated_Code_rand.dfy,smtlib,vampire,arguments,VERIFIED,858,0
ground_truth,Dafny_Verify_tmp_tmphq7j0row_Generated_Code_rand.dfy,smtlib,z3,monomorphic,VERIFIED,803,0
ground_truth,Dafny_Verify_tmp_tmphq7j0row_Generated_Code_rand.dfy,smtlib,z3,predicates,VERIFIED,779,0
ground_truth,Dafny_Verify_tmp_tmphq7j0row_Generated_Code_rand.dfy,smtlib,z3,arguments,VERIFIED,772,0
ground_truth,dafl_tmp_tmp_r3_8w3y_dafny_examples_dafny0_ContainerRanks.dfy,tptp,vampire,polymorphic,VERIFIED,1701,0
ground_truth,dafl_tmp_tmp_r3_8w3y_dafny_examples_dafny0_ContainerRanks.dfy,tptp,vampire,monomorphic,VERIFIED,1110,0
ground_truth,dafl_tmp_tmp_r3_8w3y_dafny_examples_dafny0_ContainerRanks.dfy,tptp,vampire,predicates,VERIFICATION_TIMED_OUT,29805,4
ground_truth,dafl_tmp_tmp_r3_8w3y_dafny_examples_dafny0_ContainerRanks.dfy,tptp,vampire,arguments,VERIFIED,1054,0
ground_truth,dafl_tmp_tmp_r3_8w3y_dafny_examples_dafny0_ContainerRanks.dfy,smtlib,vampire,monomorphic,VERIFIED,1060,0
ground_truth,dafl_tmp_tmp_r3_8w3y_dafny_examples_dafny0_ContainerRanks.dfy,smtlib,vampire,predicates,VERIFICATION_TIMED_OUT,29720,4
ground_truth,dafl_tmp_tmp_r3_8w3y_dafny_examples_dafny0_ContainerRanks.dfy,smtlib,vampire,arguments,VERIFIED,1024,0
ground_truth,dafl_tmp_tmp_r3_8w3y_dafny_examples_dafny0_ContainerRanks.dfy,smtlib,z3,monomorphic,VERIFIED,820,0
ground_truth,dafl_tmp_tmp_r3_8w3y_dafny_examples_dafny0_ContainerRanks.dfy,smtlib,z3,predicates,VERIFIED,786,0
ground_truth,dafl_tmp_tmp_r3_8w3y_dafny_examples_dafny0_ContainerRanks.dfy,smtlib,z3,arguments,VERIFIED,766,0
ground_truth,Programmverifikation-und-synthese_tmp_tmppurk6ime_PVS_Assignment_ex_04_Hoangkim_ex_04_Hoangkim.dfy,tptp,vampire,polymorphic,VERIFIED,2619,0
ground_truth,Programmverifikation-und-synthese_tmp_tmppurk6ime_PVS_Assignment_ex_04_Hoangkim_ex_04_Hoangkim.dfy,tptp,vampire,monomorphic,VERIFIED,1828,0
ground_truth,Programmverifikation-und-synthese_tmp_tmppurk6ime_PVS_Assignment_ex_04_Hoangkim_ex_04_Hoangkim.dfy,tptp,vampire,predicates,VERIFIED,4460,0
ground_truth,Programmverifikation-und-synthese_tmp_tmppurk6ime_PVS_Assignment_ex_04_Hoangkim_ex_04_Hoangkim.dfy,tptp,vampire,arguments,VERIFIED,1751,0
ground_truth,Programmverifikation-und-synthese_tmp_tmppurk6ime_PVS_Assignment_ex_04_Hoangkim_ex_04_Hoangkim.dfy,smtlib,vampire,monomorphic,VERIFIED,3464,0
ground_truth,Programmverifikation-und-synthese_tmp_tmppurk6ime_PVS_Assignment_ex_04_Hoangkim_ex_04_Hoangkim.dfy,smtlib,vampire,predicates,VERIFIED,2126,0
ground_truth,Programmverifikation-und-synthese_tmp_tmppurk6ime_PVS_Assignment_ex_04_Hoangkim_ex_04_Hoangkim.dfy,smtlib,vampire,arguments,VERIFIED,1706,0
ground_truth,Programmverifikation-und-synthese_tmp_tmppurk6ime_PVS_Assignment_ex_04_Hoangkim_ex_04_Hoangkim.dfy,smtlib,z3,monomorphic,VERIFIED,837,0
ground_truth,Programmverifikation-und-synthese_tmp_tmppurk6ime_PVS_Assignment_ex_04_Hoangkim_ex_04_Hoangkim.dfy,smtlib,z3,predicates,VERIFIED,814,0
ground_truth,Programmverifikation-und-synthese_tmp_tmppurk6ime_PVS_Assignment_ex_04_Hoangkim_ex_04_Hoangkim.dfy,smtlib,z3,arguments,VERIFIED,801,0
ground_truth,dafl_tmp_tmp_r3_8w3y_dafny_examples_dafny0_SeqFromArray.dfy,tptp,vampire,polymorphic,VERIFICATION_TIMED_OUT,29851,4
ground_truth,dafl_tmp_tmp_r3_8w3y_dafny_examples_dafny0_SeqFromArray.dfy,tptp,vampire,monomorphic,VERIFICATION_TIMED_OUT,29896,4
ground_truth,dafl_tmp_tmp_r3_8w3y_dafny_examples_dafny0_SeqFromArray.dfy,tptp,vampire,predicates,VERIFICATION_TIMED_OUT,29892,4
ground_truth,dafl_tmp_tmp_r3_8w3y_dafny_examples_dafny0_SeqFromArray.dfy,tptp,vampire,arguments,VERIFICATION_TIMED_OUT,29858,4
ground_truth,dafl_tmp_tmp_r3_8w3y_dafny_examples_dafny0_SeqFromArray.dfy,smtlib,vampire,monomorphic,VERIFICATION_TIMED_OUT,29876,4
ground_truth,dafl_tmp_tmp_r3_8w3y_dafny_examples_dafny0_SeqFromArray.dfy,smtlib,vampire,predicates,VERIFICATION_TIMED_OUT,29844,4
ground_truth,dafl_tmp_tmp_r3_8w3y_dafny_examples_dafny0_SeqFromArray.dfy,smtlib,vampire,arguments,VERIFICATION_TIMED_OUT,29818,4
ground_truth,dafl_tmp_tmp_r3_8w3y_dafny_examples_dafny0_SeqFromArray.dfy,smtlib,z3,monomorphic,NOT_VERIFIED,928,4
ground_truth,dafl_tmp_tmp_r3_8w3y_dafny_examples_dafny0_SeqFromArray.dfy,smtlib,z3,predicates,NOT_VERIFIED,906,4
ground_truth,dafl_tmp_tmp_r3_8w3y_dafny_examples_dafny0_SeqFromArray.dfy,smtlib,z3,arguments,VERIFIED,898,0
ground_truth,fv2020-tms_tmp_tmpnp85b47l_simple_tm.dfy,tptp,vampire,polymorphic,VERIFICATION_TIMED_OUT,31370,4
ground_truth,fv2020-tms_tmp_tmpnp85b47l_simple_tm.dfy,tptp,vampire,monomorphic,VERIFICATION_TIMED_OUT,31314,4
ground_truth,fv2020-tms_tmp_tmpnp85b47l_simple_tm.dfy,tptp,vampire,predicates,VERIFICATION_TIMED_OUT,61244,4
ground_truth,fv2020-tms_tmp_tmpnp85b47l_simple_tm.dfy,tptp,vampire,arguments,VERIFICATION_TIMED_OUT,59556,4
ground_truth,fv2020-tms_tmp_tmpnp85b47l_simple_tm.dfy,smtlib,vampire,monomorphic,VERIFICATION_TIMED_OUT,31331,4
ground_truth,fv2020-tms_tmp_tmpnp85b47l_simple_tm.dfy,smtlib,vampire,predicates,VERIFICATION_TIMED_OUT,62037,4
ground_truth,fv2020-tms_tmp_tmpnp85b47l_simple_tm.dfy,smtlib,vampire,arguments,VERIFICATION_TIMED_OUT,32136,4
ground_truth,fv2020-tms_tmp_tmpnp85b47l_simple_tm.dfy,smtlib,z3,monomorphic,VERIFIED,1202,0
ground_truth,fv2020-tms_tmp_tmpnp85b47l_simple_tm.dfy,smtlib,z3,predicates,NOT_VERIFIED,1212,4
ground_truth,fv2020-tms_tmp_tmpnp85b47l_simple_tm.dfy,smtlib,z3,arguments,VERIFIED,1181,0
ground_truth,Dafny-Exercises_tmp_tmpjm75muf__Session10Exercises_ExerciseBarrier.dfy,tptp,vampire,polymorphic,VERIFICATION_TIMED_OUT,29781,4
ground_truth,Dafny-Exercises_tmp_tmpjm75muf__Session10Exercises_ExerciseBarrier.dfy,tptp,vampire,monomorphic,VERIFICATION_TIMED_OUT,29837,4
ground_truth,Dafny-Exercises_tmp_tmpjm75muf__Session10Exercises_ExerciseBarrier.dfy,tptp,vampire,predicates,VERIFICATION_TIMED_OUT,29784,4
ground_truth,Dafny-Exercises_tmp_tmpjm75muf__Session10Exercises_ExerciseBarrier.dfy,tptp,vampire,arguments,VERIFICATION_TIMED_OUT,29763,4
ground_truth,Dafny-Exercises_tmp_tmpjm75muf__Session10Exercises_ExerciseBarrier.dfy,smtlib,vampire,monomorphic,VERIFICATION_TIMED_OUT,29757,4
ground_truth,Dafny-Exercises_tmp_tmpjm75muf__Session10Exercises_ExerciseBarrier.dfy,smtlib,vampire,predicates,VERIFICATION_TIMED_OUT,29780,4
ground_truth,Dafny-Exercises_tmp_tmpjm75muf__Session10Exercises_ExerciseBarrier.dfy,smtlib,vampire,arguments,VERIFICATION_TIMED_OUT,29746,4
ground_truth,Dafny-Exercises_tmp_tmpjm75muf__Session10Exercises_ExerciseBarrier.dfy,smtlib,z3,monomorphic,VERIFIED,885,0
ground_truth,Dafny-Exercises_tmp_tmpjm75muf__Session10Exercises_ExerciseBarrier.dfy,smtlib,z3,predicates,VERIFIED,864,0
ground_truth,Dafny-Exercises_tmp_tmpjm75muf__Session10Exercises_ExerciseBarrier.dfy,smtlib,z3,arguments,VERIFIED,862,0
ground_truth,Clover_triple.dfy,tptp,vampire,polymorphic,VERIFIED,772,0
ground_truth,Clover_triple.dfy,tptp,vampire,monomorphic,VERIFIED,821,0
ground_truth,Clover_triple.dfy,tptp,vampire,predicates,VERIFIED,795,0
ground_truth,Clover_triple.dfy,tptp,vampire,arguments,VERIFIED,787,0
ground_truth,Clover_triple.dfy,smtlib,vampire,monomorphic,VERIFIED,783,0
ground_truth,Clover_triple.dfy,smtlib,vampire,predicates,VERIFIED,767,0
ground_truth,Clover_triple.dfy,smtlib,vampire,arguments,VERIFIED,746,0
ground_truth,Clover_triple.dfy,smtlib,z3,monomorphic,VERIFIED,773,0
ground_truth,Clover_triple.dfy,smtlib,z3,predicates,VERIFIED,745,0
ground_truth,Clover_triple.dfy,smtlib,z3,arguments,VERIFIED,741,0
ground_truth,protocol-verification-fa2023_tmp_tmpw6hy3mjp_demos_dafny-internals_02-triggers_triggers2.dfy,tptp,vampire,polymorphic,VERIFIED,889,0
ground_truth,protocol-verification-fa2023_tmp_tmpw6hy3mjp_demos_dafny-internals_02-triggers_triggers2.dfy,tptp,vampire,monomorphic,VERIFIED,968,0
ground_truth,protocol-verification-fa2023_tmp_tmpw6hy3mjp_demos_dafny-internals_02-triggers_triggers2.dfy,tptp,vampire,predicates,VERIFIED,932,0
ground_truth,protocol-verification-fa2023_tmp_tmpw6hy3mjp_demos_dafny-internals_02-triggers_triggers2.dfy,tptp,vampire,arguments,VERIFIED,906,0
ground_truth,protocol-verification-fa2023_tmp_tmpw6hy3mjp_demos_dafny-internals_02-triggers_triggers2.dfy,smtlib,vampire,monomorphic,VERIFIED,917,0
ground_truth,protocol-verification-fa2023_tmp_tmpw6hy3mjp_demos_dafny-internals_02-triggers_triggers2.dfy,smtlib,vampire,predicates,VERIFIED,919,0
ground_truth,protocol-verification-fa2023_tmp_tmpw6hy3mjp_demos_dafny-internals_02-triggers_triggers2.dfy,smtlib,vampire,arguments,VERIFIED,886,0
ground_truth,protocol-verification-fa2023_tmp_tmpw6hy3mjp_demos_dafny-internals_02-triggers_triggers2.dfy,smtlib,z3,monomorphic,VERIFIED,868,0
ground_truth,protocol-verification-fa2023_tmp_tmpw6hy3mjp_demos_dafny-internals_02-triggers_triggers2.dfy,smtlib,z3,predicates,VERIFIED,825,0
ground_truth,protocol-verification-fa2023_tmp_tmpw6hy3mjp_demos_dafny-internals_02-triggers_triggers2.dfy,smtlib,z3,arguments,VERIFIED,818,0
ground_truth,Program-Verification-Dataset_tmp_tmpgbdrlnu__Dafny_basic examples_product_details.dfy,tptp,vampire,polymorphic,VERIFIED,2498,0
ground_truth,Program-Verification-Dataset_tmp_tmpgbdrlnu__Dafny_basic examples_product_details.dfy,tptp,vampire,monomorphic,VERIFIED,2629,0
ground_truth,Program-Verification-Dataset_tmp_tmpgbdrlnu__Dafny_basic examples_product_details.dfy,tptp,vampire,predicates,VERIFIED,4357,0
ground_truth,Program-Verification-Dataset_tmp_tmpgbdrlnu__Dafny_basic examples_product_details.dfy,tptp,vampire,arguments,VERIFIED,4267,0
ground_truth,Program-Verification-Dataset_tmp_tmpgbdrlnu__Dafny_basic examples_product_details.dfy,smtlib,vampire,monomorphic,VERIFIED,3464,0
ground_truth,Program-Verification-Dataset_tmp_tmpgbdrlnu__Dafny_basic examples_product_details.dfy,smtlib,vampire,predicates,VERIFIED,4692,0
ground_truth,Program-Verification-Dataset_tmp_tmpgbdrlnu__Dafny_basic examples_product_details.dfy,smtlib,vampire,arguments,VERIFIED,1575,0
ground_truth,Program-Verification-Dataset_tmp_tmpgbdrlnu__Dafny_basic examples_product_details.dfy,smtlib,z3,monomorphic,VERIFIED,821,0
ground_truth,Program-Verification-Dataset_tmp_tmpgbdrlnu__Dafny_basic examples_product_details.dfy,smtlib,z3,predicates,VERIFIED,788,0
ground_truth,Program-Verification-Dataset_tmp_tmpgbdrlnu__Dafny_basic examples_product_details.dfy,smtlib,z3,arguments,VERIFIED,781,0
ground_truth,iron-sync_tmp_tmps49o3tyz_concurrency_docs_code_ShardedStateMachine.dfy,tptp,vampire,polymorphic,VERIFIED,786,0
ground_truth,iron-sync_tmp_tmps49o3tyz_concurrency_docs_code_ShardedStateMachine.dfy,tptp,vampire,monomorphic,VERIFIED,842,0
ground_truth,iron-sync_tmp_tmps49o3tyz_concurrency_docs_code_ShardedStateMachine.dfy,tptp,vampire,predicates,VERIFIED,810,0
ground_truth,iron-sync_tmp_tmps49o3tyz_concurrency_docs_code_ShardedStateMachine.dfy,tptp,vampire,arguments,VERIFIED,810,0
ground_truth,iron-sync_tmp_tmps49o3tyz_concurrency_docs_code_ShardedStateMachine.dfy,smtlib,vampire,monomorphic,VERIFIED,805,0
ground_truth,iron-sync_tmp_tmps49o3tyz_concurrency_docs_code_ShardedStateMachine.dfy,smtlib,vampire,predicates,VERIFIED,776,0
ground_truth,iron-sync_tmp_tmps49o3tyz_concurrency_docs_code_ShardedStateMachine.dfy,smtlib,vampire,arguments,VERIFIED,768,0
ground_truth,iron-sync_tmp_tmps49o3tyz_concurrency_docs_code_ShardedStateMachine.dfy,smtlib,z3,monomorphic,VERIFIED,796,0
ground_truth,iron-sync_tmp_tmps49o3tyz_concurrency_docs_code_ShardedStateMachine.dfy,smtlib,z3,predicates,VERIFIED,758,0
ground_truth,iron-sync_tmp_tmps49o3tyz_concurrency_docs_code_ShardedStateMachine.dfy,smtlib,z3,arguments,VERIFIED,756,0
ground_truth,dafny-synthesis_task_id_170.dfy,tptp,vampire,polymorphic,VERIFICATION_TIMED_OUT,29822,4
ground_truth,dafny-synthesis_task_id_170.dfy,tptp,vampire,monomorphic,VERIFICATION_TIMED_OUT,29818,4
ground_truth,dafny-synthesis_task_id_170.dfy,tptp,vampire,predicates,VERIFICATION_TIMED_OUT,29838,4
ground_truth,dafny-synthesis_task_id_170.dfy,tptp,vampire,arguments,VERIFIED,2179,0
ground_truth,dafny-synthesis_task_id_170.dfy,smtlib,vampire,monomorphic,VERIFIED,2258,0
ground_truth,dafny-synthesis_task_id_170.dfy,smtlib,vampire,predicates,VERIFIED,19427,0
ground_truth,dafny-synthesis_task_id_170.dfy,smtlib,vampire,arguments,VERIFIED,4795,0
ground_truth,dafny-synthesis_task_id_170.dfy,smtlib,z3,monomorphic,VERIFIED,878,0
ground_truth,dafny-synthesis_task_id_170.dfy,smtlib,z3,predicates,VERIFIED,860,0
ground_truth,dafny-synthesis_task_id_170.dfy,smtlib,z3,arguments,VERIFIED,847,0
ground_truth,Program-Verification-Dataset_tmp_tmpgbdrlnu__Dafny_algorithms and leetcode_leetcode_pathSum.dfy,tptp,vampire,polymorphic,VERIFICATION_TIMED_OUT,29913,4
ground_truth,Program-Verification-Dataset_tmp_tmpgbdrlnu__Dafny_algorithms and leetcode_leetcode_pathSum.dfy,tptp,vampire,monomorphic,VERIFICATION_TIMED_OUT,29996,4
ground_truth,Program-Verification-Dataset_tmp_tmpgbdrlnu__Dafny_algorithms and leetcode_leetcode_pathSum.dfy,tptp,vampire,predicates,VERIFICATION_TIMED_OUT,30015,4
ground_truth,Program-Verification-Dataset_tmp_tmpgbdrlnu__Dafny_algorithms and leetcode_leetcode_pathSum.dfy,tptp,vampire,arguments,VERIFICATION_TIMED_OUT,29950,4
ground_truth,Program-Verification-Dataset_tmp_tmpgbdrlnu__Dafny_algorithms and leetcode_leetcode_pathSum.dfy,smtlib,vampire,monomorphic,VERIFICATION_TIMED_OUT,29946,4
ground_truth,Program-Verification-Dataset_tmp_tmpgbdrlnu__Dafny_algorithms and leetcode_leetcode_pathSum.dfy,smtlib,vampire,predicates,VERIFICATION_TIMED_OUT,29868,4
ground_truth,Program-Verification-Dataset_tmp_tmpgbdrlnu__Dafny_algorithms and leetcode_leetcode_pathSum.dfy,smtlib,vampire,arguments,VERIFICATION_TIMED_OUT,29848,4
ground_truth,Program-Verification-Dataset_tmp_tmpgbdrlnu__Dafny_algorithms and leetcode_leetcode_pathSum.dfy,smtlib,z3,monomorphic,VERIFIED,1006,0
ground_truth,Program-Verification-Dataset_tmp_tmpgbdrlnu__Dafny_algorithms and leetcode_leetcode_pathSum.dfy,smtlib,z3,predicates,VERIFIED,995,0
ground_truth,Program-Verification-Dataset_tmp_tmpgbdrlnu__Dafny_algorithms and leetcode_leetcode_pathSum.dfy,smtlib,z3,arguments,VERIFIED,992,0
ground_truth,dafny-synthesis_task_id_792.dfy,tptp,vampire,polymorphic,VERIFIED,834,0
ground_truth,dafny-synthesis_task_id_792.dfy,tptp,vampire,monomorphic,VERIFIED,896,0
ground_truth,dafny-synthesis_task_id_792.dfy,tptp,vampire,predicates,VERIFIED,873,0
ground_truth,dafny-synthesis_task_id_792.dfy,tptp,vampire,arguments,VERIFIED,844,0
ground_truth,dafny-synthesis_task_id_792.dfy,smtlib,vampire,monomorphic,VERIFIED,832,0
ground_truth,dafny-synthesis_task_id_792.dfy,smtlib,vampire,predicates,VERIFIED,840,0
ground_truth,dafny-synthesis_task_id_792.dfy,smtlib,vampire,arguments,VERIFIED,819,0
ground_truth,dafny-synthesis_task_id_792.dfy,smtlib,z3,monomorphic,VERIFIED,784,0
ground_truth,dafny-synthesis_task_id_792.dfy,smtlib,z3,predicates,VERIFIED,748,0
ground_truth,dafny-synthesis_task_id_792.dfy,smtlib,z3,arguments,VERIFIED,751,0
ground_truth,Program-Verification-Dataset_tmp_tmpgbdrlnu__Dafny_from dafny main repo_dafny2_MajorityVote.dfy,tptp,vampire,polymorphic,VERIFICATION_TIMED_OUT,30263,4
ground_truth,Program-Verification-Dataset_tmp_tmpgbdrlnu__Dafny_from dafny main repo_dafny2_MajorityVote.dfy,tptp,vampire,monomorphic,VERIFICATION_TIMED_OUT,30307,4
ground_truth,Program-Verification-Dataset_tmp_tmpgbdrlnu__Dafny_from dafny main repo_dafny2_MajorityVote.dfy,tptp,vampire,predicates,VERIFICATION_TIMED_OUT,30225,4
ground_truth,Program-Verification-Dataset_tmp_tmpgbdrlnu__Dafny_from dafny main repo_dafny2_MajorityVote.dfy,tptp,vampire,arguments,VERIFICATION_TIMED_OUT,30267,4
ground_truth,Program-Verification-Dataset_tmp_tmpgbdrlnu__Dafny_from dafny main repo_dafny2_MajorityVote.dfy,smtlib,vampire,monomorphic,VERIFICATION_TIMED_OUT,30206,4
ground_truth,Program-Verification-Dataset_tmp_tmpgbdrlnu__Dafny_from dafny main repo_dafny2_MajorityVote.dfy,smtlib,vampire,predicates,VERIFICATION_TIMED_OUT,30213,4
ground_truth,Program-Verification-Dataset_tmp_tmpgbdrlnu__Dafny_from dafny main repo_dafny2_MajorityVote.dfy,smtlib,vampire,arguments,VERIFICATION_TIMED_OUT,30243,4
ground_truth,Program-Verification-Dataset_tmp_tmpgbdrlnu__Dafny_from dafny main repo_dafny2_MajorityVote.dfy,smtlib,z3,monomorphic,VERIFIED,1126,0
ground_truth,Program-Verification-Dataset_tmp_tmpgbdrlnu__Dafny_from dafny main repo_dafny2_MajorityVote.dfy,smtlib,z3,predicates,VERIFIED,1102,0
ground_truth,Program-Verification-Dataset_tmp_tmpgbdrlnu__Dafny_from dafny main repo_dafny2_MajorityVote.dfy,smtlib,z3,arguments,VERIFIED,1099,0
ground_truth,Software-Verification_tmp_tmpv4ueky2d_Remove Duplicates from Sorted Array_remove_duplicates_from_sorted_array.dfy,tptp,vampire,polymorphic,VERIFICATION_TIMED_OUT,29864,4
ground_truth,Software-Verification_tmp_tmpv4ueky2d_Remove Duplicates from Sorted Array_remove_duplicates_from_sorted_array.dfy,tptp,vampire,monomorphic,VERIFICATION_TIMED_OUT,29884,4
ground_truth,Software-Verification_tmp_tmpv4ueky2d_Remove Duplicates from Sorted Array_remove_duplicates_from_sorted_array.dfy,tptp,vampire,predicates,VERIFICATION_TIMED_OUT,29878,4
ground_truth,Software-Verification_tmp_tmpv4ueky2d_Remove Duplicates from Sorted Array_remove_duplicates_from_sorted_array.dfy,tptp,vampire,arguments,VERIFICATION_TIMED_OUT,29879,4
ground_truth,Software-Verification_tmp_tmpv4ueky2d_Remove Duplicates from Sorted Array_remove_duplicates_from_sorted_array.dfy,smtlib,vampire,monomorphic,VERIFICATION_TIMED_OUT,29842,4
ground_truth,Software-Verification_tmp_tmpv4ueky2d_Remove Duplicates from Sorted Array_remove_duplicates_from_sorted_array.dfy,smtlib,vampire,predicates,VERIFICATION_TIMED_OUT,29810,4
ground_truth,Software-Verification_tmp_tmpv4ueky2d_Remove Duplicates from Sorted Array_remove_duplicates_from_sorted_array.dfy,smtlib,vampire,arguments,VERIFICATION_TIMED_OUT,29834,4
ground_truth,Software-Verification_tmp_tmpv4ueky2d_Remove Duplicates from Sorted Array_remove_duplicates_from_sorted_array.dfy,smtlib,z3,monomorphic,VERIFIED,938,0
ground_truth,Software-Verification_tmp_tmpv4ueky2d_Remove Duplicates from Sorted Array_remove_duplicates_from_sorted_array.dfy,smtlib,z3,predicates,VERIFIED,911,0
ground_truth,Software-Verification_tmp_tmpv4ueky2d_Remove Duplicates from Sorted Array_remove_duplicates_from_sorted_array.dfy,smtlib,z3,arguments,VERIFIED,905,0
ground_truth,llm-verified-eval_tmp_tmpd2deqn_i_dafny_161.dfy,tptp,vampire,polymorphic,VERIFICATION_TIMED_OUT,29908,4
ground_truth,llm-verified-eval_tmp_tmpd2deqn_i_dafny_161.dfy,tptp,vampire,monomorphic,VERIFICATION_TIMED_OUT,29951,4
ground_truth,llm-verified-eval_tmp_tmpd2deqn_i_dafny_161.dfy,tptp,vampire,predicates,VERIFICATION_TIMED_OUT,29912,4
ground_truth,llm-verified-eval_tmp_tmpd2deqn_i_dafny_161.dfy,tptp,vampire,arguments,VERIFICATION_TIMED_OUT,29894,4
ground_truth,llm-verified-eval_tmp_tmpd2deqn_i_dafny_161.dfy,smtlib,vampire,monomorphic,VERIFICATION_TIMED_OUT,29944,4
ground_truth,llm-verified-eval_tmp_tmpd2deqn_i_dafny_161.dfy,smtlib,vampire,predicates,VERIFICATION_TIMED_OUT,29866,4
ground_truth,llm-verified-eval_tmp_tmpd2deqn_i_dafny_161.dfy,smtlib,vampire,arguments,VERIFICATION_TIMED_OUT,29839,4
ground_truth,llm-verified-eval_tmp_tmpd2deqn_i_dafny_161.dfy,smtlib,z3,monomorphic,VERIFIED,965,0
ground_truth,llm-verified-eval_tmp_tmpd2deqn_i_dafny_161.dfy,smtlib,z3,predicates,VERIFIED,941,0
ground_truth,llm-verified-eval_tmp_tmpd2deqn_i_dafny_161.dfy,smtlib,z3,arguments,VERIFIED,908,0
ground_truth,Dafny_Verify_tmp_tmphq7j0row_dataset_C_convert_examples_01.dfy,tptp,vampire,polymorphic,VERIFIED,897,0
ground_truth,Dafny_Verify_tmp_tmphq7j0row_dataset_C_convert_examples_01.dfy,tptp,vampire,monomorphic,VERIFIED,946,0
ground_truth,Dafny_Verify_tmp_tmphq7j0row_dataset_C_convert_examples_01.dfy,tptp,vampire,predicates,VERIFIED,907,0
ground_truth,Dafny_Verify_tmp_tmphq7j0row_dataset_C_convert_examples_01.dfy,tptp,vampire,arguments,VERIFIED,889,0
ground_truth,Dafny_Verify_tmp_tmphq7j0row_dataset_C_convert_examples_01.dfy,smtlib,vampire,monomorphic,VERIFIED,899,0
ground_truth,Dafny_Verify_tmp_tmphq7j0row_dataset_C_convert_examples_01.dfy,smtlib,vampire,predicates,VERIFIED,868,0
ground_truth,Dafny_Verify_tmp_tmphq7j0row_dataset_C_convert_examples_01.dfy,smtlib,vampire,arguments,VERIFIED,860,0
ground_truth,Dafny_Verify_tmp_tmphq7j0row_dataset_C_convert_examples_01.dfy,smtlib,z3,monomorphic,VERIFIED,805,0
ground_truth,Dafny_Verify_tmp_tmphq7j0row_dataset_C_convert_examples_01.dfy,smtlib,z3,predicates,VERIFIED,777,0
ground_truth,Dafny_Verify_tmp_tmphq7j0row_dataset_C_convert_examples_01.dfy,smtlib,z3,arguments,VERIFIED,774,0
ground_truth,veri-titan_tmp_tmpbg2iy0kf_spec_crypto_fntt512.dfy,tptp,vampire,polymorphic,VERIFIED,378,0
ground_truth,veri-titan_tmp_tmpbg2iy0kf_spec_crypto_fntt512.dfy,tptp,vampire,monomorphic,VERIFIED,366,0
ground_truth,veri-titan_tmp_tmpbg2iy0kf_spec_crypto_fntt512.dfy,tptp,vampire,predicates,VERIFIED,366,0
ground_truth,veri-titan_tmp_tmpbg2iy0kf_spec_crypto_fntt512.dfy,tptp,vampire,arguments,VERIFIED,368,0
ground_truth,veri-titan_tmp_tmpbg2iy0kf_spec_crypto_fntt512.dfy,smtlib,vampire,monomorphic,VERIFIED,333,0
ground_truth,veri-titan_tmp_tmpbg2iy0kf_spec_crypto_fntt512.dfy,smtlib,vampire,predicates,VERIFIED,333,0
ground_truth,veri-titan_tmp_tmpbg2iy0kf_spec_crypto_fntt512.dfy,smtlib,vampire,arguments,VERIFIED,332,0
ground_truth,veri-titan_tmp_tmpbg2iy0kf_spec_crypto_fntt512.dfy,smtlib,z3,monomorphic,VERIFIED,333,0
ground_truth,veri-titan_tmp_tmpbg2iy0kf_spec_crypto_fntt512.dfy,smtlib,z3,predicates,VERIFIED,330,0
ground_truth,veri-titan_tmp_tmpbg2iy0kf_spec_crypto_fntt512.dfy,smtlib,z3,arguments,VERIFIED,337,0
ground_truth,dafny-synthesis_task_id_600.dfy,tptp,vampire,polymorphic,VERIFIED,784,0
ground_truth,dafny-synthesis_task_id_600.dfy,tptp,vampire,monomorphic,VERIFIED,836,0
ground_truth,dafny-synthesis_task_id_600.dfy,tptp,vampire,predicates,VERIFIED,810,0
ground_truth,dafny-synthesis_task_id_600.dfy,tptp,vampire,arguments,VERIFIED,795,0
ground_truth,dafny-synthesis_task_id_600.dfy,smtlib,vampire,monomorphic,VERIFIED,798,0
ground_truth,dafny-synthesis_task_id_600.dfy,smtlib,vampire,predicates,VERIFIED,759,0
ground_truth,dafny-synthesis_task_id_600.dfy,smtlib,vampire,arguments,VERIFIED,738,0
ground_truth,dafny-synthesis_task_id_600.dfy,smtlib,z3,monomorphic,VERIFIED,787,0
ground_truth,dafny-synthesis_task_id_600.dfy,smtlib,z3,predicates,VERIFIED,751,0
ground_truth,dafny-synthesis_task_id_600.dfy,smtlib,z3,arguments,VERIFIED,741,0
ground_truth,dafny-synthesis_task_id_557.dfy,tptp,vampire,polymorphic,VERIFICATION_TIMED_OUT,29855,4
ground_truth,dafny-synthesis_task_id_557.dfy,tptp,vampire,monomorphic,VERIFICATION_TIMED_OUT,29912,4
ground_truth,dafny-synthesis_task_id_557.dfy,tptp,vampire,predicates,VERIFICATION_TIMED_OUT,29915,4
ground_truth,dafny-synthesis_task_id_557.dfy,tptp,vampire,arguments,VERIFICATION_TIMED_OUT,29851,4
ground_truth,dafny-synthesis_task_id_557.dfy,smtlib,vampire,monomorphic,VERIFICATION_TIMED_OUT,29833,4
ground_truth,dafny-synthesis_task_id_557.dfy,smtlib,vampire,predicates,VERIFICATION_TIMED_OUT,29730,4
ground_truth,dafny-synthesis_task_id_557.dfy,smtlib,vampire,arguments,VERIFICATION_TIMED_OUT,29763,4
ground_truth,dafny-synthesis_task_id_557.dfy,smtlib,z3,monomorphic,VERIFIED,939,0
ground_truth,dafny-synthesis_task_id_557.dfy,smtlib,z3,predicates,VERIFIED,892,0
ground_truth,dafny-synthesis_task_id_557.dfy,smtlib,z3,arguments,VERIFIED,897,0
ground_truth,Workshop_tmp_tmp0cu11bdq_Workshop_Answers_Question6.dfy,tptp,vampire,polymorphic,VERIFICATION_TIMED_OUT,29795,4
ground_truth,Workshop_tmp_tmp0cu11bdq_Workshop_Answers_Question6.dfy,tptp,vampire,monomorphic,VERIFICATION_TIMED_OUT,29823,4
ground_truth,Workshop_tmp_tmp0cu11bdq_Workshop_Answers_Question6.dfy,tptp,vampire,predicates,VERIFICATION_TIMED_OUT,29870,4
ground_truth,Workshop_tmp_tmp0cu11bdq_Workshop_Answers_Question6.dfy,tptp,vampire,arguments,VERIFICATION_TIMED_OUT,29774,4
ground_truth,Workshop_tmp_tmp0cu11bdq_Workshop_Answers_Question6.dfy,smtlib,vampire,monomorphic,VERIFICATION_TIMED_OUT,29797,4
ground_truth,Workshop_tmp_tmp0cu11bdq_Workshop_Answers_Question6.dfy,smtlib,vampire,predicates,VERIFICATION_TIMED_OUT,29802,4
ground_truth,Workshop_tmp_tmp0cu11bdq_Workshop_Answers_Question6.dfy,smtlib,vampire,arguments,VERIFICATION_TIMED_OUT,29769,4
ground_truth,Workshop_tmp_tmp0cu11bdq_Workshop_Answers_Question6.dfy,smtlib,z3,monomorphic,VERIFIED,891,0
ground_truth,Workshop_tmp_tmp0cu11bdq_Workshop_Answers_Question6.dfy,smtlib,z3,predicates,VERIFIED,859,0
ground_truth,Workshop_tmp_tmp0cu11bdq_Workshop_Answers_Question6.dfy,smtlib,z3,arguments,VERIFIED,851,0
ground_truth,dafny-synthesis_task_id_279.dfy,tptp,vampire,polymorphic,VERIFIED,783,0
ground_truth,dafny-synthesis_task_id_279.dfy,tptp,vampire,monomorphic,VERIFIED,822,0
ground_truth,dafny-synthesis_task_id_279.dfy,tptp,vampire,predicates,VERIFIED,801,0
ground_truth,dafny-synthesis_task_id_279.dfy,tptp,vampire,arguments,VERIFIED,791,0
ground_truth,dafny-synthesis_task_id_279.dfy,smtlib,vampire,monomorphic,VERIFIED,779,0
ground_truth,dafny-synthesis_task_id_279.dfy,smtlib,vampire,predicates,VERIFIED,752,0
ground_truth,dafny-synthesis_task_id_279.dfy,smtlib,vampire,arguments,VERIFIED,756,0
ground_truth,dafny-synthesis_task_id_279.dfy,smtlib,z3,monomorphic,VERIFIED,778,0
ground_truth,dafny-synthesis_task_id_279.dfy,smtlib,z3,predicates,VERIFIED,743,0
ground_truth,dafny-synthesis_task_id_279.dfy,smtlib,z3,arguments,VERIFIED,742,0
ground_truth,veri-sparse_tmp_tmp15fywna6_dafny_concurrent_poc_6.dfy,tptp,vampire,polymorphic,VERIFICATION_TIMED_OUT,30124,4
ground_truth,veri-sparse_tmp_tmp15fywna6_dafny_concurrent_poc_6.dfy,tptp,vampire,monomorphic,VERIFICATION_TIMED_OUT,30259,4
ground_truth,veri-sparse_tmp_tmp15fywna6_dafny_concurrent_poc_6.dfy,tptp,vampire,predicates,VERIFICATION_TIMED_OUT,59133,4
ground_truth,veri-sparse_tmp_tmp15fywna6_dafny_concurrent_poc_6.dfy,tptp,vampire,arguments,VERIFICATION_TIMED_OUT,30204,4
ground_truth,veri-sparse_tmp_tmp15fywna6_dafny_concurrent_poc_6.dfy,smtlib,vampire,monomorphic,VERIFICATION_TIMED_OUT,30293,4
ground_truth,veri-sparse_tmp_tmp15fywna6_dafny_concurrent_poc_6.dfy,smtlib,vampire,predicates,VERIFICATION_TIMED_OUT,56140,4
ground_truth,veri-sparse_tmp_tmp15fywna6_dafny_concurrent_poc_6.dfy,smtlib,vampire,arguments,VERIFICATION_TIMED_OUT,30148,4
ground_truth,veri-sparse_tmp_tmp15fywna6_dafny_concurrent_poc_6.dfy,smtlib,z3,monomorphic,VERIFIED,1293,0
ground_truth,veri-sparse_tmp_tmp15fywna6_dafny_concurrent_poc_6.dfy,smtlib,z3,predicates,VERIFIED,1252,0
ground_truth,veri-sparse_tmp_tmp15fywna6_dafny_concurrent_poc_6.dfy,smtlib,z3,arguments,VERIFIED,1243,0
ground_truth,Dafny_Programs_tmp_tmp99966ew4_trig.dfy,tptp,vampire,polymorphic,VERIFIED,827,0
ground_truth,Dafny_Programs_tmp_tmp99966ew4_trig.dfy,tptp,vampire,monomorphic,VERIFIED,873,0
ground_truth,Dafny_Programs_tmp_tmp99966ew4_trig.dfy,tptp,vampire,predicates,VERIFIED,846,0
ground_truth,Dafny_Programs_tmp_tmp99966ew4_trig.dfy,tptp,vampire,arguments,VERIFIED,833,0
ground_truth,Dafny_Programs_tmp_tmp99966ew4_trig.dfy,smtlib,vampire,monomorphic,VERIFIED,840,0
ground_truth,Dafny_Programs_tmp_tmp99966ew4_trig.dfy,smtlib,vampire,predicates,VERIFIED,802,0
ground_truth,Dafny_Programs_tmp_tmp99966ew4_trig.dfy,smtlib,vampire,arguments,VERIFIED,804,0
ground_truth,Dafny_Programs_tmp_tmp99966ew4_trig.dfy,smtlib,z3,monomorphic,VERIFIED,832,0
ground_truth,Dafny_Programs_tmp_tmp99966ew4_trig.dfy,smtlib,z3,predicates,VERIFIED,796,0
ground_truth,Dafny_Programs_tmp_tmp99966ew4_trig.dfy,smtlib,z3,arguments,VERIFIED,792,0
ground_truth,Program-Verification-Dataset_tmp_tmpgbdrlnu__Dafny_pregel algorithms_skeleton_nondet-permutation.dfy,tptp,vampire,polymorphic,VERIFICATION_TIMED_OUT,29939,4
ground_truth,Program-Verification-Dataset_tmp_tmpgbdrlnu__Dafny_pregel algorithms_skeleton_nondet-permutation.dfy,tptp,vampire,monomorphic,VERIFICATION_TIMED_OUT,29974,4
ground_truth,Program-Verification-Dataset_tmp_tmpgbdrlnu__Dafny_pregel algorithms_skeleton_nondet-permutation.dfy,tptp,vampire,predicates,VERIFICATION_TIMED_OUT,29982,4
ground_truth,Program-Verification-Dataset_tmp_tmpgbdrlnu__Dafny_pregel algorithms_skeleton_nondet-permutation.dfy,tptp,vampire,arguments,VERIFICATION_TIMED_OUT,29953,4
ground_truth,Program-Verification-Dataset_tmp_tmpgbdrlnu__Dafny_pregel algorithms_skeleton_nondet-permutation.dfy,smtlib,vampire,monomorphic,VERIFICATION_TIMED_OUT,29957,4
ground_truth,Program-Verification-Dataset_tmp_tmpgbdrlnu__Dafny_pregel algorithms_skeleton_nondet-permutation.dfy,smtlib,vampire,predicates,VERIFICATION_TIMED_OUT,29904,4
ground_truth,Program-Verification-Dataset_tmp_tmpgbdrlnu__Dafny_pregel algorithms_skeleton_nondet-permutation.dfy,smtlib,vampire,arguments,VERIFICATION_TIMED_OUT,29881,4
ground_truth,Program-Verification-Dataset_tmp_tmpgbdrlnu__Dafny_pregel algorithms_skeleton_nondet-permutation.dfy,smtlib,z3,monomorphic,NOT_VERIFIED,1042,4
ground_truth,Program-Verification-Dataset_tmp_tmpgbdrlnu__Dafny_pregel algorithms_skeleton_nondet-permutation.dfy,smtlib,z3,predicates,NOT_VERIFIED,1002,4
ground_truth,Program-Verification-Dataset_tmp_tmpgbdrlnu__Dafny_pregel algorithms_skeleton_nondet-permutation.dfy,smtlib,z3,arguments,NOT_VERIFIED,992,4
ground_truth,t1_MF_tmp_tmpi_sqie4j_exemplos_colecoes_conjuntos_ex5.dfy,tptp,vampire,polymorphic,VERIFICATION_TIMED_OUT,29786,4
ground_truth,t1_MF_tmp_tmpi_sqie4j_exemplos_colecoes_conjuntos_ex5.dfy,tptp,vampire,monomorphic,VERIFICATION_TIMED_OUT,29847,4
ground_truth,t1_MF_tmp_tmpi_sqie4j_exemplos_colecoes_conjuntos_ex5.dfy,tptp,vampire,predicates,VERIFICATION_TIMED_OUT,29834,4
ground_truth,t1_MF_tmp_tmpi_sqie4j_exemplos_colecoes_conjuntos_ex5.dfy,tptp,vampire,arguments,VERIFICATION_TIMED_OUT,29835,4
ground_truth,t1_MF_tmp_tmpi_sqie4j_exemplos_colecoes_conjuntos_ex5.dfy,smtlib,vampire,monomorphic,VERIFICATION_TIMED_OUT,29836,4
ground_truth,t1_MF_tmp_tmpi_sqie4j_exemplos_colecoes_conjuntos_ex5.dfy,smtlib,vampire,predicates,VERIFICATION_TIMED_OUT,29783,4
ground_truth,t1_MF_tmp_tmpi_sqie4j_exemplos_colecoes_conjuntos_ex5.dfy,smtlib,vampire,arguments,VERIFICATION_TIMED_OUT,29775,4
ground_truth,t1_MF_tmp_tmpi_sqie4j_exemplos_colecoes_conjuntos_ex5.dfy,smtlib,z3,monomorphic,VERIFIED,891,0
ground_truth,t1_MF_tmp_tmpi_sqie4j_exemplos_colecoes_conjuntos_ex5.dfy,smtlib,z3,predicates,VERIFIED,858,0
ground_truth,t1_MF_tmp_tmpi_sqie4j_exemplos_colecoes_conjuntos_ex5.dfy,smtlib,z3,arguments,VERIFIED,838,0
ground_truth,Metodos_Formais_tmp_tmpql2hwcsh_Arrays_somatorioArray.dfy,tptp,vampire,polymorphic,VERIFICATION_TIMED_OUT,29775,4
ground_truth,Metodos_Formais_tmp_tmpql2hwcsh_Arrays_somatorioArray.dfy,tptp,vampire,monomorphic,VERIFICATION_TIMED_OUT,29836,4
ground_truth,Metodos_Formais_tmp_tmpql2hwcsh_Arrays_somatorioArray.dfy,tptp,vampire,predicates,VERIFICATION_TIMED_OUT,29833,4
ground_truth,Metodos_Formais_tmp_tmpql2hwcsh_Arrays_somatorioArray.dfy,tptp,vampire,arguments,VERIFICATION_TIMED_OUT,29818,4
ground_truth,Metodos_Formais_tmp_tmpql2hwcsh_Arrays_somatorioArray.dfy,smtlib,vampire,monomorphic,VERIFICATION_TIMED_OUT,29770,4
ground_truth,Metodos_Formais_tmp_tmpql2hwcsh_Arrays_somatorioArray.dfy,smtlib,vampire,predicates,VERIFICATION_TIMED_OUT,29783,4
ground_truth,Metodos_Formais_tmp_tmpql2hwcsh_Arrays_somatorioArray.dfy,smtlib,vampire,arguments,VERIFICATION_TIMED_OUT,29749,4
ground_truth,Metodos_Formais_tmp_tmpql2hwcsh_Arrays_somatorioArray.dfy,smtlib,z3,monomorphic,VERIFIED,876,0
ground_truth,Metodos_Formais_tmp_tmpql2hwcsh_Arrays_somatorioArray.dfy,smtlib,z3,predicates,VERIFIED,851,0
ground_truth,Metodos_Formais_tmp_tmpql2hwcsh_Arrays_somatorioArray.dfy,smtlib,z3,arguments,VERIFIED,842,0
ground_truth,dafny-synthesis_task_id_775.dfy,tptp,vampire,polymorphic,VERIFIED,2457,0
ground_truth,dafny-synthesis_task_id_775.dfy,tptp,vampire,monomorphic,VERIFIED,1856,0
ground_truth,dafny-synthesis_task_id_775.dfy,tptp,vampire,predicates,VERIFIED,3081,0
ground_truth,dafny-synthesis_task_id_775.dfy,tptp,vampire,arguments,VERIFIED,1855,0
ground_truth,dafny-synthesis_task_id_775.dfy,smtlib,vampire,monomorphic,VERIFIED,1983,0
ground_truth,dafny-synthesis_task_id_775.dfy,smtlib,vampire,predicates,VERIFIED,2171,0
ground_truth,dafny-synthesis_task_id_775.dfy,smtlib,vampire,arguments,VERIFIED,1924,0
ground_truth,dafny-synthesis_task_id_775.dfy,smtlib,z3,monomorphic,VERIFIED,898,0
ground_truth,dafny-synthesis_task_id_775.dfy,smtlib,z3,predicates,VERIFIED,867,0
ground_truth,dafny-synthesis_task_id_775.dfy,smtlib,z3,arguments,VERIFIED,860,0
ground_truth,dafny-workout_tmp_tmp0abkw6f8_starter_ex03.dfy,tptp,vampire,polymorphic,VERIFIED,873,0
ground_truth,dafny-workout_tmp_tmp0abkw6f8_starter_ex03.dfy,tptp,vampire,monomorphic,VERIFIED,922,0
ground_truth,dafny-workout_tmp_tmp0abkw6f8_starter_ex03.dfy,tptp,vampire,predicates,VERIFIED,901,0
ground_truth,dafny-workout_tmp_tmp0abkw6f8_starter_ex03.dfy,tptp,vampire,arguments,VERIFIED,884,0
ground_truth,dafny-workout_tmp_tmp0abkw6f8_starter_ex03.dfy,smtlib,vampire,monomorphic,VERIFIED,875,0
ground_truth,dafny-workout_tmp_tmp0abkw6f8_starter_ex03.dfy,smtlib,vampire,predicates,VERIFIED,859,0
ground_truth,dafny-workout_tmp_tmp0abkw6f8_starter_ex03.dfy,smtlib,vampire,arguments,VERIFIED,846,0
ground_truth,dafny-workout_tmp_tmp0abkw6f8_starter_ex03.dfy,smtlib,z3,monomorphic,VERIFIED,821,0
ground_truth,dafny-workout_tmp_tmp0abkw6f8_starter_ex03.dfy,smtlib,z3,predicates,VERIFIED,791,0
ground_truth,dafny-workout_tmp_tmp0abkw6f8_starter_ex03.dfy,smtlib,z3,arguments,VERIFIED,772,0
ground_truth,MFES_2021_tmp_tmpuljn8zd9_PracticalClasses_TP3_2_Insertion_Sort.dfy,tptp,vampire,polymorphic,VERIFICATION_TIMED_OUT,29893,4
ground_truth,MFES_2021_tmp_tmpuljn8zd9_PracticalClasses_TP3_2_Insertion_Sort.dfy,tptp,vampire,monomorphic,VERIFICATION_TIMED_OUT,29964,4
ground_truth,MFES_2021_tmp_tmpuljn8zd9_PracticalClasses_TP3_2_Insertion_Sort.dfy,tptp,vampire,predicates,VERIFICATION_TIMED_OUT,29891,4
ground_truth,MFES_2021_tmp_tmpuljn8zd9_PracticalClasses_TP3_2_Insertion_Sort.dfy,tptp,vampire,arguments,VERIFICATION_TIMED_OUT,29894,4
ground_truth,MFES_2021_tmp_tmpuljn8zd9_PracticalClasses_TP3_2_Insertion_Sort.dfy,smtlib,vampire,monomorphic,VERIFICATION_TIMED_OUT,29878,4
ground_truth,MFES_2021_tmp_tmpuljn8zd9_PracticalClasses_TP3_2_Insertion_Sort.dfy,smtlib,vampire,predicates,VERIFICATION_TIMED_OUT,29798,4
ground_truth,MFES_2021_tmp_tmpuljn8zd9_PracticalClasses_TP3_2_Insertion_Sort.dfy,smtlib,vampire,arguments,VERIFICATION_TIMED_OUT,29831,4
ground_truth,MFES_2021_tmp_tmpuljn8zd9_PracticalClasses_TP3_2_Insertion_Sort.dfy,smtlib,z3,monomorphic,VERIFIED,1147,0
ground_truth,MFES_2021_tmp_tmpuljn8zd9_PracticalClasses_TP3_2_Insertion_Sort.dfy,smtlib,z3,predicates,VERIFIED,1197,0
ground_truth,MFES_2021_tmp_tmpuljn8zd9_PracticalClasses_TP3_2_Insertion_Sort.dfy,smtlib,z3,arguments,VERIFIED,1099,0
ground_truth,dafny-workout_tmp_tmp0abkw6f8_starter_ex09.dfy,tptp,vampire,polymorphic,VERIFICATION_TIMED_OUT,29770,4
ground_truth,dafny-workout_tmp_tmp0abkw6f8_starter_ex09.dfy,tptp,vampire,monomorphic,VERIFICATION_TIMED_OUT,29878,4
ground_truth,dafny-workout_tmp_tmp0abkw6f8_starter_ex09.dfy,tptp,vampire,predicates,VERIFICATION_TIMED_OUT,29840,4
ground_truth,dafny-workout_tmp_tmp0abkw6f8_starter_ex09.dfy,tptp,vampire,arguments,VERIFICATION_TIMED_OUT,29850,4
ground_truth,dafny-workout_tmp_tmp0abkw6f8_starter_ex09.dfy,smtlib,vampire,monomorphic,VERIFICATION_TIMED_OUT,29794,4
ground_truth,dafny-workout_tmp_tmp0abkw6f8_starter_ex09.dfy,smtlib,vampire,predicates,VERIFICATION_TIMED_OUT,29752,4
ground_truth,dafny-workout_tmp_tmp0abkw6f8_starter_ex09.dfy,smtlib,vampire,arguments,VERIFICATION_TIMED_OUT,29788,4
ground_truth,dafny-workout_tmp_tmp0abkw6f8_starter_ex09.dfy,smtlib,z3,monomorphic,VERIFIED,889,0
ground_truth,dafny-workout_tmp_tmp0abkw6f8_starter_ex09.dfy,smtlib,z3,predicates,VERIFIED,861,0
ground_truth,dafny-workout_tmp_tmp0abkw6f8_starter_ex09.dfy,smtlib,z3,arguments,VERIFIED,860,0
ground_truth,verified-isort_tmp_tmp7hhb8ei__dafny_isort.dfy,tptp,vampire,polymorphic,VERIFIED,1691,0
ground_truth,verified-isort_tmp_tmp7hhb8ei__dafny_isort.dfy,tptp,vampire,monomorphic,VERIFIED,1974,0
ground_truth,verified-isort_tmp_tmp7hhb8ei__dafny_isort.dfy,tptp,vampire,predicates,VERIFIED,8364,0
ground_truth,verified-isort_tmp_tmp7hhb8ei__dafny_isort.dfy,tptp,vampire,arguments,VERIFIED,1852,0
ground_truth,verified-isort_tmp_tmp7hhb8ei__dafny_isort.dfy,smtlib,vampire,monomorphic,VERIFIED,1651,0
ground_truth,verified-isort_tmp_tmp7hhb8ei__dafny_isort.dfy,smtlib,vampire,predicates,VERIFIED,8531,0
ground_truth,verified-isort_tmp_tmp7hhb8ei__dafny_isort.dfy,smtlib,vampire,arguments,VERIFIED,1942,0
ground_truth,verified-isort_tmp_tmp7hhb8ei__dafny_isort.dfy,smtlib,z3,monomorphic,VERIFIED,886,0
ground_truth,verified-isort_tmp_tmp7hhb8ei__dafny_isort.dfy,smtlib,z3,predicates,VERIFIED,852,0
ground_truth,verified-isort_tmp_tmp7hhb8ei__dafny_isort.dfy,smtlib,z3,arguments,VERIFIED,847,0
ground_truth,Program-Verification-Dataset_tmp_tmpgbdrlnu__Dafny_advanced examples_OneHundredPrisonersAndALightbulb.dfy,tptp,vampire,polymorphic,VERIFICATION_TIMED_OUT,29816,4
ground_truth,Program-Verification-Dataset_tmp_tmpgbdrlnu__Dafny_advanced examples_OneHundredPrisonersAndALightbulb.dfy,tptp,vampire,monomorphic,VERIFICATION_TIMED_OUT,29853,4
ground_truth,Program-Verification-Dataset_tmp_tmpgbdrlnu__Dafny_advanced examples_OneHundredPrisonersAndALightbulb.dfy,tptp,vampire,predicates,VERIFICATION_TIMED_OUT,29866,4
ground_truth,Program-Verification-Dataset_tmp_tmpgbdrlnu__Dafny_advanced examples_OneHundredPrisonersAndALightbulb.dfy,tptp,vampire,arguments,VERIFICATION_TIMED_OUT,29866,4
ground_truth,Program-Verification-Dataset_tmp_tmpgbdrlnu__Dafny_advanced examples_OneHundredPrisonersAndALightbulb.dfy,smtlib,vampire,monomorphic,VERIFICATION_TIMED_OUT,29776,4
ground_truth,Program-Verification-Dataset_tmp_tmpgbdrlnu__Dafny_advanced examples_OneHundredPrisonersAndALightbulb.dfy,smtlib,vampire,predicates,VERIFICATION_TIMED_OUT,29816,4
ground_truth,Program-Verification-Dataset_tmp_tmpgbdrlnu__Dafny_advanced examples_OneHundredPrisonersAndALightbulb.dfy,smtlib,vampire,arguments,VERIFICATION_TIMED_OUT,29738,4
ground_truth,Program-Verification-Dataset_tmp_tmpgbdrlnu__Dafny_advanced examples_OneHundredPrisonersAndALightbulb.dfy,smtlib,z3,monomorphic,VERIFIED,904,0
ground_truth,Program-Verification-Dataset_tmp_tmpgbdrlnu__Dafny_advanced examples_OneHundredPrisonersAndALightbulb.dfy,smtlib,z3,predicates,VERIFIED,884,0
ground_truth,Program-Verification-Dataset_tmp_tmpgbdrlnu__Dafny_advanced examples_OneHundredPrisonersAndALightbulb.dfy,smtlib,z3,arguments,VERIFIED,876,0
ground_truth,Program-Verification-Dataset_tmp_tmpgbdrlnu__Dafny_mathematical objects verification_examples_fast_exp.dfy,tptp,vampire,polymorphic,VERIFICATION_TIMED_OUT,58877,4
ground_truth,Program-Verification-Dataset_tmp_tmpgbdrlnu__Dafny_mathematical objects verification_examples_fast_exp.dfy,tptp,vampire,monomorphic,VERIFICATION_TIMED_OUT,31930,4
ground_truth,Program-Verification-Dataset_tmp_tmpgbdrlnu__Dafny_mathematical objects verification_examples_fast_exp.dfy,tptp,vampire,predicates,VERIFICATION_TIMED_OUT,58918,4
ground_truth,Program-Verification-Dataset_tmp_tmpgbdrlnu__Dafny_mathematical objects verification_examples_fast_exp.dfy,tptp,vampire,arguments,VERIFICATION_TIMED_OUT,58881,4
ground_truth,Program-Verification-Dataset_tmp_tmpgbdrlnu__Dafny_mathematical objects verification_examples_fast_exp.dfy,smtlib,vampire,monomorphic,VERIFICATION_TIMED_OUT,34114,4
ground_truth,Program-Verification-Dataset_tmp_tmpgbdrlnu__Dafny_mathematical objects verification_examples_fast_exp.dfy,smtlib,vampire,predicates,VERIFICATION_TIMED_OUT,58743,4
ground_truth,Program-Verification-Dataset_tmp_tmpgbdrlnu__Dafny_mathematical objects verification_examples_fast_exp.dfy,smtlib,vampire,arguments,VERIFICATION_TIMED_OUT,34106,4
ground_truth,Program-Verification-Dataset_tmp_tmpgbdrlnu__Dafny_mathematical objects verification_examples_fast_exp.dfy,smtlib,z3,monomorphic,VERIFIED,1052,0
ground_truth,Program-Verification-Dataset_tmp_tmpgbdrlnu__Dafny_mathematical objects verification_examples_fast_exp.dfy,smtlib,z3,predicates,VERIFIED,1022,0
ground_truth,Program-Verification-Dataset_tmp_tmpgbdrlnu__Dafny_mathematical objects verification_examples_fast_exp.dfy,smtlib,z3,arguments,VERIFIED,1032,0
ground_truth,ironsync-osdi2023_tmp_tmpx80antoe_linear-dafny_Test_git-issues_git-issue-1158.dfy,tptp,vampire,polymorphic,VERIFIED,1359,0
ground_truth,ironsync-osdi2023_tmp_tmpx80antoe_linear-dafny_Test_git-issues_git-issue-1158.dfy,tptp,vampire,monomorphic,VERIFIED,1067,0
ground_truth,ironsync-osdi2023_tmp_tmpx80antoe_linear-dafny_Test_git-issues_git-issue-1158.dfy,tptp,vampire,predicates,VERIFICATION_TIMED_OUT,29890,4
ground_truth,ironsync-osdi2023_tmp_tmpx80antoe_linear-dafny_Test_git-issues_git-issue-1158.dfy,tptp,vampire,arguments,VERIFIED,929,0
ground_truth,ironsync-osdi2023_tmp_tmpx80antoe_linear-dafny_Test_git-issues_git-issue-1158.dfy,smtlib,vampire,monomorphic,VERIFIED,948,0
ground_truth,ironsync-osdi2023_tmp_tmpx80antoe_linear-dafny_Test_git-issues_git-issue-1158.dfy,smtlib,vampire,predicates,VERIFICATION_TIMED_OUT,29792,4
ground_truth,ironsync-osdi2023_tmp_tmpx80antoe_linear-dafny_Test_git-issues_git-issue-1158.dfy,smtlib,vampire,arguments,VERIFIED,903,0
ground_truth,ironsync-osdi2023_tmp_tmpx80antoe_linear-dafny_Test_git-issues_git-issue-1158.dfy,smtlib,z3,monomorphic,VERIFIED,889,0
ground_truth,ironsync-osdi2023_tmp_tmpx80antoe_linear-dafny_Test_git-issues_git-issue-1158.dfy,smtlib,z3,predicates,VERIFIED,867,0
ground_truth,ironsync-osdi2023_tmp_tmpx80antoe_linear-dafny_Test_git-issues_git-issue-1158.dfy,smtlib,z3,arguments,VERIFIED,860,0
ground_truth,dafny-synthesis_task_id_307.dfy,tptp,vampire,polymorphic,VERIFICATION_TIMED_OUT,29740,4
ground_truth,dafny-synthesis_task_id_307.dfy,tptp,vampire,monomorphic,VERIFICATION_TIMED_OUT,29857,4
ground_truth,dafny-synthesis_task_id_307.dfy,tptp,vampire,predicates,VERIFICATION_TIMED_OUT,29797,4
ground_truth,dafny-synthesis_task_id_307.dfy,tptp,vampire,arguments,VERIFIED,21775,0
ground_truth,dafny-synthesis_task_id_307.dfy,smtlib,vampire,monomorphic,VERIFIED,10765,0
ground_truth,dafny-synthesis_task_id_307.dfy,smtlib,vampire,predicates,VERIFICATION_TIMED_OUT,29703,4
ground_truth,dafny-synthesis_task_id_307.dfy,smtlib,vampire,arguments,VERIFIED,22298,0
ground_truth,dafny-synthesis_task_id_307.dfy,smtlib,z3,monomorphic,VERIFIED,863,0
ground_truth,dafny-synthesis_task_id_307.dfy,smtlib,z3,predicates,VERIFIED,851,0
ground_truth,dafny-synthesis_task_id_307.dfy,smtlib,z3,arguments,VERIFIED,833,0
ground_truth,Formal-methods-of-software-development_tmp_tmppryvbyty_Bloque 2_Lab6.dfy,tptp,vampire,polymorphic,VERIFICATION_TIMED_OUT,30218,4
ground_truth,Formal-methods-of-software-development_tmp_tmppryvbyty_Bloque 2_Lab6.dfy,tptp,vampire,monomorphic,VERIFICATION_TIMED_OUT,29880,4
ground_truth,Formal-methods-of-software-development_tmp_tmppryvbyty_Bloque 2_Lab6.dfy,tptp,vampire,predicates,VERIFICATION_TIMED_OUT,29912,4
ground_truth,Formal-methods-of-software-development_tmp_tmppryvbyty_Bloque 2_Lab6.dfy,tptp,vampire,arguments,VERIFICATION_TIMED_OUT,29850,4
ground_truth,Formal-methods-of-software-development_tmp_tmppryvbyty_Bloque 2_Lab6.dfy,smtlib,vampire,monomorphic,VERIFICATION_TIMED_OUT,29801,4
ground_truth,Formal-methods-of-software-development_tmp_tmppryvbyty_Bloque 2_Lab6.dfy,smtlib,vampire,predicates,VERIFICATION_TIMED_OUT,29846,4
ground_truth,Formal-methods-of-software-development_tmp_tmppryvbyty_Bloque 2_Lab6.dfy,smtlib,vampire,arguments,VERIFICATION_TIMED_OUT,29804,4
ground_truth,Formal-methods-of-software-development_tmp_tmppryvbyty_Bloque 2_Lab6.dfy,smtlib,z3,monomorphic,VERIFIED,961,0
ground_truth,Formal-methods-of-software-development_tmp_tmppryvbyty_Bloque 2_Lab6.dfy,smtlib,z3,predicates,VERIFIED,906,0
ground_truth,Formal-methods-of-software-development_tmp_tmppryvbyty_Bloque 2_Lab6.dfy,smtlib,z3,arguments,VERIFIED,910,0
ground_truth,dafny-exercise_tmp_tmpouftptir_absIt.dfy,tptp,vampire,polymorphic,VERIFICATION_TIMED_OUT,29925,4
ground_truth,dafny-exercise_tmp_tmpouftptir_absIt.dfy,tptp,vampire,monomorphic,VERIFICATION_TIMED_OUT,29895,4
ground_truth,dafny-exercise_tmp_tmpouftptir_absIt.dfy,tptp,vampire,predicates,VERIFICATION_TIMED_OUT,29870,4
ground_truth,dafny-exercise_tmp_tmpouftptir_absIt.dfy,tptp,vampire,arguments,VERIFICATION_TIMED_OUT,29838,4
ground_truth,dafny-exercise_tmp_tmpouftptir_absIt.dfy,smtlib,vampire,monomorphic,VERIFICATION_TIMED_OUT,29839,4
ground_truth,dafny-exercise_tmp_tmpouftptir_absIt.dfy,smtlib,vampire,predicates,VERIFICATION_TIMED_OUT,29838,4
ground_truth,dafny-exercise_tmp_tmpouftptir_absIt.dfy,smtlib,vampire,arguments,VERIFICATION_TIMED_OUT,29801,4
ground_truth,dafny-exercise_tmp_tmpouftptir_absIt.dfy,smtlib,z3,monomorphic,VERIFIED,961,0
ground_truth,dafny-exercise_tmp_tmpouftptir_absIt.dfy,smtlib,z3,predicates,VERIFIED,921,0
ground_truth,dafny-exercise_tmp_tmpouftptir_absIt.dfy,smtlib,z3,arguments,VERIFIED,907,0
ground_truth,ironsync-osdi2023_tmp_tmpx80antoe_linear-dafny_Test_c++_arrays.dfy,tptp,vampire,polymorphic,VERIFICATION_TIMED_OUT,29966,4
ground_truth,ironsync-osdi2023_tmp_tmpx80antoe_linear-dafny_Test_c++_arrays.dfy,tptp,vampire,monomorphic,VERIFICATION_TIMED_OUT,29948,4
ground_truth,ironsync-osdi2023_tmp_tmpx80antoe_linear-dafny_Test_c++_arrays.dfy,tptp,vampire,predicates,VERIFICATION_TIMED_OUT,29875,4
ground_truth,ironsync-osdi2023_tmp_tmpx80antoe_linear-dafny_Test_c++_arrays.dfy,tptp,vampire,arguments,VERIFICATION_TIMED_OUT,29856,4
ground_truth,ironsync-osdi2023_tmp_tmpx80antoe_linear-dafny_Test_c++_arrays.dfy,smtlib,vampire,monomorphic,VERIFICATION_TIMED_OUT,29918,4
ground_truth,ironsync-osdi2023_tmp_tmpx80antoe_linear-dafny_Test_c++_arrays.dfy,smtlib,vampire,predicates,VERIFICATION_TIMED_OUT,29880,4
ground_truth,ironsync-osdi2023_tmp_tmpx80antoe_linear-dafny_Test_c++_arrays.dfy,smtlib,vampire,arguments,VERIFICATION_TIMED_OUT,29778,4
ground_truth,ironsync-osdi2023_tmp_tmpx80antoe_linear-dafny_Test_c++_arrays.dfy,smtlib,z3,monomorphic,VERIFIED,923,0
ground_truth,ironsync-osdi2023_tmp_tmpx80antoe_linear-dafny_Test_c++_arrays.dfy,smtlib,z3,predicates,VERIFIED,901,0
ground_truth,ironsync-osdi2023_tmp_tmpx80antoe_linear-dafny_Test_c++_arrays.dfy,smtlib,z3,arguments,VERIFIED,890,0
ground_truth,Dafny-Exercises_tmp_tmpjm75muf__Session7Exercises_ExerciseSelSort.dfy,tptp,vampire,polymorphic,VERIFICATION_TIMED_OUT,29832,4
ground_truth,Dafny-Exercises_tmp_tmpjm75muf__Session7Exercises_ExerciseSelSort.dfy,tptp,vampire,monomorphic,VERIFICATION_TIMED_OUT,29909,4
ground_truth,Dafny-Exercises_tmp_tmpjm75muf__Session7Exercises_ExerciseSelSort.dfy,tptp,vampire,predicates,VERIFICATION_TIMED_OUT,29897,4
ground_truth,Dafny-Exercises_tmp_tmpjm75muf__Session7Exercises_ExerciseSelSort.dfy,tptp,vampire,arguments,VERIFICATION_TIMED_OUT,29903,4
ground_truth,Dafny-Exercises_tmp_tmpjm75muf__Session7Exercises_ExerciseSelSort.dfy,smtlib,vampire,monomorphic,VERIFICATION_TIMED_OUT,29882,4
ground_truth,Dafny-Exercises_tmp_tmpjm75muf__Session7Exercises_ExerciseSelSort.dfy,smtlib,vampire,predicates,VERIFICATION_TIMED_OUT,29782,4
ground_truth,Dafny-Exercises_tmp_tmpjm75muf__Session7Exercises_ExerciseSelSort.dfy,smtlib,vampire,arguments,VERIFICATION_TIMED_OUT,29845,4
ground_truth,Dafny-Exercises_tmp_tmpjm75muf__Session7Exercises_ExerciseSelSort.dfy,smtlib,z3,monomorphic,VERIFIED,3690,0
ground_truth,Dafny-Exercises_tmp_tmpjm75muf__Session7Exercises_ExerciseSelSort.dfy,smtlib,z3,predicates,VERIFIED,1269,0
ground_truth,Dafny-Exercises_tmp_tmpjm75muf__Session7Exercises_ExerciseSelSort.dfy,smtlib,z3,arguments,VERIFIED,1126,0
ground_truth,dafny-synthesis_task_id_574.dfy,tptp,vampire,polymorphic,VERIFIED,788,0
ground_truth,dafny-synthesis_task_id_574.dfy,tptp,vampire,monomorphic,VERIFIED,837,0
ground_truth,dafny-synthesis_task_id_574.dfy,tptp,vampire,predicates,VERIFIED,806,0
ground_truth,dafny-synthesis_task_id_574.dfy,tptp,vampire,arguments,VERIFIED,788,0
ground_truth,dafny-synthesis_task_id_574.dfy,smtlib,vampire,monomorphic,VERIFIED,772,0
ground_truth,dafny-synthesis_task_id_574.dfy,smtlib,vampire,predicates,VERIFIED,765,0
ground_truth,dafny-synthesis_task_id_574.dfy,smtlib,vampire,arguments,VERIFIED,751,0
ground_truth,dafny-synthesis_task_id_574.dfy,smtlib,z3,monomorphic,VERIFIED,781,0
ground_truth,dafny-synthesis_task_id_574.dfy,smtlib,z3,predicates,VERIFIED,747,0
ground_truth,dafny-synthesis_task_id_574.dfy,smtlib,z3,arguments,VERIFIED,747,0
ground_truth,dafny-duck_tmp_tmplawbgxjo_ex3.dfy,tptp,vampire,polymorphic,VERIFICATION_TIMED_OUT,29928,4
ground_truth,dafny-duck_tmp_tmplawbgxjo_ex3.dfy,tptp,vampire,monomorphic,VERIFICATION_TIMED_OUT,29929,4
ground_truth,dafny-duck_tmp_tmplawbgxjo_ex3.dfy,tptp,vampire,predicates,VERIFICATION_TIMED_OUT,29859,4
ground_truth,dafny-duck_tmp_tmplawbgxjo_ex3.dfy,tptp,vampire,arguments,VERIFICATION_TIMED_OUT,29831,4
ground_truth,dafny-duck_tmp_tmplawbgxjo_ex3.dfy,smtlib,vampire,monomorphic,VERIFICATION_TIMED_OUT,29851,4
ground_truth,dafny-duck_tmp_tmplawbgxjo_ex3.dfy,smtlib,vampire,predicates,VERIFICATION_TIMED_OUT,29773,4
ground_truth,dafny-duck_tmp_tmplawbgxjo_ex3.dfy,smtlib,vampire,arguments,VERIFICATION_TIMED_OUT,29805,4
ground_truth,dafny-duck_tmp_tmplawbgxjo_ex3.dfy,smtlib,z3,monomorphic,VERIFIED,1036,0
ground_truth,dafny-duck_tmp_tmplawbgxjo_ex3.dfy,smtlib,z3,predicates,NOT_VERIFIED,936,4
ground_truth,dafny-duck_tmp_tmplawbgxjo_ex3.dfy,smtlib,z3,arguments,VERIFIED,963,0
ground_truth,Final-Project-Dafny_tmp_tmpmcywuqox_Attempts_Exercise3_Increment_Array.dfy,tptp,vampire,polymorphic,VERIFICATION_TIMED_OUT,29833,4
ground_truth,Final-Project-Dafny_tmp_tmpmcywuqox_Attempts_Exercise3_Increment_Array.dfy,tptp,vampire,monomorphic,VERIFICATION_TIMED_OUT,29857,4
ground_truth,Final-Project-Dafny_tmp_tmpmcywuqox_Attempts_Exercise3_Increment_Array.dfy,tptp,vampire,predicates,VERIFICATION_TIMED_OUT,29833,4
ground_truth,Final-Project-Dafny_tmp_tmpmcywuqox_Attempts_Exercise3_Increment_Array.dfy,tptp,vampire,arguments,VERIFICATION_TIMED_OUT,29789,4
ground_truth,Final-Project-Dafny_tmp_tmpmcywuqox_Attempts_Exercise3_Increment_Array.dfy,smtlib,vampire,monomorphic,VERIFICATION_TIMED_OUT,29794,4
ground_truth,Final-Project-Dafny_tmp_tmpmcywuqox_Attempts_Exercise3_Increment_Array.dfy,smtlib,vampire,predicates,VERIFICATION_TIMED_OUT,29774,4
ground_truth,Final-Project-Dafny_tmp_tmpmcywuqox_Attempts_Exercise3_Increment_Array.dfy,smtlib,vampire,arguments,VERIFICATION_TIMED_OUT,29705,4
ground_truth,Final-Project-Dafny_tmp_tmpmcywuqox_Attempts_Exercise3_Increment_Array.dfy,smtlib,z3,monomorphic,VERIFIED,876,0
ground_truth,Final-Project-Dafny_tmp_tmpmcywuqox_Attempts_Exercise3_Increment_Array.dfy,smtlib,z3,predicates,VERIFIED,856,0
ground_truth,Final-Project-Dafny_tmp_tmpmcywuqox_Attempts_Exercise3_Increment_Array.dfy,smtlib,z3,arguments,VERIFIED,851,0
ground_truth,formal-methods-in-software-engineering_tmp_tmpe7fjnek6_Labs2_hw1.dfy,tptp,vampire,polymorphic,VERIFIED,12681,0
ground_truth,formal-methods-in-software-engineering_tmp_tmpe7fjnek6_Labs2_hw1.dfy,tptp,vampire,monomorphic,VERIFIED,15121,0
ground_truth,formal-methods-in-software-engineering_tmp_tmpe7fjnek6_Labs2_hw1.dfy,tptp,vampire,predicates,VERIFICATION_TIMED_OUT,29855,4
ground_truth,formal-methods-in-software-engineering_tmp_tmpe7fjnek6_Labs2_hw1.dfy,tptp,vampire,arguments,VERIFIED,2904,0
ground_truth,formal-methods-in-software-engineering_tmp_tmpe7fjnek6_Labs2_hw1.dfy,smtlib,vampire,monomorphic,VERIFIED,19519,0
ground_truth,formal-methods-in-software-engineering_tmp_tmpe7fjnek6_Labs2_hw1.dfy,smtlib,vampire,predicates,VERIFICATION_TIMED_OUT,29834,4
ground_truth,formal-methods-in-software-engineering_tmp_tmpe7fjnek6_Labs2_hw1.dfy,smtlib,vampire,arguments,VERIFIED,2956,0
ground_truth,formal-methods-in-software-engineering_tmp_tmpe7fjnek6_Labs2_hw1.dfy,smtlib,z3,monomorphic,VERIFIED,940,0
ground_truth,formal-methods-in-software-engineering_tmp_tmpe7fjnek6_Labs2_hw1.dfy,smtlib,z3,predicates,VERIFIED,894,0
ground_truth,formal-methods-in-software-engineering_tmp_tmpe7fjnek6_Labs2_hw1.dfy,smtlib,z3,arguments,VERIFIED,883,0
ground_truth,HATRA-2022-Paper_tmp_tmp5texxy8l_copilot_verification_Sort Array_sort_array.dfy,tptp,vampire,polymorphic,VERIFICATION_TIMED_OUT,29836,4
ground_truth,HATRA-2022-Paper_tmp_tmp5texxy8l_copilot_verification_Sort Array_sort_array.dfy,tptp,vampire,monomorphic,VERIFICATION_TIMED_OUT,29979,4
ground_truth,HATRA-2022-Paper_tmp_tmp5texxy8l_copilot_verification_Sort Array_sort_array.dfy,tptp,vampire,predicates,VERIFICATION_TIMED_OUT,29889,4
ground_truth,HATRA-2022-Paper_tmp_tmp5texxy8l_copilot_verification_Sort Array_sort_array.dfy,tptp,vampire,arguments,VERIFICATION_TIMED_OUT,29834,4
ground_truth,HATRA-2022-Paper_tmp_tmp5texxy8l_copilot_verification_Sort Array_sort_array.dfy,smtlib,vampire,monomorphic,VERIFICATION_TIMED_OUT,29845,4
ground_truth,HATRA-2022-Paper_tmp_tmp5texxy8l_copilot_verification_Sort Array_sort_array.dfy,smtlib,vampire,predicates,VERIFICATION_TIMED_OUT,29877,4
ground_truth,HATRA-2022-Paper_tmp_tmp5texxy8l_copilot_verification_Sort Array_sort_array.dfy,smtlib,vampire,arguments,VERIFICATION_TIMED_OUT,29792,4
ground_truth,HATRA-2022-Paper_tmp_tmp5texxy8l_copilot_verification_Sort Array_sort_array.dfy,smtlib,z3,monomorphic,VERIFIED,1544,0
ground_truth,HATRA-2022-Paper_tmp_tmp5texxy8l_copilot_verification_Sort Array_sort_array.dfy,smtlib,z3,predicates,VERIFIED,1878,0
ground_truth,HATRA-2022-Paper_tmp_tmp5texxy8l_copilot_verification_Sort Array_sort_array.dfy,smtlib,z3,arguments,VERIFIED,2918,0
ground_truth,Correctness_tmp_tmpwqvg5q_4_Sorting_Tangent.dfy,tptp,vampire,polymorphic,VERIFICATION_TIMED_OUT,29851,4
ground_truth,Correctness_tmp_tmpwqvg5q_4_Sorting_Tangent.dfy,tptp,vampire,monomorphic,VERIFICATION_TIMED_OUT,29928,4
ground_truth,Correctness_tmp_tmpwqvg5q_4_Sorting_Tangent.dfy,tptp,vampire,predicates,VERIFICATION_TIMED_OUT,29880,4
ground_truth,Correctness_tmp_tmpwqvg5q_4_Sorting_Tangent.dfy,tptp,vampire,arguments,VERIFICATION_TIMED_OUT,29840,4
ground_truth,Correctness_tmp_tmpwqvg5q_4_Sorting_Tangent.dfy,smtlib,vampire,monomorphic,VERIFICATION_TIMED_OUT,29857,4
ground_truth,Correctness_tmp_tmpwqvg5q_4_Sorting_Tangent.dfy,smtlib,vampire,predicates,VERIFICATION_TIMED_OUT,29837,4
ground_truth,Correctness_tmp_tmpwqvg5q_4_Sorting_Tangent.dfy,smtlib,vampire,arguments,VERIFICATION_TIMED_OUT,29785,4
ground_truth,Correctness_tmp_tmpwqvg5q_4_Sorting_Tangent.dfy,smtlib,z3,monomorphic,VERIFIED,967,0
ground_truth,Correctness_tmp_tmpwqvg5q_4_Sorting_Tangent.dfy,smtlib,z3,predicates,VERIFIED,947,0
ground_truth,Correctness_tmp_tmpwqvg5q_4_Sorting_Tangent.dfy,smtlib,z3,arguments,VERIFIED,916,0
ground_truth,Correctness_tmp_tmpwqvg5q_4_MethodCalls_q1.dfy,tptp,vampire,polymorphic,VERIFICATION_TIMED_OUT,30022,4
ground_truth,Correctness_tmp_tmpwqvg5q_4_MethodCalls_q1.dfy,tptp,vampire,monomorphic,VERIFICATION_TIMED_OUT,29857,4
ground_truth,Correctness_tmp_tmpwqvg5q_4_MethodCalls_q1.dfy,tptp,vampire,predicates,VERIFICATION_TIMED_OUT,29825,4
ground_truth,Correctness_tmp_tmpwqvg5q_4_MethodCalls_q1.dfy,tptp,vampire,arguments,VERIFICATION_TIMED_OUT,29813,4
ground_truth,Correctness_tmp_tmpwqvg5q_4_MethodCalls_q1.dfy,smtlib,vampire,monomorphic,VERIFICATION_TIMED_OUT,29821,4
ground_truth,Correctness_tmp_tmpwqvg5q_4_MethodCalls_q1.dfy,smtlib,vampire,predicates,VERIFICATION_TIMED_OUT,29773,4
ground_truth,Correctness_tmp_tmpwqvg5q_4_MethodCalls_q1.dfy,smtlib,vampire,arguments,VERIFICATION_TIMED_OUT,29798,4
ground_truth,Correctness_tmp_tmpwqvg5q_4_MethodCalls_q1.dfy,smtlib,z3,monomorphic,VERIFIED,1128,0
ground_truth,Correctness_tmp_tmpwqvg5q_4_MethodCalls_q1.dfy,smtlib,z3,predicates,VERIFIED,1102,0
ground_truth,Correctness_tmp_tmpwqvg5q_4_MethodCalls_q1.dfy,smtlib,z3,arguments,VERIFICATION_TIMED_OUT,30891,4
ground_truth,Clover_seq_to_array.dfy,tptp,vampire,polymorphic,VERIFIED,11991,0
ground_truth,Clover_seq_to_array.dfy,tptp,vampire,monomorphic,VERIFIED,17578,0
ground_truth,Clover_seq_to_array.dfy,tptp,vampire,predicates,VERIFICATION_TIMED_OUT,29807,4
ground_truth,Clover_seq_to_array.dfy,tptp,vampire,arguments,VERIFIED,19339,0
ground_truth,Clover_seq_to_array.dfy,smtlib,vampire,monomorphic,VERIFIED,2946,0
ground_truth,Clover_seq_to_array.dfy,smtlib,vampire,predicates,VERIFICATION_TIMED_OUT,29743,4
ground_truth,Clover_seq_to_array.dfy,smtlib,vampire,arguments,VERIFIED,2836,0
ground_truth,Clover_seq_to_array.dfy,smtlib,z3,monomorphic,VERIFIED,845,0
ground_truth,Clover_seq_to_array.dfy,smtlib,z3,predicates,VERIFIED,828,0
ground_truth,Clover_seq_to_array.dfy,smtlib,z3,arguments,VERIFIED,815,0
ground_truth,Dafny_Verify_tmp_tmphq7j0row_dataset_C_convert_examples_07.dfy,tptp,vampire,polymorphic,VERIFIED,900,0
ground_truth,Dafny_Verify_tmp_tmphq7j0row_dataset_C_convert_examples_07.dfy,tptp,vampire,monomorphic,VERIFIED,953,0
ground_truth,Dafny_Verify_tmp_tmphq7j0row_dataset_C_convert_examples_07.dfy,tptp,vampire,predicates,VERIFIED,992,0
ground_truth,Dafny_Verify_tmp_tmphq7j0row_dataset_C_convert_examples_07.dfy,tptp,vampire,arguments,VERIFIED,987,0
ground_truth,Dafny_Verify_tmp_tmphq7j0row_dataset_C_convert_examples_07.dfy,smtlib,vampire,monomorphic,VERIFIED,980,0
ground_truth,Dafny_Verify_tmp_tmphq7j0row_dataset_C_convert_examples_07.dfy,smtlib,vampire,predicates,VERIFIED,982,0
ground_truth,Dafny_Verify_tmp_tmphq7j0row_dataset_C_convert_examples_07.dfy,smtlib,vampire,arguments,VERIFIED,862,0
ground_truth,Dafny_Verify_tmp_tmphq7j0row_dataset_C_convert_examples_07.dfy,smtlib,z3,monomorphic,VERIFIED,814,0
ground_truth,Dafny_Verify_tmp_tmphq7j0row_dataset_C_convert_examples_07.dfy,smtlib,z3,predicates,VERIFIED,795,0
ground_truth,Dafny_Verify_tmp_tmphq7j0row_dataset_C_convert_examples_07.dfy,smtlib,z3,arguments,VERIFIED,793,0
ground_truth,dafny-synthesis_task_id_572.dfy,tptp,vampire,polymorphic,VERIFICATION_TIMED_OUT,29848,4
ground_truth,dafny-synthesis_task_id_572.dfy,tptp,vampire,monomorphic,VERIFICATION_TIMED_OUT,29846,4
ground_truth,dafny-synthesis_task_id_572.dfy,tptp,vampire,predicates,VERIFICATION_TIMED_OUT,29867,4
ground_truth,dafny-synthesis_task_id_572.dfy,tptp,vampire,arguments,VERIFICATION_TIMED_OUT,29832,4
ground_truth,dafny-synthesis_task_id_572.dfy,smtlib,vampire,monomorphic,VERIFICATION_TIMED_OUT,29778,4
ground_truth,dafny-synthesis_task_id_572.dfy,smtlib,vampire,predicates,VERIFICATION_TIMED_OUT,29709,4
ground_truth,dafny-synthesis_task_id_572.dfy,smtlib,vampire,arguments,VERIFICATION_TIMED_OUT,29735,4
ground_truth,dafny-synthesis_task_id_572.dfy,smtlib,z3,monomorphic,VERIFIED,892,0
ground_truth,dafny-synthesis_task_id_572.dfy,smtlib,z3,predicates,VERIFIED,849,0
ground_truth,dafny-synthesis_task_id_572.dfy,smtlib,z3,arguments,VERIFIED,846,0
ground_truth,Formal-Methods-Project_tmp_tmphh2ar2xv_BubbleSort.dfy,tptp,vampire,polymorphic,VERIFICATION_TIMED_OUT,29883,4
ground_truth,Formal-Methods-Project_tmp_tmphh2ar2xv_BubbleSort.dfy,tptp,vampire,monomorphic,VERIFICATION_TIMED_OUT,29941,4
ground_truth,Formal-Methods-Project_tmp_tmphh2ar2xv_BubbleSort.dfy,tptp,vampire,predicates,VERIFICATION_TIMED_OUT,29943,4
ground_truth,Formal-Methods-Project_tmp_tmphh2ar2xv_BubbleSort.dfy,tptp,vampire,arguments,VERIFICATION_TIMED_OUT,29824,4
ground_truth,Formal-Methods-Project_tmp_tmphh2ar2xv_BubbleSort.dfy,smtlib,vampire,monomorphic,VERIFICATION_TIMED_OUT,29875,4
ground_truth,Formal-Methods-Project_tmp_tmphh2ar2xv_BubbleSort.dfy,smtlib,vampire,predicates,VERIFICATION_TIMED_OUT,29844,4
ground_truth,Formal-Methods-Project_tmp_tmphh2ar2xv_BubbleSort.dfy,smtlib,vampire,arguments,VERIFICATION_TIMED_OUT,29773,4
ground_truth,Formal-Methods-Project_tmp_tmphh2ar2xv_BubbleSort.dfy,smtlib,z3,monomorphic,VERIFIED,1283,0
ground_truth,Formal-Methods-Project_tmp_tmphh2ar2xv_BubbleSort.dfy,smtlib,z3,predicates,VERIFIED,1056,0
ground_truth,Formal-Methods-Project_tmp_tmphh2ar2xv_BubbleSort.dfy,smtlib,z3,arguments,VERIFIED,1037,0
ground_truth,dafny-synthesis_task_id_238.dfy,tptp,vampire,polymorphic,VERIFIED,857,0
ground_truth,dafny-synthesis_task_id_238.dfy,tptp,vampire,monomorphic,VERIFIED,891,0
ground_truth,dafny-synthesis_task_id_238.dfy,tptp,vampire,predicates,VERIFIED,872,0
ground_truth,dafny-synthesis_task_id_238.dfy,tptp,vampire,arguments,VERIFIED,870,0
ground_truth,dafny-synthesis_task_id_238.dfy,smtlib,vampire,monomorphic,VERIFIED,861,0
ground_truth,dafny-synthesis_task_id_238.dfy,smtlib,vampire,predicates,VERIFIED,827,0
ground_truth,dafny-synthesis_task_id_238.dfy,smtlib,vampire,arguments,VERIFIED,938,0
ground_truth,dafny-synthesis_task_id_238.dfy,smtlib,z3,monomorphic,VERIFIED,775,0
ground_truth,dafny-synthesis_task_id_238.dfy,smtlib,z3,predicates,VERIFIED,761,0
ground_truth,dafny-synthesis_task_id_238.dfy,smtlib,z3,arguments,VERIFIED,748,0
ground_truth,Software-building-and-verification-Projects_tmp_tmp5tm1srrn_CVS-projeto_aula2.dfy,tptp,vampire,polymorphic,VERIFIED,1369,0
ground_truth,Software-building-and-verification-Projects_tmp_tmp5tm1srrn_CVS-projeto_aula2.dfy,tptp,vampire,monomorphic,VERIFIED,1036,0
ground_truth,Software-building-and-verification-Projects_tmp_tmp5tm1srrn_CVS-projeto_aula2.dfy,tptp,vampire,predicates,VERIFIED,1053,0
ground_truth,Software-building-and-verification-Projects_tmp_tmp5tm1srrn_CVS-projeto_aula2.dfy,tptp,vampire,arguments,VERIFIED,1052,0
ground_truth,Software-building-and-verification-Projects_tmp_tmp5tm1srrn_CVS-projeto_aula2.dfy,smtlib,vampire,monomorphic,VERIFIED,997,0
ground_truth,Software-building-and-verification-Projects_tmp_tmp5tm1srrn_CVS-projeto_aula2.dfy,smtlib,vampire,predicates,VERIFIED,1077,0
ground_truth,Software-building-and-verification-Projects_tmp_tmp5tm1srrn_CVS-projeto_aula2.dfy,smtlib,vampire,arguments,VERIFIED,1003,0
ground_truth,Software-building-and-verification-Projects_tmp_tmp5tm1srrn_CVS-projeto_aula2.dfy,smtlib,z3,monomorphic,VERIFIED,849,0
ground_truth,Software-building-and-verification-Projects_tmp_tmp5tm1srrn_CVS-projeto_aula2.dfy,smtlib,z3,predicates,VERIFIED,811,0
ground_truth,Software-building-and-verification-Projects_tmp_tmp5tm1srrn_CVS-projeto_aula2.dfy,smtlib,z3,arguments,VERIFIED,807,0
ground_truth,Dafny-Exercises_tmp_tmpjm75muf__Session5Exercises_ExerciseSumElems.dfy,tptp,vampire,polymorphic,VERIFICATION_TIMED_OUT,58929,4
ground_truth,Dafny-Exercises_tmp_tmpjm75muf__Session5Exercises_ExerciseSumElems.dfy,tptp,vampire,monomorphic,VERIFICATION_TIMED_OUT,32772,4
ground_truth,Dafny-Exercises_tmp_tmpjm75muf__Session5Exercises_ExerciseSumElems.dfy,tptp,vampire,predicates,VERIFICATION_TIMED_OUT,60075,4
ground_truth,Dafny-Exercises_tmp_tmpjm75muf__Session5Exercises_ExerciseSumElems.dfy,tptp,vampire,arguments,VERIFICATION_TIMED_OUT,32628,4
ground_truth,Dafny-Exercises_tmp_tmpjm75muf__Session5Exercises_ExerciseSumElems.dfy,smtlib,vampire,monomorphic,VERIFICATION_TIMED_OUT,32313,4
ground_truth,Dafny-Exercises_tmp_tmpjm75muf__Session5Exercises_ExerciseSumElems.dfy,smtlib,vampire,predicates,VERIFICATION_TIMED_OUT,58793,4
ground_truth,Dafny-Exercises_tmp_tmpjm75muf__Session5Exercises_ExerciseSumElems.dfy,smtlib,vampire,arguments,VERIFICATION_TIMED_OUT,32629,4
ground_truth,Dafny-Exercises_tmp_tmpjm75muf__Session5Exercises_ExerciseSumElems.dfy,smtlib,z3,monomorphic,VERIFIED,1107,0
ground_truth,Dafny-Exercises_tmp_tmpjm75muf__Session5Exercises_ExerciseSumElems.dfy,smtlib,z3,predicates,VERIFIED,1091,0
ground_truth,Dafny-Exercises_tmp_tmpjm75muf__Session5Exercises_ExerciseSumElems.dfy,smtlib,z3,arguments,VERIFIED,1063,0
ground_truth,Dafny-demo_tmp_tmpkgr_dvdi_Dafny_BinarySearch.dfy,tptp,vampire,polymorphic,VERIFICATION_TIMED_OUT,29779,4
ground_truth,Dafny-demo_tmp_tmpkgr_dvdi_Dafny_BinarySearch.dfy,tptp,vampire,monomorphic,VERIFICATION_TIMED_OUT,29877,4
ground_truth,Dafny-demo_tmp_tmpkgr_dvdi_Dafny_BinarySearch.dfy,tptp,vampire,predicates,VERIFICATION_TIMED_OUT,29894,4
ground_truth,Dafny-demo_tmp_tmpkgr_dvdi_Dafny_BinarySearch.dfy,tptp,vampire,arguments,VERIFICATION_TIMED_OUT,29812,4
ground_truth,Dafny-demo_tmp_tmpkgr_dvdi_Dafny_BinarySearch.dfy,smtlib,vampire,monomorphic,VERIFIED,21418,0
ground_truth,Dafny-demo_tmp_tmpkgr_dvdi_Dafny_BinarySearch.dfy,smtlib,vampire,predicates,VERIFIED,22696,0
ground_truth,Dafny-demo_tmp_tmpkgr_dvdi_Dafny_BinarySearch.dfy,smtlib,vampire,arguments,VERIFIED,21850,0
ground_truth,Dafny-demo_tmp_tmpkgr_dvdi_Dafny_BinarySearch.dfy,smtlib,z3,monomorphic,VERIFIED,948,0
ground_truth,Dafny-demo_tmp_tmpkgr_dvdi_Dafny_BinarySearch.dfy,smtlib,z3,predicates,VERIFIED,911,0
ground_truth,Dafny-demo_tmp_tmpkgr_dvdi_Dafny_BinarySearch.dfy,smtlib,z3,arguments,VERIFIED,903,0
ground_truth,dafny-language-server_tmp_tmpkir0kenl_Test_dafny2_COST-verif-comp-2011-1-MaxArray.dfy,tptp,vampire,polymorphic,VERIFICATION_TIMED_OUT,29792,4
ground_truth,dafny-language-server_tmp_tmpkir0kenl_Test_dafny2_COST-verif-comp-2011-1-MaxArray.dfy,tptp,vampire,monomorphic,VERIFICATION_TIMED_OUT,29869,4
ground_truth,dafny-language-server_tmp_tmpkir0kenl_Test_dafny2_COST-verif-comp-2011-1-MaxArray.dfy,tptp,vampire,predicates,VERIFICATION_TIMED_OUT,29836,4
ground_truth,dafny-language-server_tmp_tmpkir0kenl_Test_dafny2_COST-verif-comp-2011-1-MaxArray.dfy,tptp,vampire,arguments,VERIFICATION_TIMED_OUT,29820,4
ground_truth,dafny-language-server_tmp_tmpkir0kenl_Test_dafny2_COST-verif-comp-2011-1-MaxArray.dfy,smtlib,vampire,monomorphic,VERIFICATION_TIMED_OUT,29777,4
ground_truth,dafny-language-server_tmp_tmpkir0kenl_Test_dafny2_COST-verif-comp-2011-1-MaxArray.dfy,smtlib,vampire,predicates,VERIFICATION_TIMED_OUT,29756,4
ground_truth,dafny-language-server_tmp_tmpkir0kenl_Test_dafny2_COST-verif-comp-2011-1-MaxArray.dfy,smtlib,vampire,arguments,VERIFICATION_TIMED_OUT,29748,4
ground_truth,dafny-language-server_tmp_tmpkir0kenl_Test_dafny2_COST-verif-comp-2011-1-MaxArray.dfy,smtlib,z3,monomorphic,VERIFIED,876,0
ground_truth,dafny-language-server_tmp_tmpkir0kenl_Test_dafny2_COST-verif-comp-2011-1-MaxArray.dfy,smtlib,z3,predicates,VERIFIED,859,0
ground_truth,dafny-language-server_tmp_tmpkir0kenl_Test_dafny2_COST-verif-comp-2011-1-MaxArray.dfy,smtlib,z3,arguments,VERIFIED,854,0
ground_truth,Dafny_tmp_tmp0wu8wmfr_Heimaverkefni 3_InsertionSortMultiset.dfy,tptp,vampire,polymorphic,VERIFICATION_TIMED_OUT,29838,4
ground_truth,Dafny_tmp_tmp0wu8wmfr_Heimaverkefni 3_InsertionSortMultiset.dfy,tptp,vampire,monomorphic,VERIFICATION_TIMED_OUT,29902,4
ground_truth,Dafny_tmp_tmp0wu8wmfr_Heimaverkefni 3_InsertionSortMultiset.dfy,tptp,vampire,predicates,VERIFICATION_TIMED_OUT,29909,4
ground_truth,Dafny_tmp_tmp0wu8wmfr_Heimaverkefni 3_InsertionSortMultiset.dfy,tptp,vampire,arguments,VERIFICATION_TIMED_OUT,29820,4
ground_truth,Dafny_tmp_tmp0wu8wmfr_Heimaverkefni 3_InsertionSortMultiset.dfy,smtlib,vampire,monomorphic,VERIFICATION_TIMED_OUT,29859,4
ground_truth,Dafny_tmp_tmp0wu8wmfr_Heimaverkefni 3_InsertionSortMultiset.dfy,smtlib,vampire,predicates,VERIFICATION_TIMED_OUT,29827,4
ground_truth,Dafny_tmp_tmp0wu8wmfr_Heimaverkefni 3_InsertionSortMultiset.dfy,smtlib,vampire,arguments,VERIFICATION_TIMED_OUT,29833,4
ground_truth,Dafny_tmp_tmp0wu8wmfr_Heimaverkefni 3_InsertionSortMultiset.dfy,smtlib,z3,monomorphic,VERIFIED,1239,0
ground_truth,Dafny_tmp_tmp0wu8wmfr_Heimaverkefni 3_InsertionSortMultiset.dfy,smtlib,z3,predicates,VERIFIED,1196,0
ground_truth,Dafny_tmp_tmp0wu8wmfr_Heimaverkefni 3_InsertionSortMultiset.dfy,smtlib,z3,arguments,VERIFIED,1216,0
ground_truth,Program-Verification-Dataset_tmp_tmpgbdrlnu__Dafny_algorithms and leetcode_math_pearson.dfy,tptp,vampire,polymorphic,VERIFICATION_TIMED_OUT,30853,4
ground_truth,Program-Verification-Dataset_tmp_tmpgbdrlnu__Dafny_algorithms and leetcode_math_pearson.dfy,tptp,vampire,monomorphic,VERIFICATION_TIMED_OUT,30469,4
ground_truth,Program-Verification-Dataset_tmp_tmpgbdrlnu__Dafny_algorithms and leetcode_math_pearson.dfy,tptp,vampire,predicates,VERIFICATION_TIMED_OUT,59059,4
ground_truth,Program-Verification-Dataset_tmp_tmpgbdrlnu__Dafny_algorithms and leetcode_math_pearson.dfy,tptp,vampire,arguments,VERIFICATION_TIMED_OUT,30682,4
ground_truth,Program-Verification-Dataset_tmp_tmpgbdrlnu__Dafny_algorithms and leetcode_math_pearson.dfy,smtlib,vampire,monomorphic,VERIFICATION_TIMED_OUT,30336,4
ground_truth,Program-Verification-Dataset_tmp_tmpgbdrlnu__Dafny_algorithms and leetcode_math_pearson.dfy,smtlib,vampire,predicates,VERIFICATION_TIMED_OUT,33577,4
ground_truth,Program-Verification-Dataset_tmp_tmpgbdrlnu__Dafny_algorithms and leetcode_math_pearson.dfy,smtlib,vampire,arguments,VERIFICATION_TIMED_OUT,30406,4
ground_truth,Program-Verification-Dataset_tmp_tmpgbdrlnu__Dafny_algorithms and leetcode_math_pearson.dfy,smtlib,z3,monomorphic,NOT_VERIFIED,1489,4
ground_truth,Program-Verification-Dataset_tmp_tmpgbdrlnu__Dafny_algorithms and leetcode_math_pearson.dfy,smtlib,z3,predicates,NOT_VERIFIED,1711,4
ground_truth,Program-Verification-Dataset_tmp_tmpgbdrlnu__Dafny_algorithms and leetcode_math_pearson.dfy,smtlib,z3,arguments,NOT_VERIFIED,1249,4
ground_truth,cs357_tmp_tmpn4fsvwzs_lab7_question5.dfy,tptp,vampire,polymorphic,VERIFIED,1045,0
ground_truth,cs357_tmp_tmpn4fsvwzs_lab7_question5.dfy,tptp,vampire,monomorphic,VERIFIED,1499,0
ground_truth,cs357_tmp_tmpn4fsvwzs_lab7_question5.dfy,tptp,vampire,predicates,VERIFIED,1565,0
ground_truth,cs357_tmp_tmpn4fsvwzs_lab7_question5.dfy,tptp,vampire,arguments,VERIFIED,1116,0
ground_truth,cs357_tmp_tmpn4fsvwzs_lab7_question5.dfy,smtlib,vampire,monomorphic,VERIFIED,1058,0
ground_truth,cs357_tmp_tmpn4fsvwzs_lab7_question5.dfy,smtlib,vampire,predicates,VERIFIED,1110,0
ground_truth,cs357_tmp_tmpn4fsvwzs_lab7_question5.dfy,smtlib,vampire,arguments,VERIFIED,1208,0
ground_truth,cs357_tmp_tmpn4fsvwzs_lab7_question5.dfy,smtlib,z3,monomorphic,VERIFIED,852,0
ground_truth,cs357_tmp_tmpn4fsvwzs_lab7_question5.dfy,smtlib,z3,predicates,VERIFIED,819,0
ground_truth,cs357_tmp_tmpn4fsvwzs_lab7_question5.dfy,smtlib,z3,arguments,VERIFIED,812,0
ground_truth,Dafny_Verify_tmp_tmphq7j0row_AI_agent_verify_examples_Cube.dfy,tptp,vampire,polymorphic,VERIFIED,19296,0
ground_truth,Dafny_Verify_tmp_tmphq7j0row_AI_agent_verify_examples_Cube.dfy,tptp,vampire,monomorphic,VERIFIED,6605,0
ground_truth,Dafny_Verify_tmp_tmphq7j0row_AI_agent_verify_examples_Cube.dfy,tptp,vampire,predicates,VERIFIED,9894,0
ground_truth,Dafny_Verify_tmp_tmphq7j0row_AI_agent_verify_examples_Cube.dfy,tptp,vampire,arguments,VERIFIED,8153,0
ground_truth,Dafny_Verify_tmp_tmphq7j0row_AI_agent_verify_examples_Cube.dfy,smtlib,vampire,monomorphic,VERIFIED,8433,0
ground_truth,Dafny_Verify_tmp_tmphq7j0row_AI_agent_verify_examples_Cube.dfy,smtlib,vampire,predicates,VERIFIED,10473,0
ground_truth,Dafny_Verify_tmp_tmphq7j0row_AI_agent_verify_examples_Cube.dfy,smtlib,vampire,arguments,VERIFIED,10284,0
ground_truth,Dafny_Verify_tmp_tmphq7j0row_AI_agent_verify_examples_Cube.dfy,smtlib,z3,monomorphic,VERIFIED,826,0
ground_truth,Dafny_Verify_tmp_tmphq7j0row_AI_agent_verify_examples_Cube.dfy,smtlib,z3,predicates,VERIFIED,803,0
ground_truth,Dafny_Verify_tmp_tmphq7j0row_AI_agent_verify_examples_Cube.dfy,smtlib,z3,arguments,VERIFIED,790,0
ground_truth,cs245-verification_tmp_tmp0h_nxhqp_quicksort-partition.dfy,tptp,vampire,polymorphic,VERIFICATION_TIMED_OUT,29806,4
ground_truth,cs245-verification_tmp_tmp0h_nxhqp_quicksort-partition.dfy,tptp,vampire,monomorphic,VERIFICATION_TIMED_OUT,29812,4
ground_truth,cs245-verification_tmp_tmp0h_nxhqp_quicksort-partition.dfy,tptp,vampire,predicates,VERIFICATION_TIMED_OUT,29842,4
ground_truth,cs245-verification_tmp_tmp0h_nxhqp_quicksort-partition.dfy,tptp,vampire,arguments,VERIFICATION_TIMED_OUT,29777,4
ground_truth,cs245-verification_tmp_tmp0h_nxhqp_quicksort-partition.dfy,smtlib,vampire,monomorphic,VERIFICATION_TIMED_OUT,29809,4
ground_truth,cs245-verification_tmp_tmp0h_nxhqp_quicksort-partition.dfy,smtlib,vampire,predicates,VERIFICATION_TIMED_OUT,29738,4
ground_truth,cs245-verification_tmp_tmp0h_nxhqp_quicksort-partition.dfy,smtlib,vampire,arguments,VERIFICATION_TIMED_OUT,29748,4
ground_truth,cs245-verification_tmp_tmp0h_nxhqp_quicksort-partition.dfy,smtlib,z3,monomorphic,VERIFIED,954,0
ground_truth,cs245-verification_tmp_tmp0h_nxhqp_quicksort-partition.dfy,smtlib,z3,predicates,VERIFIED,895,0
ground_truth,cs245-verification_tmp_tmp0h_nxhqp_quicksort-partition.dfy,smtlib,z3,arguments,VERIFIED,895,0
ground_truth,DafnyProjects_tmp_tmp2acw_s4s_findMax.dfy,tptp,vampire,polymorphic,VERIFICATION_TIMED_OUT,29793,4
ground_truth,DafnyProjects_tmp_tmp2acw_s4s_findMax.dfy,tptp,vampire,monomorphic,VERIFICATION_TIMED_OUT,29890,4
ground_truth,DafnyProjects_tmp_tmp2acw_s4s_findMax.dfy,tptp,vampire,predicates,VERIFICATION_TIMED_OUT,29861,4
ground_truth,DafnyProjects_tmp_tmp2acw_s4s_findMax.dfy,tptp,vampire,arguments,VERIFICATION_TIMED_OUT,29834,4
ground_truth,DafnyProjects_tmp_tmp2acw_s4s_findMax.dfy,smtlib,vampire,monomorphic,VERIFICATION_TIMED_OUT,29777,4
ground_truth,DafnyProjects_tmp_tmp2acw_s4s_findMax.dfy,smtlib,vampire,predicates,VERIFICATION_TIMED_OUT,29827,4
ground_truth,DafnyProjects_tmp_tmp2acw_s4s_findMax.dfy,smtlib,vampire,arguments,VERIFICATION_TIMED_OUT,29810,4
ground_truth,DafnyProjects_tmp_tmp2acw_s4s_findMax.dfy,smtlib,z3,monomorphic,VERIFIED,1042,0
ground_truth,DafnyProjects_tmp_tmp2acw_s4s_findMax.dfy,smtlib,z3,predicates,VERIFIED,955,0
ground_truth,DafnyProjects_tmp_tmp2acw_s4s_findMax.dfy,smtlib,z3,arguments,VERIFIED,979,0
ground_truth,MFS_tmp_tmpmmnu354t_Praticas_TP9_Power.dfy,tptp,vampire,polymorphic,VERIFICATION_TIMED_OUT,29868,4
ground_truth,MFS_tmp_tmpmmnu354t_Praticas_TP9_Power.dfy,tptp,vampire,monomorphic,VERIFICATION_TIMED_OUT,29954,4
ground_truth,MFS_tmp_tmpmmnu354t_Praticas_TP9_Power.dfy,tptp,vampire,predicates,VERIFICATION_TIMED_OUT,29906,4
ground_truth,MFS_tmp_tmpmmnu354t_Praticas_TP9_Power.dfy,tptp,vampire,arguments,VERIFICATION_TIMED_OUT,29849,4
ground_truth,MFS_tmp_tmpmmnu354t_Praticas_TP9_Power.dfy,smtlib,vampire,monomorphic,VERIFICATION_TIMED_OUT,29904,4
ground_truth,MFS_tmp_tmpmmnu354t_Praticas_TP9_Power.dfy,smtlib,vampire,predicates,VERIFICATION_TIMED_OUT,29796,4
ground_truth,MFS_tmp_tmpmmnu354t_Praticas_TP9_Power.dfy,smtlib,vampire,arguments,VERIFICATION_TIMED_OUT,29829,4
ground_truth,MFS_tmp_tmpmmnu354t_Praticas_TP9_Power.dfy,smtlib,z3,monomorphic,NOT_VERIFIED,3469,4
ground_truth,MFS_tmp_tmpmmnu354t_Praticas_TP9_Power.dfy,smtlib,z3,predicates,NOT_VERIFIED,1135,4
ground_truth,MFS_tmp_tmpmmnu354t_Praticas_TP9_Power.dfy,smtlib,z3,arguments,NOT_VERIFIED,969,4
ground_truth,dafny-learn_tmp_tmpn94ir40q_R01_functions.dfy,tptp,vampire,polymorphic,VERIFIED,1027,0
ground_truth,dafny-learn_tmp_tmpn94ir40q_R01_functions.dfy,tptp,vampire,monomorphic,VERIFIED,1070,0
ground_truth,dafny-learn_tmp_tmpn94ir40q_R01_functions.dfy,tptp,vampire,predicates,VERIFIED,1016,0
ground_truth,dafny-learn_tmp_tmpn94ir40q_R01_functions.dfy,tptp,vampire,arguments,VERIFIED,1007,0
ground_truth,dafny-learn_tmp_tmpn94ir40q_R01_functions.dfy,smtlib,vampire,monomorphic,VERIFIED,1014,0
ground_truth,dafny-learn_tmp_tmpn94ir40q_R01_functions.dfy,smtlib,vampire,predicates,VERIFIED,987,0
ground_truth,dafny-learn_tmp_tmpn94ir40q_R01_functions.dfy,smtlib,vampire,arguments,VERIFIED,976,0
ground_truth,dafny-learn_tmp_tmpn94ir40q_R01_functions.dfy,smtlib,z3,monomorphic,VERIFIED,835,0
ground_truth,dafny-learn_tmp_tmpn94ir40q_R01_functions.dfy,smtlib,z3,predicates,VERIFIED,796,0
ground_truth,dafny-learn_tmp_tmpn94ir40q_R01_functions.dfy,smtlib,z3,arguments,VERIFIED,800,0
ground_truth,dafny-training_tmp_tmp_n2kixni_session1_training1.dfy,tptp,vampire,polymorphic,VERIFICATION_TIMED_OUT,29875,4
ground_truth,dafny-training_tmp_tmp_n2kixni_session1_training1.dfy,tptp,vampire,monomorphic,VERIFICATION_TIMED_OUT,29988,4
ground_truth,dafny-training_tmp_tmp_n2kixni_session1_training1.dfy,tptp,vampire,predicates,VERIFICATION_TIMED_OUT,29937,4
ground_truth,dafny-training_tmp_tmp_n2kixni_session1_training1.dfy,tptp,vampire,arguments,VERIFICATION_TIMED_OUT,29933,4
ground_truth,dafny-training_tmp_tmp_n2kixni_session1_training1.dfy,smtlib,vampire,monomorphic,VERIFICATION_TIMED_OUT,29891,4
ground_truth,dafny-training_tmp_tmp_n2kixni_session1_training1.dfy,smtlib,vampire,predicates,VERIFICATION_TIMED_OUT,29829,4
ground_truth,dafny-training_tmp_tmp_n2kixni_session1_training1.dfy,smtlib,vampire,arguments,VERIFICATION_TIMED_OUT,29838,4
ground_truth,dafny-training_tmp_tmp_n2kixni_session1_training1.dfy,smtlib,z3,monomorphic,VERIFIED,954,0
ground_truth,dafny-training_tmp_tmp_n2kixni_session1_training1.dfy,smtlib,z3,predicates,VERIFIED,903,0
ground_truth,dafny-training_tmp_tmp_n2kixni_session1_training1.dfy,smtlib,z3,arguments,VERIFIED,888,0
ground_truth,Final-Project-Dafny_tmp_tmpmcywuqox_Final_Project_3.dfy,tptp,vampire,polymorphic,VERIFIED,873,0
ground_truth,Final-Project-Dafny_tmp_tmpmcywuqox_Final_Project_3.dfy,tptp,vampire,monomorphic,VERIFIED,924,0
ground_truth,Final-Project-Dafny_tmp_tmpmcywuqox_Final_Project_3.dfy,tptp,vampire,predicates,VERIFIED,898,0
ground_truth,Final-Project-Dafny_tmp_tmpmcywuqox_Final_Project_3.dfy,tptp,vampire,arguments,VERIFIED,883,0
ground_truth,Final-Project-Dafny_tmp_tmpmcywuqox_Final_Project_3.dfy,smtlib,vampire,monomorphic,VERIFIED,876,0
ground_truth,Final-Project-Dafny_tmp_tmpmcywuqox_Final_Project_3.dfy,smtlib,vampire,predicates,VERIFIED,857,0
ground_truth,Final-Project-Dafny_tmp_tmpmcywuqox_Final_Project_3.dfy,smtlib,vampire,arguments,VERIFIED,842,0
ground_truth,Final-Project-Dafny_tmp_tmpmcywuqox_Final_Project_3.dfy,smtlib,z3,monomorphic,VERIFIED,818,0
ground_truth,Final-Project-Dafny_tmp_tmpmcywuqox_Final_Project_3.dfy,smtlib,z3,predicates,VERIFIED,780,0
ground_truth,Final-Project-Dafny_tmp_tmpmcywuqox_Final_Project_3.dfy,smtlib,z3,arguments,VERIFIED,780,0
ground_truth,cs245-verification_tmp_tmp0h_nxhqp_power.dfy,tptp,vampire,polymorphic,VERIFICATION_TIMED_OUT,29803,4
ground_truth,cs245-verification_tmp_tmp0h_nxhqp_power.dfy,tptp,vampire,monomorphic,VERIFICATION_TIMED_OUT,29876,4
ground_truth,cs245-verification_tmp_tmp0h_nxhqp_power.dfy,tptp,vampire,predicates,VERIFIED,13547,0
ground_truth,cs245-verification_tmp_tmp0h_nxhqp_power.dfy,tptp,vampire,arguments,VERIFIED,20653,0
ground_truth,cs245-verification_tmp_tmp0h_nxhqp_power.dfy,smtlib,vampire,monomorphic,VERIFIED,21450,0
ground_truth,cs245-verification_tmp_tmp0h_nxhqp_power.dfy,smtlib,vampire,predicates,VERIFIED,13998,0
ground_truth,cs245-verification_tmp_tmp0h_nxhqp_power.dfy,smtlib,vampire,arguments,VERIFIED,13716,0
ground_truth,cs245-verification_tmp_tmp0h_nxhqp_power.dfy,smtlib,z3,monomorphic,VERIFIED,873,0
ground_truth,cs245-verification_tmp_tmp0h_nxhqp_power.dfy,smtlib,z3,predicates,VERIFIED,845,0
ground_truth,cs245-verification_tmp_tmp0h_nxhqp_power.dfy,smtlib,z3,arguments,VERIFIED,837,0
ground_truth,dafny-exercise_tmp_tmpouftptir_prac4_ex2.dfy,tptp,vampire,polymorphic,VERIFICATION_TIMED_OUT,29830,4
ground_truth,dafny-exercise_tmp_tmpouftptir_prac4_ex2.dfy,tptp,vampire,monomorphic,VERIFICATION_TIMED_OUT,29925,4
ground_truth,dafny-exercise_tmp_tmpouftptir_prac4_ex2.dfy,tptp,vampire,predicates,VERIFICATION_TIMED_OUT,29873,4
ground_truth,dafny-exercise_tmp_tmpouftptir_prac4_ex2.dfy,tptp,vampire,arguments,VERIFICATION_TIMED_OUT,29914,4
ground_truth,dafny-exercise_tmp_tmpouftptir_prac4_ex2.dfy,smtlib,vampire,monomorphic,VERIFICATION_TIMED_OUT,29875,4
ground_truth,dafny-exercise_tmp_tmpouftptir_prac4_ex2.dfy,smtlib,vampire,predicates,VERIFICATION_TIMED_OUT,29857,4
ground_truth,dafny-exercise_tmp_tmpouftptir_prac4_ex2.dfy,smtlib,vampire,arguments,VERIFICATION_TIMED_OUT,29831,4
ground_truth,dafny-exercise_tmp_tmpouftptir_prac4_ex2.dfy,smtlib,z3,monomorphic,VERIFIED,1334,0
ground_truth,dafny-exercise_tmp_tmpouftptir_prac4_ex2.dfy,smtlib,z3,predicates,VERIFIED,1438,0
ground_truth,dafny-exercise_tmp_tmpouftptir_prac4_ex2.dfy,smtlib,z3,arguments,VERIFIED,1266,0
ground_truth,Final-Project-Dafny_tmp_tmpmcywuqox_Attempts_Insertion_Sorted_Standard.dfy,tptp,vampire,polymorphic,VERIFICATION_TIMED_OUT,29805,4
ground_truth,Final-Project-Dafny_tmp_tmpmcywuqox_Attempts_Insertion_Sorted_Standard.dfy,tptp,vampire,monomorphic,VERIFICATION_TIMED_OUT,29942,4
ground_truth,Final-Project-Dafny_tmp_tmpmcywuqox_Attempts_Insertion_Sorted_Standard.dfy,tptp,vampire,predicates,VERIFICATION_TIMED_OUT,29883,4
ground_truth,Final-Project-Dafny_tmp_tmpmcywuqox_Attempts_Insertion_Sorted_Standard.dfy,tptp,vampire,arguments,VERIFICATION_TIMED_OUT,29851,4
ground_truth,Final-Project-Dafny_tmp_tmpmcywuqox_Attempts_Insertion_Sorted_Standard.dfy,smtlib,vampire,monomorphic,VERIFICATION_TIMED_OUT,29839,4
ground_truth,Final-Project-Dafny_tmp_tmpmcywuqox_Attempts_Insertion_Sorted_Standard.dfy,smtlib,vampire,predicates,VERIFICATION_TIMED_OUT,29831,4
ground_truth,Final-Project-Dafny_tmp_tmpmcywuqox_Attempts_Insertion_Sorted_Standard.dfy,smtlib,vampire,arguments,VERIFICATION_TIMED_OUT,29729,4
ground_truth,Final-Project-Dafny_tmp_tmpmcywuqox_Attempts_Insertion_Sorted_Standard.dfy,smtlib,z3,monomorphic,VERIFIED,953,0
ground_truth,Final-Project-Dafny_tmp_tmpmcywuqox_Attempts_Insertion_Sorted_Standard.dfy,smtlib,z3,predicates,VERIFIED,904,0
ground_truth,Final-Project-Dafny_tmp_tmpmcywuqox_Attempts_Insertion_Sorted_Standard.dfy,smtlib,z3,arguments,VERIFIED,893,0
ground_truth,dafny-workout_tmp_tmp0abkw6f8_starter_ex01.dfy,tptp,vampire,polymorphic,VERIFIED,874,0
ground_truth,dafny-workout_tmp_tmp0abkw6f8_starter_ex01.dfy,tptp,vampire,monomorphic,VERIFIED,914,0
ground_truth,dafny-workout_tmp_tmp0abkw6f8_starter_ex01.dfy,tptp,vampire,predicates,VERIFIED,891,0
ground_truth,dafny-workout_tmp_tmp0abkw6f8_starter_ex01.dfy,tptp,vampire,arguments,VERIFIED,882,0
ground_truth,dafny-workout_tmp_tmp0abkw6f8_starter_ex01.dfy,smtlib,vampire,monomorphic,VERIFIED,880,0
ground_truth,dafny-workout_tmp_tmp0abkw6f8_starter_ex01.dfy,smtlib,vampire,predicates,VERIFIED,852,0
ground_truth,dafny-workout_tmp_tmp0abkw6f8_starter_ex01.dfy,smtlib,vampire,arguments,VERIFIED,850,0
ground_truth,dafny-workout_tmp_tmp0abkw6f8_starter_ex01.dfy,smtlib,z3,monomorphic,VERIFIED,821,0
ground_truth,dafny-workout_tmp_tmp0abkw6f8_starter_ex01.dfy,smtlib,z3,predicates,VERIFIED,786,0
ground_truth,dafny-workout_tmp_tmp0abkw6f8_starter_ex01.dfy,smtlib,z3,arguments,VERIFIED,790,0
ground_truth,dafny_tmp_tmp49a6ihvk_m4.dfy,tptp,vampire,polymorphic,VERIFICATION_TIMED_OUT,29836,4
ground_truth,dafny_tmp_tmp49a6ihvk_m4.dfy,tptp,vampire,monomorphic,VERIFICATION_TIMED_OUT,29934,4
ground_truth,dafny_tmp_tmp49a6ihvk_m4.dfy,tptp,vampire,predicates,VERIFICATION_TIMED_OUT,29928,4
ground_truth,dafny_tmp_tmp49a6ihvk_m4.dfy,tptp,vampire,arguments,VERIFICATION_TIMED_OUT,29878,4
ground_truth,dafny_tmp_tmp49a6ihvk_m4.dfy,smtlib,vampire,monomorphic,VERIFICATION_TIMED_OUT,29855,4
ground_truth,dafny_tmp_tmp49a6ihvk_m4.dfy,smtlib,vampire,predicates,VERIFICATION_TIMED_OUT,29851,4
ground_truth,dafny_tmp_tmp49a6ihvk_m4.dfy,smtlib,vampire,arguments,VERIFICATION_TIMED_OUT,29863,4
ground_truth,dafny_tmp_tmp49a6ihvk_m4.dfy,smtlib,z3,monomorphic,VERIFICATION_TIMED_OUT,30963,4
ground_truth,dafny_tmp_tmp49a6ihvk_m4.dfy,smtlib,z3,predicates,VERIFIED,1161,0
ground_truth,dafny_tmp_tmp49a6ihvk_m4.dfy,smtlib,z3,arguments,VERIFIED,1367,0
ground_truth,dafny-synthesis_task_id_227.dfy,tptp,vampire,polymorphic,VERIFIED,776,0
ground_truth,dafny-synthesis_task_id_227.dfy,tptp,vampire,monomorphic,VERIFIED,844,0
ground_truth,dafny-synthesis_task_id_227.dfy,tptp,vampire,predicates,VERIFIED,807,0
ground_truth,dafny-synthesis_task_id_227.dfy,tptp,vampire,arguments,VERIFIED,806,0
ground_truth,dafny-synthesis_task_id_227.dfy,smtlib,vampire,monomorphic,VERIFIED,805,0
ground_truth,dafny-synthesis_task_id_227.dfy,smtlib,vampire,predicates,VERIFIED,764,0
ground_truth,dafny-synthesis_task_id_227.dfy,smtlib,vampire,arguments,VERIFIED,757,0
ground_truth,dafny-synthesis_task_id_227.dfy,smtlib,z3,monomorphic,VERIFIED,783,0
ground_truth,dafny-synthesis_task_id_227.dfy,smtlib,z3,predicates,VERIFIED,753,0
ground_truth,dafny-synthesis_task_id_227.dfy,smtlib,z3,arguments,VERIFIED,744,0
ground_truth,AssertivePrograming_tmp_tmpwf43uz0e_Find_Substring.dfy,tptp,vampire,polymorphic,VERIFICATION_TIMED_OUT,30195,4
ground_truth,AssertivePrograming_tmp_tmpwf43uz0e_Find_Substring.dfy,tptp,vampire,monomorphic,VERIFICATION_TIMED_OUT,30284,4
ground_truth,AssertivePrograming_tmp_tmpwf43uz0e_Find_Substring.dfy,tptp,vampire,predicates,VERIFICATION_TIMED_OUT,30201,4
ground_truth,AssertivePrograming_tmp_tmpwf43uz0e_Find_Substring.dfy,tptp,vampire,arguments,VERIFICATION_TIMED_OUT,30116,4
ground_truth,AssertivePrograming_tmp_tmpwf43uz0e_Find_Substring.dfy,smtlib,vampire,monomorphic,VERIFICATION_TIMED_OUT,30147,4
ground_truth,AssertivePrograming_tmp_tmpwf43uz0e_Find_Substring.dfy,smtlib,vampire,predicates,VERIFICATION_TIMED_OUT,30157,4
ground_truth,AssertivePrograming_tmp_tmpwf43uz0e_Find_Substring.dfy,smtlib,vampire,arguments,VERIFICATION_TIMED_OUT,30097,4
ground_truth,AssertivePrograming_tmp_tmpwf43uz0e_Find_Substring.dfy,smtlib,z3,monomorphic,VERIFIED,1219,0
ground_truth,AssertivePrograming_tmp_tmpwf43uz0e_Find_Substring.dfy,smtlib,z3,predicates,VERIFIED,1161,0
ground_truth,AssertivePrograming_tmp_tmpwf43uz0e_Find_Substring.dfy,smtlib,z3,arguments,VERIFIED,1146,0
ground_truth,Program-Verification-Dataset_tmp_tmpgbdrlnu__Dafny_algorithms and leetcode_leetcode_validAnagram.dfy,tptp,vampire,polymorphic,VERIFICATION_TIMED_OUT,29874,4
ground_truth,Program-Verification-Dataset_tmp_tmpgbdrlnu__Dafny_algorithms and leetcode_leetcode_validAnagram.dfy,tptp,vampire,monomorphic,VERIFICATION_TIMED_OUT,29914,4
ground_truth,Program-Verification-Dataset_tmp_tmpgbdrlnu__Dafny_algorithms and leetcode_leetcode_validAnagram.dfy,tptp,vampire,predicates,VERIFICATION_TIMED_OUT,29900,4
ground_truth,Program-Verification-Dataset_tmp_tmpgbdrlnu__Dafny_algorithms and leetcode_leetcode_validAnagram.dfy,tptp,vampire,arguments,VERIFICATION_TIMED_OUT,29871,4
ground_truth,Program-Verification-Dataset_tmp_tmpgbdrlnu__Dafny_algorithms and leetcode_leetcode_validAnagram.dfy,smtlib,vampire,monomorphic,VERIFICATION_TIMED_OUT,29844,4
ground_truth,Program-Verification-Dataset_tmp_tmpgbdrlnu__Dafny_algorithms and leetcode_leetcode_validAnagram.dfy,smtlib,vampire,predicates,VERIFICATION_TIMED_OUT,29814,4
ground_truth,Program-Verification-Dataset_tmp_tmpgbdrlnu__Dafny_algorithms and leetcode_leetcode_validAnagram.dfy,smtlib,vampire,arguments,VERIFICATION_TIMED_OUT,29755,4
ground_truth,Program-Verification-Dataset_tmp_tmpgbdrlnu__Dafny_algorithms and leetcode_leetcode_validAnagram.dfy,smtlib,z3,monomorphic,VERIFIED,2290,0
ground_truth,Program-Verification-Dataset_tmp_tmpgbdrlnu__Dafny_algorithms and leetcode_leetcode_validAnagram.dfy,smtlib,z3,predicates,VERIFIED,2409,0
ground_truth,Program-Verification-Dataset_tmp_tmpgbdrlnu__Dafny_algorithms and leetcode_leetcode_validAnagram.dfy,smtlib,z3,arguments,VERIFIED,2453,0
ground_truth,Clover_triple3.dfy,tptp,vampire,polymorphic,VERIFIED,852,0
ground_truth,Clover_triple3.dfy,tptp,vampire,monomorphic,VERIFIED,906,0
ground_truth,Clover_triple3.dfy,tptp,vampire,predicates,VERIFIED,873,0
ground_truth,Clover_triple3.dfy,tptp,vampire,arguments,VERIFIED,867,0
ground_truth,Clover_triple3.dfy,smtlib,vampire,monomorphic,VERIFIED,868,0
ground_truth,Clover_triple3.dfy,smtlib,vampire,predicates,VERIFIED,834,0
ground_truth,Clover_triple3.dfy,smtlib,vampire,arguments,VERIFIED,831,0
ground_truth,Clover_triple3.dfy,smtlib,z3,monomorphic,VERIFIED,785,0
ground_truth,Clover_triple3.dfy,smtlib,z3,predicates,VERIFIED,756,0
ground_truth,Clover_triple3.dfy,smtlib,z3,arguments,VERIFIED,752,0
ground_truth,FMSE-2022-2023_tmp_tmp6_x_ba46_Lab3_Lab3.dfy,tptp,vampire,polymorphic,VERIFICATION_TIMED_OUT,29847,4
ground_truth,FMSE-2022-2023_tmp_tmp6_x_ba46_Lab3_Lab3.dfy,tptp,vampire,monomorphic,VERIFICATION_TIMED_OUT,29952,4
ground_truth,FMSE-2022-2023_tmp_tmp6_x_ba46_Lab3_Lab3.dfy,tptp,vampire,predicates,VERIFICATION_TIMED_OUT,29910,4
ground_truth,FMSE-2022-2023_tmp_tmp6_x_ba46_Lab3_Lab3.dfy,tptp,vampire,arguments,VERIFICATION_TIMED_OUT,29871,4
ground_truth,FMSE-2022-2023_tmp_tmp6_x_ba46_Lab3_Lab3.dfy,smtlib,vampire,monomorphic,VERIFICATION_TIMED_OUT,29901,4
ground_truth,FMSE-2022-2023_tmp_tmp6_x_ba46_Lab3_Lab3.dfy,smtlib,vampire,predicates,VERIFICATION_TIMED_OUT,29824,4
ground_truth,FMSE-2022-2023_tmp_tmp6_x_ba46_Lab3_Lab3.dfy,smtlib,vampire,arguments,VERIFICATION_TIMED_OUT,29838,4
ground_truth,FMSE-2022-2023_tmp_tmp6_x_ba46_Lab3_Lab3.dfy,smtlib,z3,monomorphic,NOT_VERIFIED,1010,4
ground_truth,FMSE-2022-2023_tmp_tmp6_x_ba46_Lab3_Lab3.dfy,smtlib,z3,predicates,NOT_VERIFIED,954,4
ground_truth,FMSE-2022-2023_tmp_tmp6_x_ba46_Lab3_Lab3.dfy,smtlib,z3,arguments,NOT_VERIFIED,949,4
ground_truth,Clover_test_array.dfy,tptp,vampire,polymorphic,VERIFIED,1066,0
ground_truth,Clover_test_array.dfy,tptp,vampire,monomorphic,VERIFIED,1107,0
ground_truth,Clover_test_array.dfy,tptp,vampire,predicates,VERIFIED,2641,0
ground_truth,Clover_test_array.dfy,tptp,vampire,arguments,VERIFIED,1078,0
ground_truth,Clover_test_array.dfy,smtlib,vampire,monomorphic,VERIFIED,1090,0
ground_truth,Clover_test_array.dfy,smtlib,vampire,predicates,VERIFIED,24061,0
ground_truth,Clover_test_array.dfy,smtlib,vampire,arguments,VERIFIED,1051,0
ground_truth,Clover_test_array.dfy,smtlib,z3,monomorphic,VERIFIED,847,0
ground_truth,Clover_test_array.dfy,smtlib,z3,predicates,VERIFIED,828,0
ground_truth,Clover_test_array.dfy,smtlib,z3,arguments,VERIFIED,824,0
ground_truth,dafny-synthesis_task_id_627.dfy,tptp,vampire,polymorphic,VERIFICATION_TIMED_OUT,29778,4
ground_truth,dafny-synthesis_task_id_627.dfy,tptp,vampire,monomorphic,VERIFICATION_TIMED_OUT,29881,4
ground_truth,dafny-synthesis_task_id_627.dfy,tptp,vampire,predicates,VERIFICATION_TIMED_OUT,29812,4
ground_truth,dafny-synthesis_task_id_627.dfy,tptp,vampire,arguments,VERIFICATION_TIMED_OUT,29745,4
ground_truth,dafny-synthesis_task_id_627.dfy,smtlib,vampire,monomorphic,VERIFICATION_TIMED_OUT,29832,4
ground_truth,dafny-synthesis_task_id_627.dfy,smtlib,vampire,predicates,VERIFICATION_TIMED_OUT,29740,4
ground_truth,dafny-synthesis_task_id_627.dfy,smtlib,vampire,arguments,VERIFICATION_TIMED_OUT,29791,4
ground_truth,dafny-synthesis_task_id_627.dfy,smtlib,z3,monomorphic,VERIFIED,914,0
ground_truth,dafny-synthesis_task_id_627.dfy,smtlib,z3,predicates,VERIFIED,851,0
ground_truth,dafny-synthesis_task_id_627.dfy,smtlib,z3,arguments,VERIFIED,850,0
ground_truth,dafny-synthesis_task_id_460.dfy,tptp,vampire,polymorphic,VERIFICATION_TIMED_OUT,29751,4
ground_truth,dafny-synthesis_task_id_460.dfy,tptp,vampire,monomorphic,VERIFICATION_TIMED_OUT,29830,4
ground_truth,dafny-synthesis_task_id_460.dfy,tptp,vampire,predicates,VERIFICATION_TIMED_OUT,29799,4
ground_truth,dafny-synthesis_task_id_460.dfy,tptp,vampire,arguments,VERIFICATION_TIMED_OUT,29759,4
ground_truth,dafny-synthesis_task_id_460.dfy,smtlib,vampire,monomorphic,VERIFIED,22145,0
ground_truth,dafny-synthesis_task_id_460.dfy,smtlib,vampire,predicates,VERIFICATION_TIMED_OUT,29712,4
ground_truth,dafny-synthesis_task_id_460.dfy,smtlib,vampire,arguments,VERIFICATION_TIMED_OUT,29773,4
ground_truth,dafny-synthesis_task_id_460.dfy,smtlib,z3,monomorphic,VERIFIED,854,0
ground_truth,dafny-synthesis_task_id_460.dfy,smtlib,z3,predicates,VERIFIED,838,0
ground_truth,dafny-synthesis_task_id_460.dfy,smtlib,z3,arguments,VERIFIED,826,0
ground_truth,dafny-synthesis_task_id_605.dfy,tptp,vampire,polymorphic,VERIFICATION_TIMED_OUT,29746,4
ground_truth,dafny-synthesis_task_id_605.dfy,tptp,vampire,monomorphic,VERIFICATION_TIMED_OUT,29813,4
ground_truth,dafny-synthesis_task_id_605.dfy,tptp,vampire,predicates,VERIFICATION_TIMED_OUT,29759,4
ground_truth,dafny-synthesis_task_id_605.dfy,tptp,vampire,arguments,VERIFICATION_TIMED_OUT,29784,4
ground_truth,dafny-synthesis_task_id_605.dfy,smtlib,vampire,monomorphic,VERIFICATION_TIMED_OUT,29755,4
ground_truth,dafny-synthesis_task_id_605.dfy,smtlib,vampire,predicates,VERIFICATION_TIMED_OUT,29699,4
ground_truth,dafny-synthesis_task_id_605.dfy,smtlib,vampire,arguments,VERIFIED,10289,0
ground_truth,dafny-synthesis_task_id_605.dfy,smtlib,z3,monomorphic,VERIFIED,909,0
ground_truth,dafny-synthesis_task_id_605.dfy,smtlib,z3,predicates,VERIFIED,931,0
ground_truth,dafny-synthesis_task_id_605.dfy,smtlib,z3,arguments,VERIFIED,860,0
ground_truth,dafny-synthesis_task_id_581.dfy,tptp,vampire,polymorphic,VERIFIED,782,0
ground_truth,dafny-synthesis_task_id_581.dfy,tptp,vampire,monomorphic,VERIFIED,827,0
ground_truth,dafny-synthesis_task_id_581.dfy,tptp,vampire,predicates,VERIFIED,790,0
ground_truth,dafny-synthesis_task_id_581.dfy,tptp,vampire,arguments,VERIFIED,796,0
ground_truth,dafny-synthesis_task_id_581.dfy,smtlib,vampire,monomorphic,VERIFIED,785,0
ground_truth,dafny-synthesis_task_id_581.dfy,smtlib,vampire,predicates,VERIFIED,762,0
ground_truth,dafny-synthesis_task_id_581.dfy,smtlib,vampire,arguments,VERIFIED,746,0
ground_truth,dafny-synthesis_task_id_581.dfy,smtlib,z3,monomorphic,VERIFIED,775,0
ground_truth,dafny-synthesis_task_id_581.dfy,smtlib,z3,predicates,VERIFIED,745,0
ground_truth,dafny-synthesis_task_id_581.dfy,smtlib,z3,arguments,VERIFIED,738,0
ground_truth,ironsync-osdi2023_tmp_tmpx80antoe_linear-dafny_Test_git-issues_git-issue-975.dfy,tptp,vampire,polymorphic,VERIFIED,818,0
ground_truth,ironsync-osdi2023_tmp_tmpx80antoe_linear-dafny_Test_git-issues_git-issue-975.dfy,tptp,vampire,monomorphic,VERIFIED,913,0
ground_truth,ironsync-osdi2023_tmp_tmpx80antoe_linear-dafny_Test_git-issues_git-issue-975.dfy,tptp,vampire,predicates,VERIFIED,851,0
ground_truth,ironsync-osdi2023_tmp_tmpx80antoe_linear-dafny_Test_git-issues_git-issue-975.dfy,tptp,vampire,arguments,VERIFIED,834,0
ground_truth,ironsync-osdi2023_tmp_tmpx80antoe_linear-dafny_Test_git-issues_git-issue-975.dfy,smtlib,vampire,monomorphic,VERIFIED,858,0
ground_truth,ironsync-osdi2023_tmp_tmpx80antoe_linear-dafny_Test_git-issues_git-issue-975.dfy,smtlib,vampire,predicates,VERIFIED,818,0
ground_truth,ironsync-osdi2023_tmp_tmpx80antoe_linear-dafny_Test_git-issues_git-issue-975.dfy,smtlib,vampire,arguments,VERIFIED,792,0
ground_truth,ironsync-osdi2023_tmp_tmpx80antoe_linear-dafny_Test_git-issues_git-issue-975.dfy,smtlib,z3,monomorphic,VERIFIED,809,0
ground_truth,ironsync-osdi2023_tmp_tmpx80antoe_linear-dafny_Test_git-issues_git-issue-975.dfy,smtlib,z3,predicates,VERIFIED,772,0
ground_truth,ironsync-osdi2023_tmp_tmpx80antoe_linear-dafny_Test_git-issues_git-issue-975.dfy,smtlib,z3,arguments,VERIFIED,769,0
ground_truth,dafny-synthesis_task_id_576.dfy,tptp,vampire,polymorphic,VERIFIED,1127,0
ground_truth,dafny-synthesis_task_id_576.dfy,tptp,vampire,monomorphic,VERIFIED,2198,0
ground_truth,dafny-synthesis_task_id_576.dfy,tptp,vampire,predicates,VERIFIED,1808,0
ground_truth,dafny-synthesis_task_id_576.dfy,tptp,vampire,arguments,VERIFIED,10249,0
ground_truth,dafny-synthesis_task_id_576.dfy,smtlib,vampire,monomorphic,VERIFIED,1278,0
ground_truth,dafny-synthesis_task_id_576.dfy,smtlib,vampire,predicates,VERIFIED,1633,0
ground_truth,dafny-synthesis_task_id_576.dfy,smtlib,vampire,arguments,VERIFIED,1238,0
ground_truth,dafny-synthesis_task_id_576.dfy,smtlib,z3,monomorphic,VERIFIED,850,0
ground_truth,dafny-synthesis_task_id_576.dfy,smtlib,z3,predicates,VERIFIED,832,0
ground_truth,dafny-synthesis_task_id_576.dfy,smtlib,z3,arguments,VERIFIED,825,0
ground_truth,Software-Verification_tmp_tmpv4ueky2d_Best Time to Buy and Sell Stock_best_time_to_buy_and_sell_stock.dfy,tptp,vampire,polymorphic,VERIFIED,16779,0
ground_truth,Software-Verification_tmp_tmpv4ueky2d_Best Time to Buy and Sell Stock_best_time_to_buy_and_sell_stock.dfy,tptp,vampire,monomorphic,VERIFICATION_TIMED_OUT,29866,4
ground_truth,Software-Verification_tmp_tmpv4ueky2d_Best Time to Buy and Sell Stock_best_time_to_buy_and_sell_stock.dfy,tptp,vampire,predicates,VERIFICATION_TIMED_OUT,29787,4
ground_truth,Software-Verification_tmp_tmpv4ueky2d_Best Time to Buy and Sell Stock_best_time_to_buy_and_sell_stock.dfy,tptp,vampire,arguments,VERIFICATION_TIMED_OUT,29794,4
ground_truth,Software-Verification_tmp_tmpv4ueky2d_Best Time to Buy and Sell Stock_best_time_to_buy_and_sell_stock.dfy,smtlib,vampire,monomorphic,VERIFICATION_TIMED_OUT,29810,4
ground_truth,Software-Verification_tmp_tmpv4ueky2d_Best Time to Buy and Sell Stock_best_time_to_buy_and_sell_stock.dfy,smtlib,vampire,predicates,VERIFICATION_TIMED_OUT,29775,4
ground_truth,Software-Verification_tmp_tmpv4ueky2d_Best Time to Buy and Sell Stock_best_time_to_buy_and_sell_stock.dfy,smtlib,vampire,arguments,VERIFICATION_TIMED_OUT,29751,4
ground_truth,Software-Verification_tmp_tmpv4ueky2d_Best Time to Buy and Sell Stock_best_time_to_buy_and_sell_stock.dfy,smtlib,z3,monomorphic,VERIFIED,876,0
ground_truth,Software-Verification_tmp_tmpv4ueky2d_Best Time to Buy and Sell Stock_best_time_to_buy_and_sell_stock.dfy,smtlib,z3,predicates,VERIFIED,860,0
ground_truth,Software-Verification_tmp_tmpv4ueky2d_Best Time to Buy and Sell Stock_best_time_to_buy_and_sell_stock.dfy,smtlib,z3,arguments,VERIFIED,846,0
ground_truth,SENG2011_tmp_tmpgk5jq85q_ass2_ex5.dfy,tptp,vampire,polymorphic,VERIFICATION_TIMED_OUT,29796,4
ground_truth,SENG2011_tmp_tmpgk5jq85q_ass2_ex5.dfy,tptp,vampire,monomorphic,VERIFICATION_TIMED_OUT,29909,4
ground_truth,SENG2011_tmp_tmpgk5jq85q_ass2_ex5.dfy,tptp,vampire,predicates,VERIFICATION_TIMED_OUT,29842,4
ground_truth,SENG2011_tmp_tmpgk5jq85q_ass2_ex5.dfy,tptp,vampire,arguments,VERIFICATION_TIMED_OUT,29808,4
ground_truth,SENG2011_tmp_tmpgk5jq85q_ass2_ex5.dfy,smtlib,vampire,monomorphic,VERIFICATION_TIMED_OUT,29863,4
ground_truth,SENG2011_tmp_tmpgk5jq85q_ass2_ex5.dfy,smtlib,vampire,predicates,VERIFICATION_TIMED_OUT,29791,4
ground_truth,SENG2011_tmp_tmpgk5jq85q_ass2_ex5.dfy,smtlib,vampire,arguments,VERIFICATION_TIMED_OUT,29802,4
ground_truth,SENG2011_tmp_tmpgk5jq85q_ass2_ex5.dfy,smtlib,z3,monomorphic,VERIFIED,1177,0
ground_truth,SENG2011_tmp_tmpgk5jq85q_ass2_ex5.dfy,smtlib,z3,predicates,VERIFIED,1651,0
ground_truth,SENG2011_tmp_tmpgk5jq85q_ass2_ex5.dfy,smtlib,z3,arguments,VERIFICATION_TIMED_OUT,30859,4
ground_truth,SENG2011_tmp_tmpgk5jq85q_exam_ex2.dfy,tptp,vampire,polymorphic,VERIFICATION_TIMED_OUT,29764,4
ground_truth,SENG2011_tmp_tmpgk5jq85q_exam_ex2.dfy,tptp,vampire,monomorphic,VERIFICATION_TIMED_OUT,29807,4
ground_truth,SENG2011_tmp_tmpgk5jq85q_exam_ex2.dfy,tptp,vampire,predicates,VERIFICATION_TIMED_OUT,29828,4
ground_truth,SENG2011_tmp_tmpgk5jq85q_exam_ex2.dfy,tptp,vampire,arguments,VERIFICATION_TIMED_OUT,29775,4
ground_truth,SENG2011_tmp_tmpgk5jq85q_exam_ex2.dfy,smtlib,vampire,monomorphic,VERIFICATION_TIMED_OUT,29842,4
ground_truth,SENG2011_tmp_tmpgk5jq85q_exam_ex2.dfy,smtlib,vampire,predicates,VERIFICATION_TIMED_OUT,29795,4
ground_truth,SENG2011_tmp_tmpgk5jq85q_exam_ex2.dfy,smtlib,vampire,arguments,VERIFICATION_TIMED_OUT,29783,4
ground_truth,SENG2011_tmp_tmpgk5jq85q_exam_ex2.dfy,smtlib,z3,monomorphic,VERIFIED,883,0
ground_truth,SENG2011_tmp_tmpgk5jq85q_exam_ex2.dfy,smtlib,z3,predicates,VERIFIED,864,0
ground_truth,SENG2011_tmp_tmpgk5jq85q_exam_ex2.dfy,smtlib,z3,arguments,VERIFIED,847,0
ground_truth,dafny-synthesis_task_id_454.dfy,tptp,vampire,polymorphic,VERIFICATION_TIMED_OUT,29733,4
ground_truth,dafny-synthesis_task_id_454.dfy,tptp,vampire,monomorphic,VERIFICATION_TIMED_OUT,29787,4
ground_truth,dafny-synthesis_task_id_454.dfy,tptp,vampire,predicates,VERIFICATION_TIMED_OUT,29799,4
ground_truth,dafny-synthesis_task_id_454.dfy,tptp,vampire,arguments,VERIFIED,17468,0
ground_truth,dafny-synthesis_task_id_454.dfy,smtlib,vampire,monomorphic,VERIFIED,2274,0
ground_truth,dafny-synthesis_task_id_454.dfy,smtlib,vampire,predicates,VERIFIED,10773,0
ground_truth,dafny-synthesis_task_id_454.dfy,smtlib,vampire,arguments,VERIFIED,10378,0
ground_truth,dafny-synthesis_task_id_454.dfy,smtlib,z3,monomorphic,VERIFIED,860,0
ground_truth,dafny-synthesis_task_id_454.dfy,smtlib,z3,predicates,VERIFIED,836,0
ground_truth,dafny-synthesis_task_id_454.dfy,smtlib,z3,arguments,VERIFIED,833,0
ground_truth,dafny-synthesis_task_id_784.dfy,tptp,vampire,polymorphic,VERIFIED,23396,0
ground_truth,dafny-synthesis_task_id_784.dfy,tptp,vampire,monomorphic,VERIFICATION_TIMED_OUT,29925,4
ground_truth,dafny-synthesis_task_id_784.dfy,tptp,vampire,predicates,VERIFICATION_TIMED_OUT,29876,4
ground_truth,dafny-synthesis_task_id_784.dfy,tptp,vampire,arguments,VERIFICATION_TIMED_OUT,29820,4
ground_truth,dafny-synthesis_task_id_784.dfy,smtlib,vampire,monomorphic,VERIFICATION_TIMED_OUT,29820,4
ground_truth,dafny-synthesis_task_id_784.dfy,smtlib,vampire,predicates,VERIFICATION_TIMED_OUT,29825,4
ground_truth,dafny-synthesis_task_id_784.dfy,smtlib,vampire,arguments,VERIFICATION_TIMED_OUT,29835,4
ground_truth,dafny-synthesis_task_id_784.dfy,smtlib,z3,monomorphic,VERIFIED,962,0
ground_truth,dafny-synthesis_task_id_784.dfy,smtlib,z3,predicates,VERIFIED,925,0
ground_truth,dafny-synthesis_task_id_784.dfy,smtlib,z3,arguments,VERIFIED,914,0
ground_truth,FMSE-2022-2023_tmp_tmp6_x_ba46_Lab1_Lab1.dfy,tptp,vampire,polymorphic,VERIFICATION_TIMED_OUT,29851,4
ground_truth,FMSE-2022-2023_tmp_tmp6_x_ba46_Lab1_Lab1.dfy,tptp,vampire,monomorphic,VERIFICATION_TIMED_OUT,29896,4
ground_truth,FMSE-2022-2023_tmp_tmp6_x_ba46_Lab1_Lab1.dfy,tptp,vampire,predicates,VERIFICATION_TIMED_OUT,29819,4
ground_truth,FMSE-2022-2023_tmp_tmp6_x_ba46_Lab1_Lab1.dfy,tptp,vampire,arguments,VERIFICATION_TIMED_OUT,29792,4
ground_truth,FMSE-2022-2023_tmp_tmp6_x_ba46_Lab1_Lab1.dfy,smtlib,vampire,monomorphic,VERIFIED,3592,0
ground_truth,FMSE-2022-2023_tmp_tmp6_x_ba46_Lab1_Lab1.dfy,smtlib,vampire,predicates,VERIFIED,2227,0
ground_truth,FMSE-2022-2023_tmp_tmp6_x_ba46_Lab1_Lab1.dfy,smtlib,vampire,arguments,VERIFIED,2128,0
ground_truth,FMSE-2022-2023_tmp_tmp6_x_ba46_Lab1_Lab1.dfy,smtlib,z3,monomorphic,VERIFIED,933,0
ground_truth,FMSE-2022-2023_tmp_tmp6_x_ba46_Lab1_Lab1.dfy,smtlib,z3,predicates,VERIFIED,901,0
ground_truth,FMSE-2022-2023_tmp_tmp6_x_ba46_Lab1_Lab1.dfy,smtlib,z3,arguments,VERIFIED,876,0
ground_truth,Clover_match.dfy,tptp,vampire,polymorphic,VERIFIED,2287,0
ground_truth,Clover_match.dfy,tptp,vampire,monomorphic,VERIFIED,2583,0
ground_truth,Clover_match.dfy,tptp,vampire,predicates,VERIFIED,3032,0
ground_truth,Clover_match.dfy,tptp,vampire,arguments,VERIFIED,1845,0
ground_truth,Clover_match.dfy,smtlib,vampire,monomorphic,VERIFIED,1952,0
ground_truth,Clover_match.dfy,smtlib,vampire,predicates,VERIFIED,3194,0
ground_truth,Clover_match.dfy,smtlib,vampire,arguments,VERIFIED,1933,0
ground_truth,Clover_match.dfy,smtlib,z3,monomorphic,VERIFIED,875,0
ground_truth,Clover_match.dfy,smtlib,z3,predicates,VERIFIED,841,0
ground_truth,Clover_match.dfy,smtlib,z3,arguments,VERIFIED,838,0
ground_truth,dafny-synthesis_task_id_751.dfy,tptp,vampire,polymorphic,VERIFICATION_TIMED_OUT,29780,4
ground_truth,dafny-synthesis_task_id_751.dfy,tptp,vampire,monomorphic,VERIFICATION_TIMED_OUT,29846,4
ground_truth,dafny-synthesis_task_id_751.dfy,tptp,vampire,predicates,VERIFICATION_TIMED_OUT,29812,4
ground_truth,dafny-synthesis_task_id_751.dfy,tptp,vampire,arguments,VERIFICATION_TIMED_OUT,29851,4
ground_truth,dafny-synthesis_task_id_751.dfy,smtlib,vampire,monomorphic,VERIFICATION_TIMED_OUT,29853,4
ground_truth,dafny-synthesis_task_id_751.dfy,smtlib,vampire,predicates,VERIFICATION_TIMED_OUT,29800,4
ground_truth,dafny-synthesis_task_id_751.dfy,smtlib,vampire,arguments,VERIFICATION_TIMED_OUT,29792,4
ground_truth,dafny-synthesis_task_id_751.dfy,smtlib,z3,monomorphic,VERIFIED,915,0
ground_truth,dafny-synthesis_task_id_751.dfy,smtlib,z3,predicates,VERIFIED,882,0
ground_truth,dafny-synthesis_task_id_751.dfy,smtlib,z3,arguments,VERIFIED,878,0
ground_truth,Software-Verification_tmp_tmpv4ueky2d_Valid Palindrome_valid_panlindrome.dfy,tptp,vampire,polymorphic,VERIFICATION_TIMED_OUT,29825,4
ground_truth,Software-Verification_tmp_tmpv4ueky2d_Valid Palindrome_valid_panlindrome.dfy,tptp,vampire,monomorphic,VERIFIED,2616,0
ground_truth,Software-Verification_tmp_tmpv4ueky2d_Valid Palindrome_valid_panlindrome.dfy,tptp,vampire,predicates,VERIFIED,21674,0
ground_truth,Software-Verification_tmp_tmpv4ueky2d_Valid Palindrome_valid_panlindrome.dfy,tptp,vampire,arguments,VERIFIED,20818,0
ground_truth,Software-Verification_tmp_tmpv4ueky2d_Valid Palindrome_valid_panlindrome.dfy,smtlib,vampire,monomorphic,VERIFIED,3257,0
ground_truth,Software-Verification_tmp_tmpv4ueky2d_Valid Palindrome_valid_panlindrome.dfy,smtlib,vampire,predicates,VERIFIED,22250,0
ground_truth,Software-Verification_tmp_tmpv4ueky2d_Valid Palindrome_valid_panlindrome.dfy,smtlib,vampire,arguments,VERIFIED,21629,0
ground_truth,Software-Verification_tmp_tmpv4ueky2d_Valid Palindrome_valid_panlindrome.dfy,smtlib,z3,monomorphic,VERIFIED,875,0
ground_truth,Software-Verification_tmp_tmpv4ueky2d_Valid Palindrome_valid_panlindrome.dfy,smtlib,z3,predicates,VERIFIED,872,0
ground_truth,Software-Verification_tmp_tmpv4ueky2d_Valid Palindrome_valid_panlindrome.dfy,smtlib,z3,arguments,VERIFIED,850,0
ground_truth,Clover_linear_search3.dfy,tptp,vampire,polymorphic,VERIFICATION_TIMED_OUT,29782,4
ground_truth,Clover_linear_search3.dfy,tptp,vampire,monomorphic,VERIFIED,4489,0
ground_truth,Clover_linear_search3.dfy,tptp,vampire,predicates,VERIFIED,18511,0
ground_truth,Clover_linear_search3.dfy,tptp,vampire,arguments,VERIFIED,8419,0
ground_truth,Clover_linear_search3.dfy,smtlib,vampire,monomorphic,VERIFIED,8770,0
ground_truth,Clover_linear_search3.dfy,smtlib,vampire,predicates,VERIFIED,8639,0
ground_truth,Clover_linear_search3.dfy,smtlib,vampire,arguments,VERIFIED,8936,0
ground_truth,Clover_linear_search3.dfy,smtlib,z3,monomorphic,VERIFIED,890,0
ground_truth,Clover_linear_search3.dfy,smtlib,z3,predicates,VERIFIED,866,0
ground_truth,Clover_linear_search3.dfy,smtlib,z3,arguments,VERIFIED,860,0
ground_truth,dafleet_tmp_tmpa2e4kb9v_0001-0050_0003-longest-substring-without-repeating-characters.dfy,tptp,vampire,polymorphic,VERIFICATION_TIMED_OUT,30351,4
ground_truth,dafleet_tmp_tmpa2e4kb9v_0001-0050_0003-longest-substring-without-repeating-characters.dfy,tptp,vampire,monomorphic,VERIFICATION_TIMED_OUT,29981,4
ground_truth,dafleet_tmp_tmpa2e4kb9v_0001-0050_0003-longest-substring-without-repeating-characters.dfy,tptp,vampire,predicates,VERIFICATION_TIMED_OUT,29969,4
ground_truth,dafleet_tmp_tmpa2e4kb9v_0001-0050_0003-longest-substring-without-repeating-characters.dfy,tptp,vampire,arguments,VERIFICATION_TIMED_OUT,29941,4
ground_truth,dafleet_tmp_tmpa2e4kb9v_0001-0050_0003-longest-substring-without-repeating-characters.dfy,smtlib,vampire,monomorphic,VERIFICATION_TIMED_OUT,29931,4
ground_truth,dafleet_tmp_tmpa2e4kb9v_0001-0050_0003-longest-substring-without-repeating-characters.dfy,smtlib,vampire,predicates,VERIFICATION_TIMED_OUT,29843,4
ground_truth,dafleet_tmp_tmpa2e4kb9v_0001-0050_0003-longest-substring-without-repeating-characters.dfy,smtlib,vampire,arguments,VERIFICATION_TIMED_OUT,29875,4
ground_truth,dafleet_tmp_tmpa2e4kb9v_0001-0050_0003-longest-substring-without-repeating-characters.dfy,smtlib,z3,monomorphic,VERIFIED,1184,0
ground_truth,dafleet_tmp_tmpa2e4kb9v_0001-0050_0003-longest-substring-without-repeating-characters.dfy,smtlib,z3,predicates,NOT_VERIFIED,1064,4
ground_truth,dafleet_tmp_tmpa2e4kb9v_0001-0050_0003-longest-substring-without-repeating-characters.dfy,smtlib,z3,arguments,VERIFIED,1100,0
ground_truth,dafny-synthesis_task_id_455.dfy,tptp,vampire,polymorphic,VERIFIED,796,0
ground_truth,dafny-synthesis_task_id_455.dfy,tptp,vampire,monomorphic,VERIFIED,835,0
ground_truth,dafny-synthesis_task_id_455.dfy,tptp,vampire,predicates,VERIFIED,808,0
ground_truth,dafny-synthesis_task_id_455.dfy,tptp,vampire,arguments,VERIFIED,800,0
ground_truth,dafny-synthesis_task_id_455.dfy,smtlib,vampire,monomorphic,VERIFIED,786,0
ground_truth,dafny-synthesis_task_id_455.dfy,smtlib,vampire,predicates,VERIFIED,766,0
ground_truth,dafny-synthesis_task_id_455.dfy,smtlib,vampire,arguments,VERIFIED,743,0
ground_truth,dafny-synthesis_task_id_455.dfy,smtlib,z3,monomorphic,VERIFIED,779,0
ground_truth,dafny-synthesis_task_id_455.dfy,smtlib,z3,predicates,VERIFIED,750,0
ground_truth,dafny-synthesis_task_id_455.dfy,smtlib,z3,arguments,VERIFIED,751,0
ground_truth,Dafny_Learning_Experience_tmp_tmpuxvcet_u_week8_12_week8_CheckSumCalculator.dfy,tptp,vampire,polymorphic,VERIFICATION_TIMED_OUT,29791,4
ground_truth,Dafny_Learning_Experience_tmp_tmpuxvcet_u_week8_12_week8_CheckSumCalculator.dfy,tptp,vampire,monomorphic,VERIFICATION_TIMED_OUT,29893,4
ground_truth,Dafny_Learning_Experience_tmp_tmpuxvcet_u_week8_12_week8_CheckSumCalculator.dfy,tptp,vampire,predicates,VERIFICATION_TIMED_OUT,29909,4
ground_truth,Dafny_Learning_Experience_tmp_tmpuxvcet_u_week8_12_week8_CheckSumCalculator.dfy,tptp,vampire,arguments,VERIFICATION_TIMED_OUT,29850,4
ground_truth,Dafny_Learning_Experience_tmp_tmpuxvcet_u_week8_12_week8_CheckSumCalculator.dfy,smtlib,vampire,monomorphic,VERIFICATION_TIMED_OUT,29817,4
ground_truth,Dafny_Learning_Experience_tmp_tmpuxvcet_u_week8_12_week8_CheckSumCalculator.dfy,smtlib,vampire,predicates,VERIFICATION_TIMED_OUT,29772,4
ground_truth,Dafny_Learning_Experience_tmp_tmpuxvcet_u_week8_12_week8_CheckSumCalculator.dfy,smtlib,vampire,arguments,VERIFICATION_TIMED_OUT,29841,4
ground_truth,Dafny_Learning_Experience_tmp_tmpuxvcet_u_week8_12_week8_CheckSumCalculator.dfy,smtlib,z3,monomorphic,VERIFIED,939,0
ground_truth,Dafny_Learning_Experience_tmp_tmpuxvcet_u_week8_12_week8_CheckSumCalculator.dfy,smtlib,z3,predicates,VERIFIED,923,0
ground_truth,Dafny_Learning_Experience_tmp_tmpuxvcet_u_week8_12_week8_CheckSumCalculator.dfy,smtlib,z3,arguments,VERIFIED,915,0
ground_truth,Dafny_tmp_tmp0wu8wmfr_Heimaverkefni 1_LinearSearch.dfy,tptp,vampire,polymorphic,VERIFIED,3072,0
ground_truth,Dafny_tmp_tmp0wu8wmfr_Heimaverkefni 1_LinearSearch.dfy,tptp,vampire,monomorphic,VERIFIED,1934,0
ground_truth,Dafny_tmp_tmp0wu8wmfr_Heimaverkefni 1_LinearSearch.dfy,tptp,vampire,predicates,VERIFIED,3518,0
ground_truth,Dafny_tmp_tmp0wu8wmfr_Heimaverkefni 1_LinearSearch.dfy,tptp,vampire,arguments,VERIFIED,1958,0
ground_truth,Dafny_tmp_tmp0wu8wmfr_Heimaverkefni 1_LinearSearch.dfy,smtlib,vampire,monomorphic,VERIFIED,2039,0
ground_truth,Dafny_tmp_tmp0wu8wmfr_Heimaverkefni 1_LinearSearch.dfy,smtlib,vampire,predicates,VERIFIED,1670,0
ground_truth,Dafny_tmp_tmp0wu8wmfr_Heimaverkefni 1_LinearSearch.dfy,smtlib,vampire,arguments,VERIFIED,1962,0
ground_truth,Dafny_tmp_tmp0wu8wmfr_Heimaverkefni 1_LinearSearch.dfy,smtlib,z3,monomorphic,VERIFIED,914,0
ground_truth,Dafny_tmp_tmp0wu8wmfr_Heimaverkefni 1_LinearSearch.dfy,smtlib,z3,predicates,VERIFIED,882,0
ground_truth,Dafny_tmp_tmp0wu8wmfr_Heimaverkefni 1_LinearSearch.dfy,smtlib,z3,arguments,VERIFIED,878,0
ground_truth,Clover_remove_front.dfy,tptp,vampire,polymorphic,VERIFICATION_TIMED_OUT,29742,4
ground_truth,Clover_remove_front.dfy,tptp,vampire,monomorphic,VERIFICATION_TIMED_OUT,29840,4
ground_truth,Clover_remove_front.dfy,tptp,vampire,predicates,VERIFICATION_TIMED_OUT,29849,4
ground_truth,Clover_remove_front.dfy,tptp,vampire,arguments,VERIFICATION_TIMED_OUT,29807,4
ground_truth,Clover_remove_front.dfy,smtlib,vampire,monomorphic,VERIFICATION_TIMED_OUT,29817,4
ground_truth,Clover_remove_front.dfy,smtlib,vampire,predicates,VERIFICATION_TIMED_OUT,29723,4
ground_truth,Clover_remove_front.dfy,smtlib,vampire,arguments,VERIFICATION_TIMED_OUT,29709,4
ground_truth,Clover_remove_front.dfy,smtlib,z3,monomorphic,VERIFIED,890,0
ground_truth,Clover_remove_front.dfy,smtlib,z3,predicates,VERIFIED,859,0
ground_truth,Clover_remove_front.dfy,smtlib,z3,arguments,VERIFIED,843,0
ground_truth,dafny-synthesis_task_id_412.dfy,tptp,vampire,polymorphic,VERIFICATION_TIMED_OUT,29782,4
ground_truth,dafny-synthesis_task_id_412.dfy,tptp,vampire,monomorphic,VERIFICATION_TIMED_OUT,29803,4
ground_truth,dafny-synthesis_task_id_412.dfy,tptp,vampire,predicates,VERIFICATION_TIMED_OUT,29821,4
ground_truth,dafny-synthesis_task_id_412.dfy,tptp,vampire,arguments,VERIFICATION_TIMED_OUT,29796,4
ground_truth,dafny-synthesis_task_id_412.dfy,smtlib,vampire,monomorphic,VERIFICATION_TIMED_OUT,29794,4
ground_truth,dafny-synthesis_task_id_412.dfy,smtlib,vampire,predicates,VERIFICATION_TIMED_OUT,29762,4
ground_truth,dafny-synthesis_task_id_412.dfy,smtlib,vampire,arguments,VERIFICATION_TIMED_OUT,29799,4
ground_truth,dafny-synthesis_task_id_412.dfy,smtlib,z3,monomorphic,VERIFIED,903,0
ground_truth,dafny-synthesis_task_id_412.dfy,smtlib,z3,predicates,VERIFIED,868,0
ground_truth,dafny-synthesis_task_id_412.dfy,smtlib,z3,arguments,VERIFIED,863,0
ground_truth,dafny-language-server_tmp_tmpkir0kenl_Test_VSComp2010_Problem1-SumMax.dfy,tptp,vampire,polymorphic,VERIFICATION_TIMED_OUT,30008,4
ground_truth,dafny-language-server_tmp_tmpkir0kenl_Test_VSComp2010_Problem1-SumMax.dfy,tptp,vampire,monomorphic,VERIFICATION_TIMED_OUT,29855,4
ground_truth,dafny-language-server_tmp_tmpkir0kenl_Test_VSComp2010_Problem1-SumMax.dfy,tptp,vampire,predicates,VERIFICATION_TIMED_OUT,29854,4
ground_truth,dafny-language-server_tmp_tmpkir0kenl_Test_VSComp2010_Problem1-SumMax.dfy,tptp,vampire,arguments,VERIFICATION_TIMED_OUT,29821,4
ground_truth,dafny-language-server_tmp_tmpkir0kenl_Test_VSComp2010_Problem1-SumMax.dfy,smtlib,vampire,monomorphic,VERIFICATION_TIMED_OUT,29796,4
ground_truth,dafny-language-server_tmp_tmpkir0kenl_Test_VSComp2010_Problem1-SumMax.dfy,smtlib,vampire,predicates,VERIFICATION_TIMED_OUT,29719,4
ground_truth,dafny-language-server_tmp_tmpkir0kenl_Test_VSComp2010_Problem1-SumMax.dfy,smtlib,vampire,arguments,VERIFICATION_TIMED_OUT,29776,4
ground_truth,dafny-language-server_tmp_tmpkir0kenl_Test_VSComp2010_Problem1-SumMax.dfy,smtlib,z3,monomorphic,VERIFIED,916,0
ground_truth,dafny-language-server_tmp_tmpkir0kenl_Test_VSComp2010_Problem1-SumMax.dfy,smtlib,z3,predicates,VERIFIED,911,0
ground_truth,dafny-language-server_tmp_tmpkir0kenl_Test_VSComp2010_Problem1-SumMax.dfy,smtlib,z3,arguments,VERIFIED,901,0
ground_truth,dafl_tmp_tmp_r3_8w3y_dafny_examples_uiowa_find.dfy,tptp,vampire,polymorphic,VERIFIED,2972,0
ground_truth,dafl_tmp_tmp_r3_8w3y_dafny_examples_uiowa_find.dfy,tptp,vampire,monomorphic,VERIFIED,2489,0
ground_truth,dafl_tmp_tmp_r3_8w3y_dafny_examples_uiowa_find.dfy,tptp,vampire,predicates,VERIFIED,3057,0
ground_truth,dafl_tmp_tmp_r3_8w3y_dafny_examples_uiowa_find.dfy,tptp,vampire,arguments,VERIFIED,1850,0
ground_truth,dafl_tmp_tmp_r3_8w3y_dafny_examples_uiowa_find.dfy,smtlib,vampire,monomorphic,VERIFIED,1796,0
ground_truth,dafl_tmp_tmp_r3_8w3y_dafny_examples_uiowa_find.dfy,smtlib,vampire,predicates,VERIFIED,3242,0
ground_truth,dafl_tmp_tmp_r3_8w3y_dafny_examples_uiowa_find.dfy,smtlib,vampire,arguments,VERIFIED,1920,0
ground_truth,dafl_tmp_tmp_r3_8w3y_dafny_examples_uiowa_find.dfy,smtlib,z3,monomorphic,VERIFIED,881,0
ground_truth,dafl_tmp_tmp_r3_8w3y_dafny_examples_uiowa_find.dfy,smtlib,z3,predicates,VERIFIED,866,0
ground_truth,dafl_tmp_tmp_r3_8w3y_dafny_examples_uiowa_find.dfy,smtlib,z3,arguments,VERIFIED,852,0
ground_truth,dafny-language-server_tmp_tmpkir0kenl_Test_dafny2_TreeBarrier.dfy,tptp,vampire,polymorphic,VERIFICATION_TIMED_OUT,29944,4
ground_truth,dafny-language-server_tmp_tmpkir0kenl_Test_dafny2_TreeBarrier.dfy,tptp,vampire,monomorphic,VERIFICATION_TIMED_OUT,30030,4
ground_truth,dafny-language-server_tmp_tmpkir0kenl_Test_dafny2_TreeBarrier.dfy,tptp,vampire,predicates,VERIFICATION_TIMED_OUT,29990,4
ground_truth,dafny-language-server_tmp_tmpkir0kenl_Test_dafny2_TreeBarrier.dfy,tptp,vampire,arguments,VERIFICATION_TIMED_OUT,29964,4
ground_truth,dafny-language-server_tmp_tmpkir0kenl_Test_dafny2_TreeBarrier.dfy,smtlib,vampire,monomorphic,VERIFICATION_TIMED_OUT,29989,4
ground_truth,dafny-language-server_tmp_tmpkir0kenl_Test_dafny2_TreeBarrier.dfy,smtlib,vampire,predicates,VERIFICATION_TIMED_OUT,29923,4
ground_truth,dafny-language-server_tmp_tmpkir0kenl_Test_dafny2_TreeBarrier.dfy,smtlib,vampire,arguments,VERIFICATION_TIMED_OUT,29918,4
ground_truth,dafny-language-server_tmp_tmpkir0kenl_Test_dafny2_TreeBarrier.dfy,smtlib,z3,monomorphic,VERIFIED,2631,0
ground_truth,dafny-language-server_tmp_tmpkir0kenl_Test_dafny2_TreeBarrier.dfy,smtlib,z3,predicates,VERIFIED,3124,0
ground_truth,dafny-language-server_tmp_tmpkir0kenl_Test_dafny2_TreeBarrier.dfy,smtlib,z3,arguments,VERIFIED,2330,0
ground_truth,dafny-synthesis_task_id_798.dfy,tptp,vampire,polymorphic,VERIFICATION_TIMED_OUT,29782,4
ground_truth,dafny-synthesis_task_id_798.dfy,tptp,vampire,monomorphic,VERIFICATION_TIMED_OUT,29837,4
ground_truth,dafny-synthesis_task_id_798.dfy,tptp,vampire,predicates,VERIFICATION_TIMED_OUT,29803,4
ground_truth,dafny-synthesis_task_id_798.dfy,tptp,vampire,arguments,VERIFIED,2169,0
ground_truth,dafny-synthesis_task_id_798.dfy,smtlib,vampire,monomorphic,VERIFIED,2067,0
ground_truth,dafny-synthesis_task_id_798.dfy,smtlib,vampire,predicates,VERIFIED,14274,0
ground_truth,dafny-synthesis_task_id_798.dfy,smtlib,vampire,arguments,VERIFIED,4853,0
ground_truth,dafny-synthesis_task_id_798.dfy,smtlib,z3,monomorphic,VERIFIED,883,0
ground_truth,dafny-synthesis_task_id_798.dfy,smtlib,z3,predicates,VERIFIED,853,0
ground_truth,dafny-synthesis_task_id_798.dfy,smtlib,z3,arguments,VERIFIED,847,0
ground_truth,dafny-synthesis_task_id_616.dfy,tptp,vampire,polymorphic,VERIFICATION_TIMED_OUT,29778,4
ground_truth,dafny-synthesis_task_id_616.dfy,tptp,vampire,monomorphic,VERIFICATION_TIMED_OUT,29888,4
ground_truth,dafny-synthesis_task_id_616.dfy,tptp,vampire,predicates,VERIFICATION_TIMED_OUT,29854,4
ground_truth,dafny-synthesis_task_id_616.dfy,tptp,vampire,arguments,VERIFICATION_TIMED_OUT,29790,4
ground_truth,dafny-synthesis_task_id_616.dfy,smtlib,vampire,monomorphic,VERIFICATION_TIMED_OUT,29764,4
ground_truth,dafny-synthesis_task_id_616.dfy,smtlib,vampire,predicates,VERIFICATION_TIMED_OUT,29803,4
ground_truth,dafny-synthesis_task_id_616.dfy,smtlib,vampire,arguments,VERIFICATION_TIMED_OUT,29702,4
ground_truth,dafny-synthesis_task_id_616.dfy,smtlib,z3,monomorphic,VERIFIED,885,0
ground_truth,dafny-synthesis_task_id_616.dfy,smtlib,z3,predicates,VERIFIED,868,0
ground_truth,dafny-synthesis_task_id_616.dfy,smtlib,z3,arguments,VERIFIED,854,0
ground_truth,Dafny-Exercises_tmp_tmpjm75muf__Session4Exercises_ExerciseFirstNegative.dfy,tptp,vampire,polymorphic,VERIFICATION_TIMED_OUT,29868,4
ground_truth,Dafny-Exercises_tmp_tmpjm75muf__Session4Exercises_ExerciseFirstNegative.dfy,tptp,vampire,monomorphic,VERIFICATION_TIMED_OUT,29915,4
ground_truth,Dafny-Exercises_tmp_tmpjm75muf__Session4Exercises_ExerciseFirstNegative.dfy,tptp,vampire,predicates,VERIFICATION_TIMED_OUT,29855,4
ground_truth,Dafny-Exercises_tmp_tmpjm75muf__Session4Exercises_ExerciseFirstNegative.dfy,tptp,vampire,arguments,VERIFICATION_TIMED_OUT,29877,4
ground_truth,Dafny-Exercises_tmp_tmpjm75muf__Session4Exercises_ExerciseFirstNegative.dfy,smtlib,vampire,monomorphic,VERIFICATION_TIMED_OUT,29885,4
ground_truth,Dafny-Exercises_tmp_tmpjm75muf__Session4Exercises_ExerciseFirstNegative.dfy,smtlib,vampire,predicates,VERIFICATION_TIMED_OUT,29799,4
ground_truth,Dafny-Exercises_tmp_tmpjm75muf__Session4Exercises_ExerciseFirstNegative.dfy,smtlib,vampire,arguments,VERIFICATION_TIMED_OUT,29822,4
ground_truth,Dafny-Exercises_tmp_tmpjm75muf__Session4Exercises_ExerciseFirstNegative.dfy,smtlib,z3,monomorphic,VERIFIED,946,0
ground_truth,Dafny-Exercises_tmp_tmpjm75muf__Session4Exercises_ExerciseFirstNegative.dfy,smtlib,z3,predicates,VERIFIED,898,0
ground_truth,Dafny-Exercises_tmp_tmpjm75muf__Session4Exercises_ExerciseFirstNegative.dfy,smtlib,z3,arguments,VERIFIED,889,0
ground_truth,dafny-exercises_tmp_tmp5mvrowrx_leetcode_26-remove-duplicates-from-sorted-array.dfy,tptp,vampire,polymorphic,VERIFICATION_TIMED_OUT,29847,4
ground_truth,dafny-exercises_tmp_tmp5mvrowrx_leetcode_26-remove-duplicates-from-sorted-array.dfy,tptp,vampire,monomorphic,VERIFICATION_TIMED_OUT,29942,4
ground_truth,dafny-exercises_tmp_tmp5mvrowrx_leetcode_26-remove-duplicates-from-sorted-array.dfy,tptp,vampire,predicates,VERIFICATION_TIMED_OUT,29905,4
ground_truth,dafny-exercises_tmp_tmp5mvrowrx_leetcode_26-remove-duplicates-from-sorted-array.dfy,tptp,vampire,arguments,VERIFICATION_TIMED_OUT,29906,4
ground_truth,dafny-exercises_tmp_tmp5mvrowrx_leetcode_26-remove-duplicates-from-sorted-array.dfy,smtlib,vampire,monomorphic,VERIFICATION_TIMED_OUT,29825,4
ground_truth,dafny-exercises_tmp_tmp5mvrowrx_leetcode_26-remove-duplicates-from-sorted-array.dfy,smtlib,vampire,predicates,VERIFICATION_TIMED_OUT,29844,4
ground_truth,dafny-exercises_tmp_tmp5mvrowrx_leetcode_26-remove-duplicates-from-sorted-array.dfy,smtlib,vampire,arguments,VERIFICATION_TIMED_OUT,29839,4
ground_truth,dafny-exercises_tmp_tmp5mvrowrx_leetcode_26-remove-duplicates-from-sorted-array.dfy,smtlib,z3,monomorphic,VERIFICATION_TIMED_OUT,30950,4
ground_truth,dafny-exercises_tmp_tmp5mvrowrx_leetcode_26-remove-duplicates-from-sorted-array.dfy,smtlib,z3,predicates,NOT_VERIFIED,30990,4
ground_truth,dafny-exercises_tmp_tmp5mvrowrx_leetcode_26-remove-duplicates-from-sorted-array.dfy,smtlib,z3,arguments,VERIFICATION_TIMED_OUT,30906,4
ground_truth,eth2-dafny_tmp_tmpcrgexrgb_src_dafny_utils_SetHelpers.dfy,tptp,vampire,polymorphic,VERIFICATION_TIMED_OUT,29867,4
ground_truth,eth2-dafny_tmp_tmpcrgexrgb_src_dafny_utils_SetHelpers.dfy,tptp,vampire,monomorphic,VERIFICATION_TIMED_OUT,29902,4
ground_truth,eth2-dafny_tmp_tmpcrgexrgb_src_dafny_utils_SetHelpers.dfy,tptp,vampire,predicates,VERIFICATION_TIMED_OUT,29875,4
ground_truth,eth2-dafny_tmp_tmpcrgexrgb_src_dafny_utils_SetHelpers.dfy,tptp,vampire,arguments,VERIFICATION_TIMED_OUT,29876,4
ground_truth,eth2-dafny_tmp_tmpcrgexrgb_src_dafny_utils_SetHelpers.dfy,smtlib,vampire,monomorphic,VERIFICATION_TIMED_OUT,29874,4
ground_truth,eth2-dafny_tmp_tmpcrgexrgb_src_dafny_utils_SetHelpers.dfy,smtlib,vampire,predicates,VERIFICATION_TIMED_OUT,29804,4
ground_truth,eth2-dafny_tmp_tmpcrgexrgb_src_dafny_utils_SetHelpers.dfy,smtlib,vampire,arguments,VERIFICATION_TIMED_OUT,29798,4
ground_truth,eth2-dafny_tmp_tmpcrgexrgb_src_dafny_utils_SetHelpers.dfy,smtlib,z3,monomorphic,VERIFIED,930,0
ground_truth,eth2-dafny_tmp_tmpcrgexrgb_src_dafny_utils_SetHelpers.dfy,smtlib,z3,predicates,VERIFIED,881,0
ground_truth,eth2-dafny_tmp_tmpcrgexrgb_src_dafny_utils_SetHelpers.dfy,smtlib,z3,arguments,VERIFIED,885,0
ground_truth,CSU55004---Formal-Verification_tmp_tmp4ki9iaqy_Project_Project_Part_1_project_pt_1.dfy,tptp,vampire,polymorphic,VERIFICATION_TIMED_OUT,29800,4
ground_truth,CSU55004---Formal-Verification_tmp_tmp4ki9iaqy_Project_Project_Part_1_project_pt_1.dfy,tptp,vampire,monomorphic,VERIFIED,1979,0
ground_truth,CSU55004---Formal-Verification_tmp_tmp4ki9iaqy_Project_Project_Part_1_project_pt_1.dfy,tptp,vampire,predicates,VERIFICATION_TIMED_OUT,29859,4
ground_truth,CSU55004---Formal-Verification_tmp_tmp4ki9iaqy_Project_Project_Part_1_project_pt_1.dfy,tptp,vampire,arguments,VERIFICATION_TIMED_OUT,29774,4
ground_truth,CSU55004---Formal-Verification_tmp_tmp4ki9iaqy_Project_Project_Part_1_project_pt_1.dfy,smtlib,vampire,monomorphic,VERIFIED,2059,0
ground_truth,CSU55004---Formal-Verification_tmp_tmp4ki9iaqy_Project_Project_Part_1_project_pt_1.dfy,smtlib,vampire,predicates,VERIFICATION_TIMED_OUT,29757,4
ground_truth,CSU55004---Formal-Verification_tmp_tmp4ki9iaqy_Project_Project_Part_1_project_pt_1.dfy,smtlib,vampire,arguments,VERIFIED,1966,0
ground_truth,CSU55004---Formal-Verification_tmp_tmp4ki9iaqy_Project_Project_Part_1_project_pt_1.dfy,smtlib,z3,monomorphic,VERIFIED,890,0
ground_truth,CSU55004---Formal-Verification_tmp_tmp4ki9iaqy_Project_Project_Part_1_project_pt_1.dfy,smtlib,z3,predicates,VERIFIED,848,0
ground_truth,CSU55004---Formal-Verification_tmp_tmp4ki9iaqy_Project_Project_Part_1_project_pt_1.dfy,smtlib,z3,arguments,VERIFIED,846,0
ground_truth,dafny-synthesis_task_id_629.dfy,tptp,vampire,polymorphic,VERIFICATION_TIMED_OUT,29818,4
ground_truth,dafny-synthesis_task_id_629.dfy,tptp,vampire,monomorphic,VERIFICATION_TIMED_OUT,29811,4
ground_truth,dafny-synthesis_task_id_629.dfy,tptp,vampire,predicates,VERIFICATION_TIMED_OUT,29781,4
ground_truth,dafny-synthesis_task_id_629.dfy,tptp,vampire,arguments,VERIFICATION_TIMED_OUT,29806,4
ground_truth,dafny-synthesis_task_id_629.dfy,smtlib,vampire,monomorphic,VERIFICATION_TIMED_OUT,29858,4
ground_truth,dafny-synthesis_task_id_629.dfy,smtlib,vampire,predicates,VERIFICATION_TIMED_OUT,29724,4
ground_truth,dafny-synthesis_task_id_629.dfy,smtlib,vampire,arguments,VERIFICATION_TIMED_OUT,29756,4
ground_truth,dafny-synthesis_task_id_629.dfy,smtlib,z3,monomorphic,VERIFIED,895,0
ground_truth,dafny-synthesis_task_id_629.dfy,smtlib,z3,predicates,VERIFIED,868,0
ground_truth,dafny-synthesis_task_id_629.dfy,smtlib,z3,arguments,VERIFIED,861,0
ground_truth,Dafny_Learning_Experience_tmp_tmpuxvcet_u_week1_7_week5_ComputePower.dfy,tptp,vampire,polymorphic,VERIFICATION_TIMED_OUT,29828,4
ground_truth,Dafny_Learning_Experience_tmp_tmpuxvcet_u_week1_7_week5_ComputePower.dfy,tptp,vampire,monomorphic,VERIFICATION_TIMED_OUT,29821,4
ground_truth,Dafny_Learning_Experience_tmp_tmpuxvcet_u_week1_7_week5_ComputePower.dfy,tptp,vampire,predicates,VERIFICATION_TIMED_OUT,29796,4
ground_truth,Dafny_Learning_Experience_tmp_tmpuxvcet_u_week1_7_week5_ComputePower.dfy,tptp,vampire,arguments,VERIFICATION_TIMED_OUT,29806,4
ground_truth,Dafny_Learning_Experience_tmp_tmpuxvcet_u_week1_7_week5_ComputePower.dfy,smtlib,vampire,monomorphic,VERIFICATION_TIMED_OUT,29781,4
ground_truth,Dafny_Learning_Experience_tmp_tmpuxvcet_u_week1_7_week5_ComputePower.dfy,smtlib,vampire,predicates,VERIFICATION_TIMED_OUT,29767,4
ground_truth,Dafny_Learning_Experience_tmp_tmpuxvcet_u_week1_7_week5_ComputePower.dfy,smtlib,vampire,arguments,VERIFICATION_TIMED_OUT,29772,4
ground_truth,Dafny_Learning_Experience_tmp_tmpuxvcet_u_week1_7_week5_ComputePower.dfy,smtlib,z3,monomorphic,VERIFIED,877,0
ground_truth,Dafny_Learning_Experience_tmp_tmpuxvcet_u_week1_7_week5_ComputePower.dfy,smtlib,z3,predicates,VERIFIED,831,0
ground_truth,Dafny_Learning_Experience_tmp_tmpuxvcet_u_week1_7_week5_ComputePower.dfy,smtlib,z3,arguments,VERIFIED,842,0
ground_truth,Dafny-Exercises_tmp_tmpjm75muf__Session7Exercises_ExerciseBubbleSort.dfy,tptp,vampire,polymorphic,VERIFICATION_TIMED_OUT,29930,4
ground_truth,Dafny-Exercises_tmp_tmpjm75muf__Session7Exercises_ExerciseBubbleSort.dfy,tptp,vampire,monomorphic,VERIFICATION_TIMED_OUT,29924,4
ground_truth,Dafny-Exercises_tmp_tmpjm75muf__Session7Exercises_ExerciseBubbleSort.dfy,tptp,vampire,predicates,VERIFICATION_TIMED_OUT,29932,4
ground_truth,Dafny-Exercises_tmp_tmpjm75muf__Session7Exercises_ExerciseBubbleSort.dfy,tptp,vampire,arguments,VERIFICATION_TIMED_OUT,29903,4
ground_truth,Dafny-Exercises_tmp_tmpjm75muf__Session7Exercises_ExerciseBubbleSort.dfy,smtlib,vampire,monomorphic,VERIFICATION_TIMED_OUT,29930,4
ground_truth,Dafny-Exercises_tmp_tmpjm75muf__Session7Exercises_ExerciseBubbleSort.dfy,smtlib,vampire,predicates,VERIFICATION_TIMED_OUT,29803,4
ground_truth,Dafny-Exercises_tmp_tmpjm75muf__Session7Exercises_ExerciseBubbleSort.dfy,smtlib,vampire,arguments,VERIFICATION_TIMED_OUT,29871,4
ground_truth,Dafny-Exercises_tmp_tmpjm75muf__Session7Exercises_ExerciseBubbleSort.dfy,smtlib,z3,monomorphic,VERIFIED,1722,0
ground_truth,Dafny-Exercises_tmp_tmpjm75muf__Session7Exercises_ExerciseBubbleSort.dfy,smtlib,z3,predicates,VERIFIED,1810,0
ground_truth,Dafny-Exercises_tmp_tmpjm75muf__Session7Exercises_ExerciseBubbleSort.dfy,smtlib,z3,arguments,VERIFIED,2536,0
ground_truth,dafny-language-server_tmp_tmpkir0kenl_Test_triggers_auto-triggers-fix-an-issue-listed-in-the-ironclad-notebook.dfy,tptp,vampire,polymorphic,VERIFIED,847,0
ground_truth,dafny-language-server_tmp_tmpkir0kenl_Test_triggers_auto-triggers-fix-an-issue-listed-in-the-ironclad-notebook.dfy,tptp,vampire,monomorphic,VERIFIED,899,0
ground_truth,dafny-language-server_tmp_tmpkir0kenl_Test_triggers_auto-triggers-fix-an-issue-listed-in-the-ironclad-notebook.dfy,tptp,vampire,predicates,VERIFIED,856,0
ground_truth,dafny-language-server_tmp_tmpkir0kenl_Test_triggers_auto-triggers-fix-an-issue-listed-in-the-ironclad-notebook.dfy,tptp,vampire,arguments,VERIFIED,857,0
ground_truth,dafny-language-server_tmp_tmpkir0kenl_Test_triggers_auto-triggers-fix-an-issue-listed-in-the-ironclad-notebook.dfy,smtlib,vampire,monomorphic,VERIFIED,851,0
ground_truth,dafny-language-server_tmp_tmpkir0kenl_Test_triggers_auto-triggers-fix-an-issue-listed-in-the-ironclad-notebook.dfy,smtlib,vampire,predicates,VERIFIED,834,0
ground_truth,dafny-language-server_tmp_tmpkir0kenl_Test_triggers_auto-triggers-fix-an-issue-listed-in-the-ironclad-notebook.dfy,smtlib,vampire,arguments,VERIFIED,812,0
ground_truth,dafny-language-server_tmp_tmpkir0kenl_Test_triggers_auto-triggers-fix-an-issue-listed-in-the-ironclad-notebook.dfy,smtlib,z3,monomorphic,VERIFIED,837,0
ground_truth,dafny-language-server_tmp_tmpkir0kenl_Test_triggers_auto-triggers-fix-an-issue-listed-in-the-ironclad-notebook.dfy,smtlib,z3,predicates,VERIFIED,809,0
ground_truth,dafny-language-server_tmp_tmpkir0kenl_Test_triggers_auto-triggers-fix-an-issue-listed-in-the-ironclad-notebook.dfy,smtlib,z3,arguments,VERIFIED,799,0
ground_truth,tangent-finder_tmp_tmpgyzf44ve_circles.dfy,tptp,vampire,polymorphic,VERIFICATION_TIMED_OUT,29854,4
ground_truth,tangent-finder_tmp_tmpgyzf44ve_circles.dfy,tptp,vampire,monomorphic,VERIFICATION_TIMED_OUT,29857,4
ground_truth,tangent-finder_tmp_tmpgyzf44ve_circles.dfy,tptp,vampire,predicates,VERIFICATION_TIMED_OUT,29874,4
ground_truth,tangent-finder_tmp_tmpgyzf44ve_circles.dfy,tptp,vampire,arguments,VERIFICATION_TIMED_OUT,29833,4
ground_truth,tangent-finder_tmp_tmpgyzf44ve_circles.dfy,smtlib,vampire,monomorphic,VERIFICATION_TIMED_OUT,29826,4
ground_truth,tangent-finder_tmp_tmpgyzf44ve_circles.dfy,smtlib,vampire,predicates,VERIFICATION_TIMED_OUT,29823,4
ground_truth,tangent-finder_tmp_tmpgyzf44ve_circles.dfy,smtlib,vampire,arguments,VERIFICATION_TIMED_OUT,29815,4
ground_truth,tangent-finder_tmp_tmpgyzf44ve_circles.dfy,smtlib,z3,monomorphic,VERIFIED,919,0
ground_truth,tangent-finder_tmp_tmpgyzf44ve_circles.dfy,smtlib,z3,predicates,VERIFIED,888,0
ground_truth,tangent-finder_tmp_tmpgyzf44ve_circles.dfy,smtlib,z3,arguments,VERIFIED,874,0
ground_truth,Program-Verification-Dataset_tmp_tmpgbdrlnu__Dafny_mathematical objects verification_examples_library.dfy,tptp,vampire,polymorphic,VERIFICATION_TIMED_OUT,29972,4
ground_truth,Program-Verification-Dataset_tmp_tmpgbdrlnu__Dafny_mathematical objects verification_examples_library.dfy,tptp,vampire,monomorphic,VERIFICATION_TIMED_OUT,29985,4
ground_truth,Program-Verification-Dataset_tmp_tmpgbdrlnu__Dafny_mathematical objects verification_examples_library.dfy,tptp,vampire,predicates,VERIFICATION_TIMED_OUT,29942,4
ground_truth,Program-Verification-Dataset_tmp_tmpgbdrlnu__Dafny_mathematical objects verification_examples_library.dfy,tptp,vampire,arguments,VERIFICATION_TIMED_OUT,29929,4
ground_truth,Program-Verification-Dataset_tmp_tmpgbdrlnu__Dafny_mathematical objects verification_examples_library.dfy,smtlib,vampire,monomorphic,VERIFICATION_TIMED_OUT,29950,4
ground_truth,Program-Verification-Dataset_tmp_tmpgbdrlnu__Dafny_mathematical objects verification_examples_library.dfy,smtlib,vampire,predicates,VERIFICATION_TIMED_OUT,29852,4
ground_truth,Program-Verification-Dataset_tmp_tmpgbdrlnu__Dafny_mathematical objects verification_examples_library.dfy,smtlib,vampire,arguments,VERIFICATION_TIMED_OUT,29812,4
ground_truth,Program-Verification-Dataset_tmp_tmpgbdrlnu__Dafny_mathematical objects verification_examples_library.dfy,smtlib,z3,monomorphic,VERIFIED,1048,0
ground_truth,Program-Verification-Dataset_tmp_tmpgbdrlnu__Dafny_mathematical objects verification_examples_library.dfy,smtlib,z3,predicates,VERIFIED,1033,0
ground_truth,Program-Verification-Dataset_tmp_tmpgbdrlnu__Dafny_mathematical objects verification_examples_library.dfy,smtlib,z3,arguments,VERIFIED,996,0
ground_truth,Programmverifikation-und-synthese_tmp_tmppurk6ime_example_DafnyIntro_01_Simple_Loops.dfy,tptp,vampire,polymorphic,VERIFICATION_TIMED_OUT,29714,4
ground_truth,Programmverifikation-und-synthese_tmp_tmppurk6ime_example_DafnyIntro_01_Simple_Loops.dfy,tptp,vampire,monomorphic,VERIFICATION_TIMED_OUT,29751,4
ground_truth,Programmverifikation-und-synthese_tmp_tmppurk6ime_example_DafnyIntro_01_Simple_Loops.dfy,tptp,vampire,predicates,VERIFIED,22900,0
ground_truth,Programmverifikation-und-synthese_tmp_tmppurk6ime_example_DafnyIntro_01_Simple_Loops.dfy,tptp,vampire,arguments,VERIFICATION_TIMED_OUT,29742,4
ground_truth,Programmverifikation-und-synthese_tmp_tmppurk6ime_example_DafnyIntro_01_Simple_Loops.dfy,smtlib,vampire,monomorphic,VERIFIED,1879,0
ground_truth,Programmverifikation-und-synthese_tmp_tmppurk6ime_example_DafnyIntro_01_Simple_Loops.dfy,smtlib,vampire,predicates,VERIFIED,1914,0
ground_truth,Programmverifikation-und-synthese_tmp_tmppurk6ime_example_DafnyIntro_01_Simple_Loops.dfy,smtlib,vampire,arguments,VERIFIED,1878,0
ground_truth,Programmverifikation-und-synthese_tmp_tmppurk6ime_example_DafnyIntro_01_Simple_Loops.dfy,smtlib,z3,monomorphic,VERIFIED,828,0
ground_truth,Programmverifikation-und-synthese_tmp_tmppurk6ime_example_DafnyIntro_01_Simple_Loops.dfy,smtlib,z3,predicates,VERIFIED,804,0
ground_truth,Programmverifikation-und-synthese_tmp_tmppurk6ime_example_DafnyIntro_01_Simple_Loops.dfy,smtlib,z3,arguments,VERIFIED,778,0
ground_truth,Clover_linear_search1.dfy,tptp,vampire,polymorphic,VERIFICATION_TIMED_OUT,29813,4
ground_truth,Clover_linear_search1.dfy,tptp,vampire,monomorphic,VERIFIED,1867,0
ground_truth,Clover_linear_search1.dfy,tptp,vampire,predicates,VERIFIED,3323,0
ground_truth,Clover_linear_search1.dfy,tptp,vampire,arguments,VERIFIED,1853,0
ground_truth,Clover_linear_search1.dfy,smtlib,vampire,monomorphic,VERIFIED,1962,0
ground_truth,Clover_linear_search1.dfy,smtlib,vampire,predicates,VERIFIED,4752,0
ground_truth,Clover_linear_search1.dfy,smtlib,vampire,arguments,VERIFIED,1932,0
ground_truth,Clover_linear_search1.dfy,smtlib,z3,monomorphic,VERIFIED,879,0
ground_truth,Clover_linear_search1.dfy,smtlib,z3,predicates,VERIFIED,840,0
ground_truth,Clover_linear_search1.dfy,smtlib,z3,arguments,VERIFIED,835,0
ground_truth,dafny-synthesis_task_id_750.dfy,tptp,vampire,polymorphic,VERIFICATION_TIMED_OUT,29742,4
ground_truth,dafny-synthesis_task_id_750.dfy,tptp,vampire,monomorphic,VERIFICATION_TIMED_OUT,29782,4
ground_truth,dafny-synthesis_task_id_750.dfy,tptp,vampire,predicates,VERIFICATION_TIMED_OUT,29754,4
ground_truth,dafny-synthesis_task_id_750.dfy,tptp,vampire,arguments,VERIFICATION_TIMED_OUT,29791,4
ground_truth,dafny-synthesis_task_id_750.dfy,smtlib,vampire,monomorphic,VERIFICATION_TIMED_OUT,29760,4
ground_truth,dafny-synthesis_task_id_750.dfy,smtlib,vampire,predicates,VERIFICATION_TIMED_OUT,29723,4
ground_truth,dafny-synthesis_task_id_750.dfy,smtlib,vampire,arguments,VERIFICATION_TIMED_OUT,29744,4
ground_truth,dafny-synthesis_task_id_750.dfy,smtlib,z3,monomorphic,VERIFIED,833,0
ground_truth,dafny-synthesis_task_id_750.dfy,smtlib,z3,predicates,VERIFIED,818,0
ground_truth,dafny-synthesis_task_id_750.dfy,smtlib,z3,arguments,VERIFIED,810,0
ground_truth,vfag_tmp_tmpc29dxm1j_sumar_componentes.dfy,tptp,vampire,polymorphic,VERIFICATION_TIMED_OUT,29846,4
ground_truth,vfag_tmp_tmpc29dxm1j_sumar_componentes.dfy,tptp,vampire,monomorphic,VERIFICATION_TIMED_OUT,29905,4
ground_truth,vfag_tmp_tmpc29dxm1j_sumar_componentes.dfy,tptp,vampire,predicates,VERIFICATION_TIMED_OUT,29868,4
ground_truth,vfag_tmp_tmpc29dxm1j_sumar_componentes.dfy,tptp,vampire,arguments,VERIFICATION_TIMED_OUT,29773,4
ground_truth,vfag_tmp_tmpc29dxm1j_sumar_componentes.dfy,smtlib,vampire,monomorphic,VERIFICATION_TIMED_OUT,29819,4
ground_truth,vfag_tmp_tmpc29dxm1j_sumar_componentes.dfy,smtlib,vampire,predicates,VERIFICATION_TIMED_OUT,29805,4
ground_truth,vfag_tmp_tmpc29dxm1j_sumar_componentes.dfy,smtlib,vampire,arguments,VERIFIED,22093,0
ground_truth,vfag_tmp_tmpc29dxm1j_sumar_componentes.dfy,smtlib,z3,monomorphic,VERIFIED,917,0
ground_truth,vfag_tmp_tmpc29dxm1j_sumar_componentes.dfy,smtlib,z3,predicates,VERIFIED,865,0
ground_truth,vfag_tmp_tmpc29dxm1j_sumar_componentes.dfy,smtlib,z3,arguments,VERIFIED,864,0
ground_truth,703FinalProject_tmp_tmpr_10rn4z_gaussian.dfy,tptp,vampire,polymorphic,VERIFICATION_TIMED_OUT,29779,4
ground_truth,703FinalProject_tmp_tmpr_10rn4z_gaussian.dfy,tptp,vampire,monomorphic,VERIFICATION_TIMED_OUT,29888,4
ground_truth,703FinalProject_tmp_tmpr_10rn4z_gaussian.dfy,tptp,vampire,predicates,VERIFICATION_TIMED_OUT,29891,4
ground_truth,703FinalProject_tmp_tmpr_10rn4z_gaussian.dfy,tptp,vampire,arguments,VERIFICATION_TIMED_OUT,29834,4
ground_truth,703FinalProject_tmp_tmpr_10rn4z_gaussian.dfy,smtlib,vampire,monomorphic,VERIFICATION_TIMED_OUT,29851,4
ground_truth,703FinalProject_tmp_tmpr_10rn4z_gaussian.dfy,smtlib,vampire,predicates,VERIFICATION_TIMED_OUT,29814,4
ground_truth,703FinalProject_tmp_tmpr_10rn4z_gaussian.dfy,smtlib,vampire,arguments,VERIFICATION_TIMED_OUT,29791,4
ground_truth,703FinalProject_tmp_tmpr_10rn4z_gaussian.dfy,smtlib,z3,monomorphic,VERIFIED,899,0
ground_truth,703FinalProject_tmp_tmpr_10rn4z_gaussian.dfy,smtlib,z3,predicates,VERIFIED,875,0
ground_truth,703FinalProject_tmp_tmpr_10rn4z_gaussian.dfy,smtlib,z3,arguments,VERIFIED,858,0
ground_truth,Clover_set_to_seq.dfy,tptp,vampire,polymorphic,VERIFICATION_TIMED_OUT,29832,4
ground_truth,Clover_set_to_seq.dfy,tptp,vampire,monomorphic,VERIFICATION_TIMED_OUT,29824,4
ground_truth,Clover_set_to_seq.dfy,tptp,vampire,predicates,VERIFICATION_TIMED_OUT,29826,4
ground_truth,Clover_set_to_seq.dfy,tptp,vampire,arguments,VERIFICATION_TIMED_OUT,29756,4
ground_truth,Clover_set_to_seq.dfy,smtlib,vampire,monomorphic,VERIFICATION_TIMED_OUT,29738,4
ground_truth,Clover_set_to_seq.dfy,smtlib,vampire,predicates,VERIFICATION_TIMED_OUT,29767,4
ground_truth,Clover_set_to_seq.dfy,smtlib,vampire,arguments,VERIFICATION_TIMED_OUT,29703,4
ground_truth,Clover_set_to_seq.dfy,smtlib,z3,monomorphic,VERIFIED,856,0
ground_truth,Clover_set_to_seq.dfy,smtlib,z3,predicates,VERIFIED,831,0
ground_truth,Clover_set_to_seq.dfy,smtlib,z3,arguments,VERIFIED,820,0
ground_truth,Dafny_Verify_tmp_tmphq7j0row_Test_Cases_solved_1_select.dfy,tptp,vampire,polymorphic,VERIFICATION_TIMED_OUT,29784,4
ground_truth,Dafny_Verify_tmp_tmphq7j0row_Test_Cases_solved_1_select.dfy,tptp,vampire,monomorphic,VERIFICATION_TIMED_OUT,29858,4
ground_truth,Dafny_Verify_tmp_tmphq7j0row_Test_Cases_solved_1_select.dfy,tptp,vampire,predicates,VERIFICATION_TIMED_OUT,29857,4
ground_truth,Dafny_Verify_tmp_tmphq7j0row_Test_Cases_solved_1_select.dfy,tptp,vampire,arguments,VERIFICATION_TIMED_OUT,29794,4
ground_truth,Dafny_Verify_tmp_tmphq7j0row_Test_Cases_solved_1_select.dfy,smtlib,vampire,monomorphic,VERIFICATION_TIMED_OUT,29805,4
ground_truth,Dafny_Verify_tmp_tmphq7j0row_Test_Cases_solved_1_select.dfy,smtlib,vampire,predicates,VERIFICATION_TIMED_OUT,29834,4
ground_truth,Dafny_Verify_tmp_tmphq7j0row_Test_Cases_solved_1_select.dfy,smtlib,vampire,arguments,VERIFICATION_TIMED_OUT,29787,4
ground_truth,Dafny_Verify_tmp_tmphq7j0row_Test_Cases_solved_1_select.dfy,smtlib,z3,monomorphic,VERIFIED,1288,0
ground_truth,Dafny_Verify_tmp_tmphq7j0row_Test_Cases_solved_1_select.dfy,smtlib,z3,predicates,VERIFIED,965,0
ground_truth,Dafny_Verify_tmp_tmphq7j0row_Test_Cases_solved_1_select.dfy,smtlib,z3,arguments,VERIFIED,960,0
ground_truth,dafny-programs_tmp_tmpcwodh6qh_src_max.dfy,tptp,vampire,polymorphic,VERIFIED,1035,0
ground_truth,dafny-programs_tmp_tmpcwodh6qh_src_max.dfy,tptp,vampire,monomorphic,VERIFIED,1093,0
ground_truth,dafny-programs_tmp_tmpcwodh6qh_src_max.dfy,tptp,vampire,predicates,VERIFIED,1010,0
ground_truth,dafny-programs_tmp_tmpcwodh6qh_src_max.dfy,tptp,vampire,arguments,VERIFIED,993,0
ground_truth,dafny-programs_tmp_tmpcwodh6qh_src_max.dfy,smtlib,vampire,monomorphic,VERIFIED,986,0
ground_truth,dafny-programs_tmp_tmpcwodh6qh_src_max.dfy,smtlib,vampire,predicates,VERIFIED,972,0
ground_truth,dafny-programs_tmp_tmpcwodh6qh_src_max.dfy,smtlib,vampire,arguments,VERIFIED,938,0
ground_truth,dafny-programs_tmp_tmpcwodh6qh_src_max.dfy,smtlib,z3,monomorphic,VERIFIED,852,0
ground_truth,dafny-programs_tmp_tmpcwodh6qh_src_max.dfy,smtlib,z3,predicates,VERIFIED,803,0
ground_truth,dafny-programs_tmp_tmpcwodh6qh_src_max.dfy,smtlib,z3,arguments,VERIFIED,808,0
ground_truth,Dafny-VMC_tmp_tmpzgqv0i1u_src_Math_Helper.dfy,tptp,vampire,polymorphic,VERIFICATION_TIMED_OUT,58895,4
ground_truth,Dafny-VMC_tmp_tmpzgqv0i1u_src_Math_Helper.dfy,tptp,vampire,monomorphic,VERIFICATION_TIMED_OUT,58892,4
ground_truth,Dafny-VMC_tmp_tmpzgqv0i1u_src_Math_Helper.dfy,tptp,vampire,predicates,VERIFICATION_TIMED_OUT,58872,4
ground_truth,Dafny-VMC_tmp_tmpzgqv0i1u_src_Math_Helper.dfy,tptp,vampire,arguments,VERIFICATION_TIMED_OUT,58831,4
ground_truth,Dafny-VMC_tmp_tmpzgqv0i1u_src_Math_Helper.dfy,smtlib,vampire,monomorphic,VERIFICATION_TIMED_OUT,32943,4
ground_truth,Dafny-VMC_tmp_tmpzgqv0i1u_src_Math_Helper.dfy,smtlib,vampire,predicates,VERIFICATION_TIMED_OUT,33084,4
ground_truth,Dafny-VMC_tmp_tmpzgqv0i1u_src_Math_Helper.dfy,smtlib,vampire,arguments,VERIFICATION_TIMED_OUT,30456,4
ground_truth,Dafny-VMC_tmp_tmpzgqv0i1u_src_Math_Helper.dfy,smtlib,z3,monomorphic,VERIFIED,1392,0
ground_truth,Dafny-VMC_tmp_tmpzgqv0i1u_src_Math_Helper.dfy,smtlib,z3,predicates,VERIFIED,988,0
ground_truth,Dafny-VMC_tmp_tmpzgqv0i1u_src_Math_Helper.dfy,smtlib,z3,arguments,VERIFIED,983,0
ground_truth,dafny-synthesis_task_id_554.dfy,tptp,vampire,polymorphic,VERIFICATION_TIMED_OUT,29768,4
ground_truth,dafny-synthesis_task_id_554.dfy,tptp,vampire,monomorphic,VERIFICATION_TIMED_OUT,29813,4
ground_truth,dafny-synthesis_task_id_554.dfy,tptp,vampire,predicates,VERIFICATION_TIMED_OUT,29838,4
ground_truth,dafny-synthesis_task_id_554.dfy,tptp,vampire,arguments,VERIFICATION_TIMED_OUT,29862,4
ground_truth,dafny-synthesis_task_id_554.dfy,smtlib,vampire,monomorphic,VERIFICATION_TIMED_OUT,29775,4
ground_truth,dafny-synthesis_task_id_554.dfy,smtlib,vampire,predicates,VERIFICATION_TIMED_OUT,29734,4
ground_truth,dafny-synthesis_task_id_554.dfy,smtlib,vampire,arguments,VERIFICATION_TIMED_OUT,29761,4
ground_truth,dafny-synthesis_task_id_554.dfy,smtlib,z3,monomorphic,VERIFIED,902,0
ground_truth,dafny-synthesis_task_id_554.dfy,smtlib,z3,predicates,VERIFIED,876,0
ground_truth,dafny-synthesis_task_id_554.dfy,smtlib,z3,arguments,VERIFIED,867,0
ground_truth,dafny-language-server_tmp_tmpkir0kenl_Test_dafny0_snapshots_Inputs_Snapshots0.dfy,tptp,vampire,polymorphic,VERIFIED,798,0
ground_truth,dafny-language-server_tmp_tmpkir0kenl_Test_dafny0_snapshots_Inputs_Snapshots0.dfy,tptp,vampire,monomorphic,VERIFIED,837,0
ground_truth,dafny-language-server_tmp_tmpkir0kenl_Test_dafny0_snapshots_Inputs_Snapshots0.dfy,tptp,vampire,predicates,VERIFIED,804,0
ground_truth,dafny-language-server_tmp_tmpkir0kenl_Test_dafny0_snapshots_Inputs_Snapshots0.dfy,tptp,vampire,arguments,VERIFIED,802,0
ground_truth,dafny-language-server_tmp_tmpkir0kenl_Test_dafny0_snapshots_Inputs_Snapshots0.dfy,smtlib,vampire,monomorphic,VERIFIED,790,0
ground_truth,dafny-language-server_tmp_tmpkir0kenl_Test_dafny0_snapshots_Inputs_Snapshots0.dfy,smtlib,vampire,predicates,VERIFIED,760,0
ground_truth,dafny-language-server_tmp_tmpkir0kenl_Test_dafny0_snapshots_Inputs_Snapshots0.dfy,smtlib,vampire,arguments,VERIFIED,762,0
ground_truth,dafny-language-server_tmp_tmpkir0kenl_Test_dafny0_snapshots_Inputs_Snapshots0.dfy,smtlib,z3,monomorphic,VERIFIED,779,0
ground_truth,dafny-language-server_tmp_tmpkir0kenl_Test_dafny0_snapshots_Inputs_Snapshots0.dfy,smtlib,z3,predicates,VERIFIED,758,0
ground_truth,dafny-language-server_tmp_tmpkir0kenl_Test_dafny0_snapshots_Inputs_Snapshots0.dfy,smtlib,z3,arguments,VERIFIED,737,0
ground_truth,CVS-handout1_tmp_tmptm52no3k_2.dfy,tptp,vampire,polymorphic,VERIFICATION_TIMED_OUT,29902,4
ground_truth,CVS-handout1_tmp_tmptm52no3k_2.dfy,tptp,vampire,monomorphic,VERIFICATION_TIMED_OUT,30012,4
ground_truth,CVS-handout1_tmp_tmptm52no3k_2.dfy,tptp,vampire,predicates,VERIFICATION_TIMED_OUT,30021,4
ground_truth,CVS-handout1_tmp_tmptm52no3k_2.dfy,tptp,vampire,arguments,VERIFICATION_TIMED_OUT,29980,4
ground_truth,CVS-handout1_tmp_tmptm52no3k_2.dfy,smtlib,vampire,monomorphic,VERIFICATION_TIMED_OUT,29906,4
ground_truth,CVS-handout1_tmp_tmptm52no3k_2.dfy,smtlib,vampire,predicates,VERIFICATION_TIMED_OUT,29888,4
ground_truth,CVS-handout1_tmp_tmptm52no3k_2.dfy,smtlib,vampire,arguments,VERIFICATION_TIMED_OUT,29845,4
ground_truth,CVS-handout1_tmp_tmptm52no3k_2.dfy,smtlib,z3,monomorphic,VERIFIED,1022,0
ground_truth,CVS-handout1_tmp_tmptm52no3k_2.dfy,smtlib,z3,predicates,VERIFIED,993,0
ground_truth,CVS-handout1_tmp_tmptm52no3k_2.dfy,smtlib,z3,arguments,VERIFIED,972,0
ground_truth,Dafny_Verify_tmp_tmphq7j0row_Generated_Code_Mult.dfy,tptp,vampire,polymorphic,VERIFIED,896,0
ground_truth,Dafny_Verify_tmp_tmphq7j0row_Generated_Code_Mult.dfy,tptp,vampire,monomorphic,VERIFIED,1032,0
ground_truth,Dafny_Verify_tmp_tmphq7j0row_Generated_Code_Mult.dfy,tptp,vampire,predicates,VERIFIED,915,0
ground_truth,Dafny_Verify_tmp_tmphq7j0row_Generated_Code_Mult.dfy,tptp,vampire,arguments,VERIFIED,904,0
ground_truth,Dafny_Verify_tmp_tmphq7j0row_Generated_Code_Mult.dfy,smtlib,vampire,monomorphic,VERIFIED,907,0
ground_truth,Dafny_Verify_tmp_tmphq7j0row_Generated_Code_Mult.dfy,smtlib,vampire,predicates,VERIFIED,882,0
ground_truth,Dafny_Verify_tmp_tmphq7j0row_Generated_Code_Mult.dfy,smtlib,vampire,arguments,VERIFIED,880,0
ground_truth,Dafny_Verify_tmp_tmphq7j0row_Generated_Code_Mult.dfy,smtlib,z3,monomorphic,VERIFIED,836,0
ground_truth,Dafny_Verify_tmp_tmphq7j0row_Generated_Code_Mult.dfy,smtlib,z3,predicates,VERIFIED,791,0
ground_truth,Dafny_Verify_tmp_tmphq7j0row_Generated_Code_Mult.dfy,smtlib,z3,arguments,VERIFIED,783,0
ground_truth,Program-Verification-Dataset_tmp_tmpgbdrlnu__Dafny_algorithms and leetcode_leetcode_BoatsToSavePeople.dfy,tptp,vampire,polymorphic,VERIFICATION_TIMED_OUT,30115,4
ground_truth,Program-Verification-Dataset_tmp_tmpgbdrlnu__Dafny_algorithms and leetcode_leetcode_BoatsToSavePeople.dfy,tptp,vampire,monomorphic,VERIFICATION_TIMED_OUT,29930,4
ground_truth,Program-Verification-Dataset_tmp_tmpgbdrlnu__Dafny_algorithms and leetcode_leetcode_BoatsToSavePeople.dfy,tptp,vampire,predicates,VERIFICATION_TIMED_OUT,29898,4
ground_truth,Program-Verification-Dataset_tmp_tmpgbdrlnu__Dafny_algorithms and leetcode_leetcode_BoatsToSavePeople.dfy,tptp,vampire,arguments,VERIFICATION_TIMED_OUT,29939,4
ground_truth,Program-Verification-Dataset_tmp_tmpgbdrlnu__Dafny_algorithms and leetcode_leetcode_BoatsToSavePeople.dfy,smtlib,vampire,monomorphic,VERIFICATION_TIMED_OUT,29905,4
ground_truth,Program-Verification-Dataset_tmp_tmpgbdrlnu__Dafny_algorithms and leetcode_leetcode_BoatsToSavePeople.dfy,smtlib,vampire,predicates,VERIFICATION_TIMED_OUT,29805,4
ground_truth,Program-Verification-Dataset_tmp_tmpgbdrlnu__Dafny_algorithms and leetcode_leetcode_BoatsToSavePeople.dfy,smtlib,vampire,arguments,VERIFICATION_TIMED_OUT,29834,4
ground_truth,Program-Verification-Dataset_tmp_tmpgbdrlnu__Dafny_algorithms and leetcode_leetcode_BoatsToSavePeople.dfy,smtlib,z3,monomorphic,VERIFICATION_TIMED_OUT,30974,4
ground_truth,Program-Verification-Dataset_tmp_tmpgbdrlnu__Dafny_algorithms and leetcode_leetcode_BoatsToSavePeople.dfy,smtlib,z3,predicates,VERIFIED,13090,0
ground_truth,Program-Verification-Dataset_tmp_tmpgbdrlnu__Dafny_algorithms and leetcode_leetcode_BoatsToSavePeople.dfy,smtlib,z3,arguments,VERIFICATION_TIMED_OUT,30933,4
ground_truth,FlexWeek_tmp_tmpc_tfdj_3_ex3.dfy,tptp,vampire,polymorphic,VERIFICATION_TIMED_OUT,29852,4
ground_truth,FlexWeek_tmp_tmpc_tfdj_3_ex3.dfy,tptp,vampire,monomorphic,VERIFICATION_TIMED_OUT,29872,4
ground_truth,FlexWeek_tmp_tmpc_tfdj_3_ex3.dfy,tptp,vampire,predicates,VERIFICATION_TIMED_OUT,29914,4
ground_truth,FlexWeek_tmp_tmpc_tfdj_3_ex3.dfy,tptp,vampire,arguments,VERIFICATION_TIMED_OUT,29862,4
ground_truth,FlexWeek_tmp_tmpc_tfdj_3_ex3.dfy,smtlib,vampire,monomorphic,VERIFICATION_TIMED_OUT,29838,4
ground_truth,FlexWeek_tmp_tmpc_tfdj_3_ex3.dfy,smtlib,vampire,predicates,VERIFICATION_TIMED_OUT,29851,4
ground_truth,FlexWeek_tmp_tmpc_tfdj_3_ex3.dfy,smtlib,vampire,arguments,VERIFICATION_TIMED_OUT,29805,4
ground_truth,FlexWeek_tmp_tmpc_tfdj_3_ex3.dfy,smtlib,z3,monomorphic,VERIFIED,910,0
ground_truth,FlexWeek_tmp_tmpc_tfdj_3_ex3.dfy,smtlib,z3,predicates,VERIFIED,895,0
ground_truth,FlexWeek_tmp_tmpc_tfdj_3_ex3.dfy,smtlib,z3,arguments,VERIFIED,883,0
ground_truth,summer-school-2020_tmp_tmpn8nf7zf0_chapter01_solutions_exercise11_solution.dfy,tptp,vampire,polymorphic,VERIFICATION_TIMED_OUT,29860,4
ground_truth,summer-school-2020_tmp_tmpn8nf7zf0_chapter01_solutions_exercise11_solution.dfy,tptp,vampire,monomorphic,VERIFICATION_TIMED_OUT,29889,4
ground_truth,summer-school-2020_tmp_tmpn8nf7zf0_chapter01_solutions_exercise11_solution.dfy,tptp,vampire,predicates,VERIFICATION_TIMED_OUT,29845,4
ground_truth,summer-school-2020_tmp_tmpn8nf7zf0_chapter01_solutions_exercise11_solution.dfy,tptp,vampire,arguments,VERIFICATION_TIMED_OUT,29843,4
ground_truth,summer-school-2020_tmp_tmpn8nf7zf0_chapter01_solutions_exercise11_solution.dfy,smtlib,vampire,monomorphic,VERIFICATION_TIMED_OUT,29866,4
ground_truth,summer-school-2020_tmp_tmpn8nf7zf0_chapter01_solutions_exercise11_solution.dfy,smtlib,vampire,predicates,VERIFICATION_TIMED_OUT,29842,4
ground_truth,summer-school-2020_tmp_tmpn8nf7zf0_chapter01_solutions_exercise11_solution.dfy,smtlib,vampire,arguments,VERIFICATION_TIMED_OUT,29824,4
ground_truth,summer-school-2020_tmp_tmpn8nf7zf0_chapter01_solutions_exercise11_solution.dfy,smtlib,z3,monomorphic,VERIFIED,910,0
ground_truth,summer-school-2020_tmp_tmpn8nf7zf0_chapter01_solutions_exercise11_solution.dfy,smtlib,z3,predicates,VERIFIED,887,0
ground_truth,summer-school-2020_tmp_tmpn8nf7zf0_chapter01_solutions_exercise11_solution.dfy,smtlib,z3,arguments,VERIFIED,874,0
ground_truth,dafny_examples_tmp_tmp8qotd4ez_leetcode_0069-sqrt.dfy,tptp,vampire,polymorphic,VERIFICATION_TIMED_OUT,29747,4
ground_truth,dafny_examples_tmp_tmp8qotd4ez_leetcode_0069-sqrt.dfy,tptp,vampire,monomorphic,VERIFIED,6343,0
ground_truth,dafny_examples_tmp_tmp8qotd4ez_leetcode_0069-sqrt.dfy,tptp,vampire,predicates,VERIFIED,17937,0
ground_truth,dafny_examples_tmp_tmp8qotd4ez_leetcode_0069-sqrt.dfy,tptp,vampire,arguments,VERIFIED,17129,0
ground_truth,dafny_examples_tmp_tmp8qotd4ez_leetcode_0069-sqrt.dfy,smtlib,vampire,monomorphic,VERIFIED,1235,0
ground_truth,dafny_examples_tmp_tmp8qotd4ez_leetcode_0069-sqrt.dfy,smtlib,vampire,predicates,VERIFIED,3594,0
ground_truth,dafny_examples_tmp_tmp8qotd4ez_leetcode_0069-sqrt.dfy,smtlib,vampire,arguments,VERIFIED,3413,0
ground_truth,dafny_examples_tmp_tmp8qotd4ez_leetcode_0069-sqrt.dfy,smtlib,z3,monomorphic,VERIFIED,863,0
ground_truth,dafny_examples_tmp_tmp8qotd4ez_leetcode_0069-sqrt.dfy,smtlib,z3,predicates,VERIFIED,822,0
ground_truth,dafny_examples_tmp_tmp8qotd4ez_leetcode_0069-sqrt.dfy,smtlib,z3,arguments,VERIFIED,824,0
ground_truth,Workshop_tmp_tmp0cu11bdq_Workshop_Answers_Question5.dfy,tptp,vampire,polymorphic,VERIFICATION_TIMED_OUT,29799,4
ground_truth,Workshop_tmp_tmp0cu11bdq_Workshop_Answers_Question5.dfy,tptp,vampire,monomorphic,VERIFICATION_TIMED_OUT,29827,4
ground_truth,Workshop_tmp_tmp0cu11bdq_Workshop_Answers_Question5.dfy,tptp,vampire,predicates,VERIFICATION_TIMED_OUT,29794,4
ground_truth,Workshop_tmp_tmp0cu11bdq_Workshop_Answers_Question5.dfy,tptp,vampire,arguments,VERIFICATION_TIMED_OUT,29848,4
ground_truth,Workshop_tmp_tmp0cu11bdq_Workshop_Answers_Question5.dfy,smtlib,vampire,monomorphic,VERIFICATION_TIMED_OUT,29796,4
ground_truth,Workshop_tmp_tmp0cu11bdq_Workshop_Answers_Question5.dfy,smtlib,vampire,predicates,VERIFICATION_TIMED_OUT,29817,4
ground_truth,Workshop_tmp_tmp0cu11bdq_Workshop_Answers_Question5.dfy,smtlib,vampire,arguments,VERIFICATION_TIMED_OUT,29723,4
ground_truth,Workshop_tmp_tmp0cu11bdq_Workshop_Answers_Question5.dfy,smtlib,z3,monomorphic,VERIFIED,893,0
ground_truth,Workshop_tmp_tmp0cu11bdq_Workshop_Answers_Question5.dfy,smtlib,z3,predicates,VERIFIED,879,0
ground_truth,Workshop_tmp_tmp0cu11bdq_Workshop_Answers_Question5.dfy,smtlib,z3,arguments,VERIFIED,866,0
ground_truth,Clover_compare.dfy,tptp,vampire,polymorphic,VERIFIED,795,0
ground_truth,Clover_compare.dfy,tptp,vampire,monomorphic,VERIFIED,849,0
ground_truth,Clover_compare.dfy,tptp,vampire,predicates,VERIFIED,793,0
ground_truth,Clover_compare.dfy,tptp,vampire,arguments,VERIFIED,805,0
ground_truth,Clover_compare.dfy,smtlib,vampire,monomorphic,VERIFIED,791,0
ground_truth,Clover_compare.dfy,smtlib,vampire,predicates,VERIFIED,758,0
ground_truth,Clover_compare.dfy,smtlib,vampire,arguments,VERIFIED,751,0
ground_truth,Clover_compare.dfy,smtlib,z3,monomorphic,VERIFIED,788,0
ground_truth,Clover_compare.dfy,smtlib,z3,predicates,VERIFIED,759,0
ground_truth,Clover_compare.dfy,smtlib,z3,arguments,VERIFIED,757,0
ground_truth,MIEIC_mfes_tmp_tmpq3ho7nve_exams_mt2_19_p4.dfy,tptp,vampire,polymorphic,VERIFICATION_TIMED_OUT,29801,4
ground_truth,MIEIC_mfes_tmp_tmpq3ho7nve_exams_mt2_19_p4.dfy,tptp,vampire,monomorphic,VERIFICATION_TIMED_OUT,29864,4
ground_truth,MIEIC_mfes_tmp_tmpq3ho7nve_exams_mt2_19_p4.dfy,tptp,vampire,predicates,VERIFICATION_TIMED_OUT,29851,4
ground_truth,MIEIC_mfes_tmp_tmpq3ho7nve_exams_mt2_19_p4.dfy,tptp,vampire,arguments,VERIFICATION_TIMED_OUT,29772,4
ground_truth,MIEIC_mfes_tmp_tmpq3ho7nve_exams_mt2_19_p4.dfy,smtlib,vampire,monomorphic,VERIFIED,22890,0
ground_truth,MIEIC_mfes_tmp_tmpq3ho7nve_exams_mt2_19_p4.dfy,smtlib,vampire,predicates,VERIFICATION_TIMED_OUT,29706,4
ground_truth,MIEIC_mfes_tmp_tmpq3ho7nve_exams_mt2_19_p4.dfy,smtlib,vampire,arguments,VERIFICATION_TIMED_OUT,29744,4
ground_truth,MIEIC_mfes_tmp_tmpq3ho7nve_exams_mt2_19_p4.dfy,smtlib,z3,monomorphic,VERIFIED,869,0
ground_truth,MIEIC_mfes_tmp_tmpq3ho7nve_exams_mt2_19_p4.dfy,smtlib,z3,predicates,VERIFIED,849,0
ground_truth,MIEIC_mfes_tmp_tmpq3ho7nve_exams_mt2_19_p4.dfy,smtlib,z3,arguments,VERIFIED,837,0
ground_truth,bbfny_tmp_tmpw4m0jvl0_enjoying.dfy,tptp,vampire,polymorphic,VERIFICATION_TIMED_OUT,29879,4
ground_truth,bbfny_tmp_tmpw4m0jvl0_enjoying.dfy,tptp,vampire,monomorphic,VERIFICATION_TIMED_OUT,30006,4
ground_truth,bbfny_tmp_tmpw4m0jvl0_enjoying.dfy,tptp,vampire,predicates,VERIFICATION_TIMED_OUT,30039,4
ground_truth,bbfny_tmp_tmpw4m0jvl0_enjoying.dfy,tptp,vampire,arguments,VERIFICATION_TIMED_OUT,29882,4
ground_truth,bbfny_tmp_tmpw4m0jvl0_enjoying.dfy,smtlib,vampire,monomorphic,VERIFICATION_TIMED_OUT,29944,4
ground_truth,bbfny_tmp_tmpw4m0jvl0_enjoying.dfy,smtlib,vampire,predicates,VERIFIED,18182,0
ground_truth,bbfny_tmp_tmpw4m0jvl0_enjoying.dfy,smtlib,vampire,arguments,VERIFICATION_TIMED_OUT,29818,4
ground_truth,bbfny_tmp_tmpw4m0jvl0_enjoying.dfy,smtlib,z3,monomorphic,VERIFIED,994,0
ground_truth,bbfny_tmp_tmpw4m0jvl0_enjoying.dfy,smtlib,z3,predicates,VERIFIED,948,0
ground_truth,bbfny_tmp_tmpw4m0jvl0_enjoying.dfy,smtlib,z3,arguments,VERIFIED,954,0
ground_truth,dafny-synthesis_task_id_86.dfy,tptp,vampire,polymorphic,VERIFIED,978,0
ground_truth,dafny-synthesis_task_id_86.dfy,tptp,vampire,monomorphic,VERIFIED,916,0
ground_truth,dafny-synthesis_task_id_86.dfy,tptp,vampire,predicates,VERIFIED,1033,0
ground_truth,dafny-synthesis_task_id_86.dfy,tptp,vampire,arguments,VERIFIED,873,0
ground_truth,dafny-synthesis_task_id_86.dfy,smtlib,vampire,monomorphic,VERIFIED,961,0
ground_truth,dafny-synthesis_task_id_86.dfy,smtlib,vampire,predicates,VERIFIED,1006,0
ground_truth,dafny-synthesis_task_id_86.dfy,smtlib,vampire,arguments,VERIFIED,845,0
ground_truth,dafny-synthesis_task_id_86.dfy,smtlib,z3,monomorphic,VERIFIED,787,0
ground_truth,dafny-synthesis_task_id_86.dfy,smtlib,z3,predicates,VERIFIED,761,0
ground_truth,dafny-synthesis_task_id_86.dfy,smtlib,z3,arguments,VERIFIED,765,0
ground_truth,dafny-synthesis_task_id_18.dfy,tptp,vampire,polymorphic,VERIFICATION_TIMED_OUT,29826,4
ground_truth,dafny-synthesis_task_id_18.dfy,tptp,vampire,monomorphic,VERIFICATION_TIMED_OUT,29790,4
ground_truth,dafny-synthesis_task_id_18.dfy,tptp,vampire,predicates,VERIFICATION_TIMED_OUT,29849,4
ground_truth,dafny-synthesis_task_id_18.dfy,tptp,vampire,arguments,VERIFICATION_TIMED_OUT,29837,4
ground_truth,dafny-synthesis_task_id_18.dfy,smtlib,vampire,monomorphic,VERIFICATION_TIMED_OUT,29790,4
ground_truth,dafny-synthesis_task_id_18.dfy,smtlib,vampire,predicates,VERIFICATION_TIMED_OUT,29766,4
ground_truth,dafny-synthesis_task_id_18.dfy,smtlib,vampire,arguments,VERIFICATION_TIMED_OUT,29782,4
ground_truth,dafny-synthesis_task_id_18.dfy,smtlib,z3,monomorphic,VERIFIED,887,0
ground_truth,dafny-synthesis_task_id_18.dfy,smtlib,z3,predicates,VERIFIED,850,0
ground_truth,dafny-synthesis_task_id_18.dfy,smtlib,z3,arguments,VERIFIED,860,0
ground_truth,Program-Verification-Dataset_tmp_tmpgbdrlnu__Dafny_advanced examples_Refinement.dfy,tptp,vampire,polymorphic,VERIFIED,1074,0
ground_truth,Program-Verification-Dataset_tmp_tmpgbdrlnu__Dafny_advanced examples_Refinement.dfy,tptp,vampire,monomorphic,VERIFIED,1247,0
ground_truth,Program-Verification-Dataset_tmp_tmpgbdrlnu__Dafny_advanced examples_Refinement.dfy,tptp,vampire,predicates,VERIFICATION_TIMED_OUT,59006,4
ground_truth,Program-Verification-Dataset_tmp_tmpgbdrlnu__Dafny_advanced examples_Refinement.dfy,tptp,vampire,arguments,VERIFICATION_TIMED_OUT,58979,4
ground_truth,Program-Verification-Dataset_tmp_tmpgbdrlnu__Dafny_advanced examples_Refinement.dfy,smtlib,vampire,monomorphic,VERIFIED,1190,0
ground_truth,Program-Verification-Dataset_tmp_tmpgbdrlnu__Dafny_advanced examples_Refinement.dfy,smtlib,vampire,predicates,VERIFIED,1592,0
ground_truth,Program-Verification-Dataset_tmp_tmpgbdrlnu__Dafny_advanced examples_Refinement.dfy,smtlib,vampire,arguments,VERIFIED,1144,0
ground_truth,Program-Verification-Dataset_tmp_tmpgbdrlnu__Dafny_advanced examples_Refinement.dfy,smtlib,z3,monomorphic,VERIFIED,1034,0
ground_truth,Program-Verification-Dataset_tmp_tmpgbdrlnu__Dafny_advanced examples_Refinement.dfy,smtlib,z3,predicates,VERIFIED,933,0
ground_truth,Program-Verification-Dataset_tmp_tmpgbdrlnu__Dafny_advanced examples_Refinement.dfy,smtlib,z3,arguments,VERIFIED,941,0
ground_truth,Program-Verification-Dataset_tmp_tmpgbdrlnu__Dafny_algorithms and leetcode_lib_seq.dfy,tptp,vampire,polymorphic,VERIFICATION_TIMED_OUT,146037,4
ground_truth,Program-Verification-Dataset_tmp_tmpgbdrlnu__Dafny_algorithms and leetcode_lib_seq.dfy,tptp,vampire,monomorphic,VERIFICATION_TIMED_OUT,118271,4
ground_truth,Program-Verification-Dataset_tmp_tmpgbdrlnu__Dafny_algorithms and leetcode_lib_seq.dfy,tptp,vampire,predicates,VERIFICATION_TIMED_OUT,120148,4
ground_truth,Program-Verification-Dataset_tmp_tmpgbdrlnu__Dafny_algorithms and leetcode_lib_seq.dfy,tptp,vampire,arguments,VERIFICATION_TIMED_OUT,117280,4
ground_truth,Program-Verification-Dataset_tmp_tmpgbdrlnu__Dafny_algorithms and leetcode_lib_seq.dfy,smtlib,vampire,monomorphic,VERIFICATION_TIMED_OUT,117349,4
ground_truth,Program-Verification-Dataset_tmp_tmpgbdrlnu__Dafny_algorithms and leetcode_lib_seq.dfy,smtlib,vampire,predicates,VERIFICATION_TIMED_OUT,137552,4
ground_truth,Program-Verification-Dataset_tmp_tmpgbdrlnu__Dafny_algorithms and leetcode_lib_seq.dfy,smtlib,vampire,arguments,VERIFICATION_TIMED_OUT,117305,4
ground_truth,Program-Verification-Dataset_tmp_tmpgbdrlnu__Dafny_algorithms and leetcode_lib_seq.dfy,smtlib,z3,monomorphic,VERIFICATION_TIMED_OUT,31271,4
ground_truth,Program-Verification-Dataset_tmp_tmpgbdrlnu__Dafny_algorithms and leetcode_lib_seq.dfy,smtlib,z3,predicates,VERIFICATION_TIMED_OUT,31229,4
ground_truth,Program-Verification-Dataset_tmp_tmpgbdrlnu__Dafny_algorithms and leetcode_lib_seq.dfy,smtlib,z3,arguments,VERIFICATION_TIMED_OUT,31207,4
ground_truth,dafny-synthesis_task_id_591.dfy,tptp,vampire,polymorphic,VERIFICATION_TIMED_OUT,29795,4
ground_truth,dafny-synthesis_task_id_591.dfy,tptp,vampire,monomorphic,VERIFICATION_TIMED_OUT,29772,4
ground_truth,dafny-synthesis_task_id_591.dfy,tptp,vampire,predicates,VERIFICATION_TIMED_OUT,29782,4
ground_truth,dafny-synthesis_task_id_591.dfy,tptp,vampire,arguments,VERIFICATION_TIMED_OUT,29737,4
ground_truth,dafny-synthesis_task_id_591.dfy,smtlib,vampire,monomorphic,VERIFIED,10135,0
ground_truth,dafny-synthesis_task_id_591.dfy,smtlib,vampire,predicates,VERIFICATION_TIMED_OUT,29779,4
ground_truth,dafny-synthesis_task_id_591.dfy,smtlib,vampire,arguments,VERIFICATION_TIMED_OUT,29695,4
ground_truth,dafny-synthesis_task_id_591.dfy,smtlib,z3,monomorphic,VERIFIED,860,0
ground_truth,dafny-synthesis_task_id_591.dfy,smtlib,z3,predicates,VERIFIED,842,0
ground_truth,dafny-synthesis_task_id_591.dfy,smtlib,z3,arguments,VERIFIED,835,0
ground_truth,Clover_only_once.dfy,tptp,vampire,polymorphic,VERIFICATION_TIMED_OUT,29718,4
ground_truth,Clover_only_once.dfy,tptp,vampire,monomorphic,VERIFICATION_TIMED_OUT,29808,4
ground_truth,Clover_only_once.dfy,tptp,vampire,predicates,VERIFICATION_TIMED_OUT,29757,4
ground_truth,Clover_only_once.dfy,tptp,vampire,arguments,VERIFICATION_TIMED_OUT,29822,4
ground_truth,Clover_only_once.dfy,smtlib,vampire,monomorphic,VERIFICATION_TIMED_OUT,29711,4
ground_truth,Clover_only_once.dfy,smtlib,vampire,predicates,VERIFICATION_TIMED_OUT,29770,4
ground_truth,Clover_only_once.dfy,smtlib,vampire,arguments,VERIFICATION_TIMED_OUT,29675,4
ground_truth,Clover_only_once.dfy,smtlib,z3,monomorphic,VERIFIED,845,0
ground_truth,Clover_only_once.dfy,smtlib,z3,predicates,VERIFIED,830,0
ground_truth,Clover_only_once.dfy,smtlib,z3,arguments,VERIFIED,813,0
ground_truth,nitwit_tmp_tmplm098gxz_nit.dfy,tptp,vampire,polymorphic,VERIFICATION_TIMED_OUT,30901,4
ground_truth,nitwit_tmp_tmplm098gxz_nit.dfy,tptp,vampire,monomorphic,VERIFICATION_TIMED_OUT,30122,4
ground_truth,nitwit_tmp_tmplm098gxz_nit.dfy,tptp,vampire,predicates,VERIFICATION_TIMED_OUT,30372,4
ground_truth,nitwit_tmp_tmplm098gxz_nit.dfy,tptp,vampire,arguments,VERIFICATION_TIMED_OUT,30140,4
ground_truth,nitwit_tmp_tmplm098gxz_nit.dfy,smtlib,vampire,monomorphic,VERIFICATION_TIMED_OUT,30139,4
ground_truth,nitwit_tmp_tmplm098gxz_nit.dfy,smtlib,vampire,predicates,VERIFICATION_TIMED_OUT,30179,4
ground_truth,nitwit_tmp_tmplm098gxz_nit.dfy,smtlib,vampire,arguments,VERIFICATION_TIMED_OUT,30092,4
ground_truth,nitwit_tmp_tmplm098gxz_nit.dfy,smtlib,z3,monomorphic,VERIFIED,1101,0
ground_truth,nitwit_tmp_tmplm098gxz_nit.dfy,smtlib,z3,predicates,VERIFIED,1017,0
ground_truth,nitwit_tmp_tmplm098gxz_nit.dfy,smtlib,z3,arguments,VERIFIED,1079,0
ground_truth,verified-using-dafny_tmp_tmp7jatpjyn_longestZero.dfy,tptp,vampire,polymorphic,VERIFICATION_TIMED_OUT,29843,4
ground_truth,verified-using-dafny_tmp_tmp7jatpjyn_longestZero.dfy,tptp,vampire,monomorphic,VERIFICATION_TIMED_OUT,29914,4
ground_truth,verified-using-dafny_tmp_tmp7jatpjyn_longestZero.dfy,tptp,vampire,predicates,VERIFICATION_TIMED_OUT,29892,4
ground_truth,verified-using-dafny_tmp_tmp7jatpjyn_longestZero.dfy,tptp,vampire,arguments,VERIFICATION_TIMED_OUT,29918,4
ground_truth,verified-using-dafny_tmp_tmp7jatpjyn_longestZero.dfy,smtlib,vampire,monomorphic,VERIFICATION_TIMED_OUT,29873,4
ground_truth,verified-using-dafny_tmp_tmp7jatpjyn_longestZero.dfy,smtlib,vampire,predicates,VERIFICATION_TIMED_OUT,29828,4
ground_truth,verified-using-dafny_tmp_tmp7jatpjyn_longestZero.dfy,smtlib,vampire,arguments,VERIFICATION_TIMED_OUT,29828,4
ground_truth,verified-using-dafny_tmp_tmp7jatpjyn_longestZero.dfy,smtlib,z3,monomorphic,VERIFIED,1104,0
ground_truth,verified-using-dafny_tmp_tmp7jatpjyn_longestZero.dfy,smtlib,z3,predicates,VERIFIED,1078,0
ground_truth,verified-using-dafny_tmp_tmp7jatpjyn_longestZero.dfy,smtlib,z3,arguments,VERIFIED,1016,0
ground_truth,FormalMethods_tmp_tmpvda2r3_o_dafny_Invariants_ex2.dfy,tptp,vampire,polymorphic,VERIFICATION_TIMED_OUT,29818,4
ground_truth,FormalMethods_tmp_tmpvda2r3_o_dafny_Invariants_ex2.dfy,tptp,vampire,monomorphic,VERIFICATION_TIMED_OUT,29771,4
ground_truth,FormalMethods_tmp_tmpvda2r3_o_dafny_Invariants_ex2.dfy,tptp,vampire,predicates,VERIFICATION_TIMED_OUT,29822,4
ground_truth,FormalMethods_tmp_tmpvda2r3_o_dafny_Invariants_ex2.dfy,tptp,vampire,arguments,VERIFICATION_TIMED_OUT,29770,4
ground_truth,FormalMethods_tmp_tmpvda2r3_o_dafny_Invariants_ex2.dfy,smtlib,vampire,monomorphic,VERIFICATION_TIMED_OUT,29805,4
ground_truth,FormalMethods_tmp_tmpvda2r3_o_dafny_Invariants_ex2.dfy,smtlib,vampire,predicates,VERIFICATION_TIMED_OUT,29726,4
ground_truth,FormalMethods_tmp_tmpvda2r3_o_dafny_Invariants_ex2.dfy,smtlib,vampire,arguments,VERIFICATION_TIMED_OUT,29686,4
ground_truth,FormalMethods_tmp_tmpvda2r3_o_dafny_Invariants_ex2.dfy,smtlib,z3,monomorphic,VERIFIED,874,0
ground_truth,FormalMethods_tmp_tmpvda2r3_o_dafny_Invariants_ex2.dfy,smtlib,z3,predicates,VERIFIED,848,0
ground_truth,FormalMethods_tmp_tmpvda2r3_o_dafny_Invariants_ex2.dfy,smtlib,z3,arguments,VERIFIED,840,0
ground_truth,dafny-language-server_tmp_tmpkir0kenl_Test_dafny4_Regression19.dfy,tptp,vampire,polymorphic,VERIFIED,2301,0
ground_truth,dafny-language-server_tmp_tmpkir0kenl_Test_dafny4_Regression19.dfy,tptp,vampire,monomorphic,VERIFIED,1699,0
ground_truth,dafny-language-server_tmp_tmpkir0kenl_Test_dafny4_Regression19.dfy,tptp,vampire,predicates,VERIFICATION_TIMED_OUT,29893,4
ground_truth,dafny-language-server_tmp_tmpkir0kenl_Test_dafny4_Regression19.dfy,tptp,vampire,arguments,VERIFIED,957,0
ground_truth,dafny-language-server_tmp_tmpkir0kenl_Test_dafny4_Regression19.dfy,smtlib,vampire,monomorphic,VERIFIED,1071,0
ground_truth,dafny-language-server_tmp_tmpkir0kenl_Test_dafny4_Regression19.dfy,smtlib,vampire,predicates,VERIFICATION_TIMED_OUT,29833,4
ground_truth,dafny-language-server_tmp_tmpkir0kenl_Test_dafny4_Regression19.dfy,smtlib,vampire,arguments,VERIFIED,1011,0
ground_truth,dafny-language-server_tmp_tmpkir0kenl_Test_dafny4_Regression19.dfy,smtlib,z3,monomorphic,VERIFIED,958,0
ground_truth,dafny-language-server_tmp_tmpkir0kenl_Test_dafny4_Regression19.dfy,smtlib,z3,predicates,VERIFIED,902,0
ground_truth,dafny-language-server_tmp_tmpkir0kenl_Test_dafny4_Regression19.dfy,smtlib,z3,arguments,VERIFIED,896,0
ground_truth,dafny-synthesis_task_id_276.dfy,tptp,vampire,polymorphic,VERIFIED,784,0
ground_truth,dafny-synthesis_task_id_276.dfy,tptp,vampire,monomorphic,VERIFIED,820,0
ground_truth,dafny-synthesis_task_id_276.dfy,tptp,vampire,predicates,VERIFIED,795,0
ground_truth,dafny-synthesis_task_id_276.dfy,tptp,vampire,arguments,VERIFIED,789,0
ground_truth,dafny-synthesis_task_id_276.dfy,smtlib,vampire,monomorphic,VERIFIED,786,0
ground_truth,dafny-synthesis_task_id_276.dfy,smtlib,vampire,predicates,VERIFIED,772,0
ground_truth,dafny-synthesis_task_id_276.dfy,smtlib,vampire,arguments,VERIFIED,755,0
ground_truth,dafny-synthesis_task_id_276.dfy,smtlib,z3,monomorphic,VERIFIED,776,0
ground_truth,dafny-synthesis_task_id_276.dfy,smtlib,z3,predicates,VERIFIED,749,0
ground_truth,dafny-synthesis_task_id_276.dfy,smtlib,z3,arguments,VERIFIED,738,0
ground_truth,Program-Verification-Dataset_tmp_tmpgbdrlnu__Dafny_basic examples_BubbleSort_sol.dfy,tptp,vampire,polymorphic,VERIFICATION_TIMED_OUT,29864,4
ground_truth,Program-Verification-Dataset_tmp_tmpgbdrlnu__Dafny_basic examples_BubbleSort_sol.dfy,tptp,vampire,monomorphic,VERIFICATION_TIMED_OUT,29908,4
ground_truth,Program-Verification-Dataset_tmp_tmpgbdrlnu__Dafny_basic examples_BubbleSort_sol.dfy,tptp,vampire,predicates,VERIFICATION_TIMED_OUT,29884,4
ground_truth,Program-Verification-Dataset_tmp_tmpgbdrlnu__Dafny_basic examples_BubbleSort_sol.dfy,tptp,vampire,arguments,VERIFICATION_TIMED_OUT,29907,4
ground_truth,Program-Verification-Dataset_tmp_tmpgbdrlnu__Dafny_basic examples_BubbleSort_sol.dfy,smtlib,vampire,monomorphic,VERIFICATION_TIMED_OUT,29920,4
ground_truth,Program-Verification-Dataset_tmp_tmpgbdrlnu__Dafny_basic examples_BubbleSort_sol.dfy,smtlib,vampire,predicates,VERIFICATION_TIMED_OUT,29824,4
ground_truth,Program-Verification-Dataset_tmp_tmpgbdrlnu__Dafny_basic examples_BubbleSort_sol.dfy,smtlib,vampire,arguments,VERIFICATION_TIMED_OUT,29813,4
ground_truth,Program-Verification-Dataset_tmp_tmpgbdrlnu__Dafny_basic examples_BubbleSort_sol.dfy,smtlib,z3,monomorphic,VERIFIED,1961,0
ground_truth,Program-Verification-Dataset_tmp_tmpgbdrlnu__Dafny_basic examples_BubbleSort_sol.dfy,smtlib,z3,predicates,VERIFIED,1215,0
ground_truth,Program-Verification-Dataset_tmp_tmpgbdrlnu__Dafny_basic examples_BubbleSort_sol.dfy,smtlib,z3,arguments,VERIFIED,1857,0
ground_truth,ironsync-osdi2023_tmp_tmpx80antoe_linear-dafny_Test_git-issues_git-issue-506.dfy,tptp,vampire,polymorphic,VERIFICATION_TIMED_OUT,29940,4
ground_truth,ironsync-osdi2023_tmp_tmpx80antoe_linear-dafny_Test_git-issues_git-issue-506.dfy,tptp,vampire,monomorphic,VERIFICATION_TIMED_OUT,29910,4
ground_truth,ironsync-osdi2023_tmp_tmpx80antoe_linear-dafny_Test_git-issues_git-issue-506.dfy,tptp,vampire,predicates,VERIFICATION_TIMED_OUT,29829,4
ground_truth,ironsync-osdi2023_tmp_tmpx80antoe_linear-dafny_Test_git-issues_git-issue-506.dfy,tptp,vampire,arguments,VERIFICATION_TIMED_OUT,29808,4
ground_truth,ironsync-osdi2023_tmp_tmpx80antoe_linear-dafny_Test_git-issues_git-issue-506.dfy,smtlib,vampire,monomorphic,VERIFIED,21355,0
ground_truth,ironsync-osdi2023_tmp_tmpx80antoe_linear-dafny_Test_git-issues_git-issue-506.dfy,smtlib,vampire,predicates,VERIFICATION_TIMED_OUT,29771,4
ground_truth,ironsync-osdi2023_tmp_tmpx80antoe_linear-dafny_Test_git-issues_git-issue-506.dfy,smtlib,vampire,arguments,VERIFIED,21660,0
ground_truth,ironsync-osdi2023_tmp_tmpx80antoe_linear-dafny_Test_git-issues_git-issue-506.dfy,smtlib,z3,monomorphic,VERIFIED,904,0
ground_truth,ironsync-osdi2023_tmp_tmpx80antoe_linear-dafny_Test_git-issues_git-issue-506.dfy,smtlib,z3,predicates,VERIFIED,876,0
ground_truth,ironsync-osdi2023_tmp_tmpx80antoe_linear-dafny_Test_git-issues_git-issue-506.dfy,smtlib,z3,arguments,VERIFIED,860,0
ground_truth,dafny-synthesis_task_id_101.dfy,tptp,vampire,polymorphic,VERIFIED,900,0
ground_truth,dafny-synthesis_task_id_101.dfy,tptp,vampire,monomorphic,VERIFIED,913,0
ground_truth,dafny-synthesis_task_id_101.dfy,tptp,vampire,predicates,VERIFIED,1048,0
ground_truth,dafny-synthesis_task_id_101.dfy,tptp,vampire,arguments,VERIFIED,874,0
ground_truth,dafny-synthesis_task_id_101.dfy,smtlib,vampire,monomorphic,VERIFIED,874,0
ground_truth,dafny-synthesis_task_id_101.dfy,smtlib,vampire,predicates,VERIFIED,969,0
ground_truth,dafny-synthesis_task_id_101.dfy,smtlib,vampire,arguments,VERIFIED,852,0
ground_truth,dafny-synthesis_task_id_101.dfy,smtlib,z3,monomorphic,VERIFIED,797,0
ground_truth,dafny-synthesis_task_id_101.dfy,smtlib,z3,predicates,VERIFIED,785,0
ground_truth,dafny-synthesis_task_id_101.dfy,smtlib,z3,arguments,VERIFIED,776,0
ground_truth,dafl_tmp_tmp_r3_8w3y_dafny_examples_uiowa_fibonacci.dfy,tptp,vampire,polymorphic,VERIFICATION_TIMED_OUT,29766,4
ground_truth,dafl_tmp_tmp_r3_8w3y_dafny_examples_uiowa_fibonacci.dfy,tptp,vampire,monomorphic,VERIFICATION_TIMED_OUT,29809,4
ground_truth,dafl_tmp_tmp_r3_8w3y_dafny_examples_uiowa_fibonacci.dfy,tptp,vampire,predicates,VERIFIED,18788,0
ground_truth,dafl_tmp_tmp_r3_8w3y_dafny_examples_uiowa_fibonacci.dfy,tptp,vampire,arguments,VERIFICATION_TIMED_OUT,29806,4
ground_truth,dafl_tmp_tmp_r3_8w3y_dafny_examples_uiowa_fibonacci.dfy,smtlib,vampire,monomorphic,VERIFICATION_TIMED_OUT,29793,4
ground_truth,dafl_tmp_tmp_r3_8w3y_dafny_examples_uiowa_fibonacci.dfy,smtlib,vampire,predicates,VERIFIED,19223,0
ground_truth,dafl_tmp_tmp_r3_8w3y_dafny_examples_uiowa_fibonacci.dfy,smtlib,vampire,arguments,VERIFICATION_TIMED_OUT,29716,4
ground_truth,dafl_tmp_tmp_r3_8w3y_dafny_examples_uiowa_fibonacci.dfy,smtlib,z3,monomorphic,VERIFIED,859,0
ground_truth,dafl_tmp_tmp_r3_8w3y_dafny_examples_uiowa_fibonacci.dfy,smtlib,z3,predicates,VERIFIED,833,0
ground_truth,dafl_tmp_tmp_r3_8w3y_dafny_examples_uiowa_fibonacci.dfy,smtlib,z3,arguments,VERIFIED,834,0
ground_truth,veri-sparse_tmp_tmp15fywna6_dafny_dspmspv.dfy,tptp,vampire,polymorphic,VERIFICATION_TIMED_OUT,30018,4
ground_truth,veri-sparse_tmp_tmp15fywna6_dafny_dspmspv.dfy,tptp,vampire,monomorphic,VERIFICATION_TIMED_OUT,30082,4
ground_truth,veri-sparse_tmp_tmp15fywna6_dafny_dspmspv.dfy,tptp,vampire,predicates,VERIFICATION_TIMED_OUT,30108,4
ground_truth,veri-sparse_tmp_tmp15fywna6_dafny_dspmspv.dfy,tptp,vampire,arguments,VERIFICATION_TIMED_OUT,30027,4
ground_truth,veri-sparse_tmp_tmp15fywna6_dafny_dspmspv.dfy,smtlib,vampire,monomorphic,VERIFICATION_TIMED_OUT,30055,4
ground_truth,veri-sparse_tmp_tmp15fywna6_dafny_dspmspv.dfy,smtlib,vampire,predicates,VERIFICATION_TIMED_OUT,29968,4
ground_truth,veri-sparse_tmp_tmp15fywna6_dafny_dspmspv.dfy,smtlib,vampire,arguments,VERIFICATION_TIMED_OUT,29961,4
ground_truth,veri-sparse_tmp_tmp15fywna6_dafny_dspmspv.dfy,smtlib,z3,monomorphic,VERIFIED,1422,0
ground_truth,veri-sparse_tmp_tmp15fywna6_dafny_dspmspv.dfy,smtlib,z3,predicates,VERIFIED,1592,0
ground_truth,veri-sparse_tmp_tmp15fywna6_dafny_dspmspv.dfy,smtlib,z3,arguments,VERIFIED,2205,0
ground_truth,ironsync-osdi2023_tmp_tmpx80antoe_linear-dafny_Test_c++_maps.dfy,tptp,vampire,polymorphic,VERIFICATION_TIMED_OUT,30416,4
ground_truth,ironsync-osdi2023_tmp_tmpx80antoe_linear-dafny_Test_c++_maps.dfy,tptp,vampire,monomorphic,VERIFICATION_TIMED_OUT,29981,4
ground_truth,ironsync-osdi2023_tmp_tmpx80antoe_linear-dafny_Test_c++_maps.dfy,tptp,vampire,predicates,VERIFICATION_TIMED_OUT,29996,4
ground_truth,ironsync-osdi2023_tmp_tmpx80antoe_linear-dafny_Test_c++_maps.dfy,tptp,vampire,arguments,VERIFICATION_TIMED_OUT,29991,4
ground_truth,ironsync-osdi2023_tmp_tmpx80antoe_linear-dafny_Test_c++_maps.dfy,smtlib,vampire,monomorphic,VERIFICATION_TIMED_OUT,29980,4
ground_truth,ironsync-osdi2023_tmp_tmpx80antoe_linear-dafny_Test_c++_maps.dfy,smtlib,vampire,predicates,VERIFICATION_TIMED_OUT,29967,4
ground_truth,ironsync-osdi2023_tmp_tmpx80antoe_linear-dafny_Test_c++_maps.dfy,smtlib,vampire,arguments,VERIFICATION_TIMED_OUT,29921,4
ground_truth,ironsync-osdi2023_tmp_tmpx80antoe_linear-dafny_Test_c++_maps.dfy,smtlib,z3,monomorphic,VERIFIED,1069,0
ground_truth,ironsync-osdi2023_tmp_tmpx80antoe_linear-dafny_Test_c++_maps.dfy,smtlib,z3,predicates,VERIFIED,1069,0
ground_truth,ironsync-osdi2023_tmp_tmpx80antoe_linear-dafny_Test_c++_maps.dfy,smtlib,z3,arguments,VERIFIED,1016,0
ground_truth,Dafny_tmp_tmp0wu8wmfr_tests_Search1000.dfy,tptp,vampire,polymorphic,VERIFICATION_TIMED_OUT,29868,4
ground_truth,Dafny_tmp_tmp0wu8wmfr_tests_Search1000.dfy,tptp,vampire,monomorphic,VERIFICATION_TIMED_OUT,29969,4
ground_truth,Dafny_tmp_tmp0wu8wmfr_tests_Search1000.dfy,tptp,vampire,predicates,VERIFICATION_TIMED_OUT,29935,4
ground_truth,Dafny_tmp_tmp0wu8wmfr_tests_Search1000.dfy,tptp,vampire,arguments,VERIFICATION_TIMED_OUT,29906,4
ground_truth,Dafny_tmp_tmp0wu8wmfr_tests_Search1000.dfy,smtlib,vampire,monomorphic,VERIFICATION_TIMED_OUT,29929,4
ground_truth,Dafny_tmp_tmp0wu8wmfr_tests_Search1000.dfy,smtlib,vampire,predicates,VERIFICATION_TIMED_OUT,29884,4
ground_truth,Dafny_tmp_tmp0wu8wmfr_tests_Search1000.dfy,smtlib,vampire,arguments,VERIFICATION_TIMED_OUT,29863,4
ground_truth,Dafny_tmp_tmp0wu8wmfr_tests_Search1000.dfy,smtlib,z3,monomorphic,VERIFIED,1133,0
ground_truth,Dafny_tmp_tmp0wu8wmfr_tests_Search1000.dfy,smtlib,z3,predicates,VERIFIED,1059,0
ground_truth,Dafny_tmp_tmp0wu8wmfr_tests_Search1000.dfy,smtlib,z3,arguments,VERIFIED,1102,0
ground_truth,dafny-synthesis_task_id_762.dfy,tptp,vampire,polymorphic,VERIFIED,795,0
ground_truth,dafny-synthesis_task_id_762.dfy,tptp,vampire,monomorphic,VERIFIED,840,0
ground_truth,dafny-synthesis_task_id_762.dfy,tptp,vampire,predicates,VERIFIED,802,0
ground_truth,dafny-synthesis_task_id_762.dfy,tptp,vampire,arguments,VERIFIED,805,0
ground_truth,dafny-synthesis_task_id_762.dfy,smtlib,vampire,monomorphic,VERIFIED,792,0
ground_truth,dafny-synthesis_task_id_762.dfy,smtlib,vampire,predicates,VERIFIED,762,0
ground_truth,dafny-synthesis_task_id_762.dfy,smtlib,vampire,arguments,VERIFIED,752,0
ground_truth,dafny-synthesis_task_id_762.dfy,smtlib,z3,monomorphic,VERIFIED,775,0
ground_truth,dafny-synthesis_task_id_762.dfy,smtlib,z3,predicates,VERIFIED,751,0
ground_truth,dafny-synthesis_task_id_762.dfy,smtlib,z3,arguments,VERIFIED,749,0
ground_truth,dafny-synthesis_task_id_770.dfy,tptp,vampire,polymorphic,VERIFICATION_TIMED_OUT,29672,4
ground_truth,dafny-synthesis_task_id_770.dfy,tptp,vampire,monomorphic,VERIFICATION_TIMED_OUT,29770,4
ground_truth,dafny-synthesis_task_id_770.dfy,tptp,vampire,predicates,VERIFICATION_TIMED_OUT,29787,4
ground_truth,dafny-synthesis_task_id_770.dfy,tptp,vampire,arguments,VERIFICATION_TIMED_OUT,29731,4
ground_truth,dafny-synthesis_task_id_770.dfy,smtlib,vampire,monomorphic,VERIFIED,10054,0
ground_truth,dafny-synthesis_task_id_770.dfy,smtlib,vampire,predicates,VERIFIED,10725,0
ground_truth,dafny-synthesis_task_id_770.dfy,smtlib,vampire,arguments,VERIFIED,10333,0
ground_truth,dafny-synthesis_task_id_770.dfy,smtlib,z3,monomorphic,VERIFIED,829,0
ground_truth,dafny-synthesis_task_id_770.dfy,smtlib,z3,predicates,VERIFIED,806,0
ground_truth,dafny-synthesis_task_id_770.dfy,smtlib,z3,arguments,VERIFIED,807,0
ground_truth,llm-verified-eval_tmp_tmpd2deqn_i_dafny_160.dfy,tptp,vampire,polymorphic,VERIFIED,3068,0
ground_truth,llm-verified-eval_tmp_tmpd2deqn_i_dafny_160.dfy,tptp,vampire,monomorphic,VERIFICATION_TIMED_OUT,29894,4
ground_truth,llm-verified-eval_tmp_tmpd2deqn_i_dafny_160.dfy,tptp,vampire,predicates,VERIFIED,3374,0
ground_truth,llm-verified-eval_tmp_tmpd2deqn_i_dafny_160.dfy,tptp,vampire,arguments,VERIFIED,3369,0
ground_truth,llm-verified-eval_tmp_tmpd2deqn_i_dafny_160.dfy,smtlib,vampire,monomorphic,VERIFIED,10768,0
ground_truth,llm-verified-eval_tmp_tmpd2deqn_i_dafny_160.dfy,smtlib,vampire,predicates,VERIFIED,1979,0
ground_truth,llm-verified-eval_tmp_tmpd2deqn_i_dafny_160.dfy,smtlib,vampire,arguments,VERIFIED,3572,0
ground_truth,llm-verified-eval_tmp_tmpd2deqn_i_dafny_160.dfy,smtlib,z3,monomorphic,VERIFIED,930,0
ground_truth,llm-verified-eval_tmp_tmpd2deqn_i_dafny_160.dfy,smtlib,z3,predicates,VERIFIED,894,0
ground_truth,llm-verified-eval_tmp_tmpd2deqn_i_dafny_160.dfy,smtlib,z3,arguments,VERIFIED,893,0
ground_truth,dafny-synthesis_task_id_555.dfy,tptp,vampire,polymorphic,VERIFICATION_TIMED_OUT,29751,4
ground_truth,dafny-synthesis_task_id_555.dfy,tptp,vampire,monomorphic,VERIFICATION_TIMED_OUT,29824,4
ground_truth,dafny-synthesis_task_id_555.dfy,tptp,vampire,predicates,VERIFICATION_TIMED_OUT,29798,4
ground_truth,dafny-synthesis_task_id_555.dfy,tptp,vampire,arguments,VERIFICATION_TIMED_OUT,29765,4
ground_truth,dafny-synthesis_task_id_555.dfy,smtlib,vampire,monomorphic,VERIFIED,28417,0
ground_truth,dafny-synthesis_task_id_555.dfy,smtlib,vampire,predicates,VERIFIED,8845,0
ground_truth,dafny-synthesis_task_id_555.dfy,smtlib,vampire,arguments,VERIFICATION_TIMED_OUT,29690,4
ground_truth,dafny-synthesis_task_id_555.dfy,smtlib,z3,monomorphic,VERIFIED,871,0
ground_truth,dafny-synthesis_task_id_555.dfy,smtlib,z3,predicates,VERIFIED,797,0
ground_truth,dafny-synthesis_task_id_555.dfy,smtlib,z3,arguments,VERIFIED,784,0
ground_truth,Program-Verification-Dataset_tmp_tmpgbdrlnu__Dafny_from dafny main repo_dafny2_Classics.dfy,tptp,vampire,polymorphic,VERIFICATION_TIMED_OUT,29928,4
ground_truth,Program-Verification-Dataset_tmp_tmpgbdrlnu__Dafny_from dafny main repo_dafny2_Classics.dfy,tptp,vampire,monomorphic,VERIFICATION_TIMED_OUT,29929,4
ground_truth,Program-Verification-Dataset_tmp_tmpgbdrlnu__Dafny_from dafny main repo_dafny2_Classics.dfy,tptp,vampire,predicates,VERIFICATION_TIMED_OUT,29899,4
ground_truth,Program-Verification-Dataset_tmp_tmpgbdrlnu__Dafny_from dafny main repo_dafny2_Classics.dfy,tptp,vampire,arguments,VERIFICATION_TIMED_OUT,29926,4
ground_truth,Program-Verification-Dataset_tmp_tmpgbdrlnu__Dafny_from dafny main repo_dafny2_Classics.dfy,smtlib,vampire,monomorphic,VERIFICATION_TIMED_OUT,29839,4
ground_truth,Program-Verification-Dataset_tmp_tmpgbdrlnu__Dafny_from dafny main repo_dafny2_Classics.dfy,smtlib,vampire,predicates,VERIFICATION_TIMED_OUT,29854,4
ground_truth,Program-Verification-Dataset_tmp_tmpgbdrlnu__Dafny_from dafny main repo_dafny2_Classics.dfy,smtlib,vampire,arguments,VERIFICATION_TIMED_OUT,29845,4
ground_truth,Program-Verification-Dataset_tmp_tmpgbdrlnu__Dafny_from dafny main repo_dafny2_Classics.dfy,smtlib,z3,monomorphic,VERIFIED,1716,0
ground_truth,Program-Verification-Dataset_tmp_tmpgbdrlnu__Dafny_from dafny main repo_dafny2_Classics.dfy,smtlib,z3,predicates,VERIFIED,1316,0
ground_truth,Program-Verification-Dataset_tmp_tmpgbdrlnu__Dafny_from dafny main repo_dafny2_Classics.dfy,smtlib,z3,arguments,VERIFIED,1148,0
ground_truth,Dafny_Learning_Experience_tmp_tmpuxvcet_u_week1_7_week4_tute_ex4.dfy,tptp,vampire,polymorphic,VERIFICATION_TIMED_OUT,29923,4
ground_truth,Dafny_Learning_Experience_tmp_tmpuxvcet_u_week1_7_week4_tute_ex4.dfy,tptp,vampire,monomorphic,VERIFICATION_TIMED_OUT,29916,4
ground_truth,Dafny_Learning_Experience_tmp_tmpuxvcet_u_week1_7_week4_tute_ex4.dfy,tptp,vampire,predicates,VERIFICATION_TIMED_OUT,29945,4
ground_truth,Dafny_Learning_Experience_tmp_tmpuxvcet_u_week1_7_week4_tute_ex4.dfy,tptp,vampire,arguments,VERIFICATION_TIMED_OUT,29923,4
ground_truth,Dafny_Learning_Experience_tmp_tmpuxvcet_u_week1_7_week4_tute_ex4.dfy,smtlib,vampire,monomorphic,VERIFICATION_TIMED_OUT,29929,4
ground_truth,Dafny_Learning_Experience_tmp_tmpuxvcet_u_week1_7_week4_tute_ex4.dfy,smtlib,vampire,predicates,VERIFICATION_TIMED_OUT,29839,4
ground_truth,Dafny_Learning_Experience_tmp_tmpuxvcet_u_week1_7_week4_tute_ex4.dfy,smtlib,vampire,arguments,VERIFICATION_TIMED_OUT,29882,4
ground_truth,Dafny_Learning_Experience_tmp_tmpuxvcet_u_week1_7_week4_tute_ex4.dfy,smtlib,z3,monomorphic,VERIFIED,993,0
ground_truth,Dafny_Learning_Experience_tmp_tmpuxvcet_u_week1_7_week4_tute_ex4.dfy,smtlib,z3,predicates,VERIFIED,951,0
ground_truth,Dafny_Learning_Experience_tmp_tmpuxvcet_u_week1_7_week4_tute_ex4.dfy,smtlib,z3,arguments,VERIFIED,955,0
ground_truth,software_analysis_tmp_tmpmt6bo9sf_ss.dfy,tptp,vampire,polymorphic,VERIFICATION_TIMED_OUT,29870,4
ground_truth,software_analysis_tmp_tmpmt6bo9sf_ss.dfy,tptp,vampire,monomorphic,VERIFICATION_TIMED_OUT,29998,4
ground_truth,software_analysis_tmp_tmpmt6bo9sf_ss.dfy,tptp,vampire,predicates,VERIFICATION_TIMED_OUT,29905,4
ground_truth,software_analysis_tmp_tmpmt6bo9sf_ss.dfy,tptp,vampire,arguments,VERIFICATION_TIMED_OUT,29904,4
ground_truth,software_analysis_tmp_tmpmt6bo9sf_ss.dfy,smtlib,vampire,monomorphic,VERIFICATION_TIMED_OUT,29903,4
ground_truth,software_analysis_tmp_tmpmt6bo9sf_ss.dfy,smtlib,vampire,predicates,VERIFICATION_TIMED_OUT,29840,4
ground_truth,software_analysis_tmp_tmpmt6bo9sf_ss.dfy,smtlib,vampire,arguments,VERIFICATION_TIMED_OUT,29788,4
ground_truth,software_analysis_tmp_tmpmt6bo9sf_ss.dfy,smtlib,z3,monomorphic,VERIFIED,1105,0
ground_truth,software_analysis_tmp_tmpmt6bo9sf_ss.dfy,smtlib,z3,predicates,VERIFIED,1168,0
ground_truth,software_analysis_tmp_tmpmt6bo9sf_ss.dfy,smtlib,z3,arguments,VERIFIED,1124,0
ground_truth,Dafny_Verify_tmp_tmphq7j0row_AI_agent_verify_examples_RotateRight.dfy,tptp,vampire,polymorphic,VERIFICATION_TIMED_OUT,29757,4
ground_truth,Dafny_Verify_tmp_tmphq7j0row_AI_agent_verify_examples_RotateRight.dfy,tptp,vampire,monomorphic,VERIFICATION_TIMED_OUT,29894,4
ground_truth,Dafny_Verify_tmp_tmphq7j0row_AI_agent_verify_examples_RotateRight.dfy,tptp,vampire,predicates,VERIFICATION_TIMED_OUT,29809,4
ground_truth,Dafny_Verify_tmp_tmphq7j0row_AI_agent_verify_examples_RotateRight.dfy,tptp,vampire,arguments,VERIFICATION_TIMED_OUT,29833,4
ground_truth,Dafny_Verify_tmp_tmphq7j0row_AI_agent_verify_examples_RotateRight.dfy,smtlib,vampire,monomorphic,VERIFICATION_TIMED_OUT,29777,4
ground_truth,Dafny_Verify_tmp_tmphq7j0row_AI_agent_verify_examples_RotateRight.dfy,smtlib,vampire,predicates,VERIFICATION_TIMED_OUT,29784,4
ground_truth,Dafny_Verify_tmp_tmphq7j0row_AI_agent_verify_examples_RotateRight.dfy,smtlib,vampire,arguments,VERIFICATION_TIMED_OUT,29761,4
ground_truth,Dafny_Verify_tmp_tmphq7j0row_AI_agent_verify_examples_RotateRight.dfy,smtlib,z3,monomorphic,VERIFIED,885,0
ground_truth,Dafny_Verify_tmp_tmphq7j0row_AI_agent_verify_examples_RotateRight.dfy,smtlib,z3,predicates,VERIFIED,860,0
ground_truth,Dafny_Verify_tmp_tmphq7j0row_AI_agent_verify_examples_RotateRight.dfy,smtlib,z3,arguments,VERIFIED,853,0
ground_truth,Program-Verification-Dataset_tmp_tmpgbdrlnu__Dafny_from dafny main repo_dafny2_COST-verif-comp-2011-2-MaxTree-class.dfy,tptp,vampire,polymorphic,VERIFICATION_TIMED_OUT,30131,4
ground_truth,Program-Verification-Dataset_tmp_tmpgbdrlnu__Dafny_from dafny main repo_dafny2_COST-verif-comp-2011-2-MaxTree-class.dfy,tptp,vampire,monomorphic,VERIFICATION_TIMED_OUT,30054,4
ground_truth,Program-Verification-Dataset_tmp_tmpgbdrlnu__Dafny_from dafny main repo_dafny2_COST-verif-comp-2011-2-MaxTree-class.dfy,tptp,vampire,predicates,VERIFICATION_TIMED_OUT,30029,4
ground_truth,Program-Verification-Dataset_tmp_tmpgbdrlnu__Dafny_from dafny main repo_dafny2_COST-verif-comp-2011-2-MaxTree-class.dfy,tptp,vampire,arguments,VERIFICATION_TIMED_OUT,30027,4
ground_truth,Program-Verification-Dataset_tmp_tmpgbdrlnu__Dafny_from dafny main repo_dafny2_COST-verif-comp-2011-2-MaxTree-class.dfy,smtlib,vampire,monomorphic,VERIFICATION_TIMED_OUT,29978,4
ground_truth,Program-Verification-Dataset_tmp_tmpgbdrlnu__Dafny_from dafny main repo_dafny2_COST-verif-comp-2011-2-MaxTree-class.dfy,smtlib,vampire,predicates,VERIFICATION_TIMED_OUT,29903,4
ground_truth,Program-Verification-Dataset_tmp_tmpgbdrlnu__Dafny_from dafny main repo_dafny2_COST-verif-comp-2011-2-MaxTree-class.dfy,smtlib,vampire,arguments,VERIFICATION_TIMED_OUT,29912,4
ground_truth,Program-Verification-Dataset_tmp_tmpgbdrlnu__Dafny_from dafny main repo_dafny2_COST-verif-comp-2011-2-MaxTree-class.dfy,smtlib,z3,monomorphic,VERIFIED,1056,0
ground_truth,Program-Verification-Dataset_tmp_tmpgbdrlnu__Dafny_from dafny main repo_dafny2_COST-verif-comp-2011-2-MaxTree-class.dfy,smtlib,z3,predicates,VERIFIED,1055,0
ground_truth,Program-Verification-Dataset_tmp_tmpgbdrlnu__Dafny_from dafny main repo_dafny2_COST-verif-comp-2011-2-MaxTree-class.dfy,smtlib,z3,arguments,VERIFIED,1022,0
ground_truth,SENG2011_tmp_tmpgk5jq85q_p1.dfy,tptp,vampire,polymorphic,VERIFICATION_TIMED_OUT,30324,4
ground_truth,SENG2011_tmp_tmpgk5jq85q_p1.dfy,tptp,vampire,monomorphic,VERIFICATION_TIMED_OUT,29894,4
ground_truth,SENG2011_tmp_tmpgk5jq85q_p1.dfy,tptp,vampire,predicates,VERIFICATION_TIMED_OUT,29884,4
ground_truth,SENG2011_tmp_tmpgk5jq85q_p1.dfy,tptp,vampire,arguments,VERIFICATION_TIMED_OUT,29859,4
ground_truth,SENG2011_tmp_tmpgk5jq85q_p1.dfy,smtlib,vampire,monomorphic,VERIFICATION_TIMED_OUT,29866,4
ground_truth,SENG2011_tmp_tmpgk5jq85q_p1.dfy,smtlib,vampire,predicates,VERIFICATION_TIMED_OUT,29799,4
ground_truth,SENG2011_tmp_tmpgk5jq85q_p1.dfy,smtlib,vampire,arguments,VERIFICATION_TIMED_OUT,29782,4
ground_truth,SENG2011_tmp_tmpgk5jq85q_p1.dfy,smtlib,z3,monomorphic,VERIFIED,989,0
ground_truth,SENG2011_tmp_tmpgk5jq85q_p1.dfy,smtlib,z3,predicates,VERIFIED,938,0
ground_truth,SENG2011_tmp_tmpgk5jq85q_p1.dfy,smtlib,z3,arguments,VERIFIED,929,0
ground_truth,CVS-Projto1_tmp_tmpb1o0bu8z_fact.dfy,tptp,vampire,polymorphic,VERIFICATION_TIMED_OUT,29863,4
ground_truth,CVS-Projto1_tmp_tmpb1o0bu8z_fact.dfy,tptp,vampire,monomorphic,VERIFICATION_TIMED_OUT,29958,4
ground_truth,CVS-Projto1_tmp_tmpb1o0bu8z_fact.dfy,tptp,vampire,predicates,VERIFICATION_TIMED_OUT,30209,4
ground_truth,CVS-Projto1_tmp_tmpb1o0bu8z_fact.dfy,tptp,vampire,arguments,VERIFICATION_TIMED_OUT,30079,4
ground_truth,CVS-Projto1_tmp_tmpb1o0bu8z_fact.dfy,smtlib,vampire,monomorphic,VERIFICATION_TIMED_OUT,29884,4
ground_truth,CVS-Projto1_tmp_tmpb1o0bu8z_fact.dfy,smtlib,vampire,predicates,VERIFICATION_TIMED_OUT,29826,4
ground_truth,CVS-Projto1_tmp_tmpb1o0bu8z_fact.dfy,smtlib,vampire,arguments,VERIFICATION_TIMED_OUT,29767,4
ground_truth,CVS-Projto1_tmp_tmpb1o0bu8z_fact.dfy,smtlib,z3,monomorphic,VERIFIED,954,0
ground_truth,CVS-Projto1_tmp_tmpb1o0bu8z_fact.dfy,smtlib,z3,predicates,VERIFIED,921,0
ground_truth,CVS-Projto1_tmp_tmpb1o0bu8z_fact.dfy,smtlib,z3,arguments,VERIFIED,901,0
ground_truth,dafny-language-server_tmp_tmpkir0kenl_Test_dafny0_FuelTriggers.dfy,tptp,vampire,polymorphic,VERIFIED,829,0
ground_truth,dafny-language-server_tmp_tmpkir0kenl_Test_dafny0_FuelTriggers.dfy,tptp,vampire,monomorphic,VERIFIED,879,0
ground_truth,dafny-language-server_tmp_tmpkir0kenl_Test_dafny0_FuelTriggers.dfy,tptp,vampire,predicates,VERIFIED,851,0
ground_truth,dafny-language-server_tmp_tmpkir0kenl_Test_dafny0_FuelTriggers.dfy,tptp,vampire,arguments,VERIFIED,841,0
ground_truth,dafny-language-server_tmp_tmpkir0kenl_Test_dafny0_FuelTriggers.dfy,smtlib,vampire,monomorphic,VERIFIED,829,0
ground_truth,dafny-language-server_tmp_tmpkir0kenl_Test_dafny0_FuelTriggers.dfy,smtlib,vampire,predicates,VERIFIED,813,0
ground_truth,dafny-language-server_tmp_tmpkir0kenl_Test_dafny0_FuelTriggers.dfy,smtlib,vampire,arguments,VERIFIED,808,0
ground_truth,dafny-language-server_tmp_tmpkir0kenl_Test_dafny0_FuelTriggers.dfy,smtlib,z3,monomorphic,VERIFIED,814,0
ground_truth,dafny-language-server_tmp_tmpkir0kenl_Test_dafny0_FuelTriggers.dfy,smtlib,z3,predicates,VERIFIED,798,0
ground_truth,dafny-language-server_tmp_tmpkir0kenl_Test_dafny0_FuelTriggers.dfy,smtlib,z3,arguments,VERIFIED,789,0
ground_truth,Clover_online_max.dfy,tptp,vampire,polymorphic,VERIFICATION_TIMED_OUT,29800,4
ground_truth,Clover_online_max.dfy,tptp,vampire,monomorphic,VERIFICATION_TIMED_OUT,29820,4
ground_truth,Clover_online_max.dfy,tptp,vampire,predicates,VERIFICATION_TIMED_OUT,29791,4
ground_truth,Clover_online_max.dfy,tptp,vampire,arguments,VERIFICATION_TIMED_OUT,29819,4
ground_truth,Clover_online_max.dfy,smtlib,vampire,monomorphic,VERIFICATION_TIMED_OUT,29824,4
ground_truth,Clover_online_max.dfy,smtlib,vampire,predicates,VERIFICATION_TIMED_OUT,29787,4
ground_truth,Clover_online_max.dfy,smtlib,vampire,arguments,VERIFICATION_TIMED_OUT,29749,4
ground_truth,Clover_online_max.dfy,smtlib,z3,monomorphic,VERIFIED,892,0
ground_truth,Clover_online_max.dfy,smtlib,z3,predicates,VERIFIED,872,0
ground_truth,Clover_online_max.dfy,smtlib,z3,arguments,VERIFIED,860,0
ground_truth,dafny-language-server_tmp_tmpkir0kenl_Test_dafny4_Bug144.dfy,tptp,vampire,polymorphic,VERIFIED,1100,0
ground_truth,dafny-language-server_tmp_tmpkir0kenl_Test_dafny4_Bug144.dfy,tptp,vampire,monomorphic,VERIFIED,1136,0
ground_truth,dafny-language-server_tmp_tmpkir0kenl_Test_dafny4_Bug144.dfy,tptp,vampire,predicates,VERIFICATION_TIMED_OUT,29877,4
ground_truth,dafny-language-server_tmp_tmpkir0kenl_Test_dafny4_Bug144.dfy,tptp,vampire,arguments,VERIFIED,1082,0
ground_truth,dafny-language-server_tmp_tmpkir0kenl_Test_dafny4_Bug144.dfy,smtlib,vampire,monomorphic,VERIFIED,1126,0
ground_truth,dafny-language-server_tmp_tmpkir0kenl_Test_dafny4_Bug144.dfy,smtlib,vampire,predicates,VERIFICATION_TIMED_OUT,29726,4
ground_truth,dafny-language-server_tmp_tmpkir0kenl_Test_dafny4_Bug144.dfy,smtlib,vampire,arguments,VERIFIED,1072,0
ground_truth,dafny-language-server_tmp_tmpkir0kenl_Test_dafny4_Bug144.dfy,smtlib,z3,monomorphic,VERIFIED,883,0
ground_truth,dafny-language-server_tmp_tmpkir0kenl_Test_dafny4_Bug144.dfy,smtlib,z3,predicates,VERIFIED,857,0
ground_truth,dafny-language-server_tmp_tmpkir0kenl_Test_dafny4_Bug144.dfy,smtlib,z3,arguments,VERIFIED,856,0
ground_truth,dafny-synthesis_task_id_262.dfy,tptp,vampire,polymorphic,VERIFICATION_TIMED_OUT,29745,4
ground_truth,dafny-synthesis_task_id_262.dfy,tptp,vampire,monomorphic,VERIFICATION_TIMED_OUT,29785,4
ground_truth,dafny-synthesis_task_id_262.dfy,tptp,vampire,predicates,VERIFICATION_TIMED_OUT,29783,4
ground_truth,dafny-synthesis_task_id_262.dfy,tptp,vampire,arguments,VERIFICATION_TIMED_OUT,29756,4
ground_truth,dafny-synthesis_task_id_262.dfy,smtlib,vampire,monomorphic,VERIFICATION_TIMED_OUT,29758,4
ground_truth,dafny-synthesis_task_id_262.dfy,smtlib,vampire,predicates,VERIFICATION_TIMED_OUT,29666,4
ground_truth,dafny-synthesis_task_id_262.dfy,smtlib,vampire,arguments,VERIFICATION_TIMED_OUT,29668,4
ground_truth,dafny-synthesis_task_id_262.dfy,smtlib,z3,monomorphic,VERIFIED,801,0
ground_truth,dafny-synthesis_task_id_262.dfy,smtlib,z3,predicates,VERIFIED,782,0
ground_truth,dafny-synthesis_task_id_262.dfy,smtlib,z3,arguments,VERIFIED,779,0
ground_truth,Clover_quotient.dfy,tptp,vampire,polymorphic,VERIFIED,854,0
ground_truth,Clover_quotient.dfy,tptp,vampire,monomorphic,VERIFIED,1064,0
ground_truth,Clover_quotient.dfy,tptp,vampire,predicates,VERIFIED,1099,0
ground_truth,Clover_quotient.dfy,tptp,vampire,arguments,VERIFIED,1092,0
ground_truth,Clover_quotient.dfy,smtlib,vampire,monomorphic,VERIFIED,958,0
ground_truth,Clover_quotient.dfy,smtlib,vampire,predicates,VERIFIED,970,0
ground_truth,Clover_quotient.dfy,smtlib,vampire,arguments,VERIFIED,993,0
ground_truth,Clover_quotient.dfy,smtlib,z3,monomorphic,VERIFIED,801,0
ground_truth,Clover_quotient.dfy,smtlib,z3,predicates,VERIFIED,783,0
ground_truth,Clover_quotient.dfy,smtlib,z3,arguments,VERIFIED,780,0
ground_truth,cmsc433_tmp_tmpe3ob3a0o_dafny_project1_p1-assignment-2.dfy,tptp,vampire,polymorphic,VERIFICATION_TIMED_OUT,30000,4
ground_truth,cmsc433_tmp_tmpe3ob3a0o_dafny_project1_p1-assignment-2.dfy,tptp,vampire,monomorphic,VERIFICATION_TIMED_OUT,30093,4
ground_truth,cmsc433_tmp_tmpe3ob3a0o_dafny_project1_p1-assignment-2.dfy,tptp,vampire,predicates,VERIFICATION_TIMED_OUT,30280,4
ground_truth,cmsc433_tmp_tmpe3ob3a0o_dafny_project1_p1-assignment-2.dfy,tptp,vampire,arguments,VERIFICATION_TIMED_OUT,30051,4
ground_truth,cmsc433_tmp_tmpe3ob3a0o_dafny_project1_p1-assignment-2.dfy,smtlib,vampire,monomorphic,VERIFICATION_TIMED_OUT,29962,4
ground_truth,cmsc433_tmp_tmpe3ob3a0o_dafny_project1_p1-assignment-2.dfy,smtlib,vampire,predicates,VERIFICATION_TIMED_OUT,30011,4
ground_truth,cmsc433_tmp_tmpe3ob3a0o_dafny_project1_p1-assignment-2.dfy,smtlib,vampire,arguments,VERIFICATION_TIMED_OUT,29930,4
ground_truth,cmsc433_tmp_tmpe3ob3a0o_dafny_project1_p1-assignment-2.dfy,smtlib,z3,monomorphic,VERIFIED,941,0
ground_truth,cmsc433_tmp_tmpe3ob3a0o_dafny_project1_p1-assignment-2.dfy,smtlib,z3,predicates,VERIFIED,908,0
ground_truth,cmsc433_tmp_tmpe3ob3a0o_dafny_project1_p1-assignment-2.dfy,smtlib,z3,arguments,VERIFIED,913,0
ground_truth,Software-Verification_tmp_tmpv4ueky2d_Remove Element_remove_element.dfy,tptp,vampire,polymorphic,VERIFICATION_TIMED_OUT,29842,4
ground_truth,Software-Verification_tmp_tmpv4ueky2d_Remove Element_remove_element.dfy,tptp,vampire,monomorphic,VERIFICATION_TIMED_OUT,29813,4
ground_truth,Software-Verification_tmp_tmpv4ueky2d_Remove Element_remove_element.dfy,tptp,vampire,predicates,VERIFICATION_TIMED_OUT,29876,4
ground_truth,Software-Verification_tmp_tmpv4ueky2d_Remove Element_remove_element.dfy,tptp,vampire,arguments,VERIFIED,18026,0
ground_truth,Software-Verification_tmp_tmpv4ueky2d_Remove Element_remove_element.dfy,smtlib,vampire,monomorphic,VERIFICATION_TIMED_OUT,29852,4
ground_truth,Software-Verification_tmp_tmpv4ueky2d_Remove Element_remove_element.dfy,smtlib,vampire,predicates,VERIFICATION_TIMED_OUT,29750,4
ground_truth,Software-Verification_tmp_tmpv4ueky2d_Remove Element_remove_element.dfy,smtlib,vampire,arguments,VERIFICATION_TIMED_OUT,29792,4
ground_truth,Software-Verification_tmp_tmpv4ueky2d_Remove Element_remove_element.dfy,smtlib,z3,monomorphic,VERIFIED,884,0
ground_truth,Software-Verification_tmp_tmpv4ueky2d_Remove Element_remove_element.dfy,smtlib,z3,predicates,VERIFIED,869,0
ground_truth,Software-Verification_tmp_tmpv4ueky2d_Remove Element_remove_element.dfy,smtlib,z3,arguments,VERIFIED,859,0
ground_truth,Dafny_Verify_tmp_tmphq7j0row_Fine_Tune_Examples_50_examples_BinarySearch.dfy,tptp,vampire,polymorphic,VERIFICATION_TIMED_OUT,29814,4
ground_truth,Dafny_Verify_tmp_tmphq7j0row_Fine_Tune_Examples_50_examples_BinarySearch.dfy,tptp,vampire,monomorphic,VERIFICATION_TIMED_OUT,29821,4
ground_truth,Dafny_Verify_tmp_tmphq7j0row_Fine_Tune_Examples_50_examples_BinarySearch.dfy,tptp,vampire,predicates,VERIFICATION_TIMED_OUT,29889,4
ground_truth,Dafny_Verify_tmp_tmphq7j0row_Fine_Tune_Examples_50_examples_BinarySearch.dfy,tptp,vampire,arguments,VERIFICATION_TIMED_OUT,29843,4
ground_truth,Dafny_Verify_tmp_tmphq7j0row_Fine_Tune_Examples_50_examples_BinarySearch.dfy,smtlib,vampire,monomorphic,VERIFICATION_TIMED_OUT,29809,4
ground_truth,Dafny_Verify_tmp_tmphq7j0row_Fine_Tune_Examples_50_examples_BinarySearch.dfy,smtlib,vampire,predicates,VERIFICATION_TIMED_OUT,29809,4
ground_truth,Dafny_Verify_tmp_tmphq7j0row_Fine_Tune_Examples_50_examples_BinarySearch.dfy,smtlib,vampire,arguments,VERIFICATION_TIMED_OUT,29727,4
ground_truth,Dafny_Verify_tmp_tmphq7j0row_Fine_Tune_Examples_50_examples_BinarySearch.dfy,smtlib,z3,monomorphic,VERIFIED,873,0
ground_truth,Dafny_Verify_tmp_tmphq7j0row_Fine_Tune_Examples_50_examples_BinarySearch.dfy,smtlib,z3,predicates,VERIFIED,854,0
ground_truth,Dafny_Verify_tmp_tmphq7j0row_Fine_Tune_Examples_50_examples_BinarySearch.dfy,smtlib,z3,arguments,VERIFIED,844,0
ground_truth,Clover_triple4.dfy,tptp,vampire,polymorphic,VERIFIED,845,0
ground_truth,Clover_triple4.dfy,tptp,vampire,monomorphic,VERIFIED,892,0
ground_truth,Clover_triple4.dfy,tptp,vampire,predicates,VERIFIED,881,0
ground_truth,Clover_triple4.dfy,tptp,vampire,arguments,VERIFIED,861,0
ground_truth,Clover_triple4.dfy,smtlib,vampire,monomorphic,VERIFIED,849,0
ground_truth,Clover_triple4.dfy,smtlib,vampire,predicates,VERIFIED,835,0
ground_truth,Clover_triple4.dfy,smtlib,vampire,arguments,VERIFIED,818,0
ground_truth,Clover_triple4.dfy,smtlib,z3,monomorphic,VERIFIED,781,0
ground_truth,Clover_triple4.dfy,smtlib,z3,predicates,VERIFIED,759,0
ground_truth,Clover_triple4.dfy,smtlib,z3,arguments,VERIFIED,752,0
ground_truth,Dafny_Verify_tmp_tmphq7j0row_Test_Cases_Index.dfy,tptp,vampire,polymorphic,VERIFIED,902,0
ground_truth,Dafny_Verify_tmp_tmphq7j0row_Test_Cases_Index.dfy,tptp,vampire,monomorphic,VERIFIED,959,0
ground_truth,Dafny_Verify_tmp_tmphq7j0row_Test_Cases_Index.dfy,tptp,vampire,predicates,VERIFIED,926,0
ground_truth,Dafny_Verify_tmp_tmphq7j0row_Test_Cases_Index.dfy,tptp,vampire,arguments,VERIFIED,926,0
ground_truth,Dafny_Verify_tmp_tmphq7j0row_Test_Cases_Index.dfy,smtlib,vampire,monomorphic,VERIFIED,915,0
ground_truth,Dafny_Verify_tmp_tmphq7j0row_Test_Cases_Index.dfy,smtlib,vampire,predicates,VERIFIED,885,0
ground_truth,Dafny_Verify_tmp_tmphq7j0row_Test_Cases_Index.dfy,smtlib,vampire,arguments,VERIFIED,869,0
ground_truth,Dafny_Verify_tmp_tmphq7j0row_Test_Cases_Index.dfy,smtlib,z3,monomorphic,VERIFIED,839,0
ground_truth,Dafny_Verify_tmp_tmphq7j0row_Test_Cases_Index.dfy,smtlib,z3,predicates,VERIFIED,811,0
ground_truth,Dafny_Verify_tmp_tmphq7j0row_Test_Cases_Index.dfy,smtlib,z3,arguments,VERIFIED,813,0
ground_truth,Dafny-Exercises_tmp_tmpjm75muf__Session7Exercises_ExerciseSeparate.dfy,tptp,vampire,polymorphic,VERIFICATION_TIMED_OUT,29839,4
ground_truth,Dafny-Exercises_tmp_tmpjm75muf__Session7Exercises_ExerciseSeparate.dfy,tptp,vampire,monomorphic,VERIFICATION_TIMED_OUT,29937,4
ground_truth,Dafny-Exercises_tmp_tmpjm75muf__Session7Exercises_ExerciseSeparate.dfy,tptp,vampire,predicates,VERIFICATION_TIMED_OUT,29911,4
ground_truth,Dafny-Exercises_tmp_tmpjm75muf__Session7Exercises_ExerciseSeparate.dfy,tptp,vampire,arguments,VERIFICATION_TIMED_OUT,29854,4
ground_truth,Dafny-Exercises_tmp_tmpjm75muf__Session7Exercises_ExerciseSeparate.dfy,smtlib,vampire,monomorphic,VERIFICATION_TIMED_OUT,29874,4
ground_truth,Dafny-Exercises_tmp_tmpjm75muf__Session7Exercises_ExerciseSeparate.dfy,smtlib,vampire,predicates,VERIFICATION_TIMED_OUT,29766,4
ground_truth,Dafny-Exercises_tmp_tmpjm75muf__Session7Exercises_ExerciseSeparate.dfy,smtlib,vampire,arguments,VERIFICATION_TIMED_OUT,29816,4
ground_truth,Dafny-Exercises_tmp_tmpjm75muf__Session7Exercises_ExerciseSeparate.dfy,smtlib,z3,monomorphic,VERIFIED,1085,0
ground_truth,Dafny-Exercises_tmp_tmpjm75muf__Session7Exercises_ExerciseSeparate.dfy,smtlib,z3,predicates,VERIFIED,1098,0
ground_truth,Dafny-Exercises_tmp_tmpjm75muf__Session7Exercises_ExerciseSeparate.dfy,smtlib,z3,arguments,VERIFIED,1382,0
ground_truth,Dafny_Verify_tmp_tmphq7j0row_dataset_detailed_examples_SelectionSort.dfy,tptp,vampire,polymorphic,VERIFICATION_TIMED_OUT,29840,4
ground_truth,Dafny_Verify_tmp_tmphq7j0row_dataset_detailed_examples_SelectionSort.dfy,tptp,vampire,monomorphic,VERIFICATION_TIMED_OUT,29893,4
ground_truth,Dafny_Verify_tmp_tmphq7j0row_dataset_detailed_examples_SelectionSort.dfy,tptp,vampire,predicates,VERIFICATION_TIMED_OUT,29912,4
ground_truth,Dafny_Verify_tmp_tmphq7j0row_dataset_detailed_examples_SelectionSort.dfy,tptp,vampire,arguments,VERIFICATION_TIMED_OUT,29823,4
ground_truth,Dafny_Verify_tmp_tmphq7j0row_dataset_detailed_examples_SelectionSort.dfy,smtlib,vampire,monomorphic,VERIFICATION_TIMED_OUT,29786,4
ground_truth,Dafny_Verify_tmp_tmphq7j0row_dataset_detailed_examples_SelectionSort.dfy,smtlib,vampire,predicates,VERIFICATION_TIMED_OUT,29747,4
ground_truth,Dafny_Verify_tmp_tmphq7j0row_dataset_detailed_examples_SelectionSort.dfy,smtlib,vampire,arguments,VERIFICATION_TIMED_OUT,29783,4
ground_truth,Dafny_Verify_tmp_tmphq7j0row_dataset_detailed_examples_SelectionSort.dfy,smtlib,z3,monomorphic,VERIFIED,1282,0
ground_truth,Dafny_Verify_tmp_tmphq7j0row_dataset_detailed_examples_SelectionSort.dfy,smtlib,z3,predicates,VERIFIED,970,0
ground_truth,Dafny_Verify_tmp_tmphq7j0row_dataset_detailed_examples_SelectionSort.dfy,smtlib,z3,arguments,VERIFIED,966,0
ground_truth,Program-Verification-Dataset_tmp_tmpgbdrlnu__Dafny_from dafny main repo_dafny4_Primes.dfy,tptp,vampire,polymorphic,VERIFICATION_TIMED_OUT,30128,4
ground_truth,Program-Verification-Dataset_tmp_tmpgbdrlnu__Dafny_from dafny main repo_dafny4_Primes.dfy,tptp,vampire,monomorphic,VERIFICATION_TIMED_OUT,30283,4
ground_truth,Program-Verification-Dataset_tmp_tmpgbdrlnu__Dafny_from dafny main repo_dafny4_Primes.dfy,tptp,vampire,predicates,VERIFICATION_TIMED_OUT,43591,4
ground_truth,Program-Verification-Dataset_tmp_tmpgbdrlnu__Dafny_from dafny main repo_dafny4_Primes.dfy,tptp,vampire,arguments,VERIFICATION_TIMED_OUT,38332,4
ground_truth,Program-Verification-Dataset_tmp_tmpgbdrlnu__Dafny_from dafny main repo_dafny4_Primes.dfy,smtlib,vampire,monomorphic,VERIFICATION_TIMED_OUT,30056,4
ground_truth,Program-Verification-Dataset_tmp_tmpgbdrlnu__Dafny_from dafny main repo_dafny4_Primes.dfy,smtlib,vampire,predicates,VERIFICATION_TIMED_OUT,39416,4
ground_truth,Program-Verification-Dataset_tmp_tmpgbdrlnu__Dafny_from dafny main repo_dafny4_Primes.dfy,smtlib,vampire,arguments,VERIFICATION_TIMED_OUT,30133,4
ground_truth,Program-Verification-Dataset_tmp_tmpgbdrlnu__Dafny_from dafny main repo_dafny4_Primes.dfy,smtlib,z3,monomorphic,VERIFIED,5695,0
ground_truth,Program-Verification-Dataset_tmp_tmpgbdrlnu__Dafny_from dafny main repo_dafny4_Primes.dfy,smtlib,z3,predicates,VERIFICATION_TIMED_OUT,31030,4
ground_truth,Program-Verification-Dataset_tmp_tmpgbdrlnu__Dafny_from dafny main repo_dafny4_Primes.dfy,smtlib,z3,arguments,VERIFIED,23675,0
ground_truth,dafny-synthesis_task_id_436.dfy,tptp,vampire,polymorphic,VERIFICATION_TIMED_OUT,29848,4
ground_truth,dafny-synthesis_task_id_436.dfy,tptp,vampire,monomorphic,VERIFICATION_TIMED_OUT,29911,4
ground_truth,dafny-synthesis_task_id_436.dfy,tptp,vampire,predicates,VERIFICATION_TIMED_OUT,29923,4
ground_truth,dafny-synthesis_task_id_436.dfy,tptp,vampire,arguments,VERIFICATION_TIMED_OUT,29823,4
ground_truth,dafny-synthesis_task_id_436.dfy,smtlib,vampire,monomorphic,VERIFICATION_TIMED_OUT,29842,4
ground_truth,dafny-synthesis_task_id_436.dfy,smtlib,vampire,predicates,VERIFICATION_TIMED_OUT,29825,4
ground_truth,dafny-synthesis_task_id_436.dfy,smtlib,vampire,arguments,VERIFICATION_TIMED_OUT,29785,4
ground_truth,dafny-synthesis_task_id_436.dfy,smtlib,z3,monomorphic,VERIFIED,913,0
ground_truth,dafny-synthesis_task_id_436.dfy,smtlib,z3,predicates,VERIFIED,896,0
ground_truth,dafny-synthesis_task_id_436.dfy,smtlib,z3,arguments,VERIFIED,879,0
ground_truth,assertive-programming-assignment-1_tmp_tmp3h_cj44u_FindRange.dfy,tptp,vampire,polymorphic,VERIFICATION_TIMED_OUT,30223,4
ground_truth,assertive-programming-assignment-1_tmp_tmp3h_cj44u_FindRange.dfy,tptp,vampire,monomorphic,VERIFICATION_TIMED_OUT,30106,4
ground_truth,assertive-programming-assignment-1_tmp_tmp3h_cj44u_FindRange.dfy,tptp,vampire,predicates,VERIFICATION_TIMED_OUT,30128,4
ground_truth,assertive-programming-assignment-1_tmp_tmp3h_cj44u_FindRange.dfy,tptp,vampire,arguments,VERIFICATION_TIMED_OUT,30124,4
ground_truth,assertive-programming-assignment-1_tmp_tmp3h_cj44u_FindRange.dfy,smtlib,vampire,monomorphic,VERIFICATION_TIMED_OUT,30011,4
ground_truth,assertive-programming-assignment-1_tmp_tmp3h_cj44u_FindRange.dfy,smtlib,vampire,predicates,VERIFICATION_TIMED_OUT,29972,4
ground_truth,assertive-programming-assignment-1_tmp_tmp3h_cj44u_FindRange.dfy,smtlib,vampire,arguments,VERIFICATION_TIMED_OUT,29934,4
ground_truth,assertive-programming-assignment-1_tmp_tmp3h_cj44u_FindRange.dfy,smtlib,z3,monomorphic,VERIFIED,1169,0
ground_truth,assertive-programming-assignment-1_tmp_tmp3h_cj44u_FindRange.dfy,smtlib,z3,predicates,VERIFIED,1184,0
ground_truth,assertive-programming-assignment-1_tmp_tmp3h_cj44u_FindRange.dfy,smtlib,z3,arguments,VERIFIED,1156,0
ground_truth,Dafny_Learning_Experience_tmp_tmpuxvcet_u_week1_7_Week4__LinearSearch.dfy,tptp,vampire,polymorphic,VERIFICATION_TIMED_OUT,29810,4
ground_truth,Dafny_Learning_Experience_tmp_tmpuxvcet_u_week1_7_Week4__LinearSearch.dfy,tptp,vampire,monomorphic,VERIFIED,2203,0
ground_truth,Dafny_Learning_Experience_tmp_tmpuxvcet_u_week1_7_Week4__LinearSearch.dfy,tptp,vampire,predicates,VERIFIED,18741,0
ground_truth,Dafny_Learning_Experience_tmp_tmpuxvcet_u_week1_7_Week4__LinearSearch.dfy,tptp,vampire,arguments,VERIFIED,3094,0
ground_truth,Dafny_Learning_Experience_tmp_tmpuxvcet_u_week1_7_Week4__LinearSearch.dfy,smtlib,vampire,monomorphic,VERIFIED,2134,0
ground_truth,Dafny_Learning_Experience_tmp_tmpuxvcet_u_week1_7_Week4__LinearSearch.dfy,smtlib,vampire,predicates,VERIFIED,19081,0
ground_truth,Dafny_Learning_Experience_tmp_tmpuxvcet_u_week1_7_Week4__LinearSearch.dfy,smtlib,vampire,arguments,VERIFIED,3767,0
ground_truth,Dafny_Learning_Experience_tmp_tmpuxvcet_u_week1_7_Week4__LinearSearch.dfy,smtlib,z3,monomorphic,VERIFIED,982,0
ground_truth,Dafny_Learning_Experience_tmp_tmpuxvcet_u_week1_7_Week4__LinearSearch.dfy,smtlib,z3,predicates,VERIFIED,986,0
ground_truth,Dafny_Learning_Experience_tmp_tmpuxvcet_u_week1_7_Week4__LinearSearch.dfy,smtlib,z3,arguments,VERIFIED,934,0
ground_truth,Prog-Fun-Solutions_tmp_tmp7_gmnz5f_mockExam2_p5.dfy,tptp,vampire,polymorphic,VERIFICATION_TIMED_OUT,29825,4
ground_truth,Prog-Fun-Solutions_tmp_tmp7_gmnz5f_mockExam2_p5.dfy,tptp,vampire,monomorphic,VERIFICATION_TIMED_OUT,29867,4
ground_truth,Prog-Fun-Solutions_tmp_tmp7_gmnz5f_mockExam2_p5.dfy,tptp,vampire,predicates,VERIFICATION_TIMED_OUT,29809,4
ground_truth,Prog-Fun-Solutions_tmp_tmp7_gmnz5f_mockExam2_p5.dfy,tptp,vampire,arguments,VERIFICATION_TIMED_OUT,29757,4
ground_truth,Prog-Fun-Solutions_tmp_tmp7_gmnz5f_mockExam2_p5.dfy,smtlib,vampire,monomorphic,VERIFICATION_TIMED_OUT,29748,4
ground_truth,Prog-Fun-Solutions_tmp_tmp7_gmnz5f_mockExam2_p5.dfy,smtlib,vampire,predicates,VERIFICATION_TIMED_OUT,29736,4
ground_truth,Prog-Fun-Solutions_tmp_tmp7_gmnz5f_mockExam2_p5.dfy,smtlib,vampire,arguments,VERIFIED,22436,0
ground_truth,Prog-Fun-Solutions_tmp_tmp7_gmnz5f_mockExam2_p5.dfy,smtlib,z3,monomorphic,VERIFIED,866,0
ground_truth,Prog-Fun-Solutions_tmp_tmp7_gmnz5f_mockExam2_p5.dfy,smtlib,z3,predicates,VERIFIED,844,0
ground_truth,Prog-Fun-Solutions_tmp_tmp7_gmnz5f_mockExam2_p5.dfy,smtlib,z3,arguments,VERIFIED,842,0
ground_truth,SENG2011_tmp_tmpgk5jq85q_p2.dfy,tptp,vampire,polymorphic,VERIFICATION_TIMED_OUT,29842,4
ground_truth,SENG2011_tmp_tmpgk5jq85q_p2.dfy,tptp,vampire,monomorphic,VERIFICATION_TIMED_OUT,29802,4
ground_truth,SENG2011_tmp_tmpgk5jq85q_p2.dfy,tptp,vampire,predicates,VERIFICATION_TIMED_OUT,29849,4
ground_truth,SENG2011_tmp_tmpgk5jq85q_p2.dfy,tptp,vampire,arguments,VERIFICATION_TIMED_OUT,29785,4
ground_truth,SENG2011_tmp_tmpgk5jq85q_p2.dfy,smtlib,vampire,monomorphic,VERIFICATION_TIMED_OUT,29837,4
ground_truth,SENG2011_tmp_tmpgk5jq85q_p2.dfy,smtlib,vampire,predicates,VERIFICATION_TIMED_OUT,29763,4
ground_truth,SENG2011_tmp_tmpgk5jq85q_p2.dfy,smtlib,vampire,arguments,VERIFICATION_TIMED_OUT,29716,4
ground_truth,SENG2011_tmp_tmpgk5jq85q_p2.dfy,smtlib,z3,monomorphic,VERIFIED,898,0
ground_truth,SENG2011_tmp_tmpgk5jq85q_p2.dfy,smtlib,z3,predicates,VERIFIED,875,0
ground_truth,SENG2011_tmp_tmpgk5jq85q_p2.dfy,smtlib,z3,arguments,VERIFIED,869,0
ground_truth,dafny-synthesis_task_id_801.dfy,tptp,vampire,polymorphic,VERIFIED,857,0
ground_truth,dafny-synthesis_task_id_801.dfy,tptp,vampire,monomorphic,VERIFIED,907,0
ground_truth,dafny-synthesis_task_id_801.dfy,tptp,vampire,predicates,VERIFIED,878,0
ground_truth,dafny-synthesis_task_id_801.dfy,tptp,vampire,arguments,VERIFIED,867,0
ground_truth,dafny-synthesis_task_id_801.dfy,smtlib,vampire,monomorphic,VERIFIED,860,0
ground_truth,dafny-synthesis_task_id_801.dfy,smtlib,vampire,predicates,VERIFIED,833,0
ground_truth,dafny-synthesis_task_id_801.dfy,smtlib,vampire,arguments,VERIFIED,881,0
ground_truth,dafny-synthesis_task_id_801.dfy,smtlib,z3,monomorphic,VERIFIED,791,0
ground_truth,dafny-synthesis_task_id_801.dfy,smtlib,z3,predicates,VERIFIED,762,0
ground_truth,dafny-synthesis_task_id_801.dfy,smtlib,z3,arguments,VERIFIED,753,0
ground_truth,Dafny_Learning_Experience_tmp_tmpuxvcet_u_week1_7_MaxSum.dfy,tptp,vampire,polymorphic,VERIFIED,830,0
ground_truth,Dafny_Learning_Experience_tmp_tmpuxvcet_u_week1_7_MaxSum.dfy,tptp,vampire,monomorphic,VERIFIED,896,0
ground_truth,Dafny_Learning_Experience_tmp_tmpuxvcet_u_week1_7_MaxSum.dfy,tptp,vampire,predicates,VERIFIED,840,0
ground_truth,Dafny_Learning_Experience_tmp_tmpuxvcet_u_week1_7_MaxSum.dfy,tptp,vampire,arguments,VERIFIED,837,0
ground_truth,Dafny_Learning_Experience_tmp_tmpuxvcet_u_week1_7_MaxSum.dfy,smtlib,vampire,monomorphic,VERIFIED,857,0
ground_truth,Dafny_Learning_Experience_tmp_tmpuxvcet_u_week1_7_MaxSum.dfy,smtlib,vampire,predicates,VERIFIED,793,0
ground_truth,Dafny_Learning_Experience_tmp_tmpuxvcet_u_week1_7_MaxSum.dfy,smtlib,vampire,arguments,VERIFIED,790,0
ground_truth,Dafny_Learning_Experience_tmp_tmpuxvcet_u_week1_7_MaxSum.dfy,smtlib,z3,monomorphic,VERIFIED,820,0
ground_truth,Dafny_Learning_Experience_tmp_tmpuxvcet_u_week1_7_MaxSum.dfy,smtlib,z3,predicates,VERIFIED,800,0
ground_truth,Dafny_Learning_Experience_tmp_tmpuxvcet_u_week1_7_MaxSum.dfy,smtlib,z3,arguments,VERIFIED,784,0
ground_truth,Dafny_Verify_tmp_tmphq7j0row_Fine_Tune_Examples_normal_data_completion_MaxPerdV2.dfy,tptp,vampire,polymorphic,VERIFICATION_TIMED_OUT,29773,4
ground_truth,Dafny_Verify_tmp_tmphq7j0row_Fine_Tune_Examples_normal_data_completion_MaxPerdV2.dfy,tptp,vampire,monomorphic,VERIFICATION_TIMED_OUT,29903,4
ground_truth,Dafny_Verify_tmp_tmphq7j0row_Fine_Tune_Examples_normal_data_completion_MaxPerdV2.dfy,tptp,vampire,predicates,VERIFICATION_TIMED_OUT,29844,4
ground_truth,Dafny_Verify_tmp_tmphq7j0row_Fine_Tune_Examples_normal_data_completion_MaxPerdV2.dfy,tptp,vampire,arguments,VERIFICATION_TIMED_OUT,29918,4
ground_truth,Dafny_Verify_tmp_tmphq7j0row_Fine_Tune_Examples_normal_data_completion_MaxPerdV2.dfy,smtlib,vampire,monomorphic,VERIFICATION_TIMED_OUT,29882,4
ground_truth,Dafny_Verify_tmp_tmphq7j0row_Fine_Tune_Examples_normal_data_completion_MaxPerdV2.dfy,smtlib,vampire,predicates,VERIFICATION_TIMED_OUT,29821,4
ground_truth,Dafny_Verify_tmp_tmphq7j0row_Fine_Tune_Examples_normal_data_completion_MaxPerdV2.dfy,smtlib,vampire,arguments,VERIFICATION_TIMED_OUT,29751,4
ground_truth,Dafny_Verify_tmp_tmphq7j0row_Fine_Tune_Examples_normal_data_completion_MaxPerdV2.dfy,smtlib,z3,monomorphic,VERIFIED,950,0
ground_truth,Dafny_Verify_tmp_tmphq7j0row_Fine_Tune_Examples_normal_data_completion_MaxPerdV2.dfy,smtlib,z3,predicates,VERIFIED,899,0
ground_truth,Dafny_Verify_tmp_tmphq7j0row_Fine_Tune_Examples_normal_data_completion_MaxPerdV2.dfy,smtlib,z3,arguments,VERIFIED,900,0
ground_truth,Software-Verification_tmp_tmpv4ueky2d_Non-overlapping Intervals_non_overlapping_intervals.dfy,tptp,vampire,polymorphic,VERIFICATION_TIMED_OUT,29895,4
ground_truth,Software-Verification_tmp_tmpv4ueky2d_Non-overlapping Intervals_non_overlapping_intervals.dfy,tptp,vampire,monomorphic,VERIFICATION_TIMED_OUT,29928,4
ground_truth,Software-Verification_tmp_tmpv4ueky2d_Non-overlapping Intervals_non_overlapping_intervals.dfy,tptp,vampire,predicates,VERIFICATION_TIMED_OUT,29928,4
ground_truth,Software-Verification_tmp_tmpv4ueky2d_Non-overlapping Intervals_non_overlapping_intervals.dfy,tptp,vampire,arguments,VERIFICATION_TIMED_OUT,29899,4
ground_truth,Software-Verification_tmp_tmpv4ueky2d_Non-overlapping Intervals_non_overlapping_intervals.dfy,smtlib,vampire,monomorphic,VERIFICATION_TIMED_OUT,29936,4
ground_truth,Software-Verification_tmp_tmpv4ueky2d_Non-overlapping Intervals_non_overlapping_intervals.dfy,smtlib,vampire,predicates,VERIFICATION_TIMED_OUT,29889,4
ground_truth,Software-Verification_tmp_tmpv4ueky2d_Non-overlapping Intervals_non_overlapping_intervals.dfy,smtlib,vampire,arguments,VERIFICATION_TIMED_OUT,29873,4
ground_truth,Software-Verification_tmp_tmpv4ueky2d_Non-overlapping Intervals_non_overlapping_intervals.dfy,smtlib,z3,monomorphic,VERIFIED,1244,0
ground_truth,Software-Verification_tmp_tmpv4ueky2d_Non-overlapping Intervals_non_overlapping_intervals.dfy,smtlib,z3,predicates,VERIFIED,1089,0
ground_truth,Software-Verification_tmp_tmpv4ueky2d_Non-overlapping Intervals_non_overlapping_intervals.dfy,smtlib,z3,arguments,VERIFIED,1027,0
ground_truth,Prog-Fun-Solutions_tmp_tmp7_gmnz5f_mockExam2_p2.dfy,tptp,vampire,polymorphic,VERIFIED,871,0
ground_truth,Prog-Fun-Solutions_tmp_tmp7_gmnz5f_mockExam2_p2.dfy,tptp,vampire,monomorphic,VERIFIED,917,0
ground_truth,Prog-Fun-Solutions_tmp_tmp7_gmnz5f_mockExam2_p2.dfy,tptp,vampire,predicates,VERIFIED,895,0
ground_truth,Prog-Fun-Solutions_tmp_tmp7_gmnz5f_mockExam2_p2.dfy,tptp,vampire,arguments,VERIFIED,886,0
ground_truth,Prog-Fun-Solutions_tmp_tmp7_gmnz5f_mockExam2_p2.dfy,smtlib,vampire,monomorphic,VERIFIED,862,0
ground_truth,Prog-Fun-Solutions_tmp_tmp7_gmnz5f_mockExam2_p2.dfy,smtlib,vampire,predicates,VERIFIED,852,0
ground_truth,Prog-Fun-Solutions_tmp_tmp7_gmnz5f_mockExam2_p2.dfy,smtlib,vampire,arguments,VERIFIED,852,0
ground_truth,Prog-Fun-Solutions_tmp_tmp7_gmnz5f_mockExam2_p2.dfy,smtlib,z3,monomorphic,VERIFIED,787,0
ground_truth,Prog-Fun-Solutions_tmp_tmp7_gmnz5f_mockExam2_p2.dfy,smtlib,z3,predicates,VERIFIED,772,0
ground_truth,Prog-Fun-Solutions_tmp_tmp7_gmnz5f_mockExam2_p2.dfy,smtlib,z3,arguments,VERIFIED,766,0
ground_truth,FlexWeek_tmp_tmpc_tfdj_3_ex4.dfy,tptp,vampire,polymorphic,VERIFICATION_TIMED_OUT,30206,4
ground_truth,FlexWeek_tmp_tmpc_tfdj_3_ex4.dfy,tptp,vampire,monomorphic,VERIFICATION_TIMED_OUT,29973,4
ground_truth,FlexWeek_tmp_tmpc_tfdj_3_ex4.dfy,tptp,vampire,predicates,VERIFICATION_TIMED_OUT,29900,4
ground_truth,FlexWeek_tmp_tmpc_tfdj_3_ex4.dfy,tptp,vampire,arguments,VERIFICATION_TIMED_OUT,29913,4
ground_truth,FlexWeek_tmp_tmpc_tfdj_3_ex4.dfy,smtlib,vampire,monomorphic,VERIFICATION_TIMED_OUT,29913,4
ground_truth,FlexWeek_tmp_tmpc_tfdj_3_ex4.dfy,smtlib,vampire,predicates,VERIFICATION_TIMED_OUT,29821,4
ground_truth,FlexWeek_tmp_tmpc_tfdj_3_ex4.dfy,smtlib,vampire,arguments,VERIFICATION_TIMED_OUT,29863,4
ground_truth,FlexWeek_tmp_tmpc_tfdj_3_ex4.dfy,smtlib,z3,monomorphic,VERIFIED,5268,0
ground_truth,FlexWeek_tmp_tmpc_tfdj_3_ex4.dfy,smtlib,z3,predicates,VERIFIED,22863,0
ground_truth,FlexWeek_tmp_tmpc_tfdj_3_ex4.dfy,smtlib,z3,arguments,VERIFICATION_TIMED_OUT,30952,4
ground_truth,Clover_copy_part.dfy,tptp,vampire,polymorphic,VERIFICATION_TIMED_OUT,29809,4
ground_truth,Clover_copy_part.dfy,tptp,vampire,monomorphic,VERIFICATION_TIMED_OUT,29801,4
ground_truth,Clover_copy_part.dfy,tptp,vampire,predicates,VERIFICATION_TIMED_OUT,29840,4
ground_truth,Clover_copy_part.dfy,tptp,vampire,arguments,VERIFICATION_TIMED_OUT,29814,4
ground_truth,Clover_copy_part.dfy,smtlib,vampire,monomorphic,VERIFICATION_TIMED_OUT,29762,4
ground_truth,Clover_copy_part.dfy,smtlib,vampire,predicates,VERIFICATION_TIMED_OUT,29736,4
ground_truth,Clover_copy_part.dfy,smtlib,vampire,arguments,VERIFICATION_TIMED_OUT,29761,4
ground_truth,Clover_copy_part.dfy,smtlib,z3,monomorphic,VERIFIED,916,0
ground_truth,Clover_copy_part.dfy,smtlib,z3,predicates,VERIFIED,891,0
ground_truth,Clover_copy_part.dfy,smtlib,z3,arguments,VERIFIED,864,0
ground_truth,dafny-synthesis_task_id_267.dfy,tptp,vampire,polymorphic,VERIFICATION_TIMED_OUT,29791,4
ground_truth,dafny-synthesis_task_id_267.dfy,tptp,vampire,monomorphic,VERIFICATION_TIMED_OUT,29763,4
ground_truth,dafny-synthesis_task_id_267.dfy,tptp,vampire,predicates,VERIFICATION_TIMED_OUT,29724,4
ground_truth,dafny-synthesis_task_id_267.dfy,tptp,vampire,arguments,VERIFICATION_TIMED_OUT,29764,4
ground_truth,dafny-synthesis_task_id_267.dfy,smtlib,vampire,monomorphic,VERIFIED,1228,0
ground_truth,dafny-synthesis_task_id_267.dfy,smtlib,vampire,predicates,VERIFIED,1180,0
ground_truth,dafny-synthesis_task_id_267.dfy,smtlib,vampire,arguments,VERIFIED,10311,0
ground_truth,dafny-synthesis_task_id_267.dfy,smtlib,z3,monomorphic,VERIFIED,826,0
ground_truth,dafny-synthesis_task_id_267.dfy,smtlib,z3,predicates,VERIFIED,815,0
ground_truth,dafny-synthesis_task_id_267.dfy,smtlib,z3,arguments,VERIFIED,803,0
ground_truth,dafny-synthesis_task_id_755.dfy,tptp,vampire,polymorphic,VERIFICATION_TIMED_OUT,29842,4
ground_truth,dafny-synthesis_task_id_755.dfy,tptp,vampire,monomorphic,VERIFICATION_TIMED_OUT,29934,4
ground_truth,dafny-synthesis_task_id_755.dfy,tptp,vampire,predicates,VERIFICATION_TIMED_OUT,29916,4
ground_truth,dafny-synthesis_task_id_755.dfy,tptp,vampire,arguments,VERIFICATION_TIMED_OUT,29828,4
ground_truth,dafny-synthesis_task_id_755.dfy,smtlib,vampire,monomorphic,VERIFICATION_TIMED_OUT,29900,4
ground_truth,dafny-synthesis_task_id_755.dfy,smtlib,vampire,predicates,VERIFICATION_TIMED_OUT,29863,4
ground_truth,dafny-synthesis_task_id_755.dfy,smtlib,vampire,arguments,VERIFICATION_TIMED_OUT,29835,4
ground_truth,dafny-synthesis_task_id_755.dfy,smtlib,z3,monomorphic,VERIFIED,974,0
ground_truth,dafny-synthesis_task_id_755.dfy,smtlib,z3,predicates,VERIFIED,932,0
ground_truth,dafny-synthesis_task_id_755.dfy,smtlib,z3,arguments,VERIFIED,911,0
ground_truth,dafny-language-server_tmp_tmpkir0kenl_Test_dafny1_MatrixFun.dfy,tptp,vampire,polymorphic,VERIFICATION_TIMED_OUT,30047,4
ground_truth,dafny-language-server_tmp_tmpkir0kenl_Test_dafny1_MatrixFun.dfy,tptp,vampire,monomorphic,VERIFICATION_TIMED_OUT,29945,4
ground_truth,dafny-language-server_tmp_tmpkir0kenl_Test_dafny1_MatrixFun.dfy,tptp,vampire,predicates,VERIFICATION_TIMED_OUT,29977,4
ground_truth,dafny-language-server_tmp_tmpkir0kenl_Test_dafny1_MatrixFun.dfy,tptp,vampire,arguments,VERIFICATION_TIMED_OUT,30035,4
ground_truth,dafny-language-server_tmp_tmpkir0kenl_Test_dafny1_MatrixFun.dfy,smtlib,vampire,monomorphic,VERIFICATION_TIMED_OUT,29922,4
ground_truth,dafny-language-server_tmp_tmpkir0kenl_Test_dafny1_MatrixFun.dfy,smtlib,vampire,predicates,VERIFICATION_TIMED_OUT,29818,4
ground_truth,dafny-language-server_tmp_tmpkir0kenl_Test_dafny1_MatrixFun.dfy,smtlib,vampire,arguments,VERIFICATION_TIMED_OUT,29896,4
ground_truth,dafny-language-server_tmp_tmpkir0kenl_Test_dafny1_MatrixFun.dfy,smtlib,z3,monomorphic,VERIFIED,1172,0
ground_truth,dafny-language-server_tmp_tmpkir0kenl_Test_dafny1_MatrixFun.dfy,smtlib,z3,predicates,VERIFIED,1114,0
ground_truth,dafny-language-server_tmp_tmpkir0kenl_Test_dafny1_MatrixFun.dfy,smtlib,z3,arguments,VERIFIED,1014,0
ground_truth,Program-Verification-Dataset_tmp_tmpgbdrlnu__Dafny_from dafny main repo_dafny3_InfiniteTrees.dfy,tptp,vampire,polymorphic,VERIFICATION_TIMED_OUT,65937,4
ground_truth,Program-Verification-Dataset_tmp_tmpgbdrlnu__Dafny_from dafny main repo_dafny3_InfiniteTrees.dfy,tptp,vampire,monomorphic,VERIFICATION_TIMED_OUT,66611,4
ground_truth,Program-Verification-Dataset_tmp_tmpgbdrlnu__Dafny_from dafny main repo_dafny3_InfiniteTrees.dfy,tptp,vampire,predicates,VERIFICATION_TIMED_OUT,146333,4
ground_truth,Program-Verification-Dataset_tmp_tmpgbdrlnu__Dafny_from dafny main repo_dafny3_InfiniteTrees.dfy,tptp,vampire,arguments,VERIFICATION_TIMED_OUT,117872,4
ground_truth,Program-Verification-Dataset_tmp_tmpgbdrlnu__Dafny_from dafny main repo_dafny3_InfiniteTrees.dfy,smtlib,vampire,monomorphic,VERIFICATION_TIMED_OUT,61376,4
ground_truth,Program-Verification-Dataset_tmp_tmpgbdrlnu__Dafny_from dafny main repo_dafny3_InfiniteTrees.dfy,smtlib,vampire,predicates,VERIFICATION_TIMED_OUT,89718,4
ground_truth,Program-Verification-Dataset_tmp_tmpgbdrlnu__Dafny_from dafny main repo_dafny3_InfiniteTrees.dfy,smtlib,vampire,arguments,VERIFICATION_TIMED_OUT,61462,4
ground_truth,Program-Verification-Dataset_tmp_tmpgbdrlnu__Dafny_from dafny main repo_dafny3_InfiniteTrees.dfy,smtlib,z3,monomorphic,VERIFIED,1635,0
ground_truth,Program-Verification-Dataset_tmp_tmpgbdrlnu__Dafny_from dafny main repo_dafny3_InfiniteTrees.dfy,smtlib,z3,predicates,NOT_VERIFIED,1717,4
ground_truth,Program-Verification-Dataset_tmp_tmpgbdrlnu__Dafny_from dafny main repo_dafny3_InfiniteTrees.dfy,smtlib,z3,arguments,VERIFIED,1577,0
ground_truth,Dafny_Learning_Experience_tmp_tmpuxvcet_u_week8_12_week10_BoundedQueue_01.dfy,tptp,vampire,polymorphic,VERIFICATION_TIMED_OUT,29897,4
ground_truth,Dafny_Learning_Experience_tmp_tmpuxvcet_u_week8_12_week10_BoundedQueue_01.dfy,tptp,vampire,monomorphic,VERIFICATION_TIMED_OUT,29960,4
ground_truth,Dafny_Learning_Experience_tmp_tmpuxvcet_u_week8_12_week10_BoundedQueue_01.dfy,tptp,vampire,predicates,VERIFICATION_TIMED_OUT,29959,4
ground_truth,Dafny_Learning_Experience_tmp_tmpuxvcet_u_week8_12_week10_BoundedQueue_01.dfy,tptp,vampire,arguments,VERIFICATION_TIMED_OUT,29889,4
ground_truth,Dafny_Learning_Experience_tmp_tmpuxvcet_u_week8_12_week10_BoundedQueue_01.dfy,smtlib,vampire,monomorphic,VERIFICATION_TIMED_OUT,29926,4
ground_truth,Dafny_Learning_Experience_tmp_tmpuxvcet_u_week8_12_week10_BoundedQueue_01.dfy,smtlib,vampire,predicates,VERIFICATION_TIMED_OUT,29837,4
ground_truth,Dafny_Learning_Experience_tmp_tmpuxvcet_u_week8_12_week10_BoundedQueue_01.dfy,smtlib,vampire,arguments,VERIFICATION_TIMED_OUT,29806,4
ground_truth,Dafny_Learning_Experience_tmp_tmpuxvcet_u_week8_12_week10_BoundedQueue_01.dfy,smtlib,z3,monomorphic,VERIFIED,980,0
ground_truth,Dafny_Learning_Experience_tmp_tmpuxvcet_u_week8_12_week10_BoundedQueue_01.dfy,smtlib,z3,predicates,VERIFIED,954,0
ground_truth,Dafny_Learning_Experience_tmp_tmpuxvcet_u_week8_12_week10_BoundedQueue_01.dfy,smtlib,z3,arguments,VERIFIED,921,0
ground_truth,dafny-synthesis_task_id_309.dfy,tptp,vampire,polymorphic,VERIFIED,767,0
ground_truth,dafny-synthesis_task_id_309.dfy,tptp,vampire,monomorphic,VERIFIED,829,0
ground_truth,dafny-synthesis_task_id_309.dfy,tptp,vampire,predicates,VERIFIED,797,0
ground_truth,dafny-synthesis_task_id_309.dfy,tptp,vampire,arguments,VERIFIED,792,0
ground_truth,dafny-synthesis_task_id_309.dfy,smtlib,vampire,monomorphic,VERIFIED,786,0
ground_truth,dafny-synthesis_task_id_309.dfy,smtlib,vampire,predicates,VERIFIED,753,0
ground_truth,dafny-synthesis_task_id_309.dfy,smtlib,vampire,arguments,VERIFIED,748,0
ground_truth,dafny-synthesis_task_id_309.dfy,smtlib,z3,monomorphic,VERIFIED,773,0
ground_truth,dafny-synthesis_task_id_309.dfy,smtlib,z3,predicates,VERIFIED,755,0
ground_truth,dafny-synthesis_task_id_309.dfy,smtlib,z3,arguments,VERIFIED,744,0
ground_truth,SENG2011_tmp_tmpgk5jq85q_exam_ex3.dfy,tptp,vampire,polymorphic,VERIFICATION_TIMED_OUT,29762,4
ground_truth,SENG2011_tmp_tmpgk5jq85q_exam_ex3.dfy,tptp,vampire,monomorphic,VERIFIED,2707,0
ground_truth,SENG2011_tmp_tmpgk5jq85q_exam_ex3.dfy,tptp,vampire,predicates,VERIFIED,21455,0
ground_truth,SENG2011_tmp_tmpgk5jq85q_exam_ex3.dfy,tptp,vampire,arguments,VERIFIED,3049,0
ground_truth,SENG2011_tmp_tmpgk5jq85q_exam_ex3.dfy,smtlib,vampire,monomorphic,VERIFIED,3195,0
ground_truth,SENG2011_tmp_tmpgk5jq85q_exam_ex3.dfy,smtlib,vampire,predicates,VERIFIED,3238,0
ground_truth,SENG2011_tmp_tmpgk5jq85q_exam_ex3.dfy,smtlib,vampire,arguments,VERIFIED,1952,0
ground_truth,SENG2011_tmp_tmpgk5jq85q_exam_ex3.dfy,smtlib,z3,monomorphic,VERIFIED,884,0
ground_truth,SENG2011_tmp_tmpgk5jq85q_exam_ex3.dfy,smtlib,z3,predicates,VERIFIED,867,0
ground_truth,SENG2011_tmp_tmpgk5jq85q_exam_ex3.dfy,smtlib,z3,arguments,VERIFIED,862,0
ground_truth,dafny-synthesis_task_id_290.dfy,tptp,vampire,polymorphic,VERIFICATION_TIMED_OUT,29810,4
ground_truth,dafny-synthesis_task_id_290.dfy,tptp,vampire,monomorphic,VERIFICATION_TIMED_OUT,29784,4
ground_truth,dafny-synthesis_task_id_290.dfy,tptp,vampire,predicates,VERIFICATION_TIMED_OUT,29872,4
ground_truth,dafny-synthesis_task_id_290.dfy,tptp,vampire,arguments,VERIFICATION_TIMED_OUT,29808,4
ground_truth,dafny-synthesis_task_id_290.dfy,smtlib,vampire,monomorphic,VERIFICATION_TIMED_OUT,29809,4
ground_truth,dafny-synthesis_task_id_290.dfy,smtlib,vampire,predicates,VERIFICATION_TIMED_OUT,29723,4
ground_truth,dafny-synthesis_task_id_290.dfy,smtlib,vampire,arguments,VERIFICATION_TIMED_OUT,29779,4
ground_truth,dafny-synthesis_task_id_290.dfy,smtlib,z3,monomorphic,VERIFIED,869,0
ground_truth,dafny-synthesis_task_id_290.dfy,smtlib,z3,predicates,VERIFIED,858,0
ground_truth,dafny-synthesis_task_id_290.dfy,smtlib,z3,arguments,VERIFIED,868,0
ground_truth,ironsync-osdi2023_tmp_tmpx80antoe_linear-dafny_docs_DafnyRef_examples_Example-Old2.dfy,tptp,vampire,polymorphic,VERIFIED,11607,0
ground_truth,ironsync-osdi2023_tmp_tmpx80antoe_linear-dafny_docs_DafnyRef_examples_Example-Old2.dfy,tptp,vampire,monomorphic,VERIFIED,11597,0
ground_truth,ironsync-osdi2023_tmp_tmpx80antoe_linear-dafny_docs_DafnyRef_examples_Example-Old2.dfy,tptp,vampire,predicates,VERIFICATION_TIMED_OUT,29832,4
ground_truth,ironsync-osdi2023_tmp_tmpx80antoe_linear-dafny_docs_DafnyRef_examples_Example-Old2.dfy,tptp,vampire,arguments,VERIFICATION_TIMED_OUT,29728,4
ground_truth,ironsync-osdi2023_tmp_tmpx80antoe_linear-dafny_docs_DafnyRef_examples_Example-Old2.dfy,smtlib,vampire,monomorphic,VERIFIED,22465,0
ground_truth,ironsync-osdi2023_tmp_tmpx80antoe_linear-dafny_docs_DafnyRef_examples_Example-Old2.dfy,smtlib,vampire,predicates,VERIFICATION_TIMED_OUT,29746,4
ground_truth,ironsync-osdi2023_tmp_tmpx80antoe_linear-dafny_docs_DafnyRef_examples_Example-Old2.dfy,smtlib,vampire,arguments,VERIFIED,27419,0
ground_truth,ironsync-osdi2023_tmp_tmpx80antoe_linear-dafny_docs_DafnyRef_examples_Example-Old2.dfy,smtlib,z3,monomorphic,VERIFIED,839,0
ground_truth,ironsync-osdi2023_tmp_tmpx80antoe_linear-dafny_docs_DafnyRef_examples_Example-Old2.dfy,smtlib,z3,predicates,VERIFIED,823,0
ground_truth,ironsync-osdi2023_tmp_tmpx80antoe_linear-dafny_docs_DafnyRef_examples_Example-Old2.dfy,smtlib,z3,arguments,VERIFIED,797,0
ground_truth,Program-Verification-Dataset_tmp_tmpgbdrlnu__Dafny_algorithms and leetcode_heap2.dfy,tptp,vampire,polymorphic,VERIFICATION_TIMED_OUT,29929,4
ground_truth,Program-Verification-Dataset_tmp_tmpgbdrlnu__Dafny_algorithms and leetcode_heap2.dfy,tptp,vampire,monomorphic,VERIFICATION_TIMED_OUT,29954,4
ground_truth,Program-Verification-Dataset_tmp_tmpgbdrlnu__Dafny_algorithms and leetcode_heap2.dfy,tptp,vampire,predicates,VERIFICATION_TIMED_OUT,29983,4
ground_truth,Program-Verification-Dataset_tmp_tmpgbdrlnu__Dafny_algorithms and leetcode_heap2.dfy,tptp,vampire,arguments,VERIFICATION_TIMED_OUT,29967,4
ground_truth,Program-Verification-Dataset_tmp_tmpgbdrlnu__Dafny_algorithms and leetcode_heap2.dfy,smtlib,vampire,monomorphic,VERIFICATION_TIMED_OUT,29962,4
ground_truth,Program-Verification-Dataset_tmp_tmpgbdrlnu__Dafny_algorithms and leetcode_heap2.dfy,smtlib,vampire,predicates,VERIFICATION_TIMED_OUT,29908,4
ground_truth,Program-Verification-Dataset_tmp_tmpgbdrlnu__Dafny_algorithms and leetcode_heap2.dfy,smtlib,vampire,arguments,VERIFICATION_TIMED_OUT,29869,4
ground_truth,Program-Verification-Dataset_tmp_tmpgbdrlnu__Dafny_algorithms and leetcode_heap2.dfy,smtlib,z3,monomorphic,VERIFICATION_TIMED_OUT,30987,4
ground_truth,Program-Verification-Dataset_tmp_tmpgbdrlnu__Dafny_algorithms and leetcode_heap2.dfy,smtlib,z3,predicates,VERIFIED,15839,0
ground_truth,Program-Verification-Dataset_tmp_tmpgbdrlnu__Dafny_algorithms and leetcode_heap2.dfy,smtlib,z3,arguments,VERIFIED,5653,0
ground_truth,cs686_tmp_tmpdhuh5dza_classNotes_notes-9-8-21.dfy,tptp,vampire,polymorphic,VERIFICATION_TIMED_OUT,29870,4
ground_truth,cs686_tmp_tmpdhuh5dza_classNotes_notes-9-8-21.dfy,tptp,vampire,monomorphic,VERIFICATION_TIMED_OUT,29946,4
ground_truth,cs686_tmp_tmpdhuh5dza_classNotes_notes-9-8-21.dfy,tptp,vampire,predicates,VERIFICATION_TIMED_OUT,29929,4
ground_truth,cs686_tmp_tmpdhuh5dza_classNotes_notes-9-8-21.dfy,tptp,vampire,arguments,VERIFICATION_TIMED_OUT,29892,4
ground_truth,cs686_tmp_tmpdhuh5dza_classNotes_notes-9-8-21.dfy,smtlib,vampire,monomorphic,VERIFICATION_TIMED_OUT,29868,4
ground_truth,cs686_tmp_tmpdhuh5dza_classNotes_notes-9-8-21.dfy,smtlib,vampire,predicates,VERIFICATION_TIMED_OUT,29831,4
ground_truth,cs686_tmp_tmpdhuh5dza_classNotes_notes-9-8-21.dfy,smtlib,vampire,arguments,VERIFICATION_TIMED_OUT,29810,4
ground_truth,cs686_tmp_tmpdhuh5dza_classNotes_notes-9-8-21.dfy,smtlib,z3,monomorphic,VERIFIED,1064,0
ground_truth,cs686_tmp_tmpdhuh5dza_classNotes_notes-9-8-21.dfy,smtlib,z3,predicates,VERIFIED,1003,0
ground_truth,cs686_tmp_tmpdhuh5dza_classNotes_notes-9-8-21.dfy,smtlib,z3,arguments,VERIFIED,1001,0
ground_truth,Dafny-Grind75_tmp_tmpsxfz3i4r_problems_twoSum.dfy,tptp,vampire,polymorphic,VERIFICATION_TIMED_OUT,29882,4
ground_truth,Dafny-Grind75_tmp_tmpsxfz3i4r_problems_twoSum.dfy,tptp,vampire,monomorphic,VERIFIED,15339,0
ground_truth,Dafny-Grind75_tmp_tmpsxfz3i4r_problems_twoSum.dfy,tptp,vampire,predicates,VERIFICATION_TIMED_OUT,29860,4
ground_truth,Dafny-Grind75_tmp_tmpsxfz3i4r_problems_twoSum.dfy,tptp,vampire,arguments,VERIFIED,29735,0
ground_truth,Dafny-Grind75_tmp_tmpsxfz3i4r_problems_twoSum.dfy,smtlib,vampire,monomorphic,VERIFICATION_TIMED_OUT,29913,4
ground_truth,Dafny-Grind75_tmp_tmpsxfz3i4r_problems_twoSum.dfy,smtlib,vampire,predicates,VERIFICATION_TIMED_OUT,29815,4
ground_truth,Dafny-Grind75_tmp_tmpsxfz3i4r_problems_twoSum.dfy,smtlib,vampire,arguments,VERIFICATION_TIMED_OUT,29832,4
ground_truth,Dafny-Grind75_tmp_tmpsxfz3i4r_problems_twoSum.dfy,smtlib,z3,monomorphic,VERIFIED,958,0
ground_truth,Dafny-Grind75_tmp_tmpsxfz3i4r_problems_twoSum.dfy,smtlib,z3,predicates,VERIFIED,891,0
ground_truth,Dafny-Grind75_tmp_tmpsxfz3i4r_problems_twoSum.dfy,smtlib,z3,arguments,VERIFIED,894,0
ground_truth,dafny-synthesis_task_id_432.dfy,tptp,vampire,polymorphic,VERIFIED,793,0
ground_truth,dafny-synthesis_task_id_432.dfy,tptp,vampire,monomorphic,VERIFIED,841,0
ground_truth,dafny-synthesis_task_id_432.dfy,tptp,vampire,predicates,VERIFIED,815,0
ground_truth,dafny-synthesis_task_id_432.dfy,tptp,vampire,arguments,VERIFIED,799,0
ground_truth,dafny-synthesis_task_id_432.dfy,smtlib,vampire,monomorphic,VERIFIED,787,0
ground_truth,dafny-synthesis_task_id_432.dfy,smtlib,vampire,predicates,VERIFIED,757,0
ground_truth,dafny-synthesis_task_id_432.dfy,smtlib,vampire,arguments,VERIFIED,764,0
ground_truth,dafny-synthesis_task_id_432.dfy,smtlib,z3,monomorphic,VERIFIED,792,0
ground_truth,dafny-synthesis_task_id_432.dfy,smtlib,z3,predicates,VERIFIED,747,0
ground_truth,dafny-synthesis_task_id_432.dfy,smtlib,z3,arguments,VERIFIED,758,0
ground_truth,Final-Project-Dafny_tmp_tmpmcywuqox_Attempts_Quick_Sort.dfy,tptp,vampire,polymorphic,VERIFICATION_TIMED_OUT,29898,4
ground_truth,Final-Project-Dafny_tmp_tmpmcywuqox_Attempts_Quick_Sort.dfy,tptp,vampire,monomorphic,VERIFICATION_TIMED_OUT,29895,4
ground_truth,Final-Project-Dafny_tmp_tmpmcywuqox_Attempts_Quick_Sort.dfy,tptp,vampire,predicates,VERIFICATION_TIMED_OUT,29933,4
ground_truth,Final-Project-Dafny_tmp_tmpmcywuqox_Attempts_Quick_Sort.dfy,tptp,vampire,arguments,VERIFICATION_TIMED_OUT,29912,4
ground_truth,Final-Project-Dafny_tmp_tmpmcywuqox_Attempts_Quick_Sort.dfy,smtlib,vampire,monomorphic,VERIFICATION_TIMED_OUT,29900,4
ground_truth,Final-Project-Dafny_tmp_tmpmcywuqox_Attempts_Quick_Sort.dfy,smtlib,vampire,predicates,VERIFICATION_TIMED_OUT,29823,4
ground_truth,Final-Project-Dafny_tmp_tmpmcywuqox_Attempts_Quick_Sort.dfy,smtlib,vampire,arguments,VERIFICATION_TIMED_OUT,29818,4
ground_truth,Final-Project-Dafny_tmp_tmpmcywuqox_Attempts_Quick_Sort.dfy,smtlib,z3,monomorphic,VERIFIED,958,0
ground_truth,Final-Project-Dafny_tmp_tmpmcywuqox_Attempts_Quick_Sort.dfy,smtlib,z3,predicates,VERIFIED,928,0
ground_truth,Final-Project-Dafny_tmp_tmpmcywuqox_Attempts_Quick_Sort.dfy,smtlib,z3,arguments,VERIFIED,921,0
ground_truth,dafny-synthesis_task_id_70.dfy,tptp,vampire,polymorphic,VERIFICATION_TIMED_OUT,29758,4
ground_truth,dafny-synthesis_task_id_70.dfy,tptp,vampire,monomorphic,VERIFIED,3079,0
ground_truth,dafny-synthesis_task_id_70.dfy,tptp,vampire,predicates,VERIFICATION_TIMED_OUT,29843,4
ground_truth,dafny-synthesis_task_id_70.dfy,tptp,vampire,arguments,VERIFICATION_TIMED_OUT,29793,4
ground_truth,dafny-synthesis_task_id_70.dfy,smtlib,vampire,monomorphic,VERIFIED,3747,0
ground_truth,dafny-synthesis_task_id_70.dfy,smtlib,vampire,predicates,VERIFICATION_TIMED_OUT,29779,4
ground_truth,dafny-synthesis_task_id_70.dfy,smtlib,vampire,arguments,VERIFICATION_TIMED_OUT,29757,4
ground_truth,dafny-synthesis_task_id_70.dfy,smtlib,z3,monomorphic,VERIFIED,873,0
ground_truth,dafny-synthesis_task_id_70.dfy,smtlib,z3,predicates,VERIFIED,848,0
ground_truth,dafny-synthesis_task_id_70.dfy,smtlib,z3,arguments,VERIFIED,842,0
ground_truth,stunning-palm-tree_tmp_tmpr84c2iwh_ch10.dfy,tptp,vampire,polymorphic,VERIFICATION_TIMED_OUT,222321,4
ground_truth,stunning-palm-tree_tmp_tmpr84c2iwh_ch10.dfy,tptp,vampire,monomorphic,VERIFICATION_TIMED_OUT,206726,4
ground_truth,stunning-palm-tree_tmp_tmpr84c2iwh_ch10.dfy,tptp,vampire,predicates,VERIFICATION_TIMED_OUT,697521,4
ground_truth,stunning-palm-tree_tmp_tmpr84c2iwh_ch10.dfy,tptp,vampire,arguments,VERIFICATION_TIMED_OUT,192805,4
ground_truth,stunning-palm-tree_tmp_tmpr84c2iwh_ch10.dfy,smtlib,vampire,monomorphic,VERIFICATION_TIMED_OUT,195979,4
ground_truth,stunning-palm-tree_tmp_tmpr84c2iwh_ch10.dfy,smtlib,vampire,predicates,VERIFICATION_TIMED_OUT,309353,4
ground_truth,stunning-palm-tree_tmp_tmpr84c2iwh_ch10.dfy,smtlib,vampire,arguments,VERIFICATION_TIMED_OUT,206698,4
ground_truth,stunning-palm-tree_tmp_tmpr84c2iwh_ch10.dfy,smtlib,z3,monomorphic,VERIFICATION_OUT_OF_RESOURCE,9439,4
ground_truth,stunning-palm-tree_tmp_tmpr84c2iwh_ch10.dfy,smtlib,z3,predicates,VERIFICATION_OUT_OF_RESOURCE,3219,4
ground_truth,stunning-palm-tree_tmp_tmpr84c2iwh_ch10.dfy,smtlib,z3,arguments,VERIFICATION_OUT_OF_RESOURCE,4596,4
ground_truth,dafny-synthesis_task_id_769.dfy,tptp,vampire,polymorphic,VERIFICATION_TIMED_OUT,29803,4
ground_truth,dafny-synthesis_task_id_769.dfy,tptp,vampire,monomorphic,VERIFICATION_TIMED_OUT,29786,4
ground_truth,dafny-synthesis_task_id_769.dfy,tptp,vampire,predicates,VERIFICATION_TIMED_OUT,29781,4
ground_truth,dafny-synthesis_task_id_769.dfy,tptp,vampire,arguments,VERIFICATION_TIMED_OUT,29847,4
ground_truth,dafny-synthesis_task_id_769.dfy,smtlib,vampire,monomorphic,VERIFICATION_TIMED_OUT,29751,4
ground_truth,dafny-synthesis_task_id_769.dfy,smtlib,vampire,predicates,VERIFICATION_TIMED_OUT,29783,4
ground_truth,dafny-synthesis_task_id_769.dfy,smtlib,vampire,arguments,VERIFICATION_TIMED_OUT,29783,4
ground_truth,dafny-synthesis_task_id_769.dfy,smtlib,z3,monomorphic,VERIFIED,877,0
ground_truth,dafny-synthesis_task_id_769.dfy,smtlib,z3,predicates,VERIFIED,847,0
ground_truth,dafny-synthesis_task_id_769.dfy,smtlib,z3,arguments,VERIFIED,835,0
ground_truth,Program-Verification-Dataset_tmp_tmpgbdrlnu__Dafny_from dafny main repo_dafny1_Queue.dfy,tptp,vampire,polymorphic,VERIFICATION_TIMED_OUT,59290,4
ground_truth,Program-Verification-Dataset_tmp_tmpgbdrlnu__Dafny_from dafny main repo_dafny1_Queue.dfy,tptp,vampire,monomorphic,VERIFICATION_TIMED_OUT,59089,4
ground_truth,Program-Verification-Dataset_tmp_tmpgbdrlnu__Dafny_from dafny main repo_dafny1_Queue.dfy,tptp,vampire,predicates,VERIFICATION_TIMED_OUT,59305,4
ground_truth,Program-Verification-Dataset_tmp_tmpgbdrlnu__Dafny_from dafny main repo_dafny1_Queue.dfy,tptp,vampire,arguments,VERIFICATION_TIMED_OUT,58992,4
ground_truth,Program-Verification-Dataset_tmp_tmpgbdrlnu__Dafny_from dafny main repo_dafny1_Queue.dfy,smtlib,vampire,monomorphic,VERIFICATION_TIMED_OUT,59090,4
ground_truth,Program-Verification-Dataset_tmp_tmpgbdrlnu__Dafny_from dafny main repo_dafny1_Queue.dfy,smtlib,vampire,predicates,VERIFICATION_TIMED_OUT,59141,4
ground_truth,Program-Verification-Dataset_tmp_tmpgbdrlnu__Dafny_from dafny main repo_dafny1_Queue.dfy,smtlib,vampire,arguments,VERIFICATION_TIMED_OUT,58960,4
ground_truth,Program-Verification-Dataset_tmp_tmpgbdrlnu__Dafny_from dafny main repo_dafny1_Queue.dfy,smtlib,z3,monomorphic,VERIFIED,3461,0
ground_truth,Program-Verification-Dataset_tmp_tmpgbdrlnu__Dafny_from dafny main repo_dafny1_Queue.dfy,smtlib,z3,predicates,VERIFIED,1670,0
ground_truth,Program-Verification-Dataset_tmp_tmpgbdrlnu__Dafny_from dafny main repo_dafny1_Queue.dfy,smtlib,z3,arguments,VERIFIED,1602,0
ground_truth,Dafny_Verify_tmp_tmphq7j0row_dataset_bql_exampls_SmallNum.dfy,tptp,vampire,polymorphic,VERIFICATION_TIMED_OUT,29774,4
ground_truth,Dafny_Verify_tmp_tmphq7j0row_dataset_bql_exampls_SmallNum.dfy,tptp,vampire,monomorphic,VERIFICATION_TIMED_OUT,29870,4
ground_truth,Dafny_Verify_tmp_tmphq7j0row_dataset_bql_exampls_SmallNum.dfy,tptp,vampire,predicates,VERIFIED,3356,0
ground_truth,Dafny_Verify_tmp_tmphq7j0row_dataset_bql_exampls_SmallNum.dfy,tptp,vampire,arguments,VERIFIED,3348,0
ground_truth,Dafny_Verify_tmp_tmphq7j0row_dataset_bql_exampls_SmallNum.dfy,smtlib,vampire,monomorphic,VERIFICATION_TIMED_OUT,29754,4
ground_truth,Dafny_Verify_tmp_tmphq7j0row_dataset_bql_exampls_SmallNum.dfy,smtlib,vampire,predicates,VERIFIED,3493,0
ground_truth,Dafny_Verify_tmp_tmphq7j0row_dataset_bql_exampls_SmallNum.dfy,smtlib,vampire,arguments,VERIFIED,3502,0
ground_truth,Dafny_Verify_tmp_tmphq7j0row_dataset_bql_exampls_SmallNum.dfy,smtlib,z3,monomorphic,VERIFIED,872,0
ground_truth,Dafny_Verify_tmp_tmphq7j0row_dataset_bql_exampls_SmallNum.dfy,smtlib,z3,predicates,VERIFIED,850,0
ground_truth,Dafny_Verify_tmp_tmphq7j0row_dataset_bql_exampls_SmallNum.dfy,smtlib,z3,arguments,VERIFIED,842,0
ground_truth,ProjectosCVS_tmp_tmp_02_gmcw_Handout 1_CVS_handout1_55754_55780.dfy,tptp,vampire,polymorphic,VERIFICATION_TIMED_OUT,29814,4
ground_truth,ProjectosCVS_tmp_tmp_02_gmcw_Handout 1_CVS_handout1_55754_55780.dfy,tptp,vampire,monomorphic,VERIFICATION_TIMED_OUT,29841,4
ground_truth,ProjectosCVS_tmp_tmp_02_gmcw_Handout 1_CVS_handout1_55754_55780.dfy,tptp,vampire,predicates,VERIFICATION_TIMED_OUT,29797,4
ground_truth,ProjectosCVS_tmp_tmp_02_gmcw_Handout 1_CVS_handout1_55754_55780.dfy,tptp,vampire,arguments,VERIFICATION_TIMED_OUT,29804,4
ground_truth,ProjectosCVS_tmp_tmp_02_gmcw_Handout 1_CVS_handout1_55754_55780.dfy,smtlib,vampire,monomorphic,VERIFIED,3354,0
ground_truth,ProjectosCVS_tmp_tmp_02_gmcw_Handout 1_CVS_handout1_55754_55780.dfy,smtlib,vampire,predicates,VERIFIED,8517,0
ground_truth,ProjectosCVS_tmp_tmp_02_gmcw_Handout 1_CVS_handout1_55754_55780.dfy,smtlib,vampire,arguments,VERIFIED,3013,0
ground_truth,ProjectosCVS_tmp_tmp_02_gmcw_Handout 1_CVS_handout1_55754_55780.dfy,smtlib,z3,monomorphic,VERIFIED,875,0
ground_truth,ProjectosCVS_tmp_tmp_02_gmcw_Handout 1_CVS_handout1_55754_55780.dfy,smtlib,z3,predicates,VERIFIED,843,0
ground_truth,ProjectosCVS_tmp_tmp_02_gmcw_Handout 1_CVS_handout1_55754_55780.dfy,smtlib,z3,arguments,VERIFIED,847,0
ground_truth,Dafny_Verify_tmp_tmphq7j0row_dataset_error_data_real_error_IsEven_success_1.dfy,tptp,vampire,polymorphic,VERIFIED,1350,0
ground_truth,Dafny_Verify_tmp_tmphq7j0row_dataset_error_data_real_error_IsEven_success_1.dfy,tptp,vampire,monomorphic,VERIFIED,6511,0
ground_truth,Dafny_Verify_tmp_tmphq7j0row_dataset_error_data_real_error_IsEven_success_1.dfy,tptp,vampire,predicates,VERIFICATION_TIMED_OUT,29820,4
ground_truth,Dafny_Verify_tmp_tmphq7j0row_dataset_error_data_real_error_IsEven_success_1.dfy,tptp,vampire,arguments,VERIFIED,1896,0
ground_truth,Dafny_Verify_tmp_tmphq7j0row_dataset_error_data_real_error_IsEven_success_1.dfy,smtlib,vampire,monomorphic,VERIFIED,2016,0
ground_truth,Dafny_Verify_tmp_tmphq7j0row_dataset_error_data_real_error_IsEven_success_1.dfy,smtlib,vampire,predicates,VERIFIED,14509,0
ground_truth,Dafny_Verify_tmp_tmphq7j0row_dataset_error_data_real_error_IsEven_success_1.dfy,smtlib,vampire,arguments,VERIFIED,1929,0
ground_truth,Dafny_Verify_tmp_tmphq7j0row_dataset_error_data_real_error_IsEven_success_1.dfy,smtlib,z3,monomorphic,VERIFIED,858,0
ground_truth,Dafny_Verify_tmp_tmphq7j0row_dataset_error_data_real_error_IsEven_success_1.dfy,smtlib,z3,predicates,VERIFIED,840,0
ground_truth,Dafny_Verify_tmp_tmphq7j0row_dataset_error_data_real_error_IsEven_success_1.dfy,smtlib,z3,arguments,VERIFIED,833,0
ground_truth,Program-Verification-Dataset_tmp_tmpgbdrlnu__Dafny_mathematical objects verification_examples_interval_example.dfy,tptp,vampire,polymorphic,VERIFIED,2118,0
ground_truth,Program-Verification-Dataset_tmp_tmpgbdrlnu__Dafny_mathematical objects verification_examples_interval_example.dfy,tptp,vampire,monomorphic,VERIFIED,3388,0
ground_truth,Program-Verification-Dataset_tmp_tmpgbdrlnu__Dafny_mathematical objects verification_examples_interval_example.dfy,tptp,vampire,predicates,VERIFICATION_TIMED_OUT,29902,4
ground_truth,Program-Verification-Dataset_tmp_tmpgbdrlnu__Dafny_mathematical objects verification_examples_interval_example.dfy,tptp,vampire,arguments,VERIFIED,2818,0
ground_truth,Program-Verification-Dataset_tmp_tmpgbdrlnu__Dafny_mathematical objects verification_examples_interval_example.dfy,smtlib,vampire,monomorphic,VERIFIED,2901,0
ground_truth,Program-Verification-Dataset_tmp_tmpgbdrlnu__Dafny_mathematical objects verification_examples_interval_example.dfy,smtlib,vampire,predicates,VERIFICATION_TIMED_OUT,29801,4
ground_truth,Program-Verification-Dataset_tmp_tmpgbdrlnu__Dafny_mathematical objects verification_examples_interval_example.dfy,smtlib,vampire,arguments,VERIFIED,2945,0
ground_truth,Program-Verification-Dataset_tmp_tmpgbdrlnu__Dafny_mathematical objects verification_examples_interval_example.dfy,smtlib,z3,monomorphic,VERIFIED,930,0
ground_truth,Program-Verification-Dataset_tmp_tmpgbdrlnu__Dafny_mathematical objects verification_examples_interval_example.dfy,smtlib,z3,predicates,VERIFIED,924,0
ground_truth,Program-Verification-Dataset_tmp_tmpgbdrlnu__Dafny_mathematical objects verification_examples_interval_example.dfy,smtlib,z3,arguments,VERIFIED,891,0
ground_truth,Dafny_tmp_tmp0wu8wmfr_Heimaverkefni 8_H8.dfy,tptp,vampire,polymorphic,VERIFICATION_TIMED_OUT,29849,4
ground_truth,Dafny_tmp_tmp0wu8wmfr_Heimaverkefni 8_H8.dfy,tptp,vampire,monomorphic,VERIFICATION_TIMED_OUT,29876,4
ground_truth,Dafny_tmp_tmp0wu8wmfr_Heimaverkefni 8_H8.dfy,tptp,vampire,predicates,VERIFICATION_TIMED_OUT,29896,4
ground_truth,Dafny_tmp_tmp0wu8wmfr_Heimaverkefni 8_H8.dfy,tptp,vampire,arguments,VERIFICATION_TIMED_OUT,29875,4
ground_truth,Dafny_tmp_tmp0wu8wmfr_Heimaverkefni 8_H8.dfy,smtlib,vampire,monomorphic,VERIFICATION_TIMED_OUT,29863,4
ground_truth,Dafny_tmp_tmp0wu8wmfr_Heimaverkefni 8_H8.dfy,smtlib,vampire,predicates,VERIFICATION_TIMED_OUT,29831,4
ground_truth,Dafny_tmp_tmp0wu8wmfr_Heimaverkefni 8_H8.dfy,smtlib,vampire,arguments,VERIFICATION_TIMED_OUT,29816,4
ground_truth,Dafny_tmp_tmp0wu8wmfr_Heimaverkefni 8_H8.dfy,smtlib,z3,monomorphic,VERIFIED,1298,0
ground_truth,Dafny_tmp_tmp0wu8wmfr_Heimaverkefni 8_H8.dfy,smtlib,z3,predicates,VERIFIED,1609,0
ground_truth,Dafny_tmp_tmp0wu8wmfr_Heimaverkefni 8_H8.dfy,smtlib,z3,arguments,VERIFIED,1097,0
ground_truth,Program-Verification-Dataset_tmp_tmpgbdrlnu__Dafny_advanced examples_Modules.dfy,tptp,vampire,polymorphic,VERIFIED,974,0
ground_truth,Program-Verification-Dataset_tmp_tmpgbdrlnu__Dafny_advanced examples_Modules.dfy,tptp,vampire,monomorphic,VERIFIED,1091,0
ground_truth,Program-Verification-Dataset_tmp_tmpgbdrlnu__Dafny_advanced examples_Modules.dfy,tptp,vampire,predicates,VERIFIED,1025,0
ground_truth,Program-Verification-Dataset_tmp_tmpgbdrlnu__Dafny_advanced examples_Modules.dfy,tptp,vampire,arguments,VERIFIED,1002,0
ground_truth,Program-Verification-Dataset_tmp_tmpgbdrlnu__Dafny_advanced examples_Modules.dfy,smtlib,vampire,monomorphic,VERIFIED,1051,0
ground_truth,Program-Verification-Dataset_tmp_tmpgbdrlnu__Dafny_advanced examples_Modules.dfy,smtlib,vampire,predicates,VERIFIED,967,0
ground_truth,Program-Verification-Dataset_tmp_tmpgbdrlnu__Dafny_advanced examples_Modules.dfy,smtlib,vampire,arguments,VERIFIED,959,0
ground_truth,Program-Verification-Dataset_tmp_tmpgbdrlnu__Dafny_advanced examples_Modules.dfy,smtlib,z3,monomorphic,VERIFIED,1025,0
ground_truth,Program-Verification-Dataset_tmp_tmpgbdrlnu__Dafny_advanced examples_Modules.dfy,smtlib,z3,predicates,VERIFIED,935,0
ground_truth,Program-Verification-Dataset_tmp_tmpgbdrlnu__Dafny_advanced examples_Modules.dfy,smtlib,z3,arguments,VERIFIED,922,0
ground_truth,iron-sync_tmp_tmps49o3tyz_lib_Base_MapRemove.dfy,tptp,vampire,polymorphic,VERIFIED,1507,0
ground_truth,iron-sync_tmp_tmps49o3tyz_lib_Base_MapRemove.dfy,tptp,vampire,monomorphic,VERIFIED,1685,0
ground_truth,iron-sync_tmp_tmps49o3tyz_lib_Base_MapRemove.dfy,tptp,vampire,predicates,VERIFICATION_TIMED_OUT,29858,4
ground_truth,iron-sync_tmp_tmps49o3tyz_lib_Base_MapRemove.dfy,tptp,vampire,arguments,VERIFIED,1443,0
ground_truth,iron-sync_tmp_tmps49o3tyz_lib_Base_MapRemove.dfy,smtlib,vampire,monomorphic,VERIFICATION_TIMED_OUT,29790,4
ground_truth,iron-sync_tmp_tmps49o3tyz_lib_Base_MapRemove.dfy,smtlib,vampire,predicates,VERIFICATION_TIMED_OUT,29810,4
ground_truth,iron-sync_tmp_tmps49o3tyz_lib_Base_MapRemove.dfy,smtlib,vampire,arguments,VERIFIED,983,0
ground_truth,iron-sync_tmp_tmps49o3tyz_lib_Base_MapRemove.dfy,smtlib,z3,monomorphic,VERIFIED,904,0
ground_truth,iron-sync_tmp_tmps49o3tyz_lib_Base_MapRemove.dfy,smtlib,z3,predicates,VERIFIED,887,0
ground_truth,iron-sync_tmp_tmps49o3tyz_lib_Base_MapRemove.dfy,smtlib,z3,arguments,VERIFIED,874,0
ground_truth,Dafny_Verify_tmp_tmphq7j0row_Fine_Tune_Examples_error_data_completion_07.dfy,tptp,vampire,polymorphic,VERIFIED,995,0
ground_truth,Dafny_Verify_tmp_tmphq7j0row_Fine_Tune_Examples_error_data_completion_07.dfy,tptp,vampire,monomorphic,VERIFIED,1042,0
ground_truth,Dafny_Verify_tmp_tmphq7j0row_Fine_Tune_Examples_error_data_completion_07.dfy,tptp,vampire,predicates,VERIFIED,1006,0
ground_truth,Dafny_Verify_tmp_tmphq7j0row_Fine_Tune_Examples_error_data_completion_07.dfy,tptp,vampire,arguments,VERIFIED,1010,0
ground_truth,Dafny_Verify_tmp_tmphq7j0row_Fine_Tune_Examples_error_data_completion_07.dfy,smtlib,vampire,monomorphic,VERIFIED,997,0
ground_truth,Dafny_Verify_tmp_tmphq7j0row_Fine_Tune_Examples_error_data_completion_07.dfy,smtlib,vampire,predicates,VERIFIED,998,0
ground_truth,Dafny_Verify_tmp_tmphq7j0row_Fine_Tune_Examples_error_data_completion_07.dfy,smtlib,vampire,arguments,VERIFIED,964,0
ground_truth,Dafny_Verify_tmp_tmphq7j0row_Fine_Tune_Examples_error_data_completion_07.dfy,smtlib,z3,monomorphic,VERIFIED,831,0
ground_truth,Dafny_Verify_tmp_tmphq7j0row_Fine_Tune_Examples_error_data_completion_07.dfy,smtlib,z3,predicates,VERIFIED,801,0
ground_truth,Dafny_Verify_tmp_tmphq7j0row_Fine_Tune_Examples_error_data_completion_07.dfy,smtlib,z3,arguments,VERIFIED,798,0
ground_truth,DafnyPrograms_tmp_tmp74_f9k_c_invertarray.dfy,tptp,vampire,polymorphic,VERIFICATION_TIMED_OUT,29845,4
ground_truth,DafnyPrograms_tmp_tmp74_f9k_c_invertarray.dfy,tptp,vampire,monomorphic,VERIFICATION_TIMED_OUT,29903,4
ground_truth,DafnyPrograms_tmp_tmp74_f9k_c_invertarray.dfy,tptp,vampire,predicates,VERIFICATION_TIMED_OUT,29797,4
ground_truth,DafnyPrograms_tmp_tmp74_f9k_c_invertarray.dfy,tptp,vampire,arguments,VERIFICATION_TIMED_OUT,29814,4
ground_truth,DafnyPrograms_tmp_tmp74_f9k_c_invertarray.dfy,smtlib,vampire,monomorphic,VERIFICATION_TIMED_OUT,29858,4
ground_truth,DafnyPrograms_tmp_tmp74_f9k_c_invertarray.dfy,smtlib,vampire,predicates,VERIFICATION_TIMED_OUT,29724,4
ground_truth,DafnyPrograms_tmp_tmp74_f9k_c_invertarray.dfy,smtlib,vampire,arguments,VERIFICATION_TIMED_OUT,29799,4
ground_truth,DafnyPrograms_tmp_tmp74_f9k_c_invertarray.dfy,smtlib,z3,monomorphic,VERIFIED,906,0
ground_truth,DafnyPrograms_tmp_tmp74_f9k_c_invertarray.dfy,smtlib,z3,predicates,VERIFIED,871,0
ground_truth,DafnyPrograms_tmp_tmp74_f9k_c_invertarray.dfy,smtlib,z3,arguments,VERIFIED,883,0
ground_truth,SiLemma_tmp_tmpfxtryv2w_utils.dfy,tptp,vampire,polymorphic,VERIFICATION_TIMED_OUT,29871,4
ground_truth,SiLemma_tmp_tmpfxtryv2w_utils.dfy,tptp,vampire,monomorphic,VERIFICATION_TIMED_OUT,29933,4
ground_truth,SiLemma_tmp_tmpfxtryv2w_utils.dfy,tptp,vampire,predicates,VERIFICATION_TIMED_OUT,29929,4
ground_truth,SiLemma_tmp_tmpfxtryv2w_utils.dfy,tptp,vampire,arguments,VERIFICATION_TIMED_OUT,29882,4
ground_truth,SiLemma_tmp_tmpfxtryv2w_utils.dfy,smtlib,vampire,monomorphic,VERIFICATION_TIMED_OUT,29880,4
ground_truth,SiLemma_tmp_tmpfxtryv2w_utils.dfy,smtlib,vampire,predicates,VERIFICATION_TIMED_OUT,29825,4
ground_truth,SiLemma_tmp_tmpfxtryv2w_utils.dfy,smtlib,vampire,arguments,VERIFICATION_TIMED_OUT,29806,4
ground_truth,SiLemma_tmp_tmpfxtryv2w_utils.dfy,smtlib,z3,monomorphic,VERIFIED,948,0
ground_truth,SiLemma_tmp_tmpfxtryv2w_utils.dfy,smtlib,z3,predicates,VERIFIED,896,0
ground_truth,SiLemma_tmp_tmpfxtryv2w_utils.dfy,smtlib,z3,arguments,VERIFIED,900,0
ground_truth,dafny-synthesis_task_id_441.dfy,tptp,vampire,polymorphic,VERIFIED,786,0
ground_truth,dafny-synthesis_task_id_441.dfy,tptp,vampire,monomorphic,VERIFIED,817,0
ground_truth,dafny-synthesis_task_id_441.dfy,tptp,vampire,predicates,VERIFIED,805,0
ground_truth,dafny-synthesis_task_id_441.dfy,tptp,vampire,arguments,VERIFIED,797,0
ground_truth,dafny-synthesis_task_id_441.dfy,smtlib,vampire,monomorphic,VERIFIED,795,0
ground_truth,dafny-synthesis_task_id_441.dfy,smtlib,vampire,predicates,VERIFIED,753,0
ground_truth,dafny-synthesis_task_id_441.dfy,smtlib,vampire,arguments,VERIFIED,756,0
ground_truth,dafny-synthesis_task_id_441.dfy,smtlib,z3,monomorphic,VERIFIED,777,0
ground_truth,dafny-synthesis_task_id_441.dfy,smtlib,z3,predicates,VERIFIED,746,0
ground_truth,dafny-synthesis_task_id_441.dfy,smtlib,z3,arguments,VERIFIED,746,0
ground_truth,dafny_examples_tmp_tmp8qotd4ez_lib_math_DivMod.dfy,tptp,vampire,polymorphic,VERIFICATION_TIMED_OUT,29920,4
ground_truth,dafny_examples_tmp_tmp8qotd4ez_lib_math_DivMod.dfy,tptp,vampire,monomorphic,VERIFICATION_TIMED_OUT,29999,4
ground_truth,dafny_examples_tmp_tmp8qotd4ez_lib_math_DivMod.dfy,tptp,vampire,predicates,VERIFICATION_TIMED_OUT,29971,4
ground_truth,dafny_examples_tmp_tmp8qotd4ez_lib_math_DivMod.dfy,tptp,vampire,arguments,VERIFICATION_TIMED_OUT,29929,4
ground_truth,dafny_examples_tmp_tmp8qotd4ez_lib_math_DivMod.dfy,smtlib,vampire,monomorphic,VERIFICATION_TIMED_OUT,29969,4
ground_truth,dafny_examples_tmp_tmp8qotd4ez_lib_math_DivMod.dfy,smtlib,vampire,predicates,VERIFICATION_TIMED_OUT,29932,4
ground_truth,dafny_examples_tmp_tmp8qotd4ez_lib_math_DivMod.dfy,smtlib,vampire,arguments,VERIFICATION_TIMED_OUT,29875,4
ground_truth,dafny_examples_tmp_tmp8qotd4ez_lib_math_DivMod.dfy,smtlib,z3,monomorphic,VERIFIED,954,0
ground_truth,dafny_examples_tmp_tmp8qotd4ez_lib_math_DivMod.dfy,smtlib,z3,predicates,VERIFIED,902,0
ground_truth,dafny_examples_tmp_tmp8qotd4ez_lib_math_DivMod.dfy,smtlib,z3,arguments,VERIFIED,892,0
ground_truth,dafny-synthesis_task_id_61.dfy,tptp,vampire,polymorphic,VERIFIED,2272,0
ground_truth,dafny-synthesis_task_id_61.dfy,tptp,vampire,monomorphic,VERIFIED,1176,0
ground_truth,dafny-synthesis_task_id_61.dfy,tptp,vampire,predicates,VERIFIED,1893,0
ground_truth,dafny-synthesis_task_id_61.dfy,tptp,vampire,arguments,VERIFIED,1160,0
ground_truth,dafny-synthesis_task_id_61.dfy,smtlib,vampire,monomorphic,VERIFIED,1179,0
ground_truth,dafny-synthesis_task_id_61.dfy,smtlib,vampire,predicates,VERIFIED,1268,0
ground_truth,dafny-synthesis_task_id_61.dfy,smtlib,vampire,arguments,VERIFIED,1134,0
ground_truth,dafny-synthesis_task_id_61.dfy,smtlib,z3,monomorphic,VERIFIED,862,0
ground_truth,dafny-synthesis_task_id_61.dfy,smtlib,z3,predicates,VERIFIED,839,0
ground_truth,dafny-synthesis_task_id_61.dfy,smtlib,z3,arguments,VERIFIED,836,0
ground_truth,dafny-language-server_tmp_tmpkir0kenl_Test_dafny4_Bug92.dfy,tptp,vampire,polymorphic,VERIFIED,1271,0
ground_truth,dafny-language-server_tmp_tmpkir0kenl_Test_dafny4_Bug92.dfy,tptp,vampire,monomorphic,VERIFIED,1392,0
ground_truth,dafny-language-server_tmp_tmpkir0kenl_Test_dafny4_Bug92.dfy,tptp,vampire,predicates,VERIFICATION_TIMED_OUT,68002,4
ground_truth,dafny-language-server_tmp_tmpkir0kenl_Test_dafny4_Bug92.dfy,tptp,vampire,arguments,VERIFICATION_TIMED_OUT,87816,4
ground_truth,dafny-language-server_tmp_tmpkir0kenl_Test_dafny4_Bug92.dfy,smtlib,vampire,monomorphic,VERIFIED,1355,0
ground_truth,dafny-language-server_tmp_tmpkir0kenl_Test_dafny4_Bug92.dfy,smtlib,vampire,predicates,VERIFICATION_TIMED_OUT,60948,4
ground_truth,dafny-language-server_tmp_tmpkir0kenl_Test_dafny4_Bug92.dfy,smtlib,vampire,arguments,VERIFICATION_TIMED_OUT,59056,4
ground_truth,dafny-language-server_tmp_tmpkir0kenl_Test_dafny4_Bug92.dfy,smtlib,z3,monomorphic,VERIFIED,1007,0
ground_truth,dafny-language-server_tmp_tmpkir0kenl_Test_dafny4_Bug92.dfy,smtlib,z3,predicates,VERIFIED,924,0
ground_truth,dafny-language-server_tmp_tmpkir0kenl_Test_dafny4_Bug92.dfy,smtlib,z3,arguments,VERIFIED,901,0
ground_truth,Dafny_Learning_Experience_tmp_tmpuxvcet_u_week8_12_week8_CoffeeMaker2.dfy,tptp,vampire,polymorphic,VERIFICATION_TIMED_OUT,30565,4
ground_truth,Dafny_Learning_Experience_tmp_tmpuxvcet_u_week8_12_week8_CoffeeMaker2.dfy,tptp,vampire,monomorphic,VERIFICATION_TIMED_OUT,30282,4
ground_truth,Dafny_Learning_Experience_tmp_tmpuxvcet_u_week8_12_week8_CoffeeMaker2.dfy,tptp,vampire,predicates,VERIFICATION_TIMED_OUT,31727,4
ground_truth,Dafny_Learning_Experience_tmp_tmpuxvcet_u_week8_12_week8_CoffeeMaker2.dfy,tptp,vampire,arguments,VERIFICATION_TIMED_OUT,30191,4
ground_truth,Dafny_Learning_Experience_tmp_tmpuxvcet_u_week8_12_week8_CoffeeMaker2.dfy,smtlib,vampire,monomorphic,VERIFICATION_TIMED_OUT,30185,4
ground_truth,Dafny_Learning_Experience_tmp_tmpuxvcet_u_week8_12_week8_CoffeeMaker2.dfy,smtlib,vampire,predicates,VERIFICATION_TIMED_OUT,54687,4
ground_truth,Dafny_Learning_Experience_tmp_tmpuxvcet_u_week8_12_week8_CoffeeMaker2.dfy,smtlib,vampire,arguments,VERIFICATION_TIMED_OUT,30150,4
ground_truth,Dafny_Learning_Experience_tmp_tmpuxvcet_u_week8_12_week8_CoffeeMaker2.dfy,smtlib,z3,monomorphic,VERIFIED,1041,0
ground_truth,Dafny_Learning_Experience_tmp_tmpuxvcet_u_week8_12_week8_CoffeeMaker2.dfy,smtlib,z3,predicates,VERIFIED,1035,0
ground_truth,Dafny_Learning_Experience_tmp_tmpuxvcet_u_week8_12_week8_CoffeeMaker2.dfy,smtlib,z3,arguments,VERIFIED,1003,0
ground_truth,dafny-language-server_tmp_tmpkir0kenl_Test_dafny4_git-issue41.dfy,tptp,vampire,polymorphic,VERIFICATION_TIMED_OUT,29805,4
ground_truth,dafny-language-server_tmp_tmpkir0kenl_Test_dafny4_git-issue41.dfy,tptp,vampire,monomorphic,VERIFICATION_TIMED_OUT,29838,4
ground_truth,dafny-language-server_tmp_tmpkir0kenl_Test_dafny4_git-issue41.dfy,tptp,vampire,predicates,VERIFIED,23857,0
ground_truth,dafny-language-server_tmp_tmpkir0kenl_Test_dafny4_git-issue41.dfy,tptp,vampire,arguments,VERIFICATION_TIMED_OUT,29832,4
ground_truth,dafny-language-server_tmp_tmpkir0kenl_Test_dafny4_git-issue41.dfy,smtlib,vampire,monomorphic,VERIFICATION_TIMED_OUT,29857,4
ground_truth,dafny-language-server_tmp_tmpkir0kenl_Test_dafny4_git-issue41.dfy,smtlib,vampire,predicates,VERIFICATION_TIMED_OUT,29815,4
ground_truth,dafny-language-server_tmp_tmpkir0kenl_Test_dafny4_git-issue41.dfy,smtlib,vampire,arguments,VERIFICATION_TIMED_OUT,29788,4
ground_truth,dafny-language-server_tmp_tmpkir0kenl_Test_dafny4_git-issue41.dfy,smtlib,z3,monomorphic,VERIFIED,933,0
ground_truth,dafny-language-server_tmp_tmpkir0kenl_Test_dafny4_git-issue41.dfy,smtlib,z3,predicates,VERIFIED,872,0
ground_truth,dafny-language-server_tmp_tmpkir0kenl_Test_dafny4_git-issue41.dfy,smtlib,z3,arguments,VERIFIED,870,0
ground_truth,dafny-synthesis_task_id_58.dfy,tptp,vampire,polymorphic,VERIFIED,792,0
ground_truth,dafny-synthesis_task_id_58.dfy,tptp,vampire,monomorphic,VERIFIED,851,0
ground_truth,dafny-synthesis_task_id_58.dfy,tptp,vampire,predicates,VERIFIED,834,0
ground_truth,dafny-synthesis_task_id_58.dfy,tptp,vampire,arguments,VERIFIED,804,0
ground_truth,dafny-synthesis_task_id_58.dfy,smtlib,vampire,monomorphic,VERIFIED,820,0
ground_truth,dafny-synthesis_task_id_58.dfy,smtlib,vampire,predicates,VERIFIED,771,0
ground_truth,dafny-synthesis_task_id_58.dfy,smtlib,vampire,arguments,VERIFIED,772,0
ground_truth,dafny-synthesis_task_id_58.dfy,smtlib,z3,monomorphic,VERIFIED,799,0
ground_truth,dafny-synthesis_task_id_58.dfy,smtlib,z3,predicates,VERIFIED,770,0
ground_truth,dafny-synthesis_task_id_58.dfy,smtlib,z3,arguments,VERIFIED,751,0
ground_truth,dafny_tmp_tmp2ewu6s7x_ListReverse.dfy,tptp,vampire,polymorphic,VERIFICATION_TIMED_OUT,29784,4
ground_truth,dafny_tmp_tmp2ewu6s7x_ListReverse.dfy,tptp,vampire,monomorphic,VERIFICATION_TIMED_OUT,29918,4
ground_truth,dafny_tmp_tmp2ewu6s7x_ListReverse.dfy,tptp,vampire,predicates,VERIFICATION_TIMED_OUT,29869,4
ground_truth,dafny_tmp_tmp2ewu6s7x_ListReverse.dfy,tptp,vampire,arguments,VERIFICATION_TIMED_OUT,29868,4
ground_truth,dafny_tmp_tmp2ewu6s7x_ListReverse.dfy,smtlib,vampire,monomorphic,VERIFICATION_TIMED_OUT,29878,4
ground_truth,dafny_tmp_tmp2ewu6s7x_ListReverse.dfy,smtlib,vampire,predicates,VERIFICATION_TIMED_OUT,29824,4
ground_truth,dafny_tmp_tmp2ewu6s7x_ListReverse.dfy,smtlib,vampire,arguments,VERIFICATION_TIMED_OUT,29828,4
ground_truth,dafny_tmp_tmp2ewu6s7x_ListReverse.dfy,smtlib,z3,monomorphic,VERIFIED,922,0
ground_truth,dafny_tmp_tmp2ewu6s7x_ListReverse.dfy,smtlib,z3,predicates,VERIFIED,890,0
ground_truth,dafny_tmp_tmp2ewu6s7x_ListReverse.dfy,smtlib,z3,arguments,VERIFIED,894,0
ground_truth,dafny-synthesis_task_id_249.dfy,tptp,vampire,polymorphic,VERIFICATION_TIMED_OUT,29859,4
ground_truth,dafny-synthesis_task_id_249.dfy,tptp,vampire,monomorphic,VERIFICATION_TIMED_OUT,29857,4
ground_truth,dafny-synthesis_task_id_249.dfy,tptp,vampire,predicates,VERIFICATION_TIMED_OUT,29873,4
ground_truth,dafny-synthesis_task_id_249.dfy,tptp,vampire,arguments,VERIFICATION_TIMED_OUT,29891,4
ground_truth,dafny-synthesis_task_id_249.dfy,smtlib,vampire,monomorphic,VERIFICATION_TIMED_OUT,29811,4
ground_truth,dafny-synthesis_task_id_249.dfy,smtlib,vampire,predicates,VERIFICATION_TIMED_OUT,29761,4
ground_truth,dafny-synthesis_task_id_249.dfy,smtlib,vampire,arguments,VERIFICATION_TIMED_OUT,29758,4
ground_truth,dafny-synthesis_task_id_249.dfy,smtlib,z3,monomorphic,VERIFIED,951,0
ground_truth,dafny-synthesis_task_id_249.dfy,smtlib,z3,predicates,VERIFIED,906,0
ground_truth,dafny-synthesis_task_id_249.dfy,smtlib,z3,arguments,VERIFIED,909,0
ground_truth,Software-building-and-verification-Projects_tmp_tmp5tm1srrn_CVS-projeto_aula5.dfy,tptp,vampire,polymorphic,VERIFICATION_TIMED_OUT,69396,4
ground_truth,Software-building-and-verification-Projects_tmp_tmp5tm1srrn_CVS-projeto_aula5.dfy,tptp,vampire,monomorphic,VERIFICATION_TIMED_OUT,62638,4
ground_truth,Software-building-and-verification-Projects_tmp_tmp5tm1srrn_CVS-projeto_aula5.dfy,tptp,vampire,predicates,VERIFICATION_TIMED_OUT,117150,4
ground_truth,Software-building-and-verification-Projects_tmp_tmp5tm1srrn_CVS-projeto_aula5.dfy,tptp,vampire,arguments,VERIFICATION_TIMED_OUT,78328,4
ground_truth,Software-building-and-verification-Projects_tmp_tmp5tm1srrn_CVS-projeto_aula5.dfy,smtlib,vampire,monomorphic,VERIFICATION_TIMED_OUT,59100,4
ground_truth,Software-building-and-verification-Projects_tmp_tmp5tm1srrn_CVS-projeto_aula5.dfy,smtlib,vampire,predicates,VERIFICATION_TIMED_OUT,116967,4
ground_truth,Software-building-and-verification-Projects_tmp_tmp5tm1srrn_CVS-projeto_aula5.dfy,smtlib,vampire,arguments,VERIFICATION_TIMED_OUT,63909,4
ground_truth,Software-building-and-verification-Projects_tmp_tmp5tm1srrn_CVS-projeto_aula5.dfy,smtlib,z3,monomorphic,VERIFIED,1413,0
ground_truth,Software-building-and-verification-Projects_tmp_tmp5tm1srrn_CVS-projeto_aula5.dfy,smtlib,z3,predicates,VERIFIED,1378,0
ground_truth,Software-building-and-verification-Projects_tmp_tmp5tm1srrn_CVS-projeto_aula5.dfy,smtlib,z3,arguments,VERIFIED,1351,0
ground_truth,libraries_tmp_tmp9gegwhqj_examples_MutableMap_MutableMapDafny.dfy,tptp,vampire,polymorphic,VERIFICATION_TIMED_OUT,30119,4
ground_truth,libraries_tmp_tmp9gegwhqj_examples_MutableMap_MutableMapDafny.dfy,tptp,vampire,monomorphic,VERIFICATION_TIMED_OUT,30224,4
ground_truth,libraries_tmp_tmp9gegwhqj_examples_MutableMap_MutableMapDafny.dfy,tptp,vampire,predicates,VERIFICATION_TIMED_OUT,87947,4
ground_truth,libraries_tmp_tmp9gegwhqj_examples_MutableMap_MutableMapDafny.dfy,tptp,vampire,arguments,VERIFICATION_TIMED_OUT,30154,4
ground_truth,libraries_tmp_tmp9gegwhqj_examples_MutableMap_MutableMapDafny.dfy,smtlib,vampire,monomorphic,VERIFICATION_TIMED_OUT,30247,4
ground_truth,libraries_tmp_tmp9gegwhqj_examples_MutableMap_MutableMapDafny.dfy,smtlib,vampire,predicates,VERIFICATION_TIMED_OUT,32102,4
ground_truth,libraries_tmp_tmp9gegwhqj_examples_MutableMap_MutableMapDafny.dfy,smtlib,vampire,arguments,VERIFICATION_TIMED_OUT,30155,4
ground_truth,libraries_tmp_tmp9gegwhqj_examples_MutableMap_MutableMapDafny.dfy,smtlib,z3,monomorphic,VERIFIED,1137,0
ground_truth,libraries_tmp_tmp9gegwhqj_examples_MutableMap_MutableMapDafny.dfy,smtlib,z3,predicates,VERIFIED,1138,0
ground_truth,libraries_tmp_tmp9gegwhqj_examples_MutableMap_MutableMapDafny.dfy,smtlib,z3,arguments,VERIFIED,1091,0
ground_truth,Prog-Fun-Solutions_tmp_tmp7_gmnz5f_extra_sum.dfy,tptp,vampire,polymorphic,VERIFIED,4421,0
ground_truth,Prog-Fun-Solutions_tmp_tmp7_gmnz5f_extra_sum.dfy,tptp,vampire,monomorphic,VERIFIED,8423,0
ground_truth,Prog-Fun-Solutions_tmp_tmp7_gmnz5f_extra_sum.dfy,tptp,vampire,predicates,VERIFICATION_TIMED_OUT,29916,4
ground_truth,Prog-Fun-Solutions_tmp_tmp7_gmnz5f_extra_sum.dfy,tptp,vampire,arguments,VERIFIED,8614,0
ground_truth,Prog-Fun-Solutions_tmp_tmp7_gmnz5f_extra_sum.dfy,smtlib,vampire,monomorphic,VERIFIED,9266,0
ground_truth,Prog-Fun-Solutions_tmp_tmp7_gmnz5f_extra_sum.dfy,smtlib,vampire,predicates,VERIFIED,9514,0
ground_truth,Prog-Fun-Solutions_tmp_tmp7_gmnz5f_extra_sum.dfy,smtlib,vampire,arguments,VERIFIED,9012,0
ground_truth,Prog-Fun-Solutions_tmp_tmp7_gmnz5f_extra_sum.dfy,smtlib,z3,monomorphic,VERIFIED,884,0
ground_truth,Prog-Fun-Solutions_tmp_tmp7_gmnz5f_extra_sum.dfy,smtlib,z3,predicates,VERIFIED,846,0
ground_truth,Prog-Fun-Solutions_tmp_tmp7_gmnz5f_extra_sum.dfy,smtlib,z3,arguments,VERIFIED,837,0
ground_truth,Program-Verification-Dataset_tmp_tmpgbdrlnu__Dafny_advanced examples_demo.dfy,tptp,vampire,polymorphic,VERIFICATION_TIMED_OUT,29860,4
ground_truth,Program-Verification-Dataset_tmp_tmpgbdrlnu__Dafny_advanced examples_demo.dfy,tptp,vampire,monomorphic,VERIFICATION_TIMED_OUT,29889,4
ground_truth,Program-Verification-Dataset_tmp_tmpgbdrlnu__Dafny_advanced examples_demo.dfy,tptp,vampire,predicates,VERIFICATION_TIMED_OUT,29808,4
ground_truth,Program-Verification-Dataset_tmp_tmpgbdrlnu__Dafny_advanced examples_demo.dfy,tptp,vampire,arguments,VERIFICATION_TIMED_OUT,29781,4
ground_truth,Program-Verification-Dataset_tmp_tmpgbdrlnu__Dafny_advanced examples_demo.dfy,smtlib,vampire,monomorphic,VERIFICATION_TIMED_OUT,29804,4
ground_truth,Program-Verification-Dataset_tmp_tmpgbdrlnu__Dafny_advanced examples_demo.dfy,smtlib,vampire,predicates,VERIFICATION_TIMED_OUT,29815,4
ground_truth,Program-Verification-Dataset_tmp_tmpgbdrlnu__Dafny_advanced examples_demo.dfy,smtlib,vampire,arguments,VERIFICATION_TIMED_OUT,29752,4
ground_truth,Program-Verification-Dataset_tmp_tmpgbdrlnu__Dafny_advanced examples_demo.dfy,smtlib,z3,monomorphic,VERIFIED,922,0
ground_truth,Program-Verification-Dataset_tmp_tmpgbdrlnu__Dafny_advanced examples_demo.dfy,smtlib,z3,predicates,VERIFIED,935,0
ground_truth,Program-Verification-Dataset_tmp_tmpgbdrlnu__Dafny_advanced examples_demo.dfy,smtlib,z3,arguments,VERIFIED,911,0
ground_truth,formal_verication_dafny_tmp_tmpwgl2qz28_Challenges_ex6.dfy,tptp,vampire,polymorphic,VERIFICATION_TIMED_OUT,29993,4
ground_truth,formal_verication_dafny_tmp_tmpwgl2qz28_Challenges_ex6.dfy,tptp,vampire,monomorphic,VERIFICATION_TIMED_OUT,29995,4
ground_truth,formal_verication_dafny_tmp_tmpwgl2qz28_Challenges_ex6.dfy,tptp,vampire,predicates,VERIFICATION_TIMED_OUT,29982,4
ground_truth,formal_verication_dafny_tmp_tmpwgl2qz28_Challenges_ex6.dfy,tptp,vampire,arguments,VERIFICATION_TIMED_OUT,29946,4
ground_truth,formal_verication_dafny_tmp_tmpwgl2qz28_Challenges_ex6.dfy,smtlib,vampire,monomorphic,VERIFICATION_TIMED_OUT,29903,4
ground_truth,formal_verication_dafny_tmp_tmpwgl2qz28_Challenges_ex6.dfy,smtlib,vampire,predicates,VERIFICATION_TIMED_OUT,29912,4
ground_truth,formal_verication_dafny_tmp_tmpwgl2qz28_Challenges_ex6.dfy,smtlib,vampire,arguments,VERIFICATION_TIMED_OUT,29869,4
ground_truth,formal_verication_dafny_tmp_tmpwgl2qz28_Challenges_ex6.dfy,smtlib,z3,monomorphic,VERIFIED,1107,0
ground_truth,formal_verication_dafny_tmp_tmpwgl2qz28_Challenges_ex6.dfy,smtlib,z3,predicates,VERIFIED,1357,0
ground_truth,formal_verication_dafny_tmp_tmpwgl2qz28_Challenges_ex6.dfy,smtlib,z3,arguments,VERIFIED,1104,0
ground_truth,dafny-synthesis_task_id_77.dfy,tptp,vampire,polymorphic,VERIFIED,797,0
ground_truth,dafny-synthesis_task_id_77.dfy,tptp,vampire,monomorphic,VERIFIED,836,0
ground_truth,dafny-synthesis_task_id_77.dfy,tptp,vampire,predicates,VERIFIED,806,0
ground_truth,dafny-synthesis_task_id_77.dfy,tptp,vampire,arguments,VERIFIED,802,0
ground_truth,dafny-synthesis_task_id_77.dfy,smtlib,vampire,monomorphic,VERIFIED,800,0
ground_truth,dafny-synthesis_task_id_77.dfy,smtlib,vampire,predicates,VERIFIED,763,0
ground_truth,dafny-synthesis_task_id_77.dfy,smtlib,vampire,arguments,VERIFIED,749,0
ground_truth,dafny-synthesis_task_id_77.dfy,smtlib,z3,monomorphic,VERIFIED,785,0
ground_truth,dafny-synthesis_task_id_77.dfy,smtlib,z3,predicates,VERIFIED,751,0
ground_truth,dafny-synthesis_task_id_77.dfy,smtlib,z3,arguments,VERIFIED,747,0
ground_truth,Dafny-Exercises_tmp_tmpjm75muf__Session9Exercises_ExerciseSeqMaxSum.dfy,tptp,vampire,polymorphic,VERIFICATION_TIMED_OUT,29859,4
ground_truth,Dafny-Exercises_tmp_tmpjm75muf__Session9Exercises_ExerciseSeqMaxSum.dfy,tptp,vampire,monomorphic,VERIFICATION_TIMED_OUT,29956,4
ground_truth,Dafny-Exercises_tmp_tmpjm75muf__Session9Exercises_ExerciseSeqMaxSum.dfy,tptp,vampire,predicates,VERIFICATION_TIMED_OUT,29933,4
ground_truth,Dafny-Exercises_tmp_tmpjm75muf__Session9Exercises_ExerciseSeqMaxSum.dfy,tptp,vampire,arguments,VERIFICATION_TIMED_OUT,29950,4
ground_truth,Dafny-Exercises_tmp_tmpjm75muf__Session9Exercises_ExerciseSeqMaxSum.dfy,smtlib,vampire,monomorphic,VERIFICATION_TIMED_OUT,29934,4
ground_truth,Dafny-Exercises_tmp_tmpjm75muf__Session9Exercises_ExerciseSeqMaxSum.dfy,smtlib,vampire,predicates,VERIFICATION_TIMED_OUT,29873,4
ground_truth,Dafny-Exercises_tmp_tmpjm75muf__Session9Exercises_ExerciseSeqMaxSum.dfy,smtlib,vampire,arguments,VERIFICATION_TIMED_OUT,29844,4
ground_truth,Dafny-Exercises_tmp_tmpjm75muf__Session9Exercises_ExerciseSeqMaxSum.dfy,smtlib,z3,monomorphic,VERIFIED,986,0
ground_truth,Dafny-Exercises_tmp_tmpjm75muf__Session9Exercises_ExerciseSeqMaxSum.dfy,smtlib,z3,predicates,VERIFIED,953,0
ground_truth,Dafny-Exercises_tmp_tmpjm75muf__Session9Exercises_ExerciseSeqMaxSum.dfy,smtlib,z3,arguments,VERIFIED,954,0
ground_truth,Prog-Fun-Solutions_tmp_tmp7_gmnz5f_extra_mod.dfy,tptp,vampire,polymorphic,VERIFICATION_TIMED_OUT,29820,4
ground_truth,Prog-Fun-Solutions_tmp_tmp7_gmnz5f_extra_mod.dfy,tptp,vampire,monomorphic,VERIFICATION_TIMED_OUT,29886,4
ground_truth,Prog-Fun-Solutions_tmp_tmp7_gmnz5f_extra_mod.dfy,tptp,vampire,predicates,VERIFICATION_TIMED_OUT,29816,4
ground_truth,Prog-Fun-Solutions_tmp_tmp7_gmnz5f_extra_mod.dfy,tptp,vampire,arguments,VERIFICATION_TIMED_OUT,29823,4
ground_truth,Prog-Fun-Solutions_tmp_tmp7_gmnz5f_extra_mod.dfy,smtlib,vampire,monomorphic,VERIFICATION_TIMED_OUT,29850,4
ground_truth,Prog-Fun-Solutions_tmp_tmp7_gmnz5f_extra_mod.dfy,smtlib,vampire,predicates,VERIFICATION_TIMED_OUT,29777,4
ground_truth,Prog-Fun-Solutions_tmp_tmp7_gmnz5f_extra_mod.dfy,smtlib,vampire,arguments,VERIFICATION_TIMED_OUT,29795,4
ground_truth,Prog-Fun-Solutions_tmp_tmp7_gmnz5f_extra_mod.dfy,smtlib,z3,monomorphic,VERIFICATION_TIMED_OUT,30889,4
ground_truth,Prog-Fun-Solutions_tmp_tmp7_gmnz5f_extra_mod.dfy,smtlib,z3,predicates,VERIFIED,1163,0
ground_truth,Prog-Fun-Solutions_tmp_tmp7_gmnz5f_extra_mod.dfy,smtlib,z3,arguments,VERIFIED,1688,0
ground_truth,Program-Verification-Dataset_tmp_tmpgbdrlnu__Dafny_from dafny main repo_dafny1_ListContents.dfy,tptp,vampire,polymorphic,VERIFICATION_TIMED_OUT,30068,4
ground_truth,Program-Verification-Dataset_tmp_tmpgbdrlnu__Dafny_from dafny main repo_dafny1_ListContents.dfy,tptp,vampire,monomorphic,VERIFICATION_TIMED_OUT,30084,4
ground_truth,Program-Verification-Dataset_tmp_tmpgbdrlnu__Dafny_from dafny main repo_dafny1_ListContents.dfy,tptp,vampire,predicates,VERIFICATION_TIMED_OUT,30095,4
ground_truth,Program-Verification-Dataset_tmp_tmpgbdrlnu__Dafny_from dafny main repo_dafny1_ListContents.dfy,tptp,vampire,arguments,VERIFICATION_TIMED_OUT,30048,4
ground_truth,Program-Verification-Dataset_tmp_tmpgbdrlnu__Dafny_from dafny main repo_dafny1_ListContents.dfy,smtlib,vampire,monomorphic,VERIFICATION_TIMED_OUT,30062,4
ground_truth,Program-Verification-Dataset_tmp_tmpgbdrlnu__Dafny_from dafny main repo_dafny1_ListContents.dfy,smtlib,vampire,predicates,VERIFICATION_TIMED_OUT,30019,4
ground_truth,Program-Verification-Dataset_tmp_tmpgbdrlnu__Dafny_from dafny main repo_dafny1_ListContents.dfy,smtlib,vampire,arguments,VERIFICATION_TIMED_OUT,29976,4
ground_truth,Program-Verification-Dataset_tmp_tmpgbdrlnu__Dafny_from dafny main repo_dafny1_ListContents.dfy,smtlib,z3,monomorphic,VERIFIED,1225,0
ground_truth,Program-Verification-Dataset_tmp_tmpgbdrlnu__Dafny_from dafny main repo_dafny1_ListContents.dfy,smtlib,z3,predicates,VERIFIED,1393,0
ground_truth,Program-Verification-Dataset_tmp_tmpgbdrlnu__Dafny_from dafny main repo_dafny1_ListContents.dfy,smtlib,z3,arguments,VERIFIED,1295,0
ground_truth,dafny-synthesis_task_id_632.dfy,tptp,vampire,polymorphic,VERIFICATION_TIMED_OUT,30108,4
ground_truth,dafny-synthesis_task_id_632.dfy,tptp,vampire,monomorphic,VERIFICATION_TIMED_OUT,29964,4
ground_truth,dafny-synthesis_task_id_632.dfy,tptp,vampire,predicates,VERIFICATION_TIMED_OUT,29992,4
ground_truth,dafny-synthesis_task_id_632.dfy,tptp,vampire,arguments,VERIFICATION_TIMED_OUT,29979,4
ground_truth,dafny-synthesis_task_id_632.dfy,smtlib,vampire,monomorphic,VERIFICATION_TIMED_OUT,29925,4
ground_truth,dafny-synthesis_task_id_632.dfy,smtlib,vampire,predicates,VERIFICATION_TIMED_OUT,29904,4
ground_truth,dafny-synthesis_task_id_632.dfy,smtlib,vampire,arguments,VERIFICATION_TIMED_OUT,29892,4
ground_truth,dafny-synthesis_task_id_632.dfy,smtlib,z3,monomorphic,VERIFICATION_TIMED_OUT,31076,4
ground_truth,dafny-synthesis_task_id_632.dfy,smtlib,z3,predicates,VERIFICATION_TIMED_OUT,30995,4
ground_truth,dafny-synthesis_task_id_632.dfy,smtlib,z3,arguments,VERIFICATION_TIMED_OUT,31045,4
ground_truth,ironsync-osdi2023_tmp_tmpx80antoe_linear-dafny_Test_c++_sets.dfy,tptp,vampire,polymorphic,VERIFICATION_TIMED_OUT,30252,4
ground_truth,ironsync-osdi2023_tmp_tmpx80antoe_linear-dafny_Test_c++_sets.dfy,tptp,vampire,monomorphic,VERIFICATION_TIMED_OUT,30094,4
ground_truth,ironsync-osdi2023_tmp_tmpx80antoe_linear-dafny_Test_c++_sets.dfy,tptp,vampire,predicates,VERIFICATION_TIMED_OUT,29993,4
ground_truth,ironsync-osdi2023_tmp_tmpx80antoe_linear-dafny_Test_c++_sets.dfy,tptp,vampire,arguments,VERIFICATION_TIMED_OUT,29940,4
ground_truth,ironsync-osdi2023_tmp_tmpx80antoe_linear-dafny_Test_c++_sets.dfy,smtlib,vampire,monomorphic,VERIFICATION_TIMED_OUT,29875,4
ground_truth,ironsync-osdi2023_tmp_tmpx80antoe_linear-dafny_Test_c++_sets.dfy,smtlib,vampire,predicates,VERIFICATION_TIMED_OUT,29870,4
ground_truth,ironsync-osdi2023_tmp_tmpx80antoe_linear-dafny_Test_c++_sets.dfy,smtlib,vampire,arguments,VERIFICATION_TIMED_OUT,29864,4
ground_truth,ironsync-osdi2023_tmp_tmpx80antoe_linear-dafny_Test_c++_sets.dfy,smtlib,z3,monomorphic,VERIFIED,970,0
ground_truth,ironsync-osdi2023_tmp_tmpx80antoe_linear-dafny_Test_c++_sets.dfy,smtlib,z3,predicates,VERIFIED,944,0
ground_truth,ironsync-osdi2023_tmp_tmpx80antoe_linear-dafny_Test_c++_sets.dfy,smtlib,z3,arguments,VERIFIED,929,0
ground_truth,dafny-exercise_tmp_tmpouftptir_prac1_ex2.dfy,tptp,vampire,polymorphic,VERIFICATION_TIMED_OUT,30038,4
ground_truth,dafny-exercise_tmp_tmpouftptir_prac1_ex2.dfy,tptp,vampire,monomorphic,VERIFICATION_TIMED_OUT,29917,4
ground_truth,dafny-exercise_tmp_tmpouftptir_prac1_ex2.dfy,tptp,vampire,predicates,VERIFICATION_TIMED_OUT,29912,4
ground_truth,dafny-exercise_tmp_tmpouftptir_prac1_ex2.dfy,tptp,vampire,arguments,VERIFICATION_TIMED_OUT,29833,4
ground_truth,dafny-exercise_tmp_tmpouftptir_prac1_ex2.dfy,smtlib,vampire,monomorphic,VERIFICATION_TIMED_OUT,29890,4
ground_truth,dafny-exercise_tmp_tmpouftptir_prac1_ex2.dfy,smtlib,vampire,predicates,VERIFICATION_TIMED_OUT,29780,4
ground_truth,dafny-exercise_tmp_tmpouftptir_prac1_ex2.dfy,smtlib,vampire,arguments,VERIFICATION_TIMED_OUT,29801,4
ground_truth,dafny-exercise_tmp_tmpouftptir_prac1_ex2.dfy,smtlib,z3,monomorphic,VERIFIED,997,0
ground_truth,dafny-exercise_tmp_tmpouftptir_prac1_ex2.dfy,smtlib,z3,predicates,VERIFIED,963,0
ground_truth,dafny-exercise_tmp_tmpouftptir_prac1_ex2.dfy,smtlib,z3,arguments,VERIFIED,957,0
ground_truth,Clover_integer_square_root.dfy,tptp,vampire,polymorphic,VERIFIED,2374,0
ground_truth,Clover_integer_square_root.dfy,tptp,vampire,monomorphic,VERIFIED,2570,0
ground_truth,Clover_integer_square_root.dfy,tptp,vampire,predicates,VERIFIED,1597,0
ground_truth,Clover_integer_square_root.dfy,tptp,vampire,arguments,VERIFIED,1222,0
ground_truth,Clover_integer_square_root.dfy,smtlib,vampire,monomorphic,VERIFIED,1211,0
ground_truth,Clover_integer_square_root.dfy,smtlib,vampire,predicates,VERIFIED,1603,0
ground_truth,Clover_integer_square_root.dfy,smtlib,vampire,arguments,VERIFIED,1562,0
ground_truth,Clover_integer_square_root.dfy,smtlib,z3,monomorphic,VERIFIED,821,0
ground_truth,Clover_integer_square_root.dfy,smtlib,z3,predicates,VERIFIED,799,0
ground_truth,Clover_integer_square_root.dfy,smtlib,z3,arguments,VERIFIED,790,0
ground_truth,dafny-synthesis_task_id_809.dfy,tptp,vampire,polymorphic,VERIFIED,27701,0
ground_truth,dafny-synthesis_task_id_809.dfy,tptp,vampire,monomorphic,VERIFIED,2106,0
ground_truth,dafny-synthesis_task_id_809.dfy,tptp,vampire,predicates,VERIFIED,2064,0
ground_truth,dafny-synthesis_task_id_809.dfy,tptp,vampire,arguments,VERIFIED,1854,0
ground_truth,dafny-synthesis_task_id_809.dfy,smtlib,vampire,monomorphic,VERIFIED,1953,0
ground_truth,dafny-synthesis_task_id_809.dfy,smtlib,vampire,predicates,VERIFIED,2153,0
ground_truth,dafny-synthesis_task_id_809.dfy,smtlib,vampire,arguments,VERIFIED,1939,0
ground_truth,dafny-synthesis_task_id_809.dfy,smtlib,z3,monomorphic,VERIFIED,875,0
ground_truth,dafny-synthesis_task_id_809.dfy,smtlib,z3,predicates,VERIFIED,861,0
ground_truth,dafny-synthesis_task_id_809.dfy,smtlib,z3,arguments,VERIFIED,848,0
ground_truth,dafny-language-server_tmp_tmpkir0kenl_Test_triggers_loop-detection-looks-at-ranges-too.dfy,tptp,vampire,polymorphic,VERIFIED,849,0
ground_truth,dafny-language-server_tmp_tmpkir0kenl_Test_triggers_loop-detection-looks-at-ranges-too.dfy,tptp,vampire,monomorphic,VERIFIED,892,0
ground_truth,dafny-language-server_tmp_tmpkir0kenl_Test_triggers_loop-detection-looks-at-ranges-too.dfy,tptp,vampire,predicates,VERIFIED,878,0
ground_truth,dafny-language-server_tmp_tmpkir0kenl_Test_triggers_loop-detection-looks-at-ranges-too.dfy,tptp,vampire,arguments,VERIFIED,870,0
ground_truth,dafny-language-server_tmp_tmpkir0kenl_Test_triggers_loop-detection-looks-at-ranges-too.dfy,smtlib,vampire,monomorphic,VERIFIED,869,0
ground_truth,dafny-language-server_tmp_tmpkir0kenl_Test_triggers_loop-detection-looks-at-ranges-too.dfy,smtlib,vampire,predicates,VERIFIED,839,0
ground_truth,dafny-language-server_tmp_tmpkir0kenl_Test_triggers_loop-detection-looks-at-ranges-too.dfy,smtlib,vampire,arguments,VERIFIED,825,0
ground_truth,dafny-language-server_tmp_tmpkir0kenl_Test_triggers_loop-detection-looks-at-ranges-too.dfy,smtlib,z3,monomorphic,VERIFIED,847,0
ground_truth,dafny-language-server_tmp_tmpkir0kenl_Test_triggers_loop-detection-looks-at-ranges-too.dfy,smtlib,z3,predicates,VERIFIED,828,0
ground_truth,dafny-language-server_tmp_tmpkir0kenl_Test_triggers_loop-detection-looks-at-ranges-too.dfy,smtlib,z3,arguments,VERIFIED,817,0
ground_truth,protocol-verification-fa2023_tmp_tmpw6hy3mjp_demos_ch04_invariant_proof.dfy,tptp,vampire,polymorphic,VERIFICATION_TIMED_OUT,29850,4
ground_truth,protocol-verification-fa2023_tmp_tmpw6hy3mjp_demos_ch04_invariant_proof.dfy,tptp,vampire,monomorphic,VERIFICATION_TIMED_OUT,29910,4
ground_truth,protocol-verification-fa2023_tmp_tmpw6hy3mjp_demos_ch04_invariant_proof.dfy,tptp,vampire,predicates,VERIFICATION_TIMED_OUT,29899,4
ground_truth,protocol-verification-fa2023_tmp_tmpw6hy3mjp_demos_ch04_invariant_proof.dfy,tptp,vampire,arguments,VERIFICATION_TIMED_OUT,29825,4
ground_truth,protocol-verification-fa2023_tmp_tmpw6hy3mjp_demos_ch04_invariant_proof.dfy,smtlib,vampire,monomorphic,VERIFIED,19165,0
ground_truth,protocol-verification-fa2023_tmp_tmpw6hy3mjp_demos_ch04_invariant_proof.dfy,smtlib,vampire,predicates,VERIFICATION_TIMED_OUT,29781,4
ground_truth,protocol-verification-fa2023_tmp_tmpw6hy3mjp_demos_ch04_invariant_proof.dfy,smtlib,vampire,arguments,VERIFICATION_TIMED_OUT,29832,4
ground_truth,protocol-verification-fa2023_tmp_tmpw6hy3mjp_demos_ch04_invariant_proof.dfy,smtlib,z3,monomorphic,VERIFIED,969,0
ground_truth,protocol-verification-fa2023_tmp_tmpw6hy3mjp_demos_ch04_invariant_proof.dfy,smtlib,z3,predicates,VERIFIED,915,0
ground_truth,protocol-verification-fa2023_tmp_tmpw6hy3mjp_demos_ch04_invariant_proof.dfy,smtlib,z3,arguments,VERIFIED,910,0
ground_truth,dafny-workout_tmp_tmp0abkw6f8_starter_ex12.dfy,tptp,vampire,polymorphic,VERIFICATION_TIMED_OUT,29877,4
ground_truth,dafny-workout_tmp_tmp0abkw6f8_starter_ex12.dfy,tptp,vampire,monomorphic,VERIFICATION_TIMED_OUT,29913,4
ground_truth,dafny-workout_tmp_tmp0abkw6f8_starter_ex12.dfy,tptp,vampire,predicates,VERIFICATION_TIMED_OUT,29865,4
ground_truth,dafny-workout_tmp_tmp0abkw6f8_starter_ex12.dfy,tptp,vampire,arguments,VERIFICATION_TIMED_OUT,29830,4
ground_truth,dafny-workout_tmp_tmp0abkw6f8_starter_ex12.dfy,smtlib,vampire,monomorphic,VERIFICATION_TIMED_OUT,29843,4
ground_truth,dafny-workout_tmp_tmp0abkw6f8_starter_ex12.dfy,smtlib,vampire,predicates,VERIFICATION_TIMED_OUT,29751,4
ground_truth,dafny-workout_tmp_tmp0abkw6f8_starter_ex12.dfy,smtlib,vampire,arguments,VERIFICATION_TIMED_OUT,29828,4
ground_truth,dafny-workout_tmp_tmp0abkw6f8_starter_ex12.dfy,smtlib,z3,monomorphic,VERIFIED,927,0
ground_truth,dafny-workout_tmp_tmp0abkw6f8_starter_ex12.dfy,smtlib,z3,predicates,VERIFIED,894,0
ground_truth,dafny-workout_tmp_tmp0abkw6f8_starter_ex12.dfy,smtlib,z3,arguments,VERIFIED,880,0
ground_truth,se2011_tmp_tmp71eb82zt_ass1_ex4.dfy,tptp,vampire,polymorphic,VERIFIED,898,0
ground_truth,se2011_tmp_tmp71eb82zt_ass1_ex4.dfy,tptp,vampire,monomorphic,VERIFIED,950,0
ground_truth,se2011_tmp_tmp71eb82zt_ass1_ex4.dfy,tptp,vampire,predicates,VERIFIED,921,0
ground_truth,se2011_tmp_tmp71eb82zt_ass1_ex4.dfy,tptp,vampire,arguments,VERIFIED,1035,0
ground_truth,se2011_tmp_tmp71eb82zt_ass1_ex4.dfy,smtlib,vampire,monomorphic,VERIFIED,908,0
ground_truth,se2011_tmp_tmp71eb82zt_ass1_ex4.dfy,smtlib,vampire,predicates,VERIFIED,878,0
ground_truth,se2011_tmp_tmp71eb82zt_ass1_ex4.dfy,smtlib,vampire,arguments,VERIFIED,875,0
ground_truth,se2011_tmp_tmp71eb82zt_ass1_ex4.dfy,smtlib,z3,monomorphic,VERIFIED,830,0
ground_truth,se2011_tmp_tmp71eb82zt_ass1_ex4.dfy,smtlib,z3,predicates,VERIFIED,803,0
ground_truth,se2011_tmp_tmp71eb82zt_ass1_ex4.dfy,smtlib,z3,arguments,VERIFIED,793,0
ground_truth,Formal-Methods-Project_tmp_tmphh2ar2xv_Factorial.dfy,tptp,vampire,polymorphic,VERIFIED,903,0
ground_truth,Formal-Methods-Project_tmp_tmphh2ar2xv_Factorial.dfy,tptp,vampire,monomorphic,VERIFIED,959,0
ground_truth,Formal-Methods-Project_tmp_tmphh2ar2xv_Factorial.dfy,tptp,vampire,predicates,VERIFIED,938,0
ground_truth,Formal-Methods-Project_tmp_tmphh2ar2xv_Factorial.dfy,tptp,vampire,arguments,VERIFIED,929,0
ground_truth,Formal-Methods-Project_tmp_tmphh2ar2xv_Factorial.dfy,smtlib,vampire,monomorphic,VERIFIED,922,0
ground_truth,Formal-Methods-Project_tmp_tmphh2ar2xv_Factorial.dfy,smtlib,vampire,predicates,VERIFIED,907,0
ground_truth,Formal-Methods-Project_tmp_tmphh2ar2xv_Factorial.dfy,smtlib,vampire,arguments,VERIFIED,879,0
ground_truth,Formal-Methods-Project_tmp_tmphh2ar2xv_Factorial.dfy,smtlib,z3,monomorphic,VERIFIED,837,0
ground_truth,Formal-Methods-Project_tmp_tmphh2ar2xv_Factorial.dfy,smtlib,z3,predicates,VERIFIED,835,0
ground_truth,Formal-Methods-Project_tmp_tmphh2ar2xv_Factorial.dfy,smtlib,z3,arguments,VERIFIED,819,0
ground_truth,CS5232_Project_tmp_tmpai_cfrng_LFUSimple.dfy,tptp,vampire,polymorphic,VERIFICATION_TIMED_OUT,30017,4
ground_truth,CS5232_Project_tmp_tmpai_cfrng_LFUSimple.dfy,tptp,vampire,monomorphic,VERIFICATION_TIMED_OUT,30106,4
ground_truth,CS5232_Project_tmp_tmpai_cfrng_LFUSimple.dfy,tptp,vampire,predicates,VERIFICATION_TIMED_OUT,30052,4
ground_truth,CS5232_Project_tmp_tmpai_cfrng_LFUSimple.dfy,tptp,vampire,arguments,VERIFICATION_TIMED_OUT,30026,4
ground_truth,CS5232_Project_tmp_tmpai_cfrng_LFUSimple.dfy,smtlib,vampire,monomorphic,VERIFICATION_TIMED_OUT,29966,4
ground_truth,CS5232_Project_tmp_tmpai_cfrng_LFUSimple.dfy,smtlib,vampire,predicates,VERIFICATION_TIMED_OUT,29992,4
ground_truth,CS5232_Project_tmp_tmpai_cfrng_LFUSimple.dfy,smtlib,vampire,arguments,VERIFICATION_TIMED_OUT,29953,4
ground_truth,CS5232_Project_tmp_tmpai_cfrng_LFUSimple.dfy,smtlib,z3,monomorphic,VERIFIED,1246,0
ground_truth,CS5232_Project_tmp_tmpai_cfrng_LFUSimple.dfy,smtlib,z3,predicates,VERIFIED,1211,0
ground_truth,CS5232_Project_tmp_tmpai_cfrng_LFUSimple.dfy,smtlib,z3,arguments,VERIFIED,1169,0
ground_truth,dafny-synthesis_task_id_89.dfy,tptp,vampire,polymorphic,VERIFIED,801,0
ground_truth,dafny-synthesis_task_id_89.dfy,tptp,vampire,monomorphic,VERIFIED,841,0
ground_truth,dafny-synthesis_task_id_89.dfy,tptp,vampire,predicates,VERIFIED,800,0
ground_truth,dafny-synthesis_task_id_89.dfy,tptp,vampire,arguments,VERIFIED,812,0
ground_truth,dafny-synthesis_task_id_89.dfy,smtlib,vampire,monomorphic,VERIFIED,794,0
ground_truth,dafny-synthesis_task_id_89.dfy,smtlib,vampire,predicates,VERIFIED,777,0
ground_truth,dafny-synthesis_task_id_89.dfy,smtlib,vampire,arguments,VERIFIED,779,0
ground_truth,dafny-synthesis_task_id_89.dfy,smtlib,z3,monomorphic,VERIFIED,799,0
ground_truth,dafny-synthesis_task_id_89.dfy,smtlib,z3,predicates,VERIFIED,769,0
ground_truth,dafny-synthesis_task_id_89.dfy,smtlib,z3,arguments,VERIFIED,752,0
ground_truth,dafny-exercise_tmp_tmpouftptir_countNeg.dfy,tptp,vampire,polymorphic,VERIFICATION_TIMED_OUT,29867,4
ground_truth,dafny-exercise_tmp_tmpouftptir_countNeg.dfy,tptp,vampire,monomorphic,VERIFICATION_TIMED_OUT,29891,4
ground_truth,dafny-exercise_tmp_tmpouftptir_countNeg.dfy,tptp,vampire,predicates,VERIFICATION_TIMED_OUT,29915,4
ground_truth,dafny-exercise_tmp_tmpouftptir_countNeg.dfy,tptp,vampire,arguments,VERIFIED,22199,0
ground_truth,dafny-exercise_tmp_tmpouftptir_countNeg.dfy,smtlib,vampire,monomorphic,VERIFIED,23571,0
ground_truth,dafny-exercise_tmp_tmpouftptir_countNeg.dfy,smtlib,vampire,predicates,VERIFICATION_TIMED_OUT,29771,4
ground_truth,dafny-exercise_tmp_tmpouftptir_countNeg.dfy,smtlib,vampire,arguments,VERIFIED,18975,0
ground_truth,dafny-exercise_tmp_tmpouftptir_countNeg.dfy,smtlib,z3,monomorphic,VERIFIED,947,0
ground_truth,dafny-exercise_tmp_tmpouftptir_countNeg.dfy,smtlib,z3,predicates,VERIFIED,899,0
ground_truth,dafny-exercise_tmp_tmpouftptir_countNeg.dfy,smtlib,z3,arguments,VERIFIED,892,0
ground_truth,dafny-synthesis_task_id_161.dfy,tptp,vampire,polymorphic,VERIFICATION_TIMED_OUT,29829,4
ground_truth,dafny-synthesis_task_id_161.dfy,tptp,vampire,monomorphic,VERIFICATION_TIMED_OUT,29936,4
ground_truth,dafny-synthesis_task_id_161.dfy,tptp,vampire,predicates,VERIFICATION_TIMED_OUT,29911,4
ground_truth,dafny-synthesis_task_id_161.dfy,tptp,vampire,arguments,VERIFICATION_TIMED_OUT,29902,4
ground_truth,dafny-synthesis_task_id_161.dfy,smtlib,vampire,monomorphic,VERIFICATION_TIMED_OUT,29890,4
ground_truth,dafny-synthesis_task_id_161.dfy,smtlib,vampire,predicates,VERIFICATION_TIMED_OUT,29818,4
ground_truth,dafny-synthesis_task_id_161.dfy,smtlib,vampire,arguments,VERIFICATION_TIMED_OUT,29744,4
ground_truth,dafny-synthesis_task_id_161.dfy,smtlib,z3,monomorphic,VERIFIED,950,0
ground_truth,dafny-synthesis_task_id_161.dfy,smtlib,z3,predicates,VERIFIED,906,0
ground_truth,dafny-synthesis_task_id_161.dfy,smtlib,z3,arguments,VERIFIED,905,0
ground_truth,Dafny_Verify_tmp_tmphq7j0row_Generated_Code_LinearSearch.dfy,tptp,vampire,polymorphic,VERIFIED,1804,0
ground_truth,Dafny_Verify_tmp_tmphq7j0row_Generated_Code_LinearSearch.dfy,tptp,vampire,monomorphic,VERIFIED,2138,0
ground_truth,Dafny_Verify_tmp_tmphq7j0row_Generated_Code_LinearSearch.dfy,tptp,vampire,predicates,VERIFIED,8873,0
ground_truth,Dafny_Verify_tmp_tmphq7j0row_Generated_Code_LinearSearch.dfy,tptp,vampire,arguments,VERIFIED,2119,0
ground_truth,Dafny_Verify_tmp_tmphq7j0row_Generated_Code_LinearSearch.dfy,smtlib,vampire,monomorphic,VERIFIED,2031,0
ground_truth,Dafny_Verify_tmp_tmphq7j0row_Generated_Code_LinearSearch.dfy,smtlib,vampire,predicates,VERIFIED,8817,0
ground_truth,Dafny_Verify_tmp_tmphq7j0row_Generated_Code_LinearSearch.dfy,smtlib,vampire,arguments,VERIFIED,2191,0
ground_truth,Dafny_Verify_tmp_tmphq7j0row_Generated_Code_LinearSearch.dfy,smtlib,z3,monomorphic,VERIFIED,905,0
ground_truth,Dafny_Verify_tmp_tmphq7j0row_Generated_Code_LinearSearch.dfy,smtlib,z3,predicates,VERIFIED,877,0
ground_truth,Dafny_Verify_tmp_tmphq7j0row_Generated_Code_LinearSearch.dfy,smtlib,z3,arguments,VERIFIED,861,0
ground_truth,Dafny_tmp_tmp0wu8wmfr_Heimaverkefni 3_SelectionSortMultiset.dfy,tptp,vampire,polymorphic,VERIFICATION_TIMED_OUT,29879,4
ground_truth,Dafny_tmp_tmp0wu8wmfr_Heimaverkefni 3_SelectionSortMultiset.dfy,tptp,vampire,monomorphic,VERIFICATION_TIMED_OUT,29929,4
ground_truth,Dafny_tmp_tmp0wu8wmfr_Heimaverkefni 3_SelectionSortMultiset.dfy,tptp,vampire,predicates,VERIFICATION_TIMED_OUT,29905,4
ground_truth,Dafny_tmp_tmp0wu8wmfr_Heimaverkefni 3_SelectionSortMultiset.dfy,tptp,vampire,arguments,VERIFICATION_TIMED_OUT,29908,4
ground_truth,Dafny_tmp_tmp0wu8wmfr_Heimaverkefni 3_SelectionSortMultiset.dfy,smtlib,vampire,monomorphic,VERIFICATION_TIMED_OUT,29845,4
ground_truth,Dafny_tmp_tmp0wu8wmfr_Heimaverkefni 3_SelectionSortMultiset.dfy,smtlib,vampire,predicates,VERIFICATION_TIMED_OUT,29777,4
ground_truth,Dafny_tmp_tmp0wu8wmfr_Heimaverkefni 3_SelectionSortMultiset.dfy,smtlib,vampire,arguments,VERIFICATION_TIMED_OUT,29763,4
ground_truth,Dafny_tmp_tmp0wu8wmfr_Heimaverkefni 3_SelectionSortMultiset.dfy,smtlib,z3,monomorphic,VERIFIED,1013,0
ground_truth,Dafny_tmp_tmp0wu8wmfr_Heimaverkefni 3_SelectionSortMultiset.dfy,smtlib,z3,predicates,VERIFIED,980,0
ground_truth,Dafny_tmp_tmp0wu8wmfr_Heimaverkefni 3_SelectionSortMultiset.dfy,smtlib,z3,arguments,VERIFIED,947,0
ground_truth,dafny-synthesis_task_id_426.dfy,tptp,vampire,polymorphic,VERIFICATION_TIMED_OUT,29836,4
ground_truth,dafny-synthesis_task_id_426.dfy,tptp,vampire,monomorphic,VERIFICATION_TIMED_OUT,29843,4
ground_truth,dafny-synthesis_task_id_426.dfy,tptp,vampire,predicates,VERIFICATION_TIMED_OUT,29820,4
ground_truth,dafny-synthesis_task_id_426.dfy,tptp,vampire,arguments,VERIFICATION_TIMED_OUT,29881,4
ground_truth,dafny-synthesis_task_id_426.dfy,smtlib,vampire,monomorphic,VERIFICATION_TIMED_OUT,29858,4
ground_truth,dafny-synthesis_task_id_426.dfy,smtlib,vampire,predicates,VERIFICATION_TIMED_OUT,29777,4
ground_truth,dafny-synthesis_task_id_426.dfy,smtlib,vampire,arguments,VERIFICATION_TIMED_OUT,29801,4
ground_truth,dafny-synthesis_task_id_426.dfy,smtlib,z3,monomorphic,VERIFIED,911,0
ground_truth,dafny-synthesis_task_id_426.dfy,smtlib,z3,predicates,VERIFIED,874,0
ground_truth,dafny-synthesis_task_id_426.dfy,smtlib,z3,arguments,VERIFIED,882,0
ground_truth,metodosFormais_tmp_tmp4q2kmya4_T1-MetodosFormais_examples_somatoriov2.dfy,tptp,vampire,polymorphic,VERIFICATION_TIMED_OUT,29785,4
ground_truth,metodosFormais_tmp_tmp4q2kmya4_T1-MetodosFormais_examples_somatoriov2.dfy,tptp,vampire,monomorphic,VERIFICATION_TIMED_OUT,29833,4
ground_truth,metodosFormais_tmp_tmp4q2kmya4_T1-MetodosFormais_examples_somatoriov2.dfy,tptp,vampire,predicates,VERIFICATION_TIMED_OUT,29844,4
ground_truth,metodosFormais_tmp_tmp4q2kmya4_T1-MetodosFormais_examples_somatoriov2.dfy,tptp,vampire,arguments,VERIFICATION_TIMED_OUT,29832,4
ground_truth,metodosFormais_tmp_tmp4q2kmya4_T1-MetodosFormais_examples_somatoriov2.dfy,smtlib,vampire,monomorphic,VERIFICATION_TIMED_OUT,29842,4
ground_truth,metodosFormais_tmp_tmp4q2kmya4_T1-MetodosFormais_examples_somatoriov2.dfy,smtlib,vampire,predicates,VERIFICATION_TIMED_OUT,29806,4
ground_truth,metodosFormais_tmp_tmp4q2kmya4_T1-MetodosFormais_examples_somatoriov2.dfy,smtlib,vampire,arguments,VERIFICATION_TIMED_OUT,29755,4
ground_truth,metodosFormais_tmp_tmp4q2kmya4_T1-MetodosFormais_examples_somatoriov2.dfy,smtlib,z3,monomorphic,VERIFIED,878,0
ground_truth,metodosFormais_tmp_tmp4q2kmya4_T1-MetodosFormais_examples_somatoriov2.dfy,smtlib,z3,predicates,VERIFIED,860,0
ground_truth,metodosFormais_tmp_tmp4q2kmya4_T1-MetodosFormais_examples_somatoriov2.dfy,smtlib,z3,arguments,VERIFIED,851,0
ground_truth,Program-Verification-Dataset_tmp_tmpgbdrlnu__Dafny_algorithms and leetcode_leetcode_ReverseLinkedList.dfy,tptp,vampire,polymorphic,VERIFICATION_TIMED_OUT,59409,4
ground_truth,Program-Verification-Dataset_tmp_tmpgbdrlnu__Dafny_algorithms and leetcode_leetcode_ReverseLinkedList.dfy,tptp,vampire,monomorphic,VERIFICATION_TIMED_OUT,60134,4
ground_truth,Program-Verification-Dataset_tmp_tmpgbdrlnu__Dafny_algorithms and leetcode_leetcode_ReverseLinkedList.dfy,tptp,vampire,predicates,VERIFICATION_TIMED_OUT,88001,4
ground_truth,Program-Verification-Dataset_tmp_tmpgbdrlnu__Dafny_algorithms and leetcode_leetcode_ReverseLinkedList.dfy,tptp,vampire,arguments,VERIFICATION_TIMED_OUT,59676,4
ground_truth,Program-Verification-Dataset_tmp_tmpgbdrlnu__Dafny_algorithms and leetcode_leetcode_ReverseLinkedList.dfy,smtlib,vampire,monomorphic,VERIFICATION_TIMED_OUT,59750,4
ground_truth,Program-Verification-Dataset_tmp_tmpgbdrlnu__Dafny_algorithms and leetcode_leetcode_ReverseLinkedList.dfy,smtlib,vampire,predicates,VERIFICATION_TIMED_OUT,87767,4
ground_truth,Program-Verification-Dataset_tmp_tmpgbdrlnu__Dafny_algorithms and leetcode_leetcode_ReverseLinkedList.dfy,smtlib,vampire,arguments,VERIFICATION_TIMED_OUT,59662,4
ground_truth,Program-Verification-Dataset_tmp_tmpgbdrlnu__Dafny_algorithms and leetcode_leetcode_ReverseLinkedList.dfy,smtlib,z3,monomorphic,VERIFICATION_TIMED_OUT,31101,4
ground_truth,Program-Verification-Dataset_tmp_tmpgbdrlnu__Dafny_algorithms and leetcode_leetcode_ReverseLinkedList.dfy,smtlib,z3,predicates,VERIFICATION_TIMED_OUT,31098,4
ground_truth,Program-Verification-Dataset_tmp_tmpgbdrlnu__Dafny_algorithms and leetcode_leetcode_ReverseLinkedList.dfy,smtlib,z3,arguments,VERIFICATION_TIMED_OUT,31081,4
ground_truth,dafny-synthesis_task_id_586.dfy,tptp,vampire,polymorphic,VERIFICATION_TIMED_OUT,29764,4
ground_truth,dafny-synthesis_task_id_586.dfy,tptp,vampire,monomorphic,VERIFICATION_TIMED_OUT,29834,4
ground_truth,dafny-synthesis_task_id_586.dfy,tptp,vampire,predicates,VERIFICATION_TIMED_OUT,29808,4
ground_truth,dafny-synthesis_task_id_586.dfy,tptp,vampire,arguments,VERIFICATION_TIMED_OUT,29754,4
ground_truth,dafny-synthesis_task_id_586.dfy,smtlib,vampire,monomorphic,VERIFICATION_TIMED_OUT,29749,4
ground_truth,dafny-synthesis_task_id_586.dfy,smtlib,vampire,predicates,VERIFICATION_TIMED_OUT,29769,4
ground_truth,dafny-synthesis_task_id_586.dfy,smtlib,vampire,arguments,VERIFICATION_TIMED_OUT,29755,4
ground_truth,dafny-synthesis_task_id_586.dfy,smtlib,z3,monomorphic,VERIFIED,874,0
ground_truth,dafny-synthesis_task_id_586.dfy,smtlib,z3,predicates,VERIFIED,837,0
ground_truth,dafny-synthesis_task_id_586.dfy,smtlib,z3,arguments,VERIFICATION_TIMED_OUT,35909,4
ground_truth,dafny-synthesis_task_id_567.dfy,tptp,vampire,polymorphic,VERIFIED,18158,0
ground_truth,dafny-synthesis_task_id_567.dfy,tptp,vampire,monomorphic,VERIFIED,1879,0
ground_truth,dafny-synthesis_task_id_567.dfy,tptp,vampire,predicates,VERIFIED,1267,0
ground_truth,dafny-synthesis_task_id_567.dfy,tptp,vampire,arguments,VERIFIED,1855,0
ground_truth,dafny-synthesis_task_id_567.dfy,smtlib,vampire,monomorphic,VERIFIED,1964,0
ground_truth,dafny-synthesis_task_id_567.dfy,smtlib,vampire,predicates,VERIFIED,3511,0
ground_truth,dafny-synthesis_task_id_567.dfy,smtlib,vampire,arguments,VERIFIED,1915,0
ground_truth,dafny-synthesis_task_id_567.dfy,smtlib,z3,monomorphic,VERIFIED,895,0
ground_truth,dafny-synthesis_task_id_567.dfy,smtlib,z3,predicates,VERIFIED,878,0
ground_truth,dafny-synthesis_task_id_567.dfy,smtlib,z3,arguments,VERIFIED,866,0
ground_truth,MIEIC_mfes_tmp_tmpq3ho7nve_exams_appeal_20_p4.dfy,tptp,vampire,polymorphic,VERIFICATION_TIMED_OUT,29798,4
ground_truth,MIEIC_mfes_tmp_tmpq3ho7nve_exams_appeal_20_p4.dfy,tptp,vampire,monomorphic,VERIFICATION_TIMED_OUT,29852,4
ground_truth,MIEIC_mfes_tmp_tmpq3ho7nve_exams_appeal_20_p4.dfy,tptp,vampire,predicates,VERIFICATION_TIMED_OUT,29785,4
ground_truth,MIEIC_mfes_tmp_tmpq3ho7nve_exams_appeal_20_p4.dfy,tptp,vampire,arguments,VERIFICATION_TIMED_OUT,29851,4
ground_truth,MIEIC_mfes_tmp_tmpq3ho7nve_exams_appeal_20_p4.dfy,smtlib,vampire,monomorphic,VERIFICATION_TIMED_OUT,29808,4
ground_truth,MIEIC_mfes_tmp_tmpq3ho7nve_exams_appeal_20_p4.dfy,smtlib,vampire,predicates,VERIFICATION_TIMED_OUT,29722,4
ground_truth,MIEIC_mfes_tmp_tmpq3ho7nve_exams_appeal_20_p4.dfy,smtlib,vampire,arguments,VERIFICATION_TIMED_OUT,29764,4
ground_truth,MIEIC_mfes_tmp_tmpq3ho7nve_exams_appeal_20_p4.dfy,smtlib,z3,monomorphic,VERIFIED,871,0
ground_truth,MIEIC_mfes_tmp_tmpq3ho7nve_exams_appeal_20_p4.dfy,smtlib,z3,predicates,VERIFIED,844,0
ground_truth,MIEIC_mfes_tmp_tmpq3ho7nve_exams_appeal_20_p4.dfy,smtlib,z3,arguments,VERIFIED,848,0
ground_truth,dafny-synthesis_task_id_401.dfy,tptp,vampire,polymorphic,VERIFICATION_TIMED_OUT,29787,4
ground_truth,dafny-synthesis_task_id_401.dfy,tptp,vampire,monomorphic,VERIFICATION_TIMED_OUT,29832,4
ground_truth,dafny-synthesis_task_id_401.dfy,tptp,vampire,predicates,VERIFICATION_TIMED_OUT,29849,4
ground_truth,dafny-synthesis_task_id_401.dfy,tptp,vampire,arguments,VERIFICATION_TIMED_OUT,29802,4
ground_truth,dafny-synthesis_task_id_401.dfy,smtlib,vampire,monomorphic,VERIFICATION_TIMED_OUT,29807,4
ground_truth,dafny-synthesis_task_id_401.dfy,smtlib,vampire,predicates,VERIFICATION_TIMED_OUT,29769,4
ground_truth,dafny-synthesis_task_id_401.dfy,smtlib,vampire,arguments,VERIFICATION_TIMED_OUT,29737,4
ground_truth,dafny-synthesis_task_id_401.dfy,smtlib,z3,monomorphic,VERIFIED,912,0
ground_truth,dafny-synthesis_task_id_401.dfy,smtlib,z3,predicates,VERIFIED,879,0
ground_truth,dafny-synthesis_task_id_401.dfy,smtlib,z3,arguments,VERIFIED,873,0
ground_truth,Program-Verification-Dataset_tmp_tmpgbdrlnu__Dafny_vampire project_original_Searching.dfy,tptp,vampire,polymorphic,VERIFIED,7786,0
ground_truth,Program-Verification-Dataset_tmp_tmpgbdrlnu__Dafny_vampire project_original_Searching.dfy,tptp,vampire,monomorphic,VERIFIED,2284,0
ground_truth,Program-Verification-Dataset_tmp_tmpgbdrlnu__Dafny_vampire project_original_Searching.dfy,tptp,vampire,predicates,VERIFIED,1931,0
ground_truth,Program-Verification-Dataset_tmp_tmpgbdrlnu__Dafny_vampire project_original_Searching.dfy,tptp,vampire,arguments,VERIFIED,1875,0
ground_truth,Program-Verification-Dataset_tmp_tmpgbdrlnu__Dafny_vampire project_original_Searching.dfy,smtlib,vampire,monomorphic,VERIFIED,1986,0
ground_truth,Program-Verification-Dataset_tmp_tmpgbdrlnu__Dafny_vampire project_original_Searching.dfy,smtlib,vampire,predicates,VERIFIED,9352,0
ground_truth,Program-Verification-Dataset_tmp_tmpgbdrlnu__Dafny_vampire project_original_Searching.dfy,smtlib,vampire,arguments,VERIFIED,1955,0
ground_truth,Program-Verification-Dataset_tmp_tmpgbdrlnu__Dafny_vampire project_original_Searching.dfy,smtlib,z3,monomorphic,VERIFIED,895,0
ground_truth,Program-Verification-Dataset_tmp_tmpgbdrlnu__Dafny_vampire project_original_Searching.dfy,smtlib,z3,predicates,VERIFIED,870,0
ground_truth,Program-Verification-Dataset_tmp_tmpgbdrlnu__Dafny_vampire project_original_Searching.dfy,smtlib,z3,arguments,VERIFIED,855,0
ground_truth,dafl_tmp_tmp_r3_8w3y_dafny_examples_dafny0_ForallCompilationNewSyntax.dfy,tptp,vampire,polymorphic,VERIFIED,2414,0
ground_truth,dafl_tmp_tmp_r3_8w3y_dafny_examples_dafny0_ForallCompilationNewSyntax.dfy,tptp,vampire,monomorphic,VERIFICATION_TIMED_OUT,29945,4
ground_truth,dafl_tmp_tmp_r3_8w3y_dafny_examples_dafny0_ForallCompilationNewSyntax.dfy,tptp,vampire,predicates,VERIFICATION_TIMED_OUT,58798,4
ground_truth,dafl_tmp_tmp_r3_8w3y_dafny_examples_dafny0_ForallCompilationNewSyntax.dfy,tptp,vampire,arguments,VERIFICATION_TIMED_OUT,29990,4
ground_truth,dafl_tmp_tmp_r3_8w3y_dafny_examples_dafny0_ForallCompilationNewSyntax.dfy,smtlib,vampire,monomorphic,VERIFIED,3223,0
ground_truth,dafl_tmp_tmp_r3_8w3y_dafny_examples_dafny0_ForallCompilationNewSyntax.dfy,smtlib,vampire,predicates,VERIFICATION_TIMED_OUT,30312,4
ground_truth,dafl_tmp_tmp_r3_8w3y_dafny_examples_dafny0_ForallCompilationNewSyntax.dfy,smtlib,vampire,arguments,VERIFIED,22222,0
ground_truth,dafl_tmp_tmp_r3_8w3y_dafny_examples_dafny0_ForallCompilationNewSyntax.dfy,smtlib,z3,monomorphic,VERIFIED,982,0
ground_truth,dafl_tmp_tmp_r3_8w3y_dafny_examples_dafny0_ForallCompilationNewSyntax.dfy,smtlib,z3,predicates,VERIFIED,945,0
ground_truth,dafl_tmp_tmp_r3_8w3y_dafny_examples_dafny0_ForallCompilationNewSyntax.dfy,smtlib,z3,arguments,VERIFIED,932,0
ground_truth,Dafny-Exercises_tmp_tmpjm75muf__Session6Exercises_ExerciseCountEven.dfy,tptp,vampire,polymorphic,VERIFICATION_TIMED_OUT,29891,4
ground_truth,Dafny-Exercises_tmp_tmpjm75muf__Session6Exercises_ExerciseCountEven.dfy,tptp,vampire,monomorphic,VERIFICATION_TIMED_OUT,29949,4
ground_truth,Dafny-Exercises_tmp_tmpjm75muf__Session6Exercises_ExerciseCountEven.dfy,tptp,vampire,predicates,VERIFICATION_TIMED_OUT,29936,4
ground_truth,Dafny-Exercises_tmp_tmpjm75muf__Session6Exercises_ExerciseCountEven.dfy,tptp,vampire,arguments,VERIFICATION_TIMED_OUT,29876,4
ground_truth,Dafny-Exercises_tmp_tmpjm75muf__Session6Exercises_ExerciseCountEven.dfy,smtlib,vampire,monomorphic,VERIFICATION_TIMED_OUT,29905,4
ground_truth,Dafny-Exercises_tmp_tmpjm75muf__Session6Exercises_ExerciseCountEven.dfy,smtlib,vampire,predicates,VERIFICATION_TIMED_OUT,29855,4
ground_truth,Dafny-Exercises_tmp_tmpjm75muf__Session6Exercises_ExerciseCountEven.dfy,smtlib,vampire,arguments,VERIFICATION_TIMED_OUT,29782,4
ground_truth,Dafny-Exercises_tmp_tmpjm75muf__Session6Exercises_ExerciseCountEven.dfy,smtlib,z3,monomorphic,VERIFIED,978,0
ground_truth,Dafny-Exercises_tmp_tmpjm75muf__Session6Exercises_ExerciseCountEven.dfy,smtlib,z3,predicates,VERIFIED,925,0
ground_truth,Dafny-Exercises_tmp_tmpjm75muf__Session6Exercises_ExerciseCountEven.dfy,smtlib,z3,arguments,VERIFIED,939,0
ground_truth,Clover_array_copy.dfy,tptp,vampire,polymorphic,VERIFICATION_TIMED_OUT,29827,4
ground_truth,Clover_array_copy.dfy,tptp,vampire,monomorphic,VERIFICATION_TIMED_OUT,29888,4
ground_truth,Clover_array_copy.dfy,tptp,vampire,predicates,VERIFICATION_TIMED_OUT,29849,4
ground_truth,Clover_array_copy.dfy,tptp,vampire,arguments,VERIFICATION_TIMED_OUT,29791,4
ground_truth,Clover_array_copy.dfy,smtlib,vampire,monomorphic,VERIFICATION_TIMED_OUT,29824,4
ground_truth,Clover_array_copy.dfy,smtlib,vampire,predicates,VERIFICATION_TIMED_OUT,29815,4
ground_truth,Clover_array_copy.dfy,smtlib,vampire,arguments,VERIFICATION_TIMED_OUT,29769,4
ground_truth,Clover_array_copy.dfy,smtlib,z3,monomorphic,VERIFIED,877,0
ground_truth,Clover_array_copy.dfy,smtlib,z3,predicates,VERIFIED,855,0
ground_truth,Clover_array_copy.dfy,smtlib,z3,arguments,VERIFIED,847,0
ground_truth,feup-mfes_tmp_tmp6_a1y5a5_examples_SelectionSort.dfy,tptp,vampire,polymorphic,VERIFICATION_TIMED_OUT,29989,4
ground_truth,feup-mfes_tmp_tmp6_a1y5a5_examples_SelectionSort.dfy,tptp,vampire,monomorphic,VERIFICATION_TIMED_OUT,29965,4
ground_truth,feup-mfes_tmp_tmp6_a1y5a5_examples_SelectionSort.dfy,tptp,vampire,predicates,VERIFICATION_TIMED_OUT,29979,4
ground_truth,feup-mfes_tmp_tmp6_a1y5a5_examples_SelectionSort.dfy,tptp,vampire,arguments,VERIFICATION_TIMED_OUT,29949,4
ground_truth,feup-mfes_tmp_tmp6_a1y5a5_examples_SelectionSort.dfy,smtlib,vampire,monomorphic,VERIFICATION_TIMED_OUT,29865,4
ground_truth,feup-mfes_tmp_tmp6_a1y5a5_examples_SelectionSort.dfy,smtlib,vampire,predicates,VERIFICATION_TIMED_OUT,29864,4
ground_truth,feup-mfes_tmp_tmp6_a1y5a5_examples_SelectionSort.dfy,smtlib,vampire,arguments,VERIFICATION_TIMED_OUT,29869,4
ground_truth,feup-mfes_tmp_tmp6_a1y5a5_examples_SelectionSort.dfy,smtlib,z3,monomorphic,VERIFIED,1139,0
ground_truth,feup-mfes_tmp_tmp6_a1y5a5_examples_SelectionSort.dfy,smtlib,z3,predicates,VERIFIED,1051,0
ground_truth,feup-mfes_tmp_tmp6_a1y5a5_examples_SelectionSort.dfy,smtlib,z3,arguments,VERIFIED,1314,0
ground_truth,FMSE-2022-2023_tmp_tmp6_x_ba46_Lab2_Lab2.dfy,tptp,vampire,polymorphic,VERIFICATION_TIMED_OUT,30205,4
ground_truth,FMSE-2022-2023_tmp_tmp6_x_ba46_Lab2_Lab2.dfy,tptp,vampire,monomorphic,VERIFICATION_TIMED_OUT,30484,4
ground_truth,FMSE-2022-2023_tmp_tmp6_x_ba46_Lab2_Lab2.dfy,tptp,vampire,predicates,VERIFICATION_TIMED_OUT,59000,4
ground_truth,FMSE-2022-2023_tmp_tmp6_x_ba46_Lab2_Lab2.dfy,tptp,vampire,arguments,VERIFICATION_TIMED_OUT,30432,4
ground_truth,FMSE-2022-2023_tmp_tmp6_x_ba46_Lab2_Lab2.dfy,smtlib,vampire,monomorphic,VERIFICATION_TIMED_OUT,30232,4
ground_truth,FMSE-2022-2023_tmp_tmp6_x_ba46_Lab2_Lab2.dfy,smtlib,vampire,predicates,VERIFICATION_TIMED_OUT,30976,4
ground_truth,FMSE-2022-2023_tmp_tmp6_x_ba46_Lab2_Lab2.dfy,smtlib,vampire,arguments,VERIFICATION_TIMED_OUT,30212,4
ground_truth,FMSE-2022-2023_tmp_tmp6_x_ba46_Lab2_Lab2.dfy,smtlib,z3,monomorphic,NOT_VERIFIED,1118,4
ground_truth,FMSE-2022-2023_tmp_tmp6_x_ba46_Lab2_Lab2.dfy,smtlib,z3,predicates,NOT_VERIFIED,1077,4
ground_truth,FMSE-2022-2023_tmp_tmp6_x_ba46_Lab2_Lab2.dfy,smtlib,z3,arguments,NOT_VERIFIED,1066,4
ground_truth,Dafny_Verify_tmp_tmphq7j0row_Test_Cases_Triple.dfy,tptp,vampire,polymorphic,VERIFICATION_TIMED_OUT,29775,4
ground_truth,Dafny_Verify_tmp_tmphq7j0row_Test_Cases_Triple.dfy,tptp,vampire,monomorphic,VERIFIED,11416,0
ground_truth,Dafny_Verify_tmp_tmphq7j0row_Test_Cases_Triple.dfy,tptp,vampire,predicates,VERIFIED,1577,0
ground_truth,Dafny_Verify_tmp_tmphq7j0row_Test_Cases_Triple.dfy,tptp,vampire,arguments,VERIFICATION_TIMED_OUT,29730,4
ground_truth,Dafny_Verify_tmp_tmphq7j0row_Test_Cases_Triple.dfy,smtlib,vampire,monomorphic,VERIFIED,992,0
ground_truth,Dafny_Verify_tmp_tmphq7j0row_Test_Cases_Triple.dfy,smtlib,vampire,predicates,VERIFIED,970,0
ground_truth,Dafny_Verify_tmp_tmphq7j0row_Test_Cases_Triple.dfy,smtlib,vampire,arguments,VERIFIED,954,0
ground_truth,Dafny_Verify_tmp_tmphq7j0row_Test_Cases_Triple.dfy,smtlib,z3,monomorphic,VERIFIED,849,0
ground_truth,Dafny_Verify_tmp_tmphq7j0row_Test_Cases_Triple.dfy,smtlib,z3,predicates,VERIFIED,816,0
ground_truth,Dafny_Verify_tmp_tmphq7j0row_Test_Cases_Triple.dfy,smtlib,z3,arguments,VERIFIED,804,0
ground_truth,Dafny-Exercises_tmp_tmpjm75muf__Session4Exercises_ExercisefirstZero.dfy,tptp,vampire,polymorphic,VERIFIED,3024,0
ground_truth,Dafny-Exercises_tmp_tmpjm75muf__Session4Exercises_ExercisefirstZero.dfy,tptp,vampire,monomorphic,VERIFIED,1889,0
ground_truth,Dafny-Exercises_tmp_tmpjm75muf__Session4Exercises_ExercisefirstZero.dfy,tptp,vampire,predicates,VERIFIED,3126,0
ground_truth,Dafny-Exercises_tmp_tmpjm75muf__Session4Exercises_ExercisefirstZero.dfy,tptp,vampire,arguments,VERIFIED,1869,0
ground_truth,Dafny-Exercises_tmp_tmpjm75muf__Session4Exercises_ExercisefirstZero.dfy,smtlib,vampire,monomorphic,VERIFIED,1965,0
ground_truth,Dafny-Exercises_tmp_tmpjm75muf__Session4Exercises_ExercisefirstZero.dfy,smtlib,vampire,predicates,VERIFIED,3587,0
ground_truth,Dafny-Exercises_tmp_tmpjm75muf__Session4Exercises_ExercisefirstZero.dfy,smtlib,vampire,arguments,VERIFIED,1959,0
ground_truth,Dafny-Exercises_tmp_tmpjm75muf__Session4Exercises_ExercisefirstZero.dfy,smtlib,z3,monomorphic,VERIFIED,891,0
ground_truth,Dafny-Exercises_tmp_tmpjm75muf__Session4Exercises_ExercisefirstZero.dfy,smtlib,z3,predicates,VERIFIED,851,0
ground_truth,Dafny-Exercises_tmp_tmpjm75muf__Session4Exercises_ExercisefirstZero.dfy,smtlib,z3,arguments,VERIFIED,846,0
ground_truth,Clover_abs.dfy,tptp,vampire,polymorphic,VERIFIED,870,0
ground_truth,Clover_abs.dfy,tptp,vampire,monomorphic,VERIFIED,923,0
ground_truth,Clover_abs.dfy,tptp,vampire,predicates,VERIFIED,893,0
ground_truth,Clover_abs.dfy,tptp,vampire,arguments,VERIFIED,885,0
ground_truth,Clover_abs.dfy,smtlib,vampire,monomorphic,VERIFIED,877,0
ground_truth,Clover_abs.dfy,smtlib,vampire,predicates,VERIFIED,851,0
ground_truth,Clover_abs.dfy,smtlib,vampire,arguments,VERIFIED,840,0
ground_truth,Clover_abs.dfy,smtlib,z3,monomorphic,VERIFIED,811,0
ground_truth,Clover_abs.dfy,smtlib,z3,predicates,VERIFIED,771,0
ground_truth,Clover_abs.dfy,smtlib,z3,arguments,VERIFIED,765,0
ground_truth,Programmverifikation-und-synthese_tmp_tmppurk6ime_PVS_Assignment_ex_07_Hoangkim_ex07_Hoangkim.dfy,tptp,vampire,polymorphic,VERIFICATION_TIMED_OUT,30037,4
ground_truth,Programmverifikation-und-synthese_tmp_tmppurk6ime_PVS_Assignment_ex_07_Hoangkim_ex07_Hoangkim.dfy,tptp,vampire,monomorphic,VERIFICATION_TIMED_OUT,29941,4
ground_truth,Programmverifikation-und-synthese_tmp_tmppurk6ime_PVS_Assignment_ex_07_Hoangkim_ex07_Hoangkim.dfy,tptp,vampire,predicates,VERIFICATION_TIMED_OUT,29931,4
ground_truth,Programmverifikation-und-synthese_tmp_tmppurk6ime_PVS_Assignment_ex_07_Hoangkim_ex07_Hoangkim.dfy,tptp,vampire,arguments,VERIFICATION_TIMED_OUT,29846,4
ground_truth,Programmverifikation-und-synthese_tmp_tmppurk6ime_PVS_Assignment_ex_07_Hoangkim_ex07_Hoangkim.dfy,smtlib,vampire,monomorphic,VERIFICATION_TIMED_OUT,29862,4
ground_truth,Programmverifikation-und-synthese_tmp_tmppurk6ime_PVS_Assignment_ex_07_Hoangkim_ex07_Hoangkim.dfy,smtlib,vampire,predicates,VERIFICATION_TIMED_OUT,29857,4
ground_truth,Programmverifikation-und-synthese_tmp_tmppurk6ime_PVS_Assignment_ex_07_Hoangkim_ex07_Hoangkim.dfy,smtlib,vampire,arguments,VERIFICATION_TIMED_OUT,29820,4
ground_truth,Programmverifikation-und-synthese_tmp_tmppurk6ime_PVS_Assignment_ex_07_Hoangkim_ex07_Hoangkim.dfy,smtlib,z3,monomorphic,VERIFIED,987,0
ground_truth,Programmverifikation-und-synthese_tmp_tmppurk6ime_PVS_Assignment_ex_07_Hoangkim_ex07_Hoangkim.dfy,smtlib,z3,predicates,VERIFIED,947,0
ground_truth,Programmverifikation-und-synthese_tmp_tmppurk6ime_PVS_Assignment_ex_07_Hoangkim_ex07_Hoangkim.dfy,smtlib,z3,arguments,VERIFIED,930,0
ground_truth,Dafny_Verify_tmp_tmphq7j0row_dataset_C_convert_examples_06_n.dfy,tptp,vampire,polymorphic,VERIFIED,1125,0
ground_truth,Dafny_Verify_tmp_tmphq7j0row_dataset_C_convert_examples_06_n.dfy,tptp,vampire,monomorphic,VERIFIED,1173,0
ground_truth,Dafny_Verify_tmp_tmphq7j0row_dataset_C_convert_examples_06_n.dfy,tptp,vampire,predicates,VERIFIED,1124,0
ground_truth,Dafny_Verify_tmp_tmphq7j0row_dataset_C_convert_examples_06_n.dfy,tptp,vampire,arguments,VERIFIED,1134,0
ground_truth,Dafny_Verify_tmp_tmphq7j0row_dataset_C_convert_examples_06_n.dfy,smtlib,vampire,monomorphic,VERIFIED,1115,0
ground_truth,Dafny_Verify_tmp_tmphq7j0row_dataset_C_convert_examples_06_n.dfy,smtlib,vampire,predicates,VERIFIED,1119,0
ground_truth,Dafny_Verify_tmp_tmphq7j0row_dataset_C_convert_examples_06_n.dfy,smtlib,vampire,arguments,VERIFIED,1080,0
ground_truth,Dafny_Verify_tmp_tmphq7j0row_dataset_C_convert_examples_06_n.dfy,smtlib,z3,monomorphic,VERIFIED,854,0
ground_truth,Dafny_Verify_tmp_tmphq7j0row_dataset_C_convert_examples_06_n.dfy,smtlib,z3,predicates,VERIFIED,820,0
ground_truth,Dafny_Verify_tmp_tmphq7j0row_dataset_C_convert_examples_06_n.dfy,smtlib,z3,arguments,VERIFIED,817,0
ground_truth,Dafny_Learning_Experience_tmp_tmpuxvcet_u_week8_12_week9_lemma.dfy,tptp,vampire,polymorphic,VERIFIED,922,0
ground_truth,Dafny_Learning_Experience_tmp_tmpuxvcet_u_week8_12_week9_lemma.dfy,tptp,vampire,monomorphic,VERIFIED,969,0
ground_truth,Dafny_Learning_Experience_tmp_tmpuxvcet_u_week8_12_week9_lemma.dfy,tptp,vampire,predicates,VERIFIED,1115,0
ground_truth,Dafny_Learning_Experience_tmp_tmpuxvcet_u_week8_12_week9_lemma.dfy,tptp,vampire,arguments,VERIFIED,1087,0
ground_truth,Dafny_Learning_Experience_tmp_tmpuxvcet_u_week8_12_week9_lemma.dfy,smtlib,vampire,monomorphic,VERIFIED,911,0
ground_truth,Dafny_Learning_Experience_tmp_tmpuxvcet_u_week8_12_week9_lemma.dfy,smtlib,vampire,predicates,VERIFIED,1116,0
ground_truth,Dafny_Learning_Experience_tmp_tmpuxvcet_u_week8_12_week9_lemma.dfy,smtlib,vampire,arguments,VERIFIED,873,0
ground_truth,Dafny_Learning_Experience_tmp_tmpuxvcet_u_week8_12_week9_lemma.dfy,smtlib,z3,monomorphic,VERIFIED,857,0
ground_truth,Dafny_Learning_Experience_tmp_tmpuxvcet_u_week8_12_week9_lemma.dfy,smtlib,z3,predicates,VERIFIED,819,0
ground_truth,Dafny_Learning_Experience_tmp_tmpuxvcet_u_week8_12_week9_lemma.dfy,smtlib,z3,arguments,VERIFIED,821,0
ground_truth,llm-verified-eval_tmp_tmpd2deqn_i_dafny_5.dfy,tptp,vampire,polymorphic,VERIFICATION_TIMED_OUT,29847,4
ground_truth,llm-verified-eval_tmp_tmpd2deqn_i_dafny_5.dfy,tptp,vampire,monomorphic,VERIFICATION_TIMED_OUT,29840,4
ground_truth,llm-verified-eval_tmp_tmpd2deqn_i_dafny_5.dfy,tptp,vampire,predicates,VERIFICATION_TIMED_OUT,29826,4
ground_truth,llm-verified-eval_tmp_tmpd2deqn_i_dafny_5.dfy,tptp,vampire,arguments,VERIFICATION_TIMED_OUT,29797,4
ground_truth,llm-verified-eval_tmp_tmpd2deqn_i_dafny_5.dfy,smtlib,vampire,monomorphic,VERIFICATION_TIMED_OUT,29784,4
ground_truth,llm-verified-eval_tmp_tmpd2deqn_i_dafny_5.dfy,smtlib,vampire,predicates,VERIFICATION_TIMED_OUT,29726,4
ground_truth,llm-verified-eval_tmp_tmpd2deqn_i_dafny_5.dfy,smtlib,vampire,arguments,VERIFICATION_TIMED_OUT,29762,4
ground_truth,llm-verified-eval_tmp_tmpd2deqn_i_dafny_5.dfy,smtlib,z3,monomorphic,VERIFIED,880,0
ground_truth,llm-verified-eval_tmp_tmpd2deqn_i_dafny_5.dfy,smtlib,z3,predicates,VERIFIED,852,0
ground_truth,llm-verified-eval_tmp_tmpd2deqn_i_dafny_5.dfy,smtlib,z3,arguments,VERIFIED,856,0
ground_truth,dafny-synthesis_task_id_807.dfy,tptp,vampire,polymorphic,VERIFIED,3635,0
ground_truth,dafny-synthesis_task_id_807.dfy,tptp,vampire,monomorphic,VERIFIED,7420,0
ground_truth,dafny-synthesis_task_id_807.dfy,tptp,vampire,predicates,VERIFICATION_TIMED_OUT,29878,4
ground_truth,dafny-synthesis_task_id_807.dfy,tptp,vampire,arguments,VERIFIED,9896,0
ground_truth,dafny-synthesis_task_id_807.dfy,smtlib,vampire,monomorphic,VERIFIED,1995,0
ground_truth,dafny-synthesis_task_id_807.dfy,smtlib,vampire,predicates,VERIFIED,8968,0
ground_truth,dafny-synthesis_task_id_807.dfy,smtlib,vampire,arguments,VERIFIED,1973,0
ground_truth,dafny-synthesis_task_id_807.dfy,smtlib,z3,monomorphic,VERIFIED,924,0
ground_truth,dafny-synthesis_task_id_807.dfy,smtlib,z3,predicates,VERIFIED,888,0
ground_truth,dafny-synthesis_task_id_807.dfy,smtlib,z3,arguments,VERIFIED,880,0
ground_truth,Dafny_Learning_Experience_tmp_tmpuxvcet_u_week8_12_week10_ExtensibleArray.dfy,tptp,vampire,polymorphic,VERIFICATION_TIMED_OUT,30631,4
ground_truth,Dafny_Learning_Experience_tmp_tmpuxvcet_u_week8_12_week10_ExtensibleArray.dfy,tptp,vampire,monomorphic,VERIFICATION_TIMED_OUT,30267,4
ground_truth,Dafny_Learning_Experience_tmp_tmpuxvcet_u_week8_12_week10_ExtensibleArray.dfy,tptp,vampire,predicates,VERIFICATION_TIMED_OUT,30152,4
ground_truth,Dafny_Learning_Experience_tmp_tmpuxvcet_u_week8_12_week10_ExtensibleArray.dfy,tptp,vampire,arguments,VERIFICATION_TIMED_OUT,30134,4
ground_truth,Dafny_Learning_Experience_tmp_tmpuxvcet_u_week8_12_week10_ExtensibleArray.dfy,smtlib,vampire,monomorphic,VERIFICATION_TIMED_OUT,30132,4
ground_truth,Dafny_Learning_Experience_tmp_tmpuxvcet_u_week8_12_week10_ExtensibleArray.dfy,smtlib,vampire,predicates,VERIFICATION_TIMED_OUT,30015,4
ground_truth,Dafny_Learning_Experience_tmp_tmpuxvcet_u_week8_12_week10_ExtensibleArray.dfy,smtlib,vampire,arguments,VERIFICATION_TIMED_OUT,30016,4
ground_truth,Dafny_Learning_Experience_tmp_tmpuxvcet_u_week8_12_week10_ExtensibleArray.dfy,smtlib,z3,monomorphic,VERIFIED,2029,0
ground_truth,Dafny_Learning_Experience_tmp_tmpuxvcet_u_week8_12_week10_ExtensibleArray.dfy,smtlib,z3,predicates,VERIFIED,2725,0
ground_truth,Dafny_Learning_Experience_tmp_tmpuxvcet_u_week8_12_week10_ExtensibleArray.dfy,smtlib,z3,arguments,VERIFIED,1925,0
ground_truth,dafny-synthesis_task_id_396.dfy,tptp,vampire,polymorphic,VERIFIED,871,0
ground_truth,dafny-synthesis_task_id_396.dfy,tptp,vampire,monomorphic,VERIFIED,920,0
ground_truth,dafny-synthesis_task_id_396.dfy,tptp,vampire,predicates,VERIFIED,890,0
ground_truth,dafny-synthesis_task_id_396.dfy,tptp,vampire,arguments,VERIFIED,885,0
ground_truth,dafny-synthesis_task_id_396.dfy,smtlib,vampire,monomorphic,VERIFIED,886,0
ground_truth,dafny-synthesis_task_id_396.dfy,smtlib,vampire,predicates,VERIFIED,852,0
ground_truth,dafny-synthesis_task_id_396.dfy,smtlib,vampire,arguments,VERIFIED,862,0
ground_truth,dafny-synthesis_task_id_396.dfy,smtlib,z3,monomorphic,VERIFIED,802,0
ground_truth,dafny-synthesis_task_id_396.dfy,smtlib,z3,predicates,VERIFIED,782,0
ground_truth,dafny-synthesis_task_id_396.dfy,smtlib,z3,arguments,VERIFIED,773,0
ground_truth,Program-Verification-Dataset_tmp_tmpgbdrlnu__Dafny_algorithms and leetcode_leetcode_lc-remove-element.dfy,tptp,vampire,polymorphic,VERIFICATION_TIMED_OUT,29832,4
ground_truth,Program-Verification-Dataset_tmp_tmpgbdrlnu__Dafny_algorithms and leetcode_leetcode_lc-remove-element.dfy,tptp,vampire,monomorphic,VERIFICATION_TIMED_OUT,29915,4
ground_truth,Program-Verification-Dataset_tmp_tmpgbdrlnu__Dafny_algorithms and leetcode_leetcode_lc-remove-element.dfy,tptp,vampire,predicates,VERIFICATION_TIMED_OUT,29922,4
ground_truth,Program-Verification-Dataset_tmp_tmpgbdrlnu__Dafny_algorithms and leetcode_leetcode_lc-remove-element.dfy,tptp,vampire,arguments,VERIFICATION_TIMED_OUT,29857,4
ground_truth,Program-Verification-Dataset_tmp_tmpgbdrlnu__Dafny_algorithms and leetcode_leetcode_lc-remove-element.dfy,smtlib,vampire,monomorphic,VERIFICATION_TIMED_OUT,29848,4
ground_truth,Program-Verification-Dataset_tmp_tmpgbdrlnu__Dafny_algorithms and leetcode_leetcode_lc-remove-element.dfy,smtlib,vampire,predicates,VERIFICATION_TIMED_OUT,29782,4
ground_truth,Program-Verification-Dataset_tmp_tmpgbdrlnu__Dafny_algorithms and leetcode_leetcode_lc-remove-element.dfy,smtlib,vampire,arguments,VERIFICATION_TIMED_OUT,29778,4
ground_truth,Program-Verification-Dataset_tmp_tmpgbdrlnu__Dafny_algorithms and leetcode_leetcode_lc-remove-element.dfy,smtlib,z3,monomorphic,VERIFIED,922,0
ground_truth,Program-Verification-Dataset_tmp_tmpgbdrlnu__Dafny_algorithms and leetcode_leetcode_lc-remove-element.dfy,smtlib,z3,predicates,VERIFIED,898,0
ground_truth,Program-Verification-Dataset_tmp_tmpgbdrlnu__Dafny_algorithms and leetcode_leetcode_lc-remove-element.dfy,smtlib,z3,arguments,VERIFIED,887,0
ground_truth,SENG2011_tmp_tmpgk5jq85q_flex_ex1.dfy,tptp,vampire,polymorphic,VERIFICATION_TIMED_OUT,29792,4
ground_truth,SENG2011_tmp_tmpgk5jq85q_flex_ex1.dfy,tptp,vampire,monomorphic,VERIFICATION_TIMED_OUT,29832,4
ground_truth,SENG2011_tmp_tmpgk5jq85q_flex_ex1.dfy,tptp,vampire,predicates,VERIFICATION_TIMED_OUT,29904,4
ground_truth,SENG2011_tmp_tmpgk5jq85q_flex_ex1.dfy,tptp,vampire,arguments,VERIFICATION_TIMED_OUT,29865,4
ground_truth,SENG2011_tmp_tmpgk5jq85q_flex_ex1.dfy,smtlib,vampire,monomorphic,VERIFICATION_TIMED_OUT,29870,4
ground_truth,SENG2011_tmp_tmpgk5jq85q_flex_ex1.dfy,smtlib,vampire,predicates,VERIFICATION_TIMED_OUT,29843,4
ground_truth,SENG2011_tmp_tmpgk5jq85q_flex_ex1.dfy,smtlib,vampire,arguments,VERIFICATION_TIMED_OUT,29810,4
ground_truth,SENG2011_tmp_tmpgk5jq85q_flex_ex1.dfy,smtlib,z3,monomorphic,VERIFIED,937,0
ground_truth,SENG2011_tmp_tmpgk5jq85q_flex_ex1.dfy,smtlib,z3,predicates,VERIFIED,904,0
ground_truth,SENG2011_tmp_tmpgk5jq85q_flex_ex1.dfy,smtlib,z3,arguments,VERIFIED,886,0
ground_truth,dafny-synthesis_task_id_474.dfy,tptp,vampire,polymorphic,VERIFICATION_TIMED_OUT,29769,4
ground_truth,dafny-synthesis_task_id_474.dfy,tptp,vampire,monomorphic,VERIFICATION_TIMED_OUT,29882,4
ground_truth,dafny-synthesis_task_id_474.dfy,tptp,vampire,predicates,VERIFICATION_TIMED_OUT,29808,4
ground_truth,dafny-synthesis_task_id_474.dfy,tptp,vampire,arguments,VERIFICATION_TIMED_OUT,29787,4
ground_truth,dafny-synthesis_task_id_474.dfy,smtlib,vampire,monomorphic,VERIFICATION_TIMED_OUT,29765,4
ground_truth,dafny-synthesis_task_id_474.dfy,smtlib,vampire,predicates,VERIFICATION_TIMED_OUT,29814,4
ground_truth,dafny-synthesis_task_id_474.dfy,smtlib,vampire,arguments,VERIFICATION_TIMED_OUT,29705,4
ground_truth,dafny-synthesis_task_id_474.dfy,smtlib,z3,monomorphic,VERIFIED,887,0
ground_truth,dafny-synthesis_task_id_474.dfy,smtlib,z3,predicates,VERIFIED,859,0
ground_truth,dafny-synthesis_task_id_474.dfy,smtlib,z3,arguments,VERIFIED,862,0
ground_truth,Program-Verification-Dataset_tmp_tmpgbdrlnu__Dafny_algorithms and leetcode_leetcode_FindPivotIndex.dfy,tptp,vampire,polymorphic,VERIFICATION_TIMED_OUT,30152,4
ground_truth,Program-Verification-Dataset_tmp_tmpgbdrlnu__Dafny_algorithms and leetcode_leetcode_FindPivotIndex.dfy,tptp,vampire,monomorphic,VERIFICATION_TIMED_OUT,29992,4
ground_truth,Program-Verification-Dataset_tmp_tmpgbdrlnu__Dafny_algorithms and leetcode_leetcode_FindPivotIndex.dfy,tptp,vampire,predicates,VERIFICATION_TIMED_OUT,30009,4
ground_truth,Program-Verification-Dataset_tmp_tmpgbdrlnu__Dafny_algorithms and leetcode_leetcode_FindPivotIndex.dfy,tptp,vampire,arguments,VERIFICATION_TIMED_OUT,29959,4
ground_truth,Program-Verification-Dataset_tmp_tmpgbdrlnu__Dafny_algorithms and leetcode_leetcode_FindPivotIndex.dfy,smtlib,vampire,monomorphic,VERIFICATION_TIMED_OUT,29914,4
ground_truth,Program-Verification-Dataset_tmp_tmpgbdrlnu__Dafny_algorithms and leetcode_leetcode_FindPivotIndex.dfy,smtlib,vampire,predicates,VERIFICATION_TIMED_OUT,29879,4
ground_truth,Program-Verification-Dataset_tmp_tmpgbdrlnu__Dafny_algorithms and leetcode_leetcode_FindPivotIndex.dfy,smtlib,vampire,arguments,VERIFICATION_TIMED_OUT,29879,4
ground_truth,Program-Verification-Dataset_tmp_tmpgbdrlnu__Dafny_algorithms and leetcode_leetcode_FindPivotIndex.dfy,smtlib,z3,monomorphic,VERIFIED,1072,0
ground_truth,Program-Verification-Dataset_tmp_tmpgbdrlnu__Dafny_algorithms and leetcode_leetcode_FindPivotIndex.dfy,smtlib,z3,predicates,VERIFIED,1036,0
ground_truth,Program-Verification-Dataset_tmp_tmpgbdrlnu__Dafny_algorithms and leetcode_leetcode_FindPivotIndex.dfy,smtlib,z3,arguments,VERIFIED,1040,0
ground_truth,dafny-synthesis_task_id_310.dfy,tptp,vampire,polymorphic,VERIFIED,27716,0
ground_truth,dafny-synthesis_task_id_310.dfy,tptp,vampire,monomorphic,VERIFICATION_TIMED_OUT,29841,4
ground_truth,dafny-synthesis_task_id_310.dfy,tptp,vampire,predicates,VERIFICATION_TIMED_OUT,29795,4
ground_truth,dafny-synthesis_task_id_310.dfy,tptp,vampire,arguments,VERIFICATION_TIMED_OUT,29831,4
ground_truth,dafny-synthesis_task_id_310.dfy,smtlib,vampire,monomorphic,VERIFIED,3757,0
ground_truth,dafny-synthesis_task_id_310.dfy,smtlib,vampire,predicates,VERIFICATION_TIMED_OUT,29758,4
ground_truth,dafny-synthesis_task_id_310.dfy,smtlib,vampire,arguments,VERIFICATION_TIMED_OUT,29748,4
ground_truth,dafny-synthesis_task_id_310.dfy,smtlib,z3,monomorphic,VERIFIED,870,0
ground_truth,dafny-synthesis_task_id_310.dfy,smtlib,z3,predicates,VERIFIED,853,0
ground_truth,dafny-synthesis_task_id_310.dfy,smtlib,z3,arguments,VERIFIED,861,0
ground_truth,BPTree-verif_tmp_tmpq1z6xm1d_Utils.dfy,tptp,vampire,polymorphic,VERIFICATION_TIMED_OUT,59317,4
ground_truth,BPTree-verif_tmp_tmpq1z6xm1d_Utils.dfy,tptp,vampire,monomorphic,VERIFICATION_TIMED_OUT,59086,4
ground_truth,BPTree-verif_tmp_tmpq1z6xm1d_Utils.dfy,tptp,vampire,predicates,VERIFICATION_TIMED_OUT,59122,4
ground_truth,BPTree-verif_tmp_tmpq1z6xm1d_Utils.dfy,tptp,vampire,arguments,VERIFICATION_TIMED_OUT,59037,4
ground_truth,BPTree-verif_tmp_tmpq1z6xm1d_Utils.dfy,smtlib,vampire,monomorphic,VERIFICATION_TIMED_OUT,59040,4
ground_truth,BPTree-verif_tmp_tmpq1z6xm1d_Utils.dfy,smtlib,vampire,predicates,VERIFICATION_TIMED_OUT,58904,4
ground_truth,BPTree-verif_tmp_tmpq1z6xm1d_Utils.dfy,smtlib,vampire,arguments,VERIFICATION_TIMED_OUT,58874,4
ground_truth,BPTree-verif_tmp_tmpq1z6xm1d_Utils.dfy,smtlib,z3,monomorphic,VERIFIED,5656,0
ground_truth,BPTree-verif_tmp_tmpq1z6xm1d_Utils.dfy,smtlib,z3,predicates,VERIFICATION_TIMED_OUT,31138,4
ground_truth,BPTree-verif_tmp_tmpq1z6xm1d_Utils.dfy,smtlib,z3,arguments,VERIFICATION_TIMED_OUT,31118,4
ground_truth,dafny-synthesis_task_id_113.dfy,tptp,vampire,polymorphic,VERIFIED,2488,0
ground_truth,dafny-synthesis_task_id_113.dfy,tptp,vampire,monomorphic,VERIFIED,1914,0
ground_truth,dafny-synthesis_task_id_113.dfy,tptp,vampire,predicates,VERIFIED,2090,0
ground_truth,dafny-synthesis_task_id_113.dfy,tptp,vampire,arguments,VERIFIED,1886,0
ground_truth,dafny-synthesis_task_id_113.dfy,smtlib,vampire,monomorphic,VERIFIED,1984,0
ground_truth,dafny-synthesis_task_id_113.dfy,smtlib,vampire,predicates,VERIFIED,1680,0
ground_truth,dafny-synthesis_task_id_113.dfy,smtlib,vampire,arguments,VERIFIED,1989,0
ground_truth,dafny-synthesis_task_id_113.dfy,smtlib,z3,monomorphic,VERIFIED,887,0
ground_truth,dafny-synthesis_task_id_113.dfy,smtlib,z3,predicates,VERIFIED,859,0
ground_truth,dafny-synthesis_task_id_113.dfy,smtlib,z3,arguments,VERIFIED,858,0
ground_truth,CVS-Projto1_tmp_tmpb1o0bu8z_Hoare.dfy,tptp,vampire,polymorphic,VERIFICATION_TIMED_OUT,29884,4
ground_truth,CVS-Projto1_tmp_tmpb1o0bu8z_Hoare.dfy,tptp,vampire,monomorphic,VERIFICATION_TIMED_OUT,30019,4
ground_truth,CVS-Projto1_tmp_tmpb1o0bu8z_Hoare.dfy,tptp,vampire,predicates,VERIFICATION_TIMED_OUT,29960,4
ground_truth,CVS-Projto1_tmp_tmpb1o0bu8z_Hoare.dfy,tptp,vampire,arguments,VERIFICATION_TIMED_OUT,29930,4
ground_truth,CVS-Projto1_tmp_tmpb1o0bu8z_Hoare.dfy,smtlib,vampire,monomorphic,VERIFICATION_TIMED_OUT,29937,4
ground_truth,CVS-Projto1_tmp_tmpb1o0bu8z_Hoare.dfy,smtlib,vampire,predicates,VERIFICATION_TIMED_OUT,29899,4
ground_truth,CVS-Projto1_tmp_tmpb1o0bu8z_Hoare.dfy,smtlib,vampire,arguments,VERIFICATION_TIMED_OUT,29950,4
ground_truth,CVS-Projto1_tmp_tmpb1o0bu8z_Hoare.dfy,smtlib,z3,monomorphic,VERIFIED,977,0
ground_truth,CVS-Projto1_tmp_tmpb1o0bu8z_Hoare.dfy,smtlib,z3,predicates,VERIFIED,956,0
ground_truth,CVS-Projto1_tmp_tmpb1o0bu8z_Hoare.dfy,smtlib,z3,arguments,VERIFIED,938,0
ground_truth,Final-Project-Dafny_tmp_tmpmcywuqox_Attempts_Insertion_Sort_Normal.dfy,tptp,vampire,polymorphic,VERIFICATION_TIMED_OUT,29833,4
ground_truth,Final-Project-Dafny_tmp_tmpmcywuqox_Attempts_Insertion_Sort_Normal.dfy,tptp,vampire,monomorphic,VERIFICATION_TIMED_OUT,29942,4
ground_truth,Final-Project-Dafny_tmp_tmpmcywuqox_Attempts_Insertion_Sort_Normal.dfy,tptp,vampire,predicates,VERIFICATION_TIMED_OUT,29919,4
ground_truth,Final-Project-Dafny_tmp_tmpmcywuqox_Attempts_Insertion_Sort_Normal.dfy,tptp,vampire,arguments,VERIFICATION_TIMED_OUT,29839,4
ground_truth,Final-Project-Dafny_tmp_tmpmcywuqox_Attempts_Insertion_Sort_Normal.dfy,smtlib,vampire,monomorphic,VERIFICATION_TIMED_OUT,29841,4
ground_truth,Final-Project-Dafny_tmp_tmpmcywuqox_Attempts_Insertion_Sort_Normal.dfy,smtlib,vampire,predicates,VERIFICATION_TIMED_OUT,29830,4
ground_truth,Final-Project-Dafny_tmp_tmpmcywuqox_Attempts_Insertion_Sort_Normal.dfy,smtlib,vampire,arguments,VERIFICATION_TIMED_OUT,29872,4
ground_truth,Final-Project-Dafny_tmp_tmpmcywuqox_Attempts_Insertion_Sort_Normal.dfy,smtlib,z3,monomorphic,VERIFIED,1056,0
ground_truth,Final-Project-Dafny_tmp_tmpmcywuqox_Attempts_Insertion_Sort_Normal.dfy,smtlib,z3,predicates,VERIFIED,1018,0
ground_truth,Final-Project-Dafny_tmp_tmpmcywuqox_Attempts_Insertion_Sort_Normal.dfy,smtlib,z3,arguments,VERIFIED,1039,0
ground_truth,groupTheory_tmp_tmppmmxvu8h_tutorial2.dfy,tptp,vampire,polymorphic,VERIFIED,23268,0
ground_truth,groupTheory_tmp_tmppmmxvu8h_tutorial2.dfy,tptp,vampire,monomorphic,VERIFIED,1779,0
ground_truth,groupTheory_tmp_tmppmmxvu8h_tutorial2.dfy,tptp,vampire,predicates,VERIFICATION_TIMED_OUT,29785,4
ground_truth,groupTheory_tmp_tmppmmxvu8h_tutorial2.dfy,tptp,vampire,arguments,VERIFIED,2703,0
ground_truth,groupTheory_tmp_tmppmmxvu8h_tutorial2.dfy,smtlib,vampire,monomorphic,VERIFIED,2009,0
ground_truth,groupTheory_tmp_tmppmmxvu8h_tutorial2.dfy,smtlib,vampire,predicates,VERIFICATION_TIMED_OUT,29734,4
ground_truth,groupTheory_tmp_tmppmmxvu8h_tutorial2.dfy,smtlib,vampire,arguments,VERIFIED,2872,0
ground_truth,groupTheory_tmp_tmppmmxvu8h_tutorial2.dfy,smtlib,z3,monomorphic,VERIFIED,840,0
ground_truth,groupTheory_tmp_tmppmmxvu8h_tutorial2.dfy,smtlib,z3,predicates,VERIFIED,812,0
ground_truth,groupTheory_tmp_tmppmmxvu8h_tutorial2.dfy,smtlib,z3,arguments,VERIFIED,810,0
ground_truth,test-generation-examples_tmp_tmptwyqofrp_IntegerSet_dafny_IntegerSet.dfy,tptp,vampire,polymorphic,VERIFICATION_TIMED_OUT,30179,4
ground_truth,test-generation-examples_tmp_tmptwyqofrp_IntegerSet_dafny_IntegerSet.dfy,tptp,vampire,monomorphic,VERIFICATION_TIMED_OUT,30268,4
ground_truth,test-generation-examples_tmp_tmptwyqofrp_IntegerSet_dafny_IntegerSet.dfy,tptp,vampire,predicates,VERIFICATION_TIMED_OUT,30522,4
ground_truth,test-generation-examples_tmp_tmptwyqofrp_IntegerSet_dafny_IntegerSet.dfy,tptp,vampire,arguments,VERIFICATION_TIMED_OUT,30283,4
ground_truth,test-generation-examples_tmp_tmptwyqofrp_IntegerSet_dafny_IntegerSet.dfy,smtlib,vampire,monomorphic,VERIFICATION_TIMED_OUT,30242,4
ground_truth,test-generation-examples_tmp_tmptwyqofrp_IntegerSet_dafny_IntegerSet.dfy,smtlib,vampire,predicates,VERIFICATION_TIMED_OUT,30567,4
ground_truth,test-generation-examples_tmp_tmptwyqofrp_IntegerSet_dafny_IntegerSet.dfy,smtlib,vampire,arguments,VERIFICATION_TIMED_OUT,30199,4
ground_truth,test-generation-examples_tmp_tmptwyqofrp_IntegerSet_dafny_IntegerSet.dfy,smtlib,z3,monomorphic,VERIFIED,1133,0
ground_truth,test-generation-examples_tmp_tmptwyqofrp_IntegerSet_dafny_IntegerSet.dfy,smtlib,z3,predicates,VERIFIED,1121,0
ground_truth,test-generation-examples_tmp_tmptwyqofrp_IntegerSet_dafny_IntegerSet.dfy,smtlib,z3,arguments,VERIFIED,1077,0
ground_truth,Program-Verification-Dataset_tmp_tmpgbdrlnu__Dafny_variant examples_KatzManna.dfy,tptp,vampire,polymorphic,VERIFIED,2791,0
ground_truth,Program-Verification-Dataset_tmp_tmpgbdrlnu__Dafny_variant examples_KatzManna.dfy,tptp,vampire,monomorphic,VERIFIED,3327,0
ground_truth,Program-Verification-Dataset_tmp_tmpgbdrlnu__Dafny_variant examples_KatzManna.dfy,tptp,vampire,predicates,VERIFICATION_TIMED_OUT,29892,4
ground_truth,Program-Verification-Dataset_tmp_tmpgbdrlnu__Dafny_variant examples_KatzManna.dfy,tptp,vampire,arguments,VERIFIED,8339,0
ground_truth,Program-Verification-Dataset_tmp_tmpgbdrlnu__Dafny_variant examples_KatzManna.dfy,smtlib,vampire,monomorphic,VERIFIED,4713,0
ground_truth,Program-Verification-Dataset_tmp_tmpgbdrlnu__Dafny_variant examples_KatzManna.dfy,smtlib,vampire,predicates,VERIFICATION_TIMED_OUT,29711,4
ground_truth,Program-Verification-Dataset_tmp_tmpgbdrlnu__Dafny_variant examples_KatzManna.dfy,smtlib,vampire,arguments,VERIFIED,8294,0
ground_truth,Program-Verification-Dataset_tmp_tmpgbdrlnu__Dafny_variant examples_KatzManna.dfy,smtlib,z3,monomorphic,VERIFIED,909,0
ground_truth,Program-Verification-Dataset_tmp_tmpgbdrlnu__Dafny_variant examples_KatzManna.dfy,smtlib,z3,predicates,VERIFIED,859,0
ground_truth,Program-Verification-Dataset_tmp_tmpgbdrlnu__Dafny_variant examples_KatzManna.dfy,smtlib,z3,arguments,VERIFIED,849,0
ground_truth,Dafny_Learning_Experience_tmp_tmpuxvcet_u_week8_12_a3 copy 2.dfy,tptp,vampire,polymorphic,VERIFICATION_TIMED_OUT,60026,4
ground_truth,Dafny_Learning_Experience_tmp_tmpuxvcet_u_week8_12_a3 copy 2.dfy,tptp,vampire,monomorphic,VERIFICATION_TIMED_OUT,59427,4
ground_truth,Dafny_Learning_Experience_tmp_tmpuxvcet_u_week8_12_a3 copy 2.dfy,tptp,vampire,predicates,VERIFICATION_TIMED_OUT,67534,4
ground_truth,Dafny_Learning_Experience_tmp_tmpuxvcet_u_week8_12_a3 copy 2.dfy,tptp,vampire,arguments,VERIFICATION_TIMED_OUT,59411,4
ground_truth,Dafny_Learning_Experience_tmp_tmpuxvcet_u_week8_12_a3 copy 2.dfy,smtlib,vampire,monomorphic,VERIFICATION_TIMED_OUT,31203,134
ground_truth,Dafny_Learning_Experience_tmp_tmpuxvcet_u_week8_12_a3 copy 2.dfy,smtlib,vampire,predicates,VERIFICATION_TIMED_OUT,59736,4
ground_truth,Dafny_Learning_Experience_tmp_tmpuxvcet_u_week8_12_a3 copy 2.dfy,smtlib,vampire,arguments,VERIFICATION_TIMED_OUT,59315,4
ground_truth,Dafny_Learning_Experience_tmp_tmpuxvcet_u_week8_12_a3 copy 2.dfy,smtlib,z3,monomorphic,VERIFIED,1358,0
ground_truth,Dafny_Learning_Experience_tmp_tmpuxvcet_u_week8_12_a3 copy 2.dfy,smtlib,z3,predicates,VERIFIED,1263,0
ground_truth,Dafny_Learning_Experience_tmp_tmpuxvcet_u_week8_12_a3 copy 2.dfy,smtlib,z3,arguments,VERIFIED,1255,0
ground_truth,dafny_tmp_tmp59p638nn_examples_SelectionSort.dfy,tptp,vampire,polymorphic,VERIFICATION_TIMED_OUT,29917,4
ground_truth,dafny_tmp_tmp59p638nn_examples_SelectionSort.dfy,tptp,vampire,monomorphic,VERIFICATION_TIMED_OUT,29962,4
ground_truth,dafny_tmp_tmp59p638nn_examples_SelectionSort.dfy,tptp,vampire,predicates,VERIFICATION_TIMED_OUT,29950,4
ground_truth,dafny_tmp_tmp59p638nn_examples_SelectionSort.dfy,tptp,vampire,arguments,VERIFICATION_TIMED_OUT,29911,4
ground_truth,dafny_tmp_tmp59p638nn_examples_SelectionSort.dfy,smtlib,vampire,monomorphic,VERIFICATION_TIMED_OUT,29914,4
ground_truth,dafny_tmp_tmp59p638nn_examples_SelectionSort.dfy,smtlib,vampire,predicates,VERIFICATION_TIMED_OUT,29847,4
ground_truth,dafny_tmp_tmp59p638nn_examples_SelectionSort.dfy,smtlib,vampire,arguments,VERIFICATION_TIMED_OUT,29869,4
ground_truth,dafny_tmp_tmp59p638nn_examples_SelectionSort.dfy,smtlib,z3,monomorphic,VERIFIED,978,0
ground_truth,dafny_tmp_tmp59p638nn_examples_SelectionSort.dfy,smtlib,z3,predicates,VERIFIED,961,0
ground_truth,dafny_tmp_tmp59p638nn_examples_SelectionSort.dfy,smtlib,z3,arguments,VERIFIED,944,0
ground_truth,Clover_selectionsort.dfy,tptp,vampire,polymorphic,VERIFICATION_TIMED_OUT,29766,4
ground_truth,Clover_selectionsort.dfy,tptp,vampire,monomorphic,VERIFICATION_TIMED_OUT,29841,4
ground_truth,Clover_selectionsort.dfy,tptp,vampire,predicates,VERIFICATION_TIMED_OUT,29807,4
ground_truth,Clover_selectionsort.dfy,tptp,vampire,arguments,VERIFICATION_TIMED_OUT,29841,4
ground_truth,Clover_selectionsort.dfy,smtlib,vampire,monomorphic,VERIFICATION_TIMED_OUT,29807,4
ground_truth,Clover_selectionsort.dfy,smtlib,vampire,predicates,VERIFICATION_TIMED_OUT,29771,4
ground_truth,Clover_selectionsort.dfy,smtlib,vampire,arguments,VERIFICATION_TIMED_OUT,29774,4
ground_truth,Clover_selectionsort.dfy,smtlib,z3,monomorphic,VERIFIED,953,0
ground_truth,Clover_selectionsort.dfy,smtlib,z3,predicates,VERIFIED,934,0
ground_truth,Clover_selectionsort.dfy,smtlib,z3,arguments,VERIFIED,916,0
ground_truth,vfag_tmp_tmpc29dxm1j_Verificacion_torneo.dfy,tptp,vampire,polymorphic,VERIFICATION_TIMED_OUT,29951,4
ground_truth,vfag_tmp_tmpc29dxm1j_Verificacion_torneo.dfy,tptp,vampire,monomorphic,VERIFICATION_TIMED_OUT,29986,4
ground_truth,vfag_tmp_tmpc29dxm1j_Verificacion_torneo.dfy,tptp,vampire,predicates,VERIFICATION_TIMED_OUT,29982,4
ground_truth,vfag_tmp_tmpc29dxm1j_Verificacion_torneo.dfy,tptp,vampire,arguments,VERIFICATION_TIMED_OUT,29939,4
ground_truth,vfag_tmp_tmpc29dxm1j_Verificacion_torneo.dfy,smtlib,vampire,monomorphic,VERIFICATION_TIMED_OUT,29965,4
ground_truth,vfag_tmp_tmpc29dxm1j_Verificacion_torneo.dfy,smtlib,vampire,predicates,VERIFICATION_TIMED_OUT,29895,4
ground_truth,vfag_tmp_tmpc29dxm1j_Verificacion_torneo.dfy,smtlib,vampire,arguments,VERIFICATION_TIMED_OUT,29855,4
ground_truth,vfag_tmp_tmpc29dxm1j_Verificacion_torneo.dfy,smtlib,z3,monomorphic,VERIFIED,1515,0
ground_truth,vfag_tmp_tmpc29dxm1j_Verificacion_torneo.dfy,smtlib,z3,predicates,VERIFIED,1467,0
ground_truth,vfag_tmp_tmpc29dxm1j_Verificacion_torneo.dfy,smtlib,z3,arguments,VERIFIED,1460,0
ground_truth,fv2020-tms_tmp_tmpnp85b47l_modeling_concurrency_safety.dfy,tptp,vampire,polymorphic,VERIFICATION_TIMED_OUT,30033,4
ground_truth,fv2020-tms_tmp_tmpnp85b47l_modeling_concurrency_safety.dfy,tptp,vampire,monomorphic,VERIFICATION_TIMED_OUT,30136,4
ground_truth,fv2020-tms_tmp_tmpnp85b47l_modeling_concurrency_safety.dfy,tptp,vampire,predicates,VERIFICATION_TIMED_OUT,58963,4
ground_truth,fv2020-tms_tmp_tmpnp85b47l_modeling_concurrency_safety.dfy,tptp,vampire,arguments,VERIFICATION_TIMED_OUT,30422,4
ground_truth,fv2020-tms_tmp_tmpnp85b47l_modeling_concurrency_safety.dfy,smtlib,vampire,monomorphic,VERIFICATION_TIMED_OUT,30135,4
ground_truth,fv2020-tms_tmp_tmpnp85b47l_modeling_concurrency_safety.dfy,smtlib,vampire,predicates,VERIFICATION_TIMED_OUT,58985,4
ground_truth,fv2020-tms_tmp_tmpnp85b47l_modeling_concurrency_safety.dfy,smtlib,vampire,arguments,VERIFICATION_TIMED_OUT,30378,4
ground_truth,fv2020-tms_tmp_tmpnp85b47l_modeling_concurrency_safety.dfy,smtlib,z3,monomorphic,VERIFIED,1293,0
ground_truth,fv2020-tms_tmp_tmpnp85b47l_modeling_concurrency_safety.dfy,smtlib,z3,predicates,VERIFIED,1263,0
ground_truth,fv2020-tms_tmp_tmpnp85b47l_modeling_concurrency_safety.dfy,smtlib,z3,arguments,VERIFIED,1234,0
ground_truth,Clover_linear_search2.dfy,tptp,vampire,polymorphic,VERIFIED,14727,0
ground_truth,Clover_linear_search2.dfy,tptp,vampire,monomorphic,VERIFIED,2847,0
ground_truth,Clover_linear_search2.dfy,tptp,vampire,predicates,VERIFIED,18529,0
ground_truth,Clover_linear_search2.dfy,tptp,vampire,arguments,VERIFIED,1894,0
ground_truth,Clover_linear_search2.dfy,smtlib,vampire,monomorphic,VERIFIED,2029,0
ground_truth,Clover_linear_search2.dfy,smtlib,vampire,predicates,VERIFIED,3617,0
ground_truth,Clover_linear_search2.dfy,smtlib,vampire,arguments,VERIFIED,2013,0
ground_truth,Clover_linear_search2.dfy,smtlib,z3,monomorphic,VERIFIED,916,0
ground_truth,Clover_linear_search2.dfy,smtlib,z3,predicates,VERIFIED,877,0
ground_truth,Clover_linear_search2.dfy,smtlib,z3,arguments,VERIFIED,871,0
ground_truth,laboratory_tmp_tmps8ws6mu2_dafny-tutorial_exercise9.dfy,tptp,vampire,polymorphic,VERIFICATION_TIMED_OUT,29769,4
ground_truth,laboratory_tmp_tmps8ws6mu2_dafny-tutorial_exercise9.dfy,tptp,vampire,monomorphic,VERIFICATION_TIMED_OUT,29912,4
ground_truth,laboratory_tmp_tmps8ws6mu2_dafny-tutorial_exercise9.dfy,tptp,vampire,predicates,VERIFICATION_TIMED_OUT,29804,4
ground_truth,laboratory_tmp_tmps8ws6mu2_dafny-tutorial_exercise9.dfy,tptp,vampire,arguments,VERIFICATION_TIMED_OUT,29845,4
ground_truth,laboratory_tmp_tmps8ws6mu2_dafny-tutorial_exercise9.dfy,smtlib,vampire,monomorphic,VERIFICATION_TIMED_OUT,29734,4
ground_truth,laboratory_tmp_tmps8ws6mu2_dafny-tutorial_exercise9.dfy,smtlib,vampire,predicates,VERIFIED,19573,0
ground_truth,laboratory_tmp_tmps8ws6mu2_dafny-tutorial_exercise9.dfy,smtlib,vampire,arguments,VERIFICATION_TIMED_OUT,29707,4
ground_truth,laboratory_tmp_tmps8ws6mu2_dafny-tutorial_exercise9.dfy,smtlib,z3,monomorphic,VERIFIED,858,0
ground_truth,laboratory_tmp_tmps8ws6mu2_dafny-tutorial_exercise9.dfy,smtlib,z3,predicates,VERIFIED,844,0
ground_truth,laboratory_tmp_tmps8ws6mu2_dafny-tutorial_exercise9.dfy,smtlib,z3,arguments,VERIFIED,832,0
ground_truth,Dafny_ProgrammingLanguages_tmp_tmp82_e0kji_ExtraCredit.dfy,tptp,vampire,polymorphic,VERIFICATION_TIMED_OUT,29842,4
ground_truth,Dafny_ProgrammingLanguages_tmp_tmp82_e0kji_ExtraCredit.dfy,tptp,vampire,monomorphic,VERIFICATION_TIMED_OUT,29915,4
ground_truth,Dafny_ProgrammingLanguages_tmp_tmp82_e0kji_ExtraCredit.dfy,tptp,vampire,predicates,VERIFICATION_TIMED_OUT,29813,4
ground_truth,Dafny_ProgrammingLanguages_tmp_tmp82_e0kji_ExtraCredit.dfy,tptp,vampire,arguments,VERIFICATION_TIMED_OUT,29844,4
ground_truth,Dafny_ProgrammingLanguages_tmp_tmp82_e0kji_ExtraCredit.dfy,smtlib,vampire,monomorphic,VERIFICATION_TIMED_OUT,29882,4
ground_truth,Dafny_ProgrammingLanguages_tmp_tmp82_e0kji_ExtraCredit.dfy,smtlib,vampire,predicates,VERIFICATION_TIMED_OUT,29772,4
ground_truth,Dafny_ProgrammingLanguages_tmp_tmp82_e0kji_ExtraCredit.dfy,smtlib,vampire,arguments,VERIFICATION_TIMED_OUT,29759,4
ground_truth,Dafny_ProgrammingLanguages_tmp_tmp82_e0kji_ExtraCredit.dfy,smtlib,z3,monomorphic,VERIFIED,932,0
ground_truth,Dafny_ProgrammingLanguages_tmp_tmp82_e0kji_ExtraCredit.dfy,smtlib,z3,predicates,VERIFIED,910,0
ground_truth,Dafny_ProgrammingLanguages_tmp_tmp82_e0kji_ExtraCredit.dfy,smtlib,z3,arguments,VERIFIED,878,0
ground_truth,dafny_misc_tmp_tmpg4vzlnm1_rosetta_code_fibonacci_sequence.dfy,tptp,vampire,polymorphic,VERIFICATION_TIMED_OUT,29830,4
ground_truth,dafny_misc_tmp_tmpg4vzlnm1_rosetta_code_fibonacci_sequence.dfy,tptp,vampire,monomorphic,VERIFICATION_TIMED_OUT,29837,4
ground_truth,dafny_misc_tmp_tmpg4vzlnm1_rosetta_code_fibonacci_sequence.dfy,tptp,vampire,predicates,VERIFICATION_TIMED_OUT,29800,4
ground_truth,dafny_misc_tmp_tmpg4vzlnm1_rosetta_code_fibonacci_sequence.dfy,tptp,vampire,arguments,VERIFICATION_TIMED_OUT,29830,4
ground_truth,dafny_misc_tmp_tmpg4vzlnm1_rosetta_code_fibonacci_sequence.dfy,smtlib,vampire,monomorphic,VERIFICATION_TIMED_OUT,29847,4
ground_truth,dafny_misc_tmp_tmpg4vzlnm1_rosetta_code_fibonacci_sequence.dfy,smtlib,vampire,predicates,VERIFICATION_TIMED_OUT,29787,4
ground_truth,dafny_misc_tmp_tmpg4vzlnm1_rosetta_code_fibonacci_sequence.dfy,smtlib,vampire,arguments,VERIFICATION_TIMED_OUT,29718,4
ground_truth,dafny_misc_tmp_tmpg4vzlnm1_rosetta_code_fibonacci_sequence.dfy,smtlib,z3,monomorphic,VERIFIED,884,0
ground_truth,dafny_misc_tmp_tmpg4vzlnm1_rosetta_code_fibonacci_sequence.dfy,smtlib,z3,predicates,VERIFIED,855,0
ground_truth,dafny_misc_tmp_tmpg4vzlnm1_rosetta_code_fibonacci_sequence.dfy,smtlib,z3,arguments,VERIFIED,859,0
ground_truth,Dafny_Verify_tmp_tmphq7j0row_Fine_Tune_Examples_error_data_completion_11.dfy,tptp,vampire,polymorphic,VERIFIED,895,0
ground_truth,Dafny_Verify_tmp_tmphq7j0row_Fine_Tune_Examples_error_data_completion_11.dfy,tptp,vampire,monomorphic,VERIFIED,944,0
ground_truth,Dafny_Verify_tmp_tmphq7j0row_Fine_Tune_Examples_error_data_completion_11.dfy,tptp,vampire,predicates,VERIFIED,981,0
ground_truth,Dafny_Verify_tmp_tmphq7j0row_Fine_Tune_Examples_error_data_completion_11.dfy,tptp,vampire,arguments,VERIFIED,899,0
ground_truth,Dafny_Verify_tmp_tmphq7j0row_Fine_Tune_Examples_error_data_completion_11.dfy,smtlib,vampire,monomorphic,VERIFIED,970,0
ground_truth,Dafny_Verify_tmp_tmphq7j0row_Fine_Tune_Examples_error_data_completion_11.dfy,smtlib,vampire,predicates,VERIFIED,971,0
ground_truth,Dafny_Verify_tmp_tmphq7j0row_Fine_Tune_Examples_error_data_completion_11.dfy,smtlib,vampire,arguments,VERIFIED,937,0
ground_truth,Dafny_Verify_tmp_tmphq7j0row_Fine_Tune_Examples_error_data_completion_11.dfy,smtlib,z3,monomorphic,VERIFIED,824,0
ground_truth,Dafny_Verify_tmp_tmphq7j0row_Fine_Tune_Examples_error_data_completion_11.dfy,smtlib,z3,predicates,VERIFIED,794,0
ground_truth,Dafny_Verify_tmp_tmphq7j0row_Fine_Tune_Examples_error_data_completion_11.dfy,smtlib,z3,arguments,VERIFIED,791,0
ground_truth,dafny-synthesis_task_id_477.dfy,tptp,vampire,polymorphic,VERIFICATION_TIMED_OUT,29841,4
ground_truth,dafny-synthesis_task_id_477.dfy,tptp,vampire,monomorphic,VERIFICATION_TIMED_OUT,29903,4
ground_truth,dafny-synthesis_task_id_477.dfy,tptp,vampire,predicates,VERIFICATION_TIMED_OUT,29875,4
ground_truth,dafny-synthesis_task_id_477.dfy,tptp,vampire,arguments,VERIFICATION_TIMED_OUT,29878,4
ground_truth,dafny-synthesis_task_id_477.dfy,smtlib,vampire,monomorphic,VERIFICATION_TIMED_OUT,29856,4
ground_truth,dafny-synthesis_task_id_477.dfy,smtlib,vampire,predicates,VERIFICATION_TIMED_OUT,29827,4
ground_truth,dafny-synthesis_task_id_477.dfy,smtlib,vampire,arguments,VERIFICATION_TIMED_OUT,29825,4
ground_truth,dafny-synthesis_task_id_477.dfy,smtlib,z3,monomorphic,VERIFIED,956,0
ground_truth,dafny-synthesis_task_id_477.dfy,smtlib,z3,predicates,VERIFIED,895,0
ground_truth,dafny-synthesis_task_id_477.dfy,smtlib,z3,arguments,VERIFIED,887,0
ground_truth,Program-Verification-Dataset_tmp_tmpgbdrlnu__Dafny_from dafny main repo_dafny2_StoreAndRetrieve.dfy,tptp,vampire,polymorphic,VERIFICATION_TIMED_OUT,70078,4
ground_truth,Program-Verification-Dataset_tmp_tmpgbdrlnu__Dafny_from dafny main repo_dafny2_StoreAndRetrieve.dfy,tptp,vampire,monomorphic,VERIFICATION_TIMED_OUT,70243,4
ground_truth,Program-Verification-Dataset_tmp_tmpgbdrlnu__Dafny_from dafny main repo_dafny2_StoreAndRetrieve.dfy,tptp,vampire,predicates,VERIFICATION_TIMED_OUT,117540,4
ground_truth,Program-Verification-Dataset_tmp_tmpgbdrlnu__Dafny_from dafny main repo_dafny2_StoreAndRetrieve.dfy,tptp,vampire,arguments,VERIFICATION_TIMED_OUT,117448,4
ground_truth,Program-Verification-Dataset_tmp_tmpgbdrlnu__Dafny_from dafny main repo_dafny2_StoreAndRetrieve.dfy,smtlib,vampire,monomorphic,VERIFICATION_TIMED_OUT,63768,4
ground_truth,Program-Verification-Dataset_tmp_tmpgbdrlnu__Dafny_from dafny main repo_dafny2_StoreAndRetrieve.dfy,smtlib,vampire,predicates,VERIFICATION_TIMED_OUT,146031,4
ground_truth,Program-Verification-Dataset_tmp_tmpgbdrlnu__Dafny_from dafny main repo_dafny2_StoreAndRetrieve.dfy,smtlib,vampire,arguments,VERIFICATION_TIMED_OUT,62960,4
ground_truth,Program-Verification-Dataset_tmp_tmpgbdrlnu__Dafny_from dafny main repo_dafny2_StoreAndRetrieve.dfy,smtlib,z3,monomorphic,VERIFIED,1564,0
ground_truth,Program-Verification-Dataset_tmp_tmpgbdrlnu__Dafny_from dafny main repo_dafny2_StoreAndRetrieve.dfy,smtlib,z3,predicates,VERIFIED,1378,0
ground_truth,Program-Verification-Dataset_tmp_tmpgbdrlnu__Dafny_from dafny main repo_dafny2_StoreAndRetrieve.dfy,smtlib,z3,arguments,VERIFIED,1320,0
ground_truth,dafny-synthesis_task_id_733.dfy,tptp,vampire,polymorphic,VERIFICATION_TIMED_OUT,29796,4
ground_truth,dafny-synthesis_task_id_733.dfy,tptp,vampire,monomorphic,VERIFIED,18302,0
ground_truth,dafny-synthesis_task_id_733.dfy,tptp,vampire,predicates,VERIFICATION_TIMED_OUT,29887,4
ground_truth,dafny-synthesis_task_id_733.dfy,tptp,vampire,arguments,VERIFIED,1883,0
ground_truth,dafny-synthesis_task_id_733.dfy,smtlib,vampire,monomorphic,VERIFIED,2001,0
ground_truth,dafny-synthesis_task_id_733.dfy,smtlib,vampire,predicates,VERIFICATION_TIMED_OUT,29831,4
ground_truth,dafny-synthesis_task_id_733.dfy,smtlib,vampire,arguments,VERIFIED,1931,0
ground_truth,dafny-synthesis_task_id_733.dfy,smtlib,z3,monomorphic,VERIFIED,901,0
ground_truth,dafny-synthesis_task_id_733.dfy,smtlib,z3,predicates,VERIFIED,879,0
ground_truth,dafny-synthesis_task_id_733.dfy,smtlib,z3,arguments,VERIFIED,864,0
ground_truth,dafny-language-server_tmp_tmpkir0kenl_Test_dafny4_git-issue74.dfy,tptp,vampire,polymorphic,VERIFIED,870,0
ground_truth,dafny-language-server_tmp_tmpkir0kenl_Test_dafny4_git-issue74.dfy,tptp,vampire,monomorphic,VERIFIED,946,0
ground_truth,dafny-language-server_tmp_tmpkir0kenl_Test_dafny4_git-issue74.dfy,tptp,vampire,predicates,VERIFIED,1100,0
ground_truth,dafny-language-server_tmp_tmpkir0kenl_Test_dafny4_git-issue74.dfy,tptp,vampire,arguments,VERIFIED,966,0
ground_truth,dafny-language-server_tmp_tmpkir0kenl_Test_dafny4_git-issue74.dfy,smtlib,vampire,monomorphic,VERIFIED,932,0
ground_truth,dafny-language-server_tmp_tmpkir0kenl_Test_dafny4_git-issue74.dfy,smtlib,vampire,predicates,VERIFIED,945,0
ground_truth,dafny-language-server_tmp_tmpkir0kenl_Test_dafny4_git-issue74.dfy,smtlib,vampire,arguments,VERIFIED,930,0
ground_truth,dafny-language-server_tmp_tmpkir0kenl_Test_dafny4_git-issue74.dfy,smtlib,z3,monomorphic,VERIFIED,862,0
ground_truth,dafny-language-server_tmp_tmpkir0kenl_Test_dafny4_git-issue74.dfy,smtlib,z3,predicates,VERIFIED,835,0
ground_truth,dafny-language-server_tmp_tmpkir0kenl_Test_dafny4_git-issue74.dfy,smtlib,z3,arguments,VERIFIED,828,0
ground_truth,Dafny_tmp_tmpmvs2dmry_pancakesort_findmax.dfy,tptp,vampire,polymorphic,VERIFICATION_TIMED_OUT,29817,4
ground_truth,Dafny_tmp_tmpmvs2dmry_pancakesort_findmax.dfy,tptp,vampire,monomorphic,VERIFICATION_TIMED_OUT,29904,4
ground_truth,Dafny_tmp_tmpmvs2dmry_pancakesort_findmax.dfy,tptp,vampire,predicates,VERIFICATION_TIMED_OUT,29791,4
ground_truth,Dafny_tmp_tmpmvs2dmry_pancakesort_findmax.dfy,tptp,vampire,arguments,VERIFIED,1885,0
ground_truth,Dafny_tmp_tmpmvs2dmry_pancakesort_findmax.dfy,smtlib,vampire,monomorphic,VERIFIED,3747,0
ground_truth,Dafny_tmp_tmpmvs2dmry_pancakesort_findmax.dfy,smtlib,vampire,predicates,VERIFICATION_TIMED_OUT,29836,4
ground_truth,Dafny_tmp_tmpmvs2dmry_pancakesort_findmax.dfy,smtlib,vampire,arguments,VERIFICATION_TIMED_OUT,29773,4
ground_truth,Dafny_tmp_tmpmvs2dmry_pancakesort_findmax.dfy,smtlib,z3,monomorphic,VERIFIED,886,0
ground_truth,Dafny_tmp_tmpmvs2dmry_pancakesort_findmax.dfy,smtlib,z3,predicates,VERIFIED,872,0
ground_truth,Dafny_tmp_tmpmvs2dmry_pancakesort_findmax.dfy,smtlib,z3,arguments,VERIFIED,858,0
ground_truth,Program-Verification-Dataset_tmp_tmpgbdrlnu__Dafny_from_dafny_main_repo_dafny0_snapshots_Inputs_Snapshots1.dfy,tptp,vampire,polymorphic,VERIFIED,826,0
ground_truth,Program-Verification-Dataset_tmp_tmpgbdrlnu__Dafny_from_dafny_main_repo_dafny0_snapshots_Inputs_Snapshots1.dfy,tptp,vampire,monomorphic,VERIFIED,847,0
ground_truth,Program-Verification-Dataset_tmp_tmpgbdrlnu__Dafny_from_dafny_main_repo_dafny0_snapshots_Inputs_Snapshots1.dfy,tptp,vampire,predicates,VERIFIED,836,0
ground_truth,Program-Verification-Dataset_tmp_tmpgbdrlnu__Dafny_from_dafny_main_repo_dafny0_snapshots_Inputs_Snapshots1.dfy,tptp,vampire,arguments,VERIFIED,823,0
ground_truth,Program-Verification-Dataset_tmp_tmpgbdrlnu__Dafny_from_dafny_main_repo_dafny0_snapshots_Inputs_Snapshots1.dfy,smtlib,vampire,monomorphic,VERIFIED,805,0
ground_truth,Program-Verification-Dataset_tmp_tmpgbdrlnu__Dafny_from_dafny_main_repo_dafny0_snapshots_Inputs_Snapshots1.dfy,smtlib,vampire,predicates,VERIFIED,792,0
ground_truth,Program-Verification-Dataset_tmp_tmpgbdrlnu__Dafny_from_dafny_main_repo_dafny0_snapshots_Inputs_Snapshots1.dfy,smtlib,vampire,arguments,VERIFIED,784,0
ground_truth,Program-Verification-Dataset_tmp_tmpgbdrlnu__Dafny_from_dafny_main_repo_dafny0_snapshots_Inputs_Snapshots1.dfy,smtlib,z3,monomorphic,VERIFIED,812,0
ground_truth,Program-Verification-Dataset_tmp_tmpgbdrlnu__Dafny_from_dafny_main_repo_dafny0_snapshots_Inputs_Snapshots1.dfy,smtlib,z3,predicates,VERIFIED,788,0
ground_truth,Program-Verification-Dataset_tmp_tmpgbdrlnu__Dafny_from_dafny_main_repo_dafny0_snapshots_Inputs_Snapshots1.dfy,smtlib,z3,arguments,VERIFIED,777,0
ground_truth,dafny-exercise_tmp_tmpouftptir_appendArray.dfy,tptp,vampire,polymorphic,VERIFICATION_TIMED_OUT,29823,4
ground_truth,dafny-exercise_tmp_tmpouftptir_appendArray.dfy,tptp,vampire,monomorphic,VERIFICATION_TIMED_OUT,29844,4
ground_truth,dafny-exercise_tmp_tmpouftptir_appendArray.dfy,tptp,vampire,predicates,VERIFICATION_TIMED_OUT,29776,4
ground_truth,dafny-exercise_tmp_tmpouftptir_appendArray.dfy,tptp,vampire,arguments,VERIFICATION_TIMED_OUT,29846,4
ground_truth,dafny-exercise_tmp_tmpouftptir_appendArray.dfy,smtlib,vampire,monomorphic,VERIFICATION_TIMED_OUT,29825,4
ground_truth,dafny-exercise_tmp_tmpouftptir_appendArray.dfy,smtlib,vampire,predicates,VERIFICATION_TIMED_OUT,29775,4
ground_truth,dafny-exercise_tmp_tmpouftptir_appendArray.dfy,smtlib,vampire,arguments,VERIFICATION_TIMED_OUT,29792,4
ground_truth,dafny-exercise_tmp_tmpouftptir_appendArray.dfy,smtlib,z3,monomorphic,VERIFIED,887,0
ground_truth,dafny-exercise_tmp_tmpouftptir_appendArray.dfy,smtlib,z3,predicates,VERIFIED,880,0
ground_truth,dafny-exercise_tmp_tmpouftptir_appendArray.dfy,smtlib,z3,arguments,VERIFIED,856,0
ground_truth,dafny_projects_tmp_tmpjutqwjv4_tutorial_tutorial.dfy,tptp,vampire,polymorphic,VERIFICATION_TIMED_OUT,58960,4
ground_truth,dafny_projects_tmp_tmpjutqwjv4_tutorial_tutorial.dfy,tptp,vampire,monomorphic,VERIFICATION_TIMED_OUT,59088,4
ground_truth,dafny_projects_tmp_tmpjutqwjv4_tutorial_tutorial.dfy,tptp,vampire,predicates,VERIFICATION_TIMED_OUT,59317,4
ground_truth,dafny_projects_tmp_tmpjutqwjv4_tutorial_tutorial.dfy,tptp,vampire,arguments,VERIFICATION_TIMED_OUT,47748,4
ground_truth,dafny_projects_tmp_tmpjutqwjv4_tutorial_tutorial.dfy,smtlib,vampire,monomorphic,VERIFICATION_TIMED_OUT,32131,4
ground_truth,dafny_projects_tmp_tmpjutqwjv4_tutorial_tutorial.dfy,smtlib,vampire,predicates,VERIFICATION_TIMED_OUT,48147,4
ground_truth,dafny_projects_tmp_tmpjutqwjv4_tutorial_tutorial.dfy,smtlib,vampire,arguments,VERIFICATION_TIMED_OUT,32644,4
ground_truth,dafny_projects_tmp_tmpjutqwjv4_tutorial_tutorial.dfy,smtlib,z3,monomorphic,VERIFIED,1114,0
ground_truth,dafny_projects_tmp_tmpjutqwjv4_tutorial_tutorial.dfy,smtlib,z3,predicates,NOT_VERIFIED,1082,4
ground_truth,dafny_projects_tmp_tmpjutqwjv4_tutorial_tutorial.dfy,smtlib,z3,arguments,VERIFIED,1071,0
ground_truth,Software-building-and-verification-Projects_tmp_tmp5tm1srrn_CVS-projeto_handout1.dfy,tptp,vampire,polymorphic,VERIFICATION_TIMED_OUT,30003,4
ground_truth,Software-building-and-verification-Projects_tmp_tmp5tm1srrn_CVS-projeto_handout1.dfy,tptp,vampire,monomorphic,VERIFICATION_TIMED_OUT,30074,4
ground_truth,Software-building-and-verification-Projects_tmp_tmp5tm1srrn_CVS-projeto_handout1.dfy,tptp,vampire,predicates,VERIFICATION_TIMED_OUT,30016,4
ground_truth,Software-building-and-verification-Projects_tmp_tmp5tm1srrn_CVS-projeto_handout1.dfy,tptp,vampire,arguments,VERIFICATION_TIMED_OUT,29944,4
ground_truth,Software-building-and-verification-Projects_tmp_tmp5tm1srrn_CVS-projeto_handout1.dfy,smtlib,vampire,monomorphic,VERIFICATION_TIMED_OUT,30025,4
ground_truth,Software-building-and-verification-Projects_tmp_tmp5tm1srrn_CVS-projeto_handout1.dfy,smtlib,vampire,predicates,VERIFICATION_TIMED_OUT,29935,4
ground_truth,Software-building-and-verification-Projects_tmp_tmp5tm1srrn_CVS-projeto_handout1.dfy,smtlib,vampire,arguments,VERIFICATION_TIMED_OUT,29990,4
ground_truth,Software-building-and-verification-Projects_tmp_tmp5tm1srrn_CVS-projeto_handout1.dfy,smtlib,z3,monomorphic,VERIFIED,1034,0
ground_truth,Software-building-and-verification-Projects_tmp_tmp5tm1srrn_CVS-projeto_handout1.dfy,smtlib,z3,predicates,VERIFIED,997,0
ground_truth,Software-building-and-verification-Projects_tmp_tmp5tm1srrn_CVS-projeto_handout1.dfy,smtlib,z3,arguments,VERIFIED,981,0
ground_truth,Dafny_Verify_tmp_tmphq7j0row_dataset_C_convert_examples_23_x.dfy,tptp,vampire,polymorphic,VERIFIED,879,0
ground_truth,Dafny_Verify_tmp_tmphq7j0row_dataset_C_convert_examples_23_x.dfy,tptp,vampire,monomorphic,VERIFIED,938,0
ground_truth,Dafny_Verify_tmp_tmphq7j0row_dataset_C_convert_examples_23_x.dfy,tptp,vampire,predicates,VERIFIED,916,0
ground_truth,Dafny_Verify_tmp_tmphq7j0row_dataset_C_convert_examples_23_x.dfy,tptp,vampire,arguments,VERIFIED,896,0
ground_truth,Dafny_Verify_tmp_tmphq7j0row_dataset_C_convert_examples_23_x.dfy,smtlib,vampire,monomorphic,VERIFIED,888,0
ground_truth,Dafny_Verify_tmp_tmphq7j0row_dataset_C_convert_examples_23_x.dfy,smtlib,vampire,predicates,VERIFIED,867,0
ground_truth,Dafny_Verify_tmp_tmphq7j0row_dataset_C_convert_examples_23_x.dfy,smtlib,vampire,arguments,VERIFIED,850,0
ground_truth,Dafny_Verify_tmp_tmphq7j0row_dataset_C_convert_examples_23_x.dfy,smtlib,z3,monomorphic,VERIFIED,805,0
ground_truth,Dafny_Verify_tmp_tmphq7j0row_dataset_C_convert_examples_23_x.dfy,smtlib,z3,predicates,VERIFIED,787,0
ground_truth,Dafny_Verify_tmp_tmphq7j0row_dataset_C_convert_examples_23_x.dfy,smtlib,z3,arguments,VERIFIED,782,0
ground_truth,Program-Verification-Dataset_tmp_tmpgbdrlnu__Dafny_from dafny main repo_dafny2_COST-verif-comp-2011-3-TwoDuplicates.dfy,tptp,vampire,polymorphic,VERIFICATION_TIMED_OUT,29897,4
ground_truth,Program-Verification-Dataset_tmp_tmpgbdrlnu__Dafny_from dafny main repo_dafny2_COST-verif-comp-2011-3-TwoDuplicates.dfy,tptp,vampire,monomorphic,VERIFICATION_TIMED_OUT,29934,4
ground_truth,Program-Verification-Dataset_tmp_tmpgbdrlnu__Dafny_from dafny main repo_dafny2_COST-verif-comp-2011-3-TwoDuplicates.dfy,tptp,vampire,predicates,VERIFICATION_TIMED_OUT,29905,4
ground_truth,Program-Verification-Dataset_tmp_tmpgbdrlnu__Dafny_from dafny main repo_dafny2_COST-verif-comp-2011-3-TwoDuplicates.dfy,tptp,vampire,arguments,VERIFICATION_TIMED_OUT,29890,4
ground_truth,Program-Verification-Dataset_tmp_tmpgbdrlnu__Dafny_from dafny main repo_dafny2_COST-verif-comp-2011-3-TwoDuplicates.dfy,smtlib,vampire,monomorphic,VERIFICATION_TIMED_OUT,29854,4
ground_truth,Program-Verification-Dataset_tmp_tmpgbdrlnu__Dafny_from dafny main repo_dafny2_COST-verif-comp-2011-3-TwoDuplicates.dfy,smtlib,vampire,predicates,VERIFICATION_TIMED_OUT,29848,4
ground_truth,Program-Verification-Dataset_tmp_tmpgbdrlnu__Dafny_from dafny main repo_dafny2_COST-verif-comp-2011-3-TwoDuplicates.dfy,smtlib,vampire,arguments,VERIFICATION_TIMED_OUT,29843,4
ground_truth,Program-Verification-Dataset_tmp_tmpgbdrlnu__Dafny_from dafny main repo_dafny2_COST-verif-comp-2011-3-TwoDuplicates.dfy,smtlib,z3,monomorphic,VERIFIED,2012,0
ground_truth,Program-Verification-Dataset_tmp_tmpgbdrlnu__Dafny_from dafny main repo_dafny2_COST-verif-comp-2011-3-TwoDuplicates.dfy,smtlib,z3,predicates,VERIFIED,1453,0
ground_truth,Program-Verification-Dataset_tmp_tmpgbdrlnu__Dafny_from dafny main repo_dafny2_COST-verif-comp-2011-3-TwoDuplicates.dfy,smtlib,z3,arguments,VERIFIED,1498,0
ground_truth,dafny_examples_tmp_tmp8qotd4ez_leetcode_0001-two-sum.dfy,tptp,vampire,polymorphic,VERIFICATION_TIMED_OUT,29832,4
ground_truth,dafny_examples_tmp_tmp8qotd4ez_leetcode_0001-two-sum.dfy,tptp,vampire,monomorphic,VERIFICATION_TIMED_OUT,29854,4
ground_truth,dafny_examples_tmp_tmp8qotd4ez_leetcode_0001-two-sum.dfy,tptp,vampire,predicates,VERIFICATION_TIMED_OUT,29916,4
ground_truth,dafny_examples_tmp_tmp8qotd4ez_leetcode_0001-two-sum.dfy,tptp,vampire,arguments,VERIFICATION_TIMED_OUT,29819,4
ground_truth,dafny_examples_tmp_tmp8qotd4ez_leetcode_0001-two-sum.dfy,smtlib,vampire,monomorphic,VERIFICATION_TIMED_OUT,29849,4
ground_truth,dafny_examples_tmp_tmp8qotd4ez_leetcode_0001-two-sum.dfy,smtlib,vampire,predicates,VERIFICATION_TIMED_OUT,29780,4
ground_truth,dafny_examples_tmp_tmp8qotd4ez_leetcode_0001-two-sum.dfy,smtlib,vampire,arguments,VERIFICATION_TIMED_OUT,29763,4
ground_truth,dafny_examples_tmp_tmp8qotd4ez_leetcode_0001-two-sum.dfy,smtlib,z3,monomorphic,VERIFIED,1486,0
ground_truth,dafny_examples_tmp_tmp8qotd4ez_leetcode_0001-two-sum.dfy,smtlib,z3,predicates,VERIFIED,969,0
ground_truth,dafny_examples_tmp_tmp8qotd4ez_leetcode_0001-two-sum.dfy,smtlib,z3,arguments,VERIFIED,902,0
ground_truth,Dafny_Verify_tmp_tmphq7j0row_dataset_C_convert_examples_11.dfy,tptp,vampire,polymorphic,VERIFIED,888,0
ground_truth,Dafny_Verify_tmp_tmphq7j0row_dataset_C_convert_examples_11.dfy,tptp,vampire,monomorphic,VERIFIED,1010,0
ground_truth,Dafny_Verify_tmp_tmphq7j0row_dataset_C_convert_examples_11.dfy,tptp,vampire,predicates,VERIFIED,991,0
ground_truth,Dafny_Verify_tmp_tmphq7j0row_dataset_C_convert_examples_11.dfy,tptp,vampire,arguments,VERIFIED,981,0
ground_truth,Dafny_Verify_tmp_tmphq7j0row_dataset_C_convert_examples_11.dfy,smtlib,vampire,monomorphic,VERIFIED,891,0
ground_truth,Dafny_Verify_tmp_tmphq7j0row_dataset_C_convert_examples_11.dfy,smtlib,vampire,predicates,VERIFIED,864,0
ground_truth,Dafny_Verify_tmp_tmphq7j0row_dataset_C_convert_examples_11.dfy,smtlib,vampire,arguments,VERIFIED,847,0
ground_truth,Dafny_Verify_tmp_tmphq7j0row_dataset_C_convert_examples_11.dfy,smtlib,z3,monomorphic,VERIFIED,820,0
ground_truth,Dafny_Verify_tmp_tmphq7j0row_dataset_C_convert_examples_11.dfy,smtlib,z3,predicates,VERIFIED,786,0
ground_truth,Dafny_Verify_tmp_tmphq7j0row_dataset_C_convert_examples_11.dfy,smtlib,z3,arguments,VERIFIED,783,0
ground_truth,703FinalProject_tmp_tmpr_10rn4z_DP-GD.dfy,tptp,vampire,polymorphic,VERIFIED,6696,0
ground_truth,703FinalProject_tmp_tmpr_10rn4z_DP-GD.dfy,tptp,vampire,monomorphic,VERIFIED,7279,0
ground_truth,703FinalProject_tmp_tmpr_10rn4z_DP-GD.dfy,tptp,vampire,predicates,VERIFIED,18401,0
ground_truth,703FinalProject_tmp_tmpr_10rn4z_DP-GD.dfy,tptp,vampire,arguments,VERIFIED,8114,0
ground_truth,703FinalProject_tmp_tmpr_10rn4z_DP-GD.dfy,smtlib,vampire,monomorphic,VERIFIED,8540,0
ground_truth,703FinalProject_tmp_tmpr_10rn4z_DP-GD.dfy,smtlib,vampire,predicates,VERIFIED,18568,0
ground_truth,703FinalProject_tmp_tmpr_10rn4z_DP-GD.dfy,smtlib,vampire,arguments,VERIFIED,8754,0
ground_truth,703FinalProject_tmp_tmpr_10rn4z_DP-GD.dfy,smtlib,z3,monomorphic,VERIFIED,866,0
ground_truth,703FinalProject_tmp_tmpr_10rn4z_DP-GD.dfy,smtlib,z3,predicates,VERIFIED,824,0
ground_truth,703FinalProject_tmp_tmpr_10rn4z_DP-GD.dfy,smtlib,z3,arguments,VERIFIED,819,0
ground_truth,dafny-exercise_tmp_tmpouftptir_prac3_ex2.dfy,tptp,vampire,polymorphic,VERIFICATION_TIMED_OUT,29824,4
ground_truth,dafny-exercise_tmp_tmpouftptir_prac3_ex2.dfy,tptp,vampire,monomorphic,VERIFICATION_TIMED_OUT,29915,4
ground_truth,dafny-exercise_tmp_tmpouftptir_prac3_ex2.dfy,tptp,vampire,predicates,VERIFICATION_TIMED_OUT,29905,4
ground_truth,dafny-exercise_tmp_tmpouftptir_prac3_ex2.dfy,tptp,vampire,arguments,VERIFICATION_TIMED_OUT,29898,4
ground_truth,dafny-exercise_tmp_tmpouftptir_prac3_ex2.dfy,smtlib,vampire,monomorphic,VERIFICATION_TIMED_OUT,29849,4
ground_truth,dafny-exercise_tmp_tmpouftptir_prac3_ex2.dfy,smtlib,vampire,predicates,VERIFICATION_TIMED_OUT,29792,4
ground_truth,dafny-exercise_tmp_tmpouftptir_prac3_ex2.dfy,smtlib,vampire,arguments,VERIFICATION_TIMED_OUT,29797,4
ground_truth,dafny-exercise_tmp_tmpouftptir_prac3_ex2.dfy,smtlib,z3,monomorphic,VERIFIED,938,0
ground_truth,dafny-exercise_tmp_tmpouftptir_prac3_ex2.dfy,smtlib,z3,predicates,VERIFIED,906,0
ground_truth,dafny-exercise_tmp_tmpouftptir_prac3_ex2.dfy,smtlib,z3,arguments,VERIFIED,882,0
ground_truth,dafny-synthesis_task_id_292.dfy,tptp,vampire,polymorphic,VERIFIED,774,0
ground_truth,dafny-synthesis_task_id_292.dfy,tptp,vampire,monomorphic,VERIFIED,833,0
ground_truth,dafny-synthesis_task_id_292.dfy,tptp,vampire,predicates,VERIFIED,813,0
ground_truth,dafny-synthesis_task_id_292.dfy,tptp,vampire,arguments,VERIFIED,803,0
ground_truth,dafny-synthesis_task_id_292.dfy,smtlib,vampire,monomorphic,VERIFIED,791,0
ground_truth,dafny-synthesis_task_id_292.dfy,smtlib,vampire,predicates,VERIFIED,764,0
ground_truth,dafny-synthesis_task_id_292.dfy,smtlib,vampire,arguments,VERIFIED,749,0
ground_truth,dafny-synthesis_task_id_292.dfy,smtlib,z3,monomorphic,VERIFIED,786,0
ground_truth,dafny-synthesis_task_id_292.dfy,smtlib,z3,predicates,VERIFIED,754,0
ground_truth,dafny-synthesis_task_id_292.dfy,smtlib,z3,arguments,VERIFIED,744,0
ground_truth,dafny-synthesis_task_id_625.dfy,tptp,vampire,polymorphic,VERIFICATION_TIMED_OUT,29772,4
ground_truth,dafny-synthesis_task_id_625.dfy,tptp,vampire,monomorphic,VERIFICATION_TIMED_OUT,29876,4
ground_truth,dafny-synthesis_task_id_625.dfy,tptp,vampire,predicates,VERIFICATION_TIMED_OUT,29774,4
ground_truth,dafny-synthesis_task_id_625.dfy,tptp,vampire,arguments,VERIFICATION_TIMED_OUT,29815,4
ground_truth,dafny-synthesis_task_id_625.dfy,smtlib,vampire,monomorphic,VERIFIED,10334,0
ground_truth,dafny-synthesis_task_id_625.dfy,smtlib,vampire,predicates,VERIFICATION_TIMED_OUT,29777,4
ground_truth,dafny-synthesis_task_id_625.dfy,smtlib,vampire,arguments,VERIFIED,10211,0
ground_truth,dafny-synthesis_task_id_625.dfy,smtlib,z3,monomorphic,VERIFIED,863,0
ground_truth,dafny-synthesis_task_id_625.dfy,smtlib,z3,predicates,VERIFIED,842,0
ground_truth,dafny-synthesis_task_id_625.dfy,smtlib,z3,arguments,VERIFIED,825,0
ground_truth,dafny-synthesis_task_id_264.dfy,tptp,vampire,polymorphic,VERIFIED,792,0
ground_truth,dafny-synthesis_task_id_264.dfy,tptp,vampire,monomorphic,VERIFIED,826,0
ground_truth,dafny-synthesis_task_id_264.dfy,tptp,vampire,predicates,VERIFIED,787,0
ground_truth,dafny-synthesis_task_id_264.dfy,tptp,vampire,arguments,VERIFIED,797,0
ground_truth,dafny-synthesis_task_id_264.dfy,smtlib,vampire,monomorphic,VERIFIED,782,0
ground_truth,dafny-synthesis_task_id_264.dfy,smtlib,vampire,predicates,VERIFIED,759,0
ground_truth,dafny-synthesis_task_id_264.dfy,smtlib,vampire,arguments,VERIFIED,750,0
ground_truth,dafny-synthesis_task_id_264.dfy,smtlib,z3,monomorphic,VERIFIED,770,0
ground_truth,dafny-synthesis_task_id_264.dfy,smtlib,z3,predicates,VERIFIED,746,0
ground_truth,dafny-synthesis_task_id_264.dfy,smtlib,z3,arguments,VERIFIED,744,0
ground_truth,Clover_longest_prefix.dfy,tptp,vampire,polymorphic,VERIFICATION_TIMED_OUT,29766,4
ground_truth,Clover_longest_prefix.dfy,tptp,vampire,monomorphic,VERIFICATION_TIMED_OUT,29840,4
ground_truth,Clover_longest_prefix.dfy,tptp,vampire,predicates,VERIFICATION_TIMED_OUT,29806,4
ground_truth,Clover_longest_prefix.dfy,tptp,vampire,arguments,VERIFICATION_TIMED_OUT,29718,4
ground_truth,Clover_longest_prefix.dfy,smtlib,vampire,monomorphic,VERIFICATION_TIMED_OUT,29739,4
ground_truth,Clover_longest_prefix.dfy,smtlib,vampire,predicates,VERIFICATION_TIMED_OUT,29702,4
ground_truth,Clover_longest_prefix.dfy,smtlib,vampire,arguments,VERIFICATION_TIMED_OUT,29712,4
ground_truth,Clover_longest_prefix.dfy,smtlib,z3,monomorphic,VERIFIED,837,0
ground_truth,Clover_longest_prefix.dfy,smtlib,z3,predicates,VERIFIED,809,0
ground_truth,Clover_longest_prefix.dfy,smtlib,z3,arguments,VERIFIED,804,0
ground_truth,dafny-synthesis_task_id_273.dfy,tptp,vampire,polymorphic,VERIFICATION_TIMED_OUT,29773,4
ground_truth,dafny-synthesis_task_id_273.dfy,tptp,vampire,monomorphic,VERIFICATION_TIMED_OUT,29815,4
ground_truth,dafny-synthesis_task_id_273.dfy,tptp,vampire,predicates,VERIFICATION_TIMED_OUT,29790,4
ground_truth,dafny-synthesis_task_id_273.dfy,tptp,vampire,arguments,VERIFICATION_TIMED_OUT,29808,4
ground_truth,dafny-synthesis_task_id_273.dfy,smtlib,vampire,monomorphic,VERIFICATION_TIMED_OUT,29827,4
ground_truth,dafny-synthesis_task_id_273.dfy,smtlib,vampire,predicates,VERIFICATION_TIMED_OUT,29762,4
ground_truth,dafny-synthesis_task_id_273.dfy,smtlib,vampire,arguments,VERIFICATION_TIMED_OUT,29730,4
ground_truth,dafny-synthesis_task_id_273.dfy,smtlib,z3,monomorphic,VERIFIED,867,0
ground_truth,dafny-synthesis_task_id_273.dfy,smtlib,z3,predicates,VERIFIED,844,0
ground_truth,dafny-synthesis_task_id_273.dfy,smtlib,z3,arguments,VERIFIED,839,0
ground_truth,dafny-synthesis_task_id_760.dfy,tptp,vampire,polymorphic,VERIFICATION_TIMED_OUT,29796,4
ground_truth,dafny-synthesis_task_id_760.dfy,tptp,vampire,monomorphic,VERIFICATION_TIMED_OUT,29884,4
ground_truth,dafny-synthesis_task_id_760.dfy,tptp,vampire,predicates,VERIFICATION_TIMED_OUT,29867,4
ground_truth,dafny-synthesis_task_id_760.dfy,tptp,vampire,arguments,VERIFICATION_TIMED_OUT,29868,4
ground_truth,dafny-synthesis_task_id_760.dfy,smtlib,vampire,monomorphic,VERIFIED,3606,0
ground_truth,dafny-synthesis_task_id_760.dfy,smtlib,vampire,predicates,VERIFICATION_TIMED_OUT,29815,4
ground_truth,dafny-synthesis_task_id_760.dfy,smtlib,vampire,arguments,VERIFICATION_TIMED_OUT,29787,4
ground_truth,dafny-synthesis_task_id_760.dfy,smtlib,z3,monomorphic,VERIFIED,877,0
ground_truth,dafny-synthesis_task_id_760.dfy,smtlib,z3,predicates,VERIFIED,865,0
ground_truth,dafny-synthesis_task_id_760.dfy,smtlib,z3,arguments,VERIFIED,851,0
ground_truth,dafny-synthesis_task_id_565.dfy,tptp,vampire,polymorphic,VERIFICATION_TIMED_OUT,29737,4
ground_truth,dafny-synthesis_task_id_565.dfy,tptp,vampire,monomorphic,VERIFICATION_TIMED_OUT,29783,4
ground_truth,dafny-synthesis_task_id_565.dfy,tptp,vampire,predicates,VERIFICATION_TIMED_OUT,29830,4
ground_truth,dafny-synthesis_task_id_565.dfy,tptp,vampire,arguments,VERIFIED,21653,0
ground_truth,dafny-synthesis_task_id_565.dfy,smtlib,vampire,monomorphic,VERIFIED,22075,0
ground_truth,dafny-synthesis_task_id_565.dfy,smtlib,vampire,predicates,VERIFICATION_TIMED_OUT,29773,4
ground_truth,dafny-synthesis_task_id_565.dfy,smtlib,vampire,arguments,VERIFIED,22100,0
ground_truth,dafny-synthesis_task_id_565.dfy,smtlib,z3,monomorphic,VERIFIED,859,0
ground_truth,dafny-synthesis_task_id_565.dfy,smtlib,z3,predicates,VERIFIED,836,0
ground_truth,dafny-synthesis_task_id_565.dfy,smtlib,z3,arguments,VERIFIED,817,0
ground_truth,FormalMethods_tmp_tmpvda2r3_o_dafny_Invariants_ex1.dfy,tptp,vampire,polymorphic,VERIFIED,2298,0
ground_truth,FormalMethods_tmp_tmpvda2r3_o_dafny_Invariants_ex1.dfy,tptp,vampire,monomorphic,VERIFIED,1613,0
ground_truth,FormalMethods_tmp_tmpvda2r3_o_dafny_Invariants_ex1.dfy,tptp,vampire,predicates,VERIFIED,1572,0
ground_truth,FormalMethods_tmp_tmpvda2r3_o_dafny_Invariants_ex1.dfy,tptp,vampire,arguments,VERIFIED,1115,0
ground_truth,FormalMethods_tmp_tmpvda2r3_o_dafny_Invariants_ex1.dfy,smtlib,vampire,monomorphic,VERIFIED,1101,0
ground_truth,FormalMethods_tmp_tmpvda2r3_o_dafny_Invariants_ex1.dfy,smtlib,vampire,predicates,VERIFIED,1952,0
ground_truth,FormalMethods_tmp_tmpvda2r3_o_dafny_Invariants_ex1.dfy,smtlib,vampire,arguments,VERIFIED,1565,0
ground_truth,FormalMethods_tmp_tmpvda2r3_o_dafny_Invariants_ex1.dfy,smtlib,z3,monomorphic,VERIFIED,813,0
ground_truth,FormalMethods_tmp_tmpvda2r3_o_dafny_Invariants_ex1.dfy,smtlib,z3,predicates,VERIFIED,805,0
ground_truth,FormalMethods_tmp_tmpvda2r3_o_dafny_Invariants_ex1.dfy,smtlib,z3,arguments,VERIFIED,785,0
ground_truth,protocol-verification-fa2023_tmp_tmpw6hy3mjp_demos_ch01_fast_exp.dfy,tptp,vampire,polymorphic,VERIFICATION_TIMED_OUT,30199,4
ground_truth,protocol-verification-fa2023_tmp_tmpw6hy3mjp_demos_ch01_fast_exp.dfy,tptp,vampire,monomorphic,VERIFICATION_TIMED_OUT,30143,4
ground_truth,protocol-verification-fa2023_tmp_tmpw6hy3mjp_demos_ch01_fast_exp.dfy,tptp,vampire,predicates,VERIFICATION_TIMED_OUT,30252,4
ground_truth,protocol-verification-fa2023_tmp_tmpw6hy3mjp_demos_ch01_fast_exp.dfy,tptp,vampire,arguments,VERIFICATION_TIMED_OUT,30184,4
ground_truth,protocol-verification-fa2023_tmp_tmpw6hy3mjp_demos_ch01_fast_exp.dfy,smtlib,vampire,monomorphic,VERIFICATION_TIMED_OUT,30028,4
ground_truth,protocol-verification-fa2023_tmp_tmpw6hy3mjp_demos_ch01_fast_exp.dfy,smtlib,vampire,predicates,VERIFICATION_TIMED_OUT,30565,4
ground_truth,protocol-verification-fa2023_tmp_tmpw6hy3mjp_demos_ch01_fast_exp.dfy,smtlib,vampire,arguments,VERIFICATION_TIMED_OUT,30056,4
ground_truth,protocol-verification-fa2023_tmp_tmpw6hy3mjp_demos_ch01_fast_exp.dfy,smtlib,z3,monomorphic,VERIFIED,1060,0
ground_truth,protocol-verification-fa2023_tmp_tmpw6hy3mjp_demos_ch01_fast_exp.dfy,smtlib,z3,predicates,VERIFIED,1040,0
ground_truth,protocol-verification-fa2023_tmp_tmpw6hy3mjp_demos_ch01_fast_exp.dfy,smtlib,z3,arguments,VERIFIED,1045,0
ground_truth,dafny-synthesis_task_id_3.dfy,tptp,vampire,polymorphic,VERIFICATION_TIMED_OUT,29755,4
ground_truth,dafny-synthesis_task_id_3.dfy,tptp,vampire,monomorphic,VERIFICATION_TIMED_OUT,29826,4
ground_truth,dafny-synthesis_task_id_3.dfy,tptp,vampire,predicates,VERIFICATION_TIMED_OUT,29842,4
ground_truth,dafny-synthesis_task_id_3.dfy,tptp,vampire,arguments,VERIFICATION_TIMED_OUT,29817,4
ground_truth,dafny-synthesis_task_id_3.dfy,smtlib,vampire,monomorphic,VERIFICATION_TIMED_OUT,29804,4
ground_truth,dafny-synthesis_task_id_3.dfy,smtlib,vampire,predicates,VERIFICATION_TIMED_OUT,29735,4
ground_truth,dafny-synthesis_task_id_3.dfy,smtlib,vampire,arguments,VERIFIED,17294,0
ground_truth,dafny-synthesis_task_id_3.dfy,smtlib,z3,monomorphic,VERIFIED,882,0
ground_truth,dafny-synthesis_task_id_3.dfy,smtlib,z3,predicates,VERIFIED,835,0
ground_truth,dafny-synthesis_task_id_3.dfy,smtlib,z3,arguments,VERIFIED,831,0
ground_truth,dafny-synthesis_task_id_85.dfy,tptp,vampire,polymorphic,VERIFIED,782,0
ground_truth,dafny-synthesis_task_id_85.dfy,tptp,vampire,monomorphic,VERIFIED,820,0
ground_truth,dafny-synthesis_task_id_85.dfy,tptp,vampire,predicates,VERIFIED,797,0
ground_truth,dafny-synthesis_task_id_85.dfy,tptp,vampire,arguments,VERIFIED,785,0
ground_truth,dafny-synthesis_task_id_85.dfy,smtlib,vampire,monomorphic,VERIFIED,781,0
ground_truth,dafny-synthesis_task_id_85.dfy,smtlib,vampire,predicates,VERIFIED,757,0
ground_truth,dafny-synthesis_task_id_85.dfy,smtlib,vampire,arguments,VERIFIED,751,0
ground_truth,dafny-synthesis_task_id_85.dfy,smtlib,z3,monomorphic,VERIFIED,787,0
ground_truth,dafny-synthesis_task_id_85.dfy,smtlib,z3,predicates,VERIFIED,748,0
ground_truth,dafny-synthesis_task_id_85.dfy,smtlib,z3,arguments,VERIFIED,741,0
ground_truth,Clover_array_concat.dfy,tptp,vampire,polymorphic,VERIFICATION_TIMED_OUT,29799,4
ground_truth,Clover_array_concat.dfy,tptp,vampire,monomorphic,VERIFICATION_TIMED_OUT,29854,4
ground_truth,Clover_array_concat.dfy,tptp,vampire,predicates,VERIFICATION_TIMED_OUT,29871,4
ground_truth,Clover_array_concat.dfy,tptp,vampire,arguments,VERIFICATION_TIMED_OUT,29782,4
ground_truth,Clover_array_concat.dfy,smtlib,vampire,monomorphic,VERIFICATION_TIMED_OUT,29837,4
ground_truth,Clover_array_concat.dfy,smtlib,vampire,predicates,VERIFICATION_TIMED_OUT,29759,4
ground_truth,Clover_array_concat.dfy,smtlib,vampire,arguments,VERIFICATION_TIMED_OUT,29760,4
ground_truth,Clover_array_concat.dfy,smtlib,z3,monomorphic,VERIFIED,896,0
ground_truth,Clover_array_concat.dfy,smtlib,z3,predicates,VERIFIED,865,0
ground_truth,Clover_array_concat.dfy,smtlib,z3,arguments,VERIFIED,868,0
ground_truth,cs245-verification_tmp_tmp0h_nxhqp_A8_Q1.dfy,tptp,vampire,polymorphic,VERIFICATION_TIMED_OUT,29801,4
ground_truth,cs245-verification_tmp_tmp0h_nxhqp_A8_Q1.dfy,tptp,vampire,monomorphic,VERIFIED,2805,0
ground_truth,cs245-verification_tmp_tmp0h_nxhqp_A8_Q1.dfy,tptp,vampire,predicates,VERIFICATION_TIMED_OUT,29755,4
ground_truth,cs245-verification_tmp_tmp0h_nxhqp_A8_Q1.dfy,tptp,vampire,arguments,VERIFICATION_TIMED_OUT,29724,4
ground_truth,cs245-verification_tmp_tmp0h_nxhqp_A8_Q1.dfy,smtlib,vampire,monomorphic,VERIFIED,2794,0
ground_truth,cs245-verification_tmp_tmp0h_nxhqp_A8_Q1.dfy,smtlib,vampire,predicates,VERIFICATION_TIMED_OUT,29729,4
ground_truth,cs245-verification_tmp_tmp0h_nxhqp_A8_Q1.dfy,smtlib,vampire,arguments,VERIFIED,2774,0
ground_truth,cs245-verification_tmp_tmp0h_nxhqp_A8_Q1.dfy,smtlib,z3,monomorphic,VERIFIED,859,0
ground_truth,cs245-verification_tmp_tmp0h_nxhqp_A8_Q1.dfy,smtlib,z3,predicates,VERIFIED,836,0
ground_truth,cs245-verification_tmp_tmp0h_nxhqp_A8_Q1.dfy,smtlib,z3,arguments,VERIFIED,830,0
ground_truth,verification-class_tmp_tmpz9ik148s_2022_chapter05-distributed-state-machines_exercises_UtilitiesLibrary.dfy,tptp,vampire,polymorphic,VERIFICATION_TIMED_OUT,29925,4
ground_truth,verification-class_tmp_tmpz9ik148s_2022_chapter05-distributed-state-machines_exercises_UtilitiesLibrary.dfy,tptp,vampire,monomorphic,VERIFICATION_TIMED_OUT,29940,4
ground_truth,verification-class_tmp_tmpz9ik148s_2022_chapter05-distributed-state-machines_exercises_UtilitiesLibrary.dfy,tptp,vampire,predicates,VERIFICATION_TIMED_OUT,29976,4
ground_truth,verification-class_tmp_tmpz9ik148s_2022_chapter05-distributed-state-machines_exercises_UtilitiesLibrary.dfy,tptp,vampire,arguments,VERIFICATION_TIMED_OUT,29930,4
ground_truth,verification-class_tmp_tmpz9ik148s_2022_chapter05-distributed-state-machines_exercises_UtilitiesLibrary.dfy,smtlib,vampire,monomorphic,VERIFICATION_TIMED_OUT,30020,4
ground_truth,verification-class_tmp_tmpz9ik148s_2022_chapter05-distributed-state-machines_exercises_UtilitiesLibrary.dfy,smtlib,vampire,predicates,VERIFICATION_TIMED_OUT,29962,4
ground_truth,verification-class_tmp_tmpz9ik148s_2022_chapter05-distributed-state-machines_exercises_UtilitiesLibrary.dfy,smtlib,vampire,arguments,VERIFICATION_TIMED_OUT,29859,4
ground_truth,verification-class_tmp_tmpz9ik148s_2022_chapter05-distributed-state-machines_exercises_UtilitiesLibrary.dfy,smtlib,z3,monomorphic,VERIFIED,1014,0
ground_truth,verification-class_tmp_tmpz9ik148s_2022_chapter05-distributed-state-machines_exercises_UtilitiesLibrary.dfy,smtlib,z3,predicates,VERIFIED,987,0
ground_truth,verification-class_tmp_tmpz9ik148s_2022_chapter05-distributed-state-machines_exercises_UtilitiesLibrary.dfy,smtlib,z3,arguments,VERIFIED,976,0
ground_truth,Metodos_Formais_tmp_tmpql2hwcsh_Invariantes_fatorial2.dfy,tptp,vampire,polymorphic,VERIFICATION_TIMED_OUT,29790,4
ground_truth,Metodos_Formais_tmp_tmpql2hwcsh_Invariantes_fatorial2.dfy,tptp,vampire,monomorphic,VERIFIED,3404,0
ground_truth,Metodos_Formais_tmp_tmpql2hwcsh_Invariantes_fatorial2.dfy,tptp,vampire,predicates,VERIFIED,8592,0
ground_truth,Metodos_Formais_tmp_tmpql2hwcsh_Invariantes_fatorial2.dfy,tptp,vampire,arguments,VERIFIED,8368,0
ground_truth,Metodos_Formais_tmp_tmpql2hwcsh_Invariantes_fatorial2.dfy,smtlib,vampire,monomorphic,VERIFIED,18818,0
ground_truth,Metodos_Formais_tmp_tmpql2hwcsh_Invariantes_fatorial2.dfy,smtlib,vampire,predicates,VERIFIED,14382,0
ground_truth,Metodos_Formais_tmp_tmpql2hwcsh_Invariantes_fatorial2.dfy,smtlib,vampire,arguments,VERIFIED,8675,0
ground_truth,Metodos_Formais_tmp_tmpql2hwcsh_Invariantes_fatorial2.dfy,smtlib,z3,monomorphic,VERIFIED,853,0
ground_truth,Metodos_Formais_tmp_tmpql2hwcsh_Invariantes_fatorial2.dfy,smtlib,z3,predicates,VERIFIED,843,0
ground_truth,Metodos_Formais_tmp_tmpql2hwcsh_Invariantes_fatorial2.dfy,smtlib,z3,arguments,VERIFIED,824,0
ground_truth,DafnyPrograms_tmp_tmp74_f9k_c_map-multiset-implementation.dfy,tptp,vampire,polymorphic,VERIFICATION_TIMED_OUT,31822,4
ground_truth,DafnyPrograms_tmp_tmp74_f9k_c_map-multiset-implementation.dfy,tptp,vampire,monomorphic,VERIFICATION_TIMED_OUT,32212,4
ground_truth,DafnyPrograms_tmp_tmp74_f9k_c_map-multiset-implementation.dfy,tptp,vampire,predicates,VERIFICATION_TIMED_OUT,59258,4
ground_truth,DafnyPrograms_tmp_tmp74_f9k_c_map-multiset-implementation.dfy,tptp,vampire,arguments,VERIFICATION_TIMED_OUT,49927,4
ground_truth,DafnyPrograms_tmp_tmp74_f9k_c_map-multiset-implementation.dfy,smtlib,vampire,monomorphic,VERIFICATION_TIMED_OUT,31586,4
ground_truth,DafnyPrograms_tmp_tmp74_f9k_c_map-multiset-implementation.dfy,smtlib,vampire,predicates,VERIFICATION_TIMED_OUT,59077,4
ground_truth,DafnyPrograms_tmp_tmp74_f9k_c_map-multiset-implementation.dfy,smtlib,vampire,arguments,VERIFICATION_TIMED_OUT,32285,4
ground_truth,DafnyPrograms_tmp_tmp74_f9k_c_map-multiset-implementation.dfy,smtlib,z3,monomorphic,VERIFIED,1733,0
ground_truth,DafnyPrograms_tmp_tmp74_f9k_c_map-multiset-implementation.dfy,smtlib,z3,predicates,VERIFIED,2246,0
ground_truth,DafnyPrograms_tmp_tmp74_f9k_c_map-multiset-implementation.dfy,smtlib,z3,arguments,VERIFIED,1546,0
ground_truth,HATRA-2022-Paper_tmp_tmp5texxy8l_copilot_verification_Two Sum_two_sum.dfy,tptp,vampire,polymorphic,VERIFICATION_TIMED_OUT,29821,4
ground_truth,HATRA-2022-Paper_tmp_tmp5texxy8l_copilot_verification_Two Sum_two_sum.dfy,tptp,vampire,monomorphic,VERIFICATION_TIMED_OUT,29899,4
ground_truth,HATRA-2022-Paper_tmp_tmp5texxy8l_copilot_verification_Two Sum_two_sum.dfy,tptp,vampire,predicates,VERIFICATION_TIMED_OUT,29825,4
ground_truth,HATRA-2022-Paper_tmp_tmp5texxy8l_copilot_verification_Two Sum_two_sum.dfy,tptp,vampire,arguments,VERIFICATION_TIMED_OUT,29797,4
ground_truth,HATRA-2022-Paper_tmp_tmp5texxy8l_copilot_verification_Two Sum_two_sum.dfy,smtlib,vampire,monomorphic,VERIFICATION_TIMED_OUT,29792,4
ground_truth,HATRA-2022-Paper_tmp_tmp5texxy8l_copilot_verification_Two Sum_two_sum.dfy,smtlib,vampire,predicates,VERIFICATION_TIMED_OUT,29812,4
ground_truth,HATRA-2022-Paper_tmp_tmp5texxy8l_copilot_verification_Two Sum_two_sum.dfy,smtlib,vampire,arguments,VERIFICATION_TIMED_OUT,29754,4
ground_truth,HATRA-2022-Paper_tmp_tmp5texxy8l_copilot_verification_Two Sum_two_sum.dfy,smtlib,z3,monomorphic,VERIFIED,929,0
ground_truth,HATRA-2022-Paper_tmp_tmp5texxy8l_copilot_verification_Two Sum_two_sum.dfy,smtlib,z3,predicates,VERIFIED,887,0
ground_truth,HATRA-2022-Paper_tmp_tmp5texxy8l_copilot_verification_Two Sum_two_sum.dfy,smtlib,z3,arguments,VERIFIED,903,0
ground_truth,dafny-language-server_tmp_tmpkir0kenl_Test_dafny4_Fstar-QuickSort.dfy,tptp,vampire,polymorphic,VERIFICATION_TIMED_OUT,30012,4
ground_truth,dafny-language-server_tmp_tmpkir0kenl_Test_dafny4_Fstar-QuickSort.dfy,tptp,vampire,monomorphic,VERIFICATION_TIMED_OUT,29933,4
ground_truth,dafny-language-server_tmp_tmpkir0kenl_Test_dafny4_Fstar-QuickSort.dfy,tptp,vampire,predicates,VERIFICATION_TIMED_OUT,29917,4
ground_truth,dafny-language-server_tmp_tmpkir0kenl_Test_dafny4_Fstar-QuickSort.dfy,tptp,vampire,arguments,VERIFICATION_TIMED_OUT,29912,4
ground_truth,dafny-language-server_tmp_tmpkir0kenl_Test_dafny4_Fstar-QuickSort.dfy,smtlib,vampire,monomorphic,VERIFICATION_TIMED_OUT,29886,4
ground_truth,dafny-language-server_tmp_tmpkir0kenl_Test_dafny4_Fstar-QuickSort.dfy,smtlib,vampire,predicates,VERIFICATION_TIMED_OUT,29846,4
ground_truth,dafny-language-server_tmp_tmpkir0kenl_Test_dafny4_Fstar-QuickSort.dfy,smtlib,vampire,arguments,VERIFICATION_TIMED_OUT,29832,4
ground_truth,dafny-language-server_tmp_tmpkir0kenl_Test_dafny4_Fstar-QuickSort.dfy,smtlib,z3,monomorphic,VERIFIED,989,0
ground_truth,dafny-language-server_tmp_tmpkir0kenl_Test_dafny4_Fstar-QuickSort.dfy,smtlib,z3,predicates,NOT_VERIFIED,998,4
ground_truth,dafny-language-server_tmp_tmpkir0kenl_Test_dafny4_Fstar-QuickSort.dfy,smtlib,z3,arguments,VERIFIED,959,0
ground_truth,llm-verified-eval_tmp_tmpd2deqn_i_dafny_3.dfy,tptp,vampire,polymorphic,VERIFICATION_TIMED_OUT,29872,4
ground_truth,llm-verified-eval_tmp_tmpd2deqn_i_dafny_3.dfy,tptp,vampire,monomorphic,VERIFICATION_TIMED_OUT,29870,4
ground_truth,llm-verified-eval_tmp_tmpd2deqn_i_dafny_3.dfy,tptp,vampire,predicates,VERIFICATION_TIMED_OUT,29927,4
ground_truth,llm-verified-eval_tmp_tmpd2deqn_i_dafny_3.dfy,tptp,vampire,arguments,VERIFICATION_TIMED_OUT,29832,4
ground_truth,llm-verified-eval_tmp_tmpd2deqn_i_dafny_3.dfy,smtlib,vampire,monomorphic,VERIFICATION_TIMED_OUT,29787,4
ground_truth,llm-verified-eval_tmp_tmpd2deqn_i_dafny_3.dfy,smtlib,vampire,predicates,VERIFICATION_TIMED_OUT,29815,4
ground_truth,llm-verified-eval_tmp_tmpd2deqn_i_dafny_3.dfy,smtlib,vampire,arguments,VERIFICATION_TIMED_OUT,29822,4
ground_truth,llm-verified-eval_tmp_tmpd2deqn_i_dafny_3.dfy,smtlib,z3,monomorphic,NOT_VERIFIED,947,4
ground_truth,llm-verified-eval_tmp_tmpd2deqn_i_dafny_3.dfy,smtlib,z3,predicates,NOT_VERIFIED,900,4
ground_truth,llm-verified-eval_tmp_tmpd2deqn_i_dafny_3.dfy,smtlib,z3,arguments,NOT_VERIFIED,907,4
ground_truth,Clover_slope_search.dfy,tptp,vampire,polymorphic,VERIFICATION_TIMED_OUT,29768,4
ground_truth,Clover_slope_search.dfy,tptp,vampire,monomorphic,VERIFICATION_TIMED_OUT,29818,4
ground_truth,Clover_slope_search.dfy,tptp,vampire,predicates,VERIFICATION_TIMED_OUT,29866,4
ground_truth,Clover_slope_search.dfy,tptp,vampire,arguments,VERIFICATION_TIMED_OUT,29805,4
ground_truth,Clover_slope_search.dfy,smtlib,vampire,monomorphic,VERIFICATION_TIMED_OUT,29786,4
ground_truth,Clover_slope_search.dfy,smtlib,vampire,predicates,VERIFICATION_TIMED_OUT,29739,4
ground_truth,Clover_slope_search.dfy,smtlib,vampire,arguments,VERIFICATION_TIMED_OUT,29792,4
ground_truth,Clover_slope_search.dfy,smtlib,z3,monomorphic,VERIFIED,915,0
ground_truth,Clover_slope_search.dfy,smtlib,z3,predicates,VERIFIED,865,0
ground_truth,Clover_slope_search.dfy,smtlib,z3,arguments,VERIFIED,865,0
ground_truth,dafny-synthesis_task_id_610.dfy,tptp,vampire,polymorphic,VERIFICATION_TIMED_OUT,29820,4
ground_truth,dafny-synthesis_task_id_610.dfy,tptp,vampire,monomorphic,VERIFICATION_TIMED_OUT,29814,4
ground_truth,dafny-synthesis_task_id_610.dfy,tptp,vampire,predicates,VERIFICATION_TIMED_OUT,29889,4
ground_truth,dafny-synthesis_task_id_610.dfy,tptp,vampire,arguments,VERIFICATION_TIMED_OUT,29825,4
ground_truth,dafny-synthesis_task_id_610.dfy,smtlib,vampire,monomorphic,VERIFICATION_TIMED_OUT,29816,4
ground_truth,dafny-synthesis_task_id_610.dfy,smtlib,vampire,predicates,VERIFICATION_TIMED_OUT,29799,4
ground_truth,dafny-synthesis_task_id_610.dfy,smtlib,vampire,arguments,VERIFICATION_TIMED_OUT,29721,4
ground_truth,dafny-synthesis_task_id_610.dfy,smtlib,z3,monomorphic,VERIFIED,901,0
ground_truth,dafny-synthesis_task_id_610.dfy,smtlib,z3,predicates,VERIFIED,877,0
ground_truth,dafny-synthesis_task_id_610.dfy,smtlib,z3,arguments,VERIFIED,860,0
ground_truth,dafl_tmp_tmp_r3_8w3y_dafny_examples_dafny0_InSetComprehension.dfy,tptp,vampire,polymorphic,VERIFICATION_TIMED_OUT,29860,4
ground_truth,dafl_tmp_tmp_r3_8w3y_dafny_examples_dafny0_InSetComprehension.dfy,tptp,vampire,monomorphic,VERIFICATION_TIMED_OUT,29932,4
ground_truth,dafl_tmp_tmp_r3_8w3y_dafny_examples_dafny0_InSetComprehension.dfy,tptp,vampire,predicates,VERIFICATION_TIMED_OUT,29890,4
ground_truth,dafl_tmp_tmp_r3_8w3y_dafny_examples_dafny0_InSetComprehension.dfy,tptp,vampire,arguments,VERIFICATION_TIMED_OUT,29895,4
ground_truth,dafl_tmp_tmp_r3_8w3y_dafny_examples_dafny0_InSetComprehension.dfy,smtlib,vampire,monomorphic,VERIFICATION_TIMED_OUT,29899,4
ground_truth,dafl_tmp_tmp_r3_8w3y_dafny_examples_dafny0_InSetComprehension.dfy,smtlib,vampire,predicates,VERIFICATION_TIMED_OUT,29838,4
ground_truth,dafl_tmp_tmp_r3_8w3y_dafny_examples_dafny0_InSetComprehension.dfy,smtlib,vampire,arguments,VERIFICATION_TIMED_OUT,29808,4
ground_truth,dafl_tmp_tmp_r3_8w3y_dafny_examples_dafny0_InSetComprehension.dfy,smtlib,z3,monomorphic,VERIFIED,944,0
ground_truth,dafl_tmp_tmp_r3_8w3y_dafny_examples_dafny0_InSetComprehension.dfy,smtlib,z3,predicates,VERIFIED,923,0
ground_truth,dafl_tmp_tmp_r3_8w3y_dafny_examples_dafny0_InSetComprehension.dfy,smtlib,z3,arguments,VERIFIED,901,0
ground_truth,Dafny_Learning_Experience_tmp_tmpuxvcet_u_week1_7_A2_Q1_trimmed copy - 副本.dfy,tptp,vampire,polymorphic,VERIFICATION_TIMED_OUT,30106,4
ground_truth,Dafny_Learning_Experience_tmp_tmpuxvcet_u_week1_7_A2_Q1_trimmed copy - 副本.dfy,tptp,vampire,monomorphic,VERIFICATION_TIMED_OUT,30089,4
ground_truth,Dafny_Learning_Experience_tmp_tmpuxvcet_u_week1_7_A2_Q1_trimmed copy - 副本.dfy,tptp,vampire,predicates,VERIFICATION_TIMED_OUT,30284,4
ground_truth,Dafny_Learning_Experience_tmp_tmpuxvcet_u_week1_7_A2_Q1_trimmed copy - 副本.dfy,tptp,vampire,arguments,VERIFICATION_TIMED_OUT,30129,4
ground_truth,Dafny_Learning_Experience_tmp_tmpuxvcet_u_week1_7_A2_Q1_trimmed copy - 副本.dfy,smtlib,vampire,monomorphic,VERIFICATION_TIMED_OUT,30006,4
ground_truth,Dafny_Learning_Experience_tmp_tmpuxvcet_u_week1_7_A2_Q1_trimmed copy - 副本.dfy,smtlib,vampire,predicates,VERIFICATION_TIMED_OUT,30276,4
ground_truth,Dafny_Learning_Experience_tmp_tmpuxvcet_u_week1_7_A2_Q1_trimmed copy - 副本.dfy,smtlib,vampire,arguments,VERIFICATION_TIMED_OUT,30028,4
ground_truth,Dafny_Learning_Experience_tmp_tmpuxvcet_u_week1_7_A2_Q1_trimmed copy - 副本.dfy,smtlib,z3,monomorphic,VERIFIED,1170,0
ground_truth,Dafny_Learning_Experience_tmp_tmpuxvcet_u_week1_7_A2_Q1_trimmed copy - 副本.dfy,smtlib,z3,predicates,VERIFIED,1126,0
ground_truth,Dafny_Learning_Experience_tmp_tmpuxvcet_u_week1_7_A2_Q1_trimmed copy - 副本.dfy,smtlib,z3,arguments,VERIFIED,1103,0
ground_truth,Prog-Fun-Solutions_tmp_tmp7_gmnz5f_mockExam2_p6.dfy,tptp,vampire,polymorphic,VERIFICATION_TIMED_OUT,29814,4
ground_truth,Prog-Fun-Solutions_tmp_tmp7_gmnz5f_mockExam2_p6.dfy,tptp,vampire,monomorphic,VERIFICATION_TIMED_OUT,29787,4
ground_truth,Prog-Fun-Solutions_tmp_tmp7_gmnz5f_mockExam2_p6.dfy,tptp,vampire,predicates,VERIFICATION_TIMED_OUT,29811,4
ground_truth,Prog-Fun-Solutions_tmp_tmp7_gmnz5f_mockExam2_p6.dfy,tptp,vampire,arguments,VERIFICATION_TIMED_OUT,29819,4
ground_truth,Prog-Fun-Solutions_tmp_tmp7_gmnz5f_mockExam2_p6.dfy,smtlib,vampire,monomorphic,VERIFICATION_TIMED_OUT,29778,4
ground_truth,Prog-Fun-Solutions_tmp_tmp7_gmnz5f_mockExam2_p6.dfy,smtlib,vampire,predicates,VERIFICATION_TIMED_OUT,29736,4
ground_truth,Prog-Fun-Solutions_tmp_tmp7_gmnz5f_mockExam2_p6.dfy,smtlib,vampire,arguments,VERIFICATION_TIMED_OUT,29687,4
ground_truth,Prog-Fun-Solutions_tmp_tmp7_gmnz5f_mockExam2_p6.dfy,smtlib,z3,monomorphic,VERIFIED,899,0
ground_truth,Prog-Fun-Solutions_tmp_tmp7_gmnz5f_mockExam2_p6.dfy,smtlib,z3,predicates,VERIFIED,857,0
ground_truth,Prog-Fun-Solutions_tmp_tmp7_gmnz5f_mockExam2_p6.dfy,smtlib,z3,arguments,VERIFIED,851,0
ground_truth,dafny_experiments_tmp_tmpz29_3_3i_circuit.dfy,tptp,vampire,polymorphic,VERIFICATION_TIMED_OUT,89438,4
ground_truth,dafny_experiments_tmp_tmpz29_3_3i_circuit.dfy,tptp,vampire,monomorphic,VERIFICATION_TIMED_OUT,89993,4
ground_truth,dafny_experiments_tmp_tmpz29_3_3i_circuit.dfy,tptp,vampire,predicates,VERIFICATION_TIMED_OUT,117705,4
ground_truth,dafny_experiments_tmp_tmpz29_3_3i_circuit.dfy,tptp,vampire,arguments,VERIFICATION_TIMED_OUT,90719,4
ground_truth,dafny_experiments_tmp_tmpz29_3_3i_circuit.dfy,smtlib,vampire,monomorphic,VERIFICATION_TIMED_OUT,90738,4
ground_truth,dafny_experiments_tmp_tmpz29_3_3i_circuit.dfy,smtlib,vampire,predicates,VERIFICATION_TIMED_OUT,117447,4
ground_truth,dafny_experiments_tmp_tmpz29_3_3i_circuit.dfy,smtlib,vampire,arguments,VERIFICATION_TIMED_OUT,61629,4
ground_truth,dafny_experiments_tmp_tmpz29_3_3i_circuit.dfy,smtlib,z3,monomorphic,VERIFICATION_TIMED_OUT,36726,4
ground_truth,dafny_experiments_tmp_tmpz29_3_3i_circuit.dfy,smtlib,z3,predicates,VERIFICATION_TIMED_OUT,33713,4
ground_truth,dafny_experiments_tmp_tmpz29_3_3i_circuit.dfy,smtlib,z3,arguments,VERIFICATION_TIMED_OUT,34408,4
ground_truth,DafnyPrograms_tmp_tmp74_f9k_c_prime-database.dfy,tptp,vampire,polymorphic,VERIFICATION_TIMED_OUT,30223,4
ground_truth,DafnyPrograms_tmp_tmp74_f9k_c_prime-database.dfy,tptp,vampire,monomorphic,VERIFICATION_TIMED_OUT,30251,4
ground_truth,DafnyPrograms_tmp_tmp74_f9k_c_prime-database.dfy,tptp,vampire,predicates,VERIFICATION_TIMED_OUT,30318,4
ground_truth,DafnyPrograms_tmp_tmp74_f9k_c_prime-database.dfy,tptp,vampire,arguments,VERIFICATION_TIMED_OUT,30260,4
ground_truth,DafnyPrograms_tmp_tmp74_f9k_c_prime-database.dfy,smtlib,vampire,monomorphic,VERIFICATION_TIMED_OUT,30265,4
ground_truth,DafnyPrograms_tmp_tmp74_f9k_c_prime-database.dfy,smtlib,vampire,predicates,VERIFICATION_TIMED_OUT,37652,4
ground_truth,DafnyPrograms_tmp_tmp74_f9k_c_prime-database.dfy,smtlib,vampire,arguments,VERIFICATION_TIMED_OUT,30198,4
ground_truth,DafnyPrograms_tmp_tmp74_f9k_c_prime-database.dfy,smtlib,z3,monomorphic,VERIFIED,1397,0
ground_truth,DafnyPrograms_tmp_tmp74_f9k_c_prime-database.dfy,smtlib,z3,predicates,VERIFIED,2924,0
ground_truth,DafnyPrograms_tmp_tmp74_f9k_c_prime-database.dfy,smtlib,z3,arguments,VERIFIED,1348,0
ground_truth,specTesting_tmp_tmpueam35lx_examples_sort_sort.dfy,tptp,vampire,polymorphic,VERIFICATION_TIMED_OUT,29885,4
ground_truth,specTesting_tmp_tmpueam35lx_examples_sort_sort.dfy,tptp,vampire,monomorphic,VERIFICATION_TIMED_OUT,29939,4
ground_truth,specTesting_tmp_tmpueam35lx_examples_sort_sort.dfy,tptp,vampire,predicates,VERIFICATION_TIMED_OUT,29883,4
ground_truth,specTesting_tmp_tmpueam35lx_examples_sort_sort.dfy,tptp,vampire,arguments,VERIFICATION_TIMED_OUT,29898,4
ground_truth,specTesting_tmp_tmpueam35lx_examples_sort_sort.dfy,smtlib,vampire,monomorphic,VERIFICATION_TIMED_OUT,29894,4
ground_truth,specTesting_tmp_tmpueam35lx_examples_sort_sort.dfy,smtlib,vampire,predicates,VERIFICATION_TIMED_OUT,29826,4
ground_truth,specTesting_tmp_tmpueam35lx_examples_sort_sort.dfy,smtlib,vampire,arguments,VERIFICATION_TIMED_OUT,29812,4
ground_truth,specTesting_tmp_tmpueam35lx_examples_sort_sort.dfy,smtlib,z3,monomorphic,VERIFIED,1274,0
ground_truth,specTesting_tmp_tmpueam35lx_examples_sort_sort.dfy,smtlib,z3,predicates,VERIFIED,963,0
ground_truth,specTesting_tmp_tmpueam35lx_examples_sort_sort.dfy,smtlib,z3,arguments,VERIFIED,1154,0
ground_truth,Dafny_Verify_tmp_tmphq7j0row_AI_agent_verify_examples_ComputePower.dfy,tptp,vampire,polymorphic,VERIFICATION_TIMED_OUT,29748,4
ground_truth,Dafny_Verify_tmp_tmphq7j0row_AI_agent_verify_examples_ComputePower.dfy,tptp,vampire,monomorphic,VERIFICATION_TIMED_OUT,29841,4
ground_truth,Dafny_Verify_tmp_tmphq7j0row_AI_agent_verify_examples_ComputePower.dfy,tptp,vampire,predicates,VERIFICATION_TIMED_OUT,29814,4
ground_truth,Dafny_Verify_tmp_tmphq7j0row_AI_agent_verify_examples_ComputePower.dfy,tptp,vampire,arguments,VERIFIED,4411,0
ground_truth,Dafny_Verify_tmp_tmphq7j0row_AI_agent_verify_examples_ComputePower.dfy,smtlib,vampire,monomorphic,VERIFIED,18930,0
ground_truth,Dafny_Verify_tmp_tmphq7j0row_AI_agent_verify_examples_ComputePower.dfy,smtlib,vampire,predicates,VERIFIED,14052,0
ground_truth,Dafny_Verify_tmp_tmphq7j0row_AI_agent_verify_examples_ComputePower.dfy,smtlib,vampire,arguments,VERIFIED,4741,0
ground_truth,Dafny_Verify_tmp_tmphq7j0row_AI_agent_verify_examples_ComputePower.dfy,smtlib,z3,monomorphic,VERIFIED,862,0
ground_truth,Dafny_Verify_tmp_tmphq7j0row_AI_agent_verify_examples_ComputePower.dfy,smtlib,z3,predicates,VERIFIED,837,0
ground_truth,Dafny_Verify_tmp_tmphq7j0row_AI_agent_verify_examples_ComputePower.dfy,smtlib,z3,arguments,VERIFIED,822,0
ground_truth,dafny-language-server_tmp_tmpkir0kenl_Test_dafny4_Bug58.dfy,tptp,vampire,polymorphic,VERIFIED,1108,0
ground_truth,dafny-language-server_tmp_tmpkir0kenl_Test_dafny4_Bug58.dfy,tptp,vampire,monomorphic,VERIFIED,1040,0
ground_truth,dafny-language-server_tmp_tmpkir0kenl_Test_dafny4_Bug58.dfy,tptp,vampire,predicates,VERIFICATION_TIMED_OUT,29845,4
ground_truth,dafny-language-server_tmp_tmpkir0kenl_Test_dafny4_Bug58.dfy,tptp,vampire,arguments,VERIFIED,901,0
ground_truth,dafny-language-server_tmp_tmpkir0kenl_Test_dafny4_Bug58.dfy,smtlib,vampire,monomorphic,VERIFIED,2052,0
ground_truth,dafny-language-server_tmp_tmpkir0kenl_Test_dafny4_Bug58.dfy,smtlib,vampire,predicates,VERIFICATION_TIMED_OUT,29713,4
ground_truth,dafny-language-server_tmp_tmpkir0kenl_Test_dafny4_Bug58.dfy,smtlib,vampire,arguments,VERIFIED,864,0
ground_truth,dafny-language-server_tmp_tmpkir0kenl_Test_dafny4_Bug58.dfy,smtlib,z3,monomorphic,VERIFIED,881,0
ground_truth,dafny-language-server_tmp_tmpkir0kenl_Test_dafny4_Bug58.dfy,smtlib,z3,predicates,VERIFIED,852,0
ground_truth,dafny-language-server_tmp_tmpkir0kenl_Test_dafny4_Bug58.dfy,smtlib,z3,arguments,VERIFIED,844,0
ground_truth,TFG_tmp_tmpbvsao41w_Algoritmos Dafny_div_ent_it.dfy,tptp,vampire,polymorphic,VERIFIED,981,0
ground_truth,TFG_tmp_tmpbvsao41w_Algoritmos Dafny_div_ent_it.dfy,tptp,vampire,monomorphic,VERIFIED,1027,0
ground_truth,TFG_tmp_tmpbvsao41w_Algoritmos Dafny_div_ent_it.dfy,tptp,vampire,predicates,VERIFIED,1003,0
ground_truth,TFG_tmp_tmpbvsao41w_Algoritmos Dafny_div_ent_it.dfy,tptp,vampire,arguments,VERIFIED,993,0
ground_truth,TFG_tmp_tmpbvsao41w_Algoritmos Dafny_div_ent_it.dfy,smtlib,vampire,monomorphic,VERIFIED,978,0
ground_truth,TFG_tmp_tmpbvsao41w_Algoritmos Dafny_div_ent_it.dfy,smtlib,vampire,predicates,VERIFIED,981,0
ground_truth,TFG_tmp_tmpbvsao41w_Algoritmos Dafny_div_ent_it.dfy,smtlib,vampire,arguments,VERIFIED,864,0
ground_truth,TFG_tmp_tmpbvsao41w_Algoritmos Dafny_div_ent_it.dfy,smtlib,z3,monomorphic,VERIFIED,827,0
ground_truth,TFG_tmp_tmpbvsao41w_Algoritmos Dafny_div_ent_it.dfy,smtlib,z3,predicates,VERIFIED,814,0
ground_truth,TFG_tmp_tmpbvsao41w_Algoritmos Dafny_div_ent_it.dfy,smtlib,z3,arguments,VERIFIED,808,0
ground_truth,cs245-verification_tmp_tmp0h_nxhqp_Assignments_simple.dfy,tptp,vampire,polymorphic,VERIFIED,835,0
ground_truth,cs245-verification_tmp_tmp0h_nxhqp_Assignments_simple.dfy,tptp,vampire,monomorphic,VERIFIED,890,0
ground_truth,cs245-verification_tmp_tmp0h_nxhqp_Assignments_simple.dfy,tptp,vampire,predicates,VERIFIED,867,0
ground_truth,cs245-verification_tmp_tmp0h_nxhqp_Assignments_simple.dfy,tptp,vampire,arguments,VERIFIED,851,0
ground_truth,cs245-verification_tmp_tmp0h_nxhqp_Assignments_simple.dfy,smtlib,vampire,monomorphic,VERIFIED,850,0
ground_truth,cs245-verification_tmp_tmp0h_nxhqp_Assignments_simple.dfy,smtlib,vampire,predicates,VERIFIED,842,0
ground_truth,cs245-verification_tmp_tmp0h_nxhqp_Assignments_simple.dfy,smtlib,vampire,arguments,VERIFIED,834,0
ground_truth,cs245-verification_tmp_tmp0h_nxhqp_Assignments_simple.dfy,smtlib,z3,monomorphic,VERIFIED,781,0
ground_truth,cs245-verification_tmp_tmp0h_nxhqp_Assignments_simple.dfy,smtlib,z3,predicates,VERIFIED,750,0
ground_truth,cs245-verification_tmp_tmp0h_nxhqp_Assignments_simple.dfy,smtlib,z3,arguments,VERIFIED,752,0
ground_truth,Program-Verification-Dataset_tmp_tmpgbdrlnu__Dafny_advanced examples_MatrixMultiplication.dfy,tptp,vampire,polymorphic,VERIFICATION_TIMED_OUT,30107,4
ground_truth,Program-Verification-Dataset_tmp_tmpgbdrlnu__Dafny_advanced examples_MatrixMultiplication.dfy,tptp,vampire,monomorphic,VERIFICATION_TIMED_OUT,29976,4
ground_truth,Program-Verification-Dataset_tmp_tmpgbdrlnu__Dafny_advanced examples_MatrixMultiplication.dfy,tptp,vampire,predicates,VERIFICATION_TIMED_OUT,29947,4
ground_truth,Program-Verification-Dataset_tmp_tmpgbdrlnu__Dafny_advanced examples_MatrixMultiplication.dfy,tptp,vampire,arguments,VERIFICATION_TIMED_OUT,29893,4
ground_truth,Program-Verification-Dataset_tmp_tmpgbdrlnu__Dafny_advanced examples_MatrixMultiplication.dfy,smtlib,vampire,monomorphic,VERIFICATION_TIMED_OUT,29871,4
ground_truth,Program-Verification-Dataset_tmp_tmpgbdrlnu__Dafny_advanced examples_MatrixMultiplication.dfy,smtlib,vampire,predicates,VERIFICATION_TIMED_OUT,29839,4
ground_truth,Program-Verification-Dataset_tmp_tmpgbdrlnu__Dafny_advanced examples_MatrixMultiplication.dfy,smtlib,vampire,arguments,VERIFICATION_TIMED_OUT,29829,4
ground_truth,Program-Verification-Dataset_tmp_tmpgbdrlnu__Dafny_advanced examples_MatrixMultiplication.dfy,smtlib,z3,monomorphic,VERIFIED,1090,0
ground_truth,Program-Verification-Dataset_tmp_tmpgbdrlnu__Dafny_advanced examples_MatrixMultiplication.dfy,smtlib,z3,predicates,VERIFIED,1043,0
ground_truth,Program-Verification-Dataset_tmp_tmpgbdrlnu__Dafny_advanced examples_MatrixMultiplication.dfy,smtlib,z3,arguments,VERIFIED,1013,0
ground_truth,dafny-synthesis_task_id_8.dfy,tptp,vampire,polymorphic,VERIFICATION_TIMED_OUT,29797,4
ground_truth,dafny-synthesis_task_id_8.dfy,tptp,vampire,monomorphic,VERIFICATION_TIMED_OUT,29825,4
ground_truth,dafny-synthesis_task_id_8.dfy,tptp,vampire,predicates,VERIFICATION_TIMED_OUT,29760,4
ground_truth,dafny-synthesis_task_id_8.dfy,tptp,vampire,arguments,VERIFICATION_TIMED_OUT,29795,4
ground_truth,dafny-synthesis_task_id_8.dfy,smtlib,vampire,monomorphic,VERIFICATION_TIMED_OUT,29752,4
ground_truth,dafny-synthesis_task_id_8.dfy,smtlib,vampire,predicates,VERIFICATION_TIMED_OUT,29762,4
ground_truth,dafny-synthesis_task_id_8.dfy,smtlib,vampire,arguments,VERIFICATION_TIMED_OUT,29710,4
ground_truth,dafny-synthesis_task_id_8.dfy,smtlib,z3,monomorphic,VERIFIED,862,0
ground_truth,dafny-synthesis_task_id_8.dfy,smtlib,z3,predicates,VERIFIED,846,0
ground_truth,dafny-synthesis_task_id_8.dfy,smtlib,z3,arguments,VERIFIED,827,0
ground_truth,protocol-verification-fa2023_tmp_tmpw6hy3mjp_exercises_chapter04-invariants_ch03exercise03.dfy,tptp,vampire,polymorphic,VERIFICATION_TIMED_OUT,29917,4
ground_truth,protocol-verification-fa2023_tmp_tmpw6hy3mjp_exercises_chapter04-invariants_ch03exercise03.dfy,tptp,vampire,monomorphic,VERIFICATION_TIMED_OUT,30016,4
ground_truth,protocol-verification-fa2023_tmp_tmpw6hy3mjp_exercises_chapter04-invariants_ch03exercise03.dfy,tptp,vampire,predicates,VERIFICATION_TIMED_OUT,30007,4
ground_truth,protocol-verification-fa2023_tmp_tmpw6hy3mjp_exercises_chapter04-invariants_ch03exercise03.dfy,tptp,vampire,arguments,VERIFICATION_TIMED_OUT,29952,4
ground_truth,protocol-verification-fa2023_tmp_tmpw6hy3mjp_exercises_chapter04-invariants_ch03exercise03.dfy,smtlib,vampire,monomorphic,VERIFICATION_TIMED_OUT,29963,4
ground_truth,protocol-verification-fa2023_tmp_tmpw6hy3mjp_exercises_chapter04-invariants_ch03exercise03.dfy,smtlib,vampire,predicates,VERIFICATION_TIMED_OUT,29876,4
ground_truth,protocol-verification-fa2023_tmp_tmpw6hy3mjp_exercises_chapter04-invariants_ch03exercise03.dfy,smtlib,vampire,arguments,VERIFICATION_TIMED_OUT,29855,4
ground_truth,protocol-verification-fa2023_tmp_tmpw6hy3mjp_exercises_chapter04-invariants_ch03exercise03.dfy,smtlib,z3,monomorphic,NOT_VERIFIED,1037,4
ground_truth,protocol-verification-fa2023_tmp_tmpw6hy3mjp_exercises_chapter04-invariants_ch03exercise03.dfy,smtlib,z3,predicates,NOT_VERIFIED,1009,4
ground_truth,protocol-verification-fa2023_tmp_tmpw6hy3mjp_exercises_chapter04-invariants_ch03exercise03.dfy,smtlib,z3,arguments,NOT_VERIFIED,971,4
ground_truth,paxos_proof_tmp_tmpxpmiksmt_triggers.dfy,tptp,vampire,polymorphic,VERIFICATION_TIMED_OUT,29773,4
ground_truth,paxos_proof_tmp_tmpxpmiksmt_triggers.dfy,tptp,vampire,monomorphic,VERIFIED,1812,0
ground_truth,paxos_proof_tmp_tmpxpmiksmt_triggers.dfy,tptp,vampire,predicates,VERIFIED,3275,0
ground_truth,paxos_proof_tmp_tmpxpmiksmt_triggers.dfy,tptp,vampire,arguments,VERIFIED,1833,0
ground_truth,paxos_proof_tmp_tmpxpmiksmt_triggers.dfy,smtlib,vampire,monomorphic,VERIFIED,1936,0
ground_truth,paxos_proof_tmp_tmpxpmiksmt_triggers.dfy,smtlib,vampire,predicates,VERIFIED,3184,0
ground_truth,paxos_proof_tmp_tmpxpmiksmt_triggers.dfy,smtlib,vampire,arguments,VERIFIED,1922,0
ground_truth,paxos_proof_tmp_tmpxpmiksmt_triggers.dfy,smtlib,z3,monomorphic,VERIFIED,828,0
ground_truth,paxos_proof_tmp_tmpxpmiksmt_triggers.dfy,smtlib,z3,predicates,VERIFIED,824,0
ground_truth,paxos_proof_tmp_tmpxpmiksmt_triggers.dfy,smtlib,z3,arguments,VERIFIED,804,0
ground_truth,Prog-Fun-Solutions_tmp_tmp7_gmnz5f_extra_pow.dfy,tptp,vampire,polymorphic,VERIFICATION_TIMED_OUT,29722,4
ground_truth,Prog-Fun-Solutions_tmp_tmp7_gmnz5f_extra_pow.dfy,tptp,vampire,monomorphic,VERIFICATION_TIMED_OUT,29819,4
ground_truth,Prog-Fun-Solutions_tmp_tmp7_gmnz5f_extra_pow.dfy,tptp,vampire,predicates,VERIFICATION_TIMED_OUT,29803,4
ground_truth,Prog-Fun-Solutions_tmp_tmp7_gmnz5f_extra_pow.dfy,tptp,vampire,arguments,VERIFIED,9735,0
ground_truth,Prog-Fun-Solutions_tmp_tmp7_gmnz5f_extra_pow.dfy,smtlib,vampire,monomorphic,VERIFIED,10231,0
ground_truth,Prog-Fun-Solutions_tmp_tmp7_gmnz5f_extra_pow.dfy,smtlib,vampire,predicates,VERIFIED,10590,0
ground_truth,Prog-Fun-Solutions_tmp_tmp7_gmnz5f_extra_pow.dfy,smtlib,vampire,arguments,VERIFIED,22039,0
ground_truth,Prog-Fun-Solutions_tmp_tmp7_gmnz5f_extra_pow.dfy,smtlib,z3,monomorphic,VERIFIED,859,0
ground_truth,Prog-Fun-Solutions_tmp_tmp7_gmnz5f_extra_pow.dfy,smtlib,z3,predicates,VERIFIED,842,0
ground_truth,Prog-Fun-Solutions_tmp_tmp7_gmnz5f_extra_pow.dfy,smtlib,z3,arguments,VERIFIED,832,0
ground_truth,CS5232_Project_tmp_tmpai_cfrng_test.dfy,tptp,vampire,polymorphic,VERIFICATION_TIMED_OUT,29779,4
ground_truth,CS5232_Project_tmp_tmpai_cfrng_test.dfy,tptp,vampire,monomorphic,VERIFICATION_TIMED_OUT,29873,4
ground_truth,CS5232_Project_tmp_tmpai_cfrng_test.dfy,tptp,vampire,predicates,VERIFICATION_TIMED_OUT,29859,4
ground_truth,CS5232_Project_tmp_tmpai_cfrng_test.dfy,tptp,vampire,arguments,VERIFICATION_TIMED_OUT,29895,4
ground_truth,CS5232_Project_tmp_tmpai_cfrng_test.dfy,smtlib,vampire,monomorphic,VERIFICATION_TIMED_OUT,29808,4
ground_truth,CS5232_Project_tmp_tmpai_cfrng_test.dfy,smtlib,vampire,predicates,VERIFICATION_TIMED_OUT,29839,4
ground_truth,CS5232_Project_tmp_tmpai_cfrng_test.dfy,smtlib,vampire,arguments,VERIFICATION_TIMED_OUT,29768,4
ground_truth,CS5232_Project_tmp_tmpai_cfrng_test.dfy,smtlib,z3,monomorphic,VERIFIED,928,0
ground_truth,CS5232_Project_tmp_tmpai_cfrng_test.dfy,smtlib,z3,predicates,VERIFIED,883,0
ground_truth,CS5232_Project_tmp_tmpai_cfrng_test.dfy,smtlib,z3,arguments,VERIFIED,871,0
ground_truth,stunning-palm-tree_tmp_tmpr84c2iwh_ch8.dfy,tptp,vampire,polymorphic,VERIFICATION_TIMED_OUT,31253,4
ground_truth,stunning-palm-tree_tmp_tmpr84c2iwh_ch8.dfy,tptp,vampire,monomorphic,VERIFICATION_TIMED_OUT,31785,4
ground_truth,stunning-palm-tree_tmp_tmpr84c2iwh_ch8.dfy,tptp,vampire,predicates,VERIFICATION_TIMED_OUT,58975,4
ground_truth,stunning-palm-tree_tmp_tmpr84c2iwh_ch8.dfy,tptp,vampire,arguments,VERIFICATION_TIMED_OUT,31874,4
ground_truth,stunning-palm-tree_tmp_tmpr84c2iwh_ch8.dfy,smtlib,vampire,monomorphic,VERIFICATION_TIMED_OUT,30304,4
ground_truth,stunning-palm-tree_tmp_tmpr84c2iwh_ch8.dfy,smtlib,vampire,predicates,VERIFICATION_TIMED_OUT,40775,4
ground_truth,stunning-palm-tree_tmp_tmpr84c2iwh_ch8.dfy,smtlib,vampire,arguments,VERIFICATION_TIMED_OUT,32055,4
ground_truth,stunning-palm-tree_tmp_tmpr84c2iwh_ch8.dfy,smtlib,z3,monomorphic,VERIFIED,1048,0
ground_truth,stunning-palm-tree_tmp_tmpr84c2iwh_ch8.dfy,smtlib,z3,predicates,NOT_VERIFIED,1033,4
ground_truth,stunning-palm-tree_tmp_tmpr84c2iwh_ch8.dfy,smtlib,z3,arguments,VERIFIED,977,0
ground_truth,dafny-synthesis_task_id_588.dfy,tptp,vampire,polymorphic,VERIFICATION_TIMED_OUT,29891,4
ground_truth,dafny-synthesis_task_id_588.dfy,tptp,vampire,monomorphic,VERIFICATION_TIMED_OUT,29942,4
ground_truth,dafny-synthesis_task_id_588.dfy,tptp,vampire,predicates,VERIFICATION_TIMED_OUT,29862,4
ground_truth,dafny-synthesis_task_id_588.dfy,tptp,vampire,arguments,VERIFICATION_TIMED_OUT,29840,4
ground_truth,dafny-synthesis_task_id_588.dfy,smtlib,vampire,monomorphic,VERIFICATION_TIMED_OUT,29843,4
ground_truth,dafny-synthesis_task_id_588.dfy,smtlib,vampire,predicates,VERIFICATION_TIMED_OUT,29800,4
ground_truth,dafny-synthesis_task_id_588.dfy,smtlib,vampire,arguments,VERIFICATION_TIMED_OUT,29847,4
ground_truth,dafny-synthesis_task_id_588.dfy,smtlib,z3,monomorphic,VERIFIED,945,0
ground_truth,dafny-synthesis_task_id_588.dfy,smtlib,z3,predicates,VERIFIED,909,0
ground_truth,dafny-synthesis_task_id_588.dfy,smtlib,z3,arguments,VERIFIED,899,0
ground_truth,se2011_tmp_tmp71eb82zt_ass2_ex2.dfy,tptp,vampire,polymorphic,VERIFICATION_TIMED_OUT,29780,4
ground_truth,se2011_tmp_tmp71eb82zt_ass2_ex2.dfy,tptp,vampire,monomorphic,VERIFICATION_TIMED_OUT,29895,4
ground_truth,se2011_tmp_tmp71eb82zt_ass2_ex2.dfy,tptp,vampire,predicates,VERIFICATION_TIMED_OUT,29861,4
ground_truth,se2011_tmp_tmp71eb82zt_ass2_ex2.dfy,tptp,vampire,arguments,VERIFIED,22645,0
ground_truth,se2011_tmp_tmp71eb82zt_ass2_ex2.dfy,smtlib,vampire,monomorphic,VERIFICATION_TIMED_OUT,29805,4
ground_truth,se2011_tmp_tmp71eb82zt_ass2_ex2.dfy,smtlib,vampire,predicates,VERIFICATION_TIMED_OUT,29769,4
ground_truth,se2011_tmp_tmp71eb82zt_ass2_ex2.dfy,smtlib,vampire,arguments,VERIFICATION_TIMED_OUT,29798,4
ground_truth,se2011_tmp_tmp71eb82zt_ass2_ex2.dfy,smtlib,z3,monomorphic,VERIFIED,924,0
ground_truth,se2011_tmp_tmp71eb82zt_ass2_ex2.dfy,smtlib,z3,predicates,VERIFIED,902,0
ground_truth,se2011_tmp_tmp71eb82zt_ass2_ex2.dfy,smtlib,z3,arguments,VERIFIED,883,0
ground_truth,dafny-synthesis_task_id_282.dfy,tptp,vampire,polymorphic,VERIFICATION_TIMED_OUT,29839,4
ground_truth,dafny-synthesis_task_id_282.dfy,tptp,vampire,monomorphic,VERIFICATION_TIMED_OUT,29822,4
ground_truth,dafny-synthesis_task_id_282.dfy,tptp,vampire,predicates,VERIFICATION_TIMED_OUT,29873,4
ground_truth,dafny-synthesis_task_id_282.dfy,tptp,vampire,arguments,VERIFICATION_TIMED_OUT,29777,4
ground_truth,dafny-synthesis_task_id_282.dfy,smtlib,vampire,monomorphic,VERIFICATION_TIMED_OUT,29770,4
ground_truth,dafny-synthesis_task_id_282.dfy,smtlib,vampire,predicates,VERIFICATION_TIMED_OUT,29811,4
ground_truth,dafny-synthesis_task_id_282.dfy,smtlib,vampire,arguments,VERIFICATION_TIMED_OUT,29762,4
ground_truth,dafny-synthesis_task_id_282.dfy,smtlib,z3,monomorphic,VERIFIED,880,0
ground_truth,dafny-synthesis_task_id_282.dfy,smtlib,z3,predicates,VERIFIED,863,0
ground_truth,dafny-synthesis_task_id_282.dfy,smtlib,z3,arguments,VERIFIED,855,0
ground_truth,dafny-synthesis_task_id_14.dfy,tptp,vampire,polymorphic,VERIFIED,789,0
ground_truth,dafny-synthesis_task_id_14.dfy,tptp,vampire,monomorphic,VERIFIED,839,0
ground_truth,dafny-synthesis_task_id_14.dfy,tptp,vampire,predicates,VERIFIED,803,0
ground_truth,dafny-synthesis_task_id_14.dfy,tptp,vampire,arguments,VERIFIED,802,0
ground_truth,dafny-synthesis_task_id_14.dfy,smtlib,vampire,monomorphic,VERIFIED,801,0
ground_truth,dafny-synthesis_task_id_14.dfy,smtlib,vampire,predicates,VERIFIED,765,0
ground_truth,dafny-synthesis_task_id_14.dfy,smtlib,vampire,arguments,VERIFIED,757,0
ground_truth,dafny-synthesis_task_id_14.dfy,smtlib,z3,monomorphic,VERIFIED,789,0
ground_truth,dafny-synthesis_task_id_14.dfy,smtlib,z3,predicates,VERIFIED,752,0
ground_truth,dafny-synthesis_task_id_14.dfy,smtlib,z3,arguments,VERIFIED,746,0
ground_truth,Clover_is_even.dfy,tptp,vampire,polymorphic,VERIFIED,799,0
ground_truth,Clover_is_even.dfy,tptp,vampire,monomorphic,VERIFIED,847,0
ground_truth,Clover_is_even.dfy,tptp,vampire,predicates,VERIFIED,809,0
ground_truth,Clover_is_even.dfy,tptp,vampire,arguments,VERIFIED,813,0
ground_truth,Clover_is_even.dfy,smtlib,vampire,monomorphic,VERIFIED,804,0
ground_truth,Clover_is_even.dfy,smtlib,vampire,predicates,VERIFIED,766,0
ground_truth,Clover_is_even.dfy,smtlib,vampire,arguments,VERIFIED,763,0
ground_truth,Clover_is_even.dfy,smtlib,z3,monomorphic,VERIFIED,797,0
ground_truth,Clover_is_even.dfy,smtlib,z3,predicates,VERIFIED,752,0
ground_truth,Clover_is_even.dfy,smtlib,z3,arguments,VERIFIED,748,0
ground_truth,dafny-language-server_tmp_tmpkir0kenl_Test_vstte2012_Two-Way-Sort.dfy,tptp,vampire,polymorphic,VERIFICATION_TIMED_OUT,29874,4
ground_truth,dafny-language-server_tmp_tmpkir0kenl_Test_vstte2012_Two-Way-Sort.dfy,tptp,vampire,monomorphic,VERIFICATION_TIMED_OUT,29870,4
ground_truth,dafny-language-server_tmp_tmpkir0kenl_Test_vstte2012_Two-Way-Sort.dfy,tptp,vampire,predicates,VERIFICATION_TIMED_OUT,29820,4
ground_truth,dafny-language-server_tmp_tmpkir0kenl_Test_vstte2012_Two-Way-Sort.dfy,tptp,vampire,arguments,VERIFICATION_TIMED_OUT,29828,4
ground_truth,dafny-language-server_tmp_tmpkir0kenl_Test_vstte2012_Two-Way-Sort.dfy,smtlib,vampire,monomorphic,VERIFICATION_TIMED_OUT,29871,4
ground_truth,dafny-language-server_tmp_tmpkir0kenl_Test_vstte2012_Two-Way-Sort.dfy,smtlib,vampire,predicates,VERIFICATION_TIMED_OUT,29753,4
ground_truth,dafny-language-server_tmp_tmpkir0kenl_Test_vstte2012_Two-Way-Sort.dfy,smtlib,vampire,arguments,VERIFICATION_TIMED_OUT,29799,4
ground_truth,dafny-language-server_tmp_tmpkir0kenl_Test_vstte2012_Two-Way-Sort.dfy,smtlib,z3,monomorphic,VERIFIED,931,0
ground_truth,dafny-language-server_tmp_tmpkir0kenl_Test_vstte2012_Two-Way-Sort.dfy,smtlib,z3,predicates,VERIFIED,893,0
ground_truth,dafny-language-server_tmp_tmpkir0kenl_Test_vstte2012_Two-Way-Sort.dfy,smtlib,z3,arguments,VERIFIED,883,0
ground_truth,dafny-synthesis_task_id_269.dfy,tptp,vampire,polymorphic,VERIFIED,764,0
ground_truth,dafny-synthesis_task_id_269.dfy,tptp,vampire,monomorphic,VERIFIED,818,0
ground_truth,dafny-synthesis_task_id_269.dfy,tptp,vampire,predicates,VERIFIED,785,0
ground_truth,dafny-synthesis_task_id_269.dfy,tptp,vampire,arguments,VERIFIED,783,0
ground_truth,dafny-synthesis_task_id_269.dfy,smtlib,vampire,monomorphic,VERIFIED,771,0
ground_truth,dafny-synthesis_task_id_269.dfy,smtlib,vampire,predicates,VERIFIED,754,0
ground_truth,dafny-synthesis_task_id_269.dfy,smtlib,vampire,arguments,VERIFIED,746,0
ground_truth,dafny-synthesis_task_id_269.dfy,smtlib,z3,monomorphic,VERIFIED,775,0
ground_truth,dafny-synthesis_task_id_269.dfy,smtlib,z3,predicates,VERIFIED,737,0
ground_truth,dafny-synthesis_task_id_269.dfy,smtlib,z3,arguments,VERIFIED,743,0
ground_truth,veribetrkv-osdi2020_tmp_tmpra431m8q_docker-hdd_src_veribetrkv-linear_lib_Base_SetBijectivity.dfy,tptp,vampire,polymorphic,VERIFICATION_TIMED_OUT,29844,4
ground_truth,veribetrkv-osdi2020_tmp_tmpra431m8q_docker-hdd_src_veribetrkv-linear_lib_Base_SetBijectivity.dfy,tptp,vampire,monomorphic,VERIFICATION_TIMED_OUT,29917,4
ground_truth,veribetrkv-osdi2020_tmp_tmpra431m8q_docker-hdd_src_veribetrkv-linear_lib_Base_SetBijectivity.dfy,tptp,vampire,predicates,VERIFICATION_TIMED_OUT,29918,4
ground_truth,veribetrkv-osdi2020_tmp_tmpra431m8q_docker-hdd_src_veribetrkv-linear_lib_Base_SetBijectivity.dfy,tptp,vampire,arguments,VERIFICATION_TIMED_OUT,29885,4
ground_truth,veribetrkv-osdi2020_tmp_tmpra431m8q_docker-hdd_src_veribetrkv-linear_lib_Base_SetBijectivity.dfy,smtlib,vampire,monomorphic,VERIFICATION_TIMED_OUT,29829,4
ground_truth,veribetrkv-osdi2020_tmp_tmpra431m8q_docker-hdd_src_veribetrkv-linear_lib_Base_SetBijectivity.dfy,smtlib,vampire,predicates,VERIFICATION_TIMED_OUT,29842,4
ground_truth,veribetrkv-osdi2020_tmp_tmpra431m8q_docker-hdd_src_veribetrkv-linear_lib_Base_SetBijectivity.dfy,smtlib,vampire,arguments,VERIFICATION_TIMED_OUT,29834,4
ground_truth,veribetrkv-osdi2020_tmp_tmpra431m8q_docker-hdd_src_veribetrkv-linear_lib_Base_SetBijectivity.dfy,smtlib,z3,monomorphic,VERIFIED,1091,0
ground_truth,veribetrkv-osdi2020_tmp_tmpra431m8q_docker-hdd_src_veribetrkv-linear_lib_Base_SetBijectivity.dfy,smtlib,z3,predicates,VERIFIED,1277,0
ground_truth,veribetrkv-osdi2020_tmp_tmpra431m8q_docker-hdd_src_veribetrkv-linear_lib_Base_SetBijectivity.dfy,smtlib,z3,arguments,VERIFIED,1002,0
ground_truth,Program-Verification-Dataset_tmp_tmpgbdrlnu__Dafny_advanced examples_ArrayMap.dfy,tptp,vampire,polymorphic,VERIFICATION_TIMED_OUT,29822,4
ground_truth,Program-Verification-Dataset_tmp_tmpgbdrlnu__Dafny_advanced examples_ArrayMap.dfy,tptp,vampire,monomorphic,VERIFICATION_TIMED_OUT,29860,4
ground_truth,Program-Verification-Dataset_tmp_tmpgbdrlnu__Dafny_advanced examples_ArrayMap.dfy,tptp,vampire,predicates,VERIFICATION_TIMED_OUT,29881,4
ground_truth,Program-Verification-Dataset_tmp_tmpgbdrlnu__Dafny_advanced examples_ArrayMap.dfy,tptp,vampire,arguments,VERIFICATION_TIMED_OUT,29785,4
ground_truth,Program-Verification-Dataset_tmp_tmpgbdrlnu__Dafny_advanced examples_ArrayMap.dfy,smtlib,vampire,monomorphic,VERIFICATION_TIMED_OUT,29834,4
ground_truth,Program-Verification-Dataset_tmp_tmpgbdrlnu__Dafny_advanced examples_ArrayMap.dfy,smtlib,vampire,predicates,VERIFICATION_TIMED_OUT,29728,4
ground_truth,Program-Verification-Dataset_tmp_tmpgbdrlnu__Dafny_advanced examples_ArrayMap.dfy,smtlib,vampire,arguments,VERIFICATION_TIMED_OUT,29722,4
ground_truth,Program-Verification-Dataset_tmp_tmpgbdrlnu__Dafny_advanced examples_ArrayMap.dfy,smtlib,z3,monomorphic,VERIFIED,898,0
ground_truth,Program-Verification-Dataset_tmp_tmpgbdrlnu__Dafny_advanced examples_ArrayMap.dfy,smtlib,z3,predicates,VERIFIED,880,0
ground_truth,Program-Verification-Dataset_tmp_tmpgbdrlnu__Dafny_advanced examples_ArrayMap.dfy,smtlib,z3,arguments,VERIFIED,876,0
ground_truth,se2011_tmp_tmp71eb82zt_ass1_ex6.dfy,tptp,vampire,polymorphic,VERIFIED,1099,0
ground_truth,se2011_tmp_tmp71eb82zt_ass1_ex6.dfy,tptp,vampire,monomorphic,VERIFIED,1846,0
ground_truth,se2011_tmp_tmp71eb82zt_ass1_ex6.dfy,tptp,vampire,predicates,VERIFIED,2098,0
ground_truth,se2011_tmp_tmp71eb82zt_ass1_ex6.dfy,tptp,vampire,arguments,VERIFIED,1419,0
ground_truth,se2011_tmp_tmp71eb82zt_ass1_ex6.dfy,smtlib,vampire,monomorphic,VERIFIED,1105,0
ground_truth,se2011_tmp_tmp71eb82zt_ass1_ex6.dfy,smtlib,vampire,predicates,VERIFIED,1084,0
ground_truth,se2011_tmp_tmp71eb82zt_ass1_ex6.dfy,smtlib,vampire,arguments,VERIFIED,1105,0
ground_truth,se2011_tmp_tmp71eb82zt_ass1_ex6.dfy,smtlib,z3,monomorphic,VERIFIED,814,0
ground_truth,se2011_tmp_tmp71eb82zt_ass1_ex6.dfy,smtlib,z3,predicates,VERIFIED,785,0
ground_truth,se2011_tmp_tmp71eb82zt_ass1_ex6.dfy,smtlib,z3,arguments,VERIFIED,780,0
ground_truth,laboratory_tmp_tmps8ws6mu2_dafny-tutorial_exercise12.dfy,tptp,vampire,polymorphic,VERIFICATION_TIMED_OUT,29747,4
ground_truth,laboratory_tmp_tmps8ws6mu2_dafny-tutorial_exercise12.dfy,tptp,vampire,monomorphic,VERIFIED,1848,0
ground_truth,laboratory_tmp_tmps8ws6mu2_dafny-tutorial_exercise12.dfy,tptp,vampire,predicates,VERIFICATION_TIMED_OUT,29838,4
ground_truth,laboratory_tmp_tmps8ws6mu2_dafny-tutorial_exercise12.dfy,tptp,vampire,arguments,VERIFIED,1820,0
ground_truth,laboratory_tmp_tmps8ws6mu2_dafny-tutorial_exercise12.dfy,smtlib,vampire,monomorphic,VERIFIED,1939,0
ground_truth,laboratory_tmp_tmps8ws6mu2_dafny-tutorial_exercise12.dfy,smtlib,vampire,predicates,VERIFIED,18175,0
ground_truth,laboratory_tmp_tmps8ws6mu2_dafny-tutorial_exercise12.dfy,smtlib,vampire,arguments,VERIFICATION_TIMED_OUT,29712,4
ground_truth,laboratory_tmp_tmps8ws6mu2_dafny-tutorial_exercise12.dfy,smtlib,z3,monomorphic,VERIFIED,865,0
ground_truth,laboratory_tmp_tmps8ws6mu2_dafny-tutorial_exercise12.dfy,smtlib,z3,predicates,VERIFIED,851,0
ground_truth,laboratory_tmp_tmps8ws6mu2_dafny-tutorial_exercise12.dfy,smtlib,z3,arguments,VERIFIED,845,0
ground_truth,veribetrkv-osdi2020_tmp_tmpra431m8q_docker-hdd_src_veribetrkv-linear_lib_Base_Sets.dfy,tptp,vampire,polymorphic,VERIFICATION_TIMED_OUT,29814,4
ground_truth,veribetrkv-osdi2020_tmp_tmpra431m8q_docker-hdd_src_veribetrkv-linear_lib_Base_Sets.dfy,tptp,vampire,monomorphic,VERIFICATION_TIMED_OUT,29855,4
ground_truth,veribetrkv-osdi2020_tmp_tmpra431m8q_docker-hdd_src_veribetrkv-linear_lib_Base_Sets.dfy,tptp,vampire,predicates,VERIFICATION_TIMED_OUT,29865,4
ground_truth,veribetrkv-osdi2020_tmp_tmpra431m8q_docker-hdd_src_veribetrkv-linear_lib_Base_Sets.dfy,tptp,vampire,arguments,VERIFICATION_TIMED_OUT,29843,4
ground_truth,veribetrkv-osdi2020_tmp_tmpra431m8q_docker-hdd_src_veribetrkv-linear_lib_Base_Sets.dfy,smtlib,vampire,monomorphic,VERIFICATION_TIMED_OUT,29798,4
ground_truth,veribetrkv-osdi2020_tmp_tmpra431m8q_docker-hdd_src_veribetrkv-linear_lib_Base_Sets.dfy,smtlib,vampire,predicates,VERIFICATION_TIMED_OUT,29788,4
ground_truth,veribetrkv-osdi2020_tmp_tmpra431m8q_docker-hdd_src_veribetrkv-linear_lib_Base_Sets.dfy,smtlib,vampire,arguments,VERIFICATION_TIMED_OUT,29767,4
ground_truth,veribetrkv-osdi2020_tmp_tmpra431m8q_docker-hdd_src_veribetrkv-linear_lib_Base_Sets.dfy,smtlib,z3,monomorphic,VERIFIED,874,0
ground_truth,veribetrkv-osdi2020_tmp_tmpra431m8q_docker-hdd_src_veribetrkv-linear_lib_Base_Sets.dfy,smtlib,z3,predicates,VERIFIED,851,0
ground_truth,veribetrkv-osdi2020_tmp_tmpra431m8q_docker-hdd_src_veribetrkv-linear_lib_Base_Sets.dfy,smtlib,z3,arguments,VERIFIED,837,0
ground_truth,dafny-synthesis_task_id_566.dfy,tptp,vampire,polymorphic,VERIFICATION_TIMED_OUT,30141,4
ground_truth,dafny-synthesis_task_id_566.dfy,tptp,vampire,monomorphic,VERIFICATION_TIMED_OUT,30075,4
ground_truth,dafny-synthesis_task_id_566.dfy,tptp,vampire,predicates,VERIFICATION_TIMED_OUT,30748,4
ground_truth,dafny-synthesis_task_id_566.dfy,tptp,vampire,arguments,VERIFICATION_TIMED_OUT,30173,4
ground_truth,dafny-synthesis_task_id_566.dfy,smtlib,vampire,monomorphic,VERIFICATION_TIMED_OUT,30032,4
ground_truth,dafny-synthesis_task_id_566.dfy,smtlib,vampire,predicates,VERIFICATION_TIMED_OUT,29908,4
ground_truth,dafny-synthesis_task_id_566.dfy,smtlib,vampire,arguments,VERIFICATION_TIMED_OUT,29894,4
ground_truth,dafny-synthesis_task_id_566.dfy,smtlib,z3,monomorphic,VERIFICATION_TIMED_OUT,31017,4
ground_truth,dafny-synthesis_task_id_566.dfy,smtlib,z3,predicates,NOT_VERIFIED,1181,4
ground_truth,dafny-synthesis_task_id_566.dfy,smtlib,z3,arguments,VERIFICATION_TIMED_OUT,30976,4
ground_truth,Dafny_Verify_tmp_tmphq7j0row_Generated_Code_15.dfy,tptp,vampire,polymorphic,VERIFIED,983,0
ground_truth,Dafny_Verify_tmp_tmphq7j0row_Generated_Code_15.dfy,tptp,vampire,monomorphic,VERIFIED,1021,0
ground_truth,Dafny_Verify_tmp_tmphq7j0row_Generated_Code_15.dfy,tptp,vampire,predicates,VERIFIED,989,0
ground_truth,Dafny_Verify_tmp_tmphq7j0row_Generated_Code_15.dfy,tptp,vampire,arguments,VERIFIED,986,0
ground_truth,Dafny_Verify_tmp_tmphq7j0row_Generated_Code_15.dfy,smtlib,vampire,monomorphic,VERIFIED,982,0
ground_truth,Dafny_Verify_tmp_tmphq7j0row_Generated_Code_15.dfy,smtlib,vampire,predicates,VERIFIED,953,0
ground_truth,Dafny_Verify_tmp_tmphq7j0row_Generated_Code_15.dfy,smtlib,vampire,arguments,VERIFIED,940,0
ground_truth,Dafny_Verify_tmp_tmphq7j0row_Generated_Code_15.dfy,smtlib,z3,monomorphic,VERIFIED,893,0
ground_truth,Dafny_Verify_tmp_tmphq7j0row_Generated_Code_15.dfy,smtlib,z3,predicates,VERIFIED,877,0
ground_truth,Dafny_Verify_tmp_tmphq7j0row_Generated_Code_15.dfy,smtlib,z3,arguments,VERIFIED,870,0
ground_truth,specTesting_tmp_tmpueam35lx_examples_binary_search_binary_search_specs.dfy,tptp,vampire,polymorphic,VERIFICATION_TIMED_OUT,29999,4
ground_truth,specTesting_tmp_tmpueam35lx_examples_binary_search_binary_search_specs.dfy,tptp,vampire,monomorphic,VERIFICATION_TIMED_OUT,29942,4
ground_truth,specTesting_tmp_tmpueam35lx_examples_binary_search_binary_search_specs.dfy,tptp,vampire,predicates,VERIFICATION_TIMED_OUT,29946,4
ground_truth,specTesting_tmp_tmpueam35lx_examples_binary_search_binary_search_specs.dfy,tptp,vampire,arguments,VERIFICATION_TIMED_OUT,29859,4
ground_truth,specTesting_tmp_tmpueam35lx_examples_binary_search_binary_search_specs.dfy,smtlib,vampire,monomorphic,VERIFICATION_TIMED_OUT,29897,4
ground_truth,specTesting_tmp_tmpueam35lx_examples_binary_search_binary_search_specs.dfy,smtlib,vampire,predicates,VERIFICATION_TIMED_OUT,29881,4
ground_truth,specTesting_tmp_tmpueam35lx_examples_binary_search_binary_search_specs.dfy,smtlib,vampire,arguments,VERIFICATION_TIMED_OUT,29813,4
ground_truth,specTesting_tmp_tmpueam35lx_examples_binary_search_binary_search_specs.dfy,smtlib,z3,monomorphic,VERIFIED,984,0
ground_truth,specTesting_tmp_tmpueam35lx_examples_binary_search_binary_search_specs.dfy,smtlib,z3,predicates,VERIFIED,965,0
ground_truth,specTesting_tmp_tmpueam35lx_examples_binary_search_binary_search_specs.dfy,smtlib,z3,arguments,VERIFIED,961,0
ground_truth,dafny-learn_tmp_tmpn94ir40q_R01_assertions.dfy,tptp,vampire,polymorphic,VERIFIED,893,0
ground_truth,dafny-learn_tmp_tmpn94ir40q_R01_assertions.dfy,tptp,vampire,monomorphic,VERIFIED,940,0
ground_truth,dafny-learn_tmp_tmpn94ir40q_R01_assertions.dfy,tptp,vampire,predicates,VERIFIED,912,0
ground_truth,dafny-learn_tmp_tmpn94ir40q_R01_assertions.dfy,tptp,vampire,arguments,VERIFIED,894,0
ground_truth,dafny-learn_tmp_tmpn94ir40q_R01_assertions.dfy,smtlib,vampire,monomorphic,VERIFIED,894,0
ground_truth,dafny-learn_tmp_tmpn94ir40q_R01_assertions.dfy,smtlib,vampire,predicates,VERIFIED,861,0
ground_truth,dafny-learn_tmp_tmpn94ir40q_R01_assertions.dfy,smtlib,vampire,arguments,VERIFIED,851,0
ground_truth,dafny-learn_tmp_tmpn94ir40q_R01_assertions.dfy,smtlib,z3,monomorphic,VERIFIED,824,0
ground_truth,dafny-learn_tmp_tmpn94ir40q_R01_assertions.dfy,smtlib,z3,predicates,VERIFIED,792,0
ground_truth,dafny-learn_tmp_tmpn94ir40q_R01_assertions.dfy,smtlib,z3,arguments,VERIFIED,794,0
ground_truth,dafny-synthesis_task_id_234.dfy,tptp,vampire,polymorphic,VERIFIED,773,0
ground_truth,dafny-synthesis_task_id_234.dfy,tptp,vampire,monomorphic,VERIFIED,827,0
ground_truth,dafny-synthesis_task_id_234.dfy,tptp,vampire,predicates,VERIFIED,796,0
ground_truth,dafny-synthesis_task_id_234.dfy,tptp,vampire,arguments,VERIFIED,787,0
ground_truth,dafny-synthesis_task_id_234.dfy,smtlib,vampire,monomorphic,VERIFIED,781,0
ground_truth,dafny-synthesis_task_id_234.dfy,smtlib,vampire,predicates,VERIFIED,767,0
ground_truth,dafny-synthesis_task_id_234.dfy,smtlib,vampire,arguments,VERIFIED,747,0
ground_truth,dafny-synthesis_task_id_234.dfy,smtlib,z3,monomorphic,VERIFIED,772,0
ground_truth,dafny-synthesis_task_id_234.dfy,smtlib,z3,predicates,VERIFIED,748,0
ground_truth,dafny-synthesis_task_id_234.dfy,smtlib,z3,arguments,VERIFIED,734,0
ground_truth,DafnyPrograms_tmp_tmp74_f9k_c_automaton.dfy,tptp,vampire,polymorphic,VERIFICATION_TIMED_OUT,29954,4
ground_truth,DafnyPrograms_tmp_tmp74_f9k_c_automaton.dfy,tptp,vampire,monomorphic,VERIFICATION_TIMED_OUT,29958,4
ground_truth,DafnyPrograms_tmp_tmp74_f9k_c_automaton.dfy,tptp,vampire,predicates,VERIFICATION_TIMED_OUT,29960,4
ground_truth,DafnyPrograms_tmp_tmp74_f9k_c_automaton.dfy,tptp,vampire,arguments,VERIFICATION_TIMED_OUT,29972,4
ground_truth,DafnyPrograms_tmp_tmp74_f9k_c_automaton.dfy,smtlib,vampire,monomorphic,VERIFICATION_TIMED_OUT,29970,4
ground_truth,DafnyPrograms_tmp_tmp74_f9k_c_automaton.dfy,smtlib,vampire,predicates,VERIFICATION_TIMED_OUT,29919,4
ground_truth,DafnyPrograms_tmp_tmp74_f9k_c_automaton.dfy,smtlib,vampire,arguments,VERIFICATION_TIMED_OUT,29911,4
ground_truth,DafnyPrograms_tmp_tmp74_f9k_c_automaton.dfy,smtlib,z3,monomorphic,NOT_VERIFIED,2256,4
ground_truth,DafnyPrograms_tmp_tmp74_f9k_c_automaton.dfy,smtlib,z3,predicates,NOT_VERIFIED,1275,4
ground_truth,DafnyPrograms_tmp_tmp74_f9k_c_automaton.dfy,smtlib,z3,arguments,NOT_VERIFIED,1299,4
ground_truth,Clover_min_of_two.dfy,tptp,vampire,polymorphic,VERIFIED,772,0
ground_truth,Clover_min_of_two.dfy,tptp,vampire,monomorphic,VERIFIED,829,0
ground_truth,Clover_min_of_two.dfy,tptp,vampire,predicates,VERIFIED,795,0
ground_truth,Clover_min_of_two.dfy,tptp,vampire,arguments,VERIFIED,793,0
ground_truth,Clover_min_of_two.dfy,smtlib,vampire,monomorphic,VERIFIED,787,0
ground_truth,Clover_min_of_two.dfy,smtlib,vampire,predicates,VERIFIED,764,0
ground_truth,Clover_min_of_two.dfy,smtlib,vampire,arguments,VERIFIED,746,0
ground_truth,Clover_min_of_two.dfy,smtlib,z3,monomorphic,VERIFIED,767,0
ground_truth,Clover_min_of_two.dfy,smtlib,z3,predicates,VERIFIED,745,0
ground_truth,Clover_min_of_two.dfy,smtlib,z3,arguments,VERIFIED,741,0
ground_truth,groupTheory_tmp_tmppmmxvu8h_yair_yair2.dfy,tptp,vampire,polymorphic,VERIFIED,864,0
ground_truth,groupTheory_tmp_tmppmmxvu8h_yair_yair2.dfy,tptp,vampire,monomorphic,VERIFIED,930,0
ground_truth,groupTheory_tmp_tmppmmxvu8h_yair_yair2.dfy,tptp,vampire,predicates,VERIFIED,914,0
ground_truth,groupTheory_tmp_tmppmmxvu8h_yair_yair2.dfy,tptp,vampire,arguments,VERIFIED,881,0
ground_truth,groupTheory_tmp_tmppmmxvu8h_yair_yair2.dfy,smtlib,vampire,monomorphic,VERIFIED,874,0
ground_truth,groupTheory_tmp_tmppmmxvu8h_yair_yair2.dfy,smtlib,vampire,predicates,VERIFIED,870,0
ground_truth,groupTheory_tmp_tmppmmxvu8h_yair_yair2.dfy,smtlib,vampire,arguments,VERIFIED,842,0
ground_truth,groupTheory_tmp_tmppmmxvu8h_yair_yair2.dfy,smtlib,z3,monomorphic,VERIFIED,853,0
ground_truth,groupTheory_tmp_tmppmmxvu8h_yair_yair2.dfy,smtlib,z3,predicates,VERIFIED,831,0
ground_truth,groupTheory_tmp_tmppmmxvu8h_yair_yair2.dfy,smtlib,z3,arguments,VERIFIED,824,0
ground_truth,Program-Verification-Dataset_tmp_tmpgbdrlnu__Dafny_from dafny main repo_dafny4_ClassRefinement.dfy,tptp,vampire,polymorphic,VERIFICATION_TIMED_OUT,68475,4
ground_truth,Program-Verification-Dataset_tmp_tmpgbdrlnu__Dafny_from dafny main repo_dafny4_ClassRefinement.dfy,tptp,vampire,monomorphic,VERIFICATION_TIMED_OUT,88134,4
ground_truth,Program-Verification-Dataset_tmp_tmpgbdrlnu__Dafny_from dafny main repo_dafny4_ClassRefinement.dfy,tptp,vampire,predicates,VERIFICATION_TIMED_OUT,87997,4
ground_truth,Program-Verification-Dataset_tmp_tmpgbdrlnu__Dafny_from dafny main repo_dafny4_ClassRefinement.dfy,tptp,vampire,arguments,VERIFICATION_TIMED_OUT,88018,4
ground_truth,Program-Verification-Dataset_tmp_tmpgbdrlnu__Dafny_from dafny main repo_dafny4_ClassRefinement.dfy,smtlib,vampire,monomorphic,VERIFICATION_TIMED_OUT,61119,4
ground_truth,Program-Verification-Dataset_tmp_tmpgbdrlnu__Dafny_from dafny main repo_dafny4_ClassRefinement.dfy,smtlib,vampire,predicates,VERIFICATION_TIMED_OUT,87939,4
ground_truth,Program-Verification-Dataset_tmp_tmpgbdrlnu__Dafny_from dafny main repo_dafny4_ClassRefinement.dfy,smtlib,vampire,arguments,VERIFICATION_TIMED_OUT,68685,4
ground_truth,Program-Verification-Dataset_tmp_tmpgbdrlnu__Dafny_from dafny main repo_dafny4_ClassRefinement.dfy,smtlib,z3,monomorphic,VERIFIED,1204,0
ground_truth,Program-Verification-Dataset_tmp_tmpgbdrlnu__Dafny_from dafny main repo_dafny4_ClassRefinement.dfy,smtlib,z3,predicates,VERIFIED,1132,0
ground_truth,Program-Verification-Dataset_tmp_tmpgbdrlnu__Dafny_from dafny main repo_dafny4_ClassRefinement.dfy,smtlib,z3,arguments,VERIFIED,1093,0
ground_truth,dafny-language-server_tmp_tmpkir0kenl_Test_git-issues_git-issue-336.dfy,tptp,vampire,polymorphic,VERIFICATION_TIMED_OUT,29775,4
ground_truth,dafny-language-server_tmp_tmpkir0kenl_Test_git-issues_git-issue-336.dfy,tptp,vampire,monomorphic,VERIFICATION_TIMED_OUT,29848,4
ground_truth,dafny-language-server_tmp_tmpkir0kenl_Test_git-issues_git-issue-336.dfy,tptp,vampire,predicates,VERIFICATION_TIMED_OUT,29802,4
ground_truth,dafny-language-server_tmp_tmpkir0kenl_Test_git-issues_git-issue-336.dfy,tptp,vampire,arguments,VERIFICATION_TIMED_OUT,29794,4
ground_truth,dafny-language-server_tmp_tmpkir0kenl_Test_git-issues_git-issue-336.dfy,smtlib,vampire,monomorphic,VERIFICATION_TIMED_OUT,29767,4
ground_truth,dafny-language-server_tmp_tmpkir0kenl_Test_git-issues_git-issue-336.dfy,smtlib,vampire,predicates,VERIFICATION_TIMED_OUT,29766,4
ground_truth,dafny-language-server_tmp_tmpkir0kenl_Test_git-issues_git-issue-336.dfy,smtlib,vampire,arguments,VERIFICATION_TIMED_OUT,29733,4
ground_truth,dafny-language-server_tmp_tmpkir0kenl_Test_git-issues_git-issue-336.dfy,smtlib,z3,monomorphic,VERIFIED,846,0
ground_truth,dafny-language-server_tmp_tmpkir0kenl_Test_git-issues_git-issue-336.dfy,smtlib,z3,predicates,NOT_VERIFIED,821,4
ground_truth,dafny-language-server_tmp_tmpkir0kenl_Test_git-issues_git-issue-336.dfy,smtlib,z3,arguments,VERIFIED,816,0
ground_truth,specTesting_tmp_tmpueam35lx_examples_increment_decrement_spec.dfy,tptp,vampire,polymorphic,VERIFIED,3660,0
ground_truth,specTesting_tmp_tmpueam35lx_examples_increment_decrement_spec.dfy,tptp,vampire,monomorphic,VERIFIED,13543,0
ground_truth,specTesting_tmp_tmpueam35lx_examples_increment_decrement_spec.dfy,tptp,vampire,predicates,VERIFICATION_TIMED_OUT,29988,4
ground_truth,specTesting_tmp_tmpueam35lx_examples_increment_decrement_spec.dfy,tptp,vampire,arguments,VERIFICATION_TIMED_OUT,29889,4
ground_truth,specTesting_tmp_tmpueam35lx_examples_increment_decrement_spec.dfy,smtlib,vampire,monomorphic,VERIFIED,1387,0
ground_truth,specTesting_tmp_tmpueam35lx_examples_increment_decrement_spec.dfy,smtlib,vampire,predicates,VERIFIED,5676,0
ground_truth,specTesting_tmp_tmpueam35lx_examples_increment_decrement_spec.dfy,smtlib,vampire,arguments,VERIFIED,1263,0
ground_truth,specTesting_tmp_tmpueam35lx_examples_increment_decrement_spec.dfy,smtlib,z3,monomorphic,VERIFIED,1064,0
ground_truth,specTesting_tmp_tmpueam35lx_examples_increment_decrement_spec.dfy,smtlib,z3,predicates,VERIFIED,975,0
ground_truth,specTesting_tmp_tmpueam35lx_examples_increment_decrement_spec.dfy,smtlib,z3,arguments,VERIFIED,967,0
ground_truth,Clover_below_zero.dfy,tptp,vampire,polymorphic,VERIFICATION_TIMED_OUT,29813,4
ground_truth,Clover_below_zero.dfy,tptp,vampire,monomorphic,VERIFICATION_TIMED_OUT,29908,4
ground_truth,Clover_below_zero.dfy,tptp,vampire,predicates,VERIFICATION_TIMED_OUT,29872,4
ground_truth,Clover_below_zero.dfy,tptp,vampire,arguments,VERIFICATION_TIMED_OUT,29823,4
ground_truth,Clover_below_zero.dfy,smtlib,vampire,monomorphic,VERIFICATION_TIMED_OUT,29790,4
ground_truth,Clover_below_zero.dfy,smtlib,vampire,predicates,VERIFICATION_TIMED_OUT,29790,4
ground_truth,Clover_below_zero.dfy,smtlib,vampire,arguments,VERIFICATION_TIMED_OUT,29807,4
ground_truth,Clover_below_zero.dfy,smtlib,z3,monomorphic,VERIFIED,922,0
ground_truth,Clover_below_zero.dfy,smtlib,z3,predicates,VERIFIED,891,0
ground_truth,Clover_below_zero.dfy,smtlib,z3,arguments,VERIFIED,888,0
ground_truth,DafnyExercises_tmp_tmpd6qyevja_Part1_Q1.dfy,tptp,vampire,polymorphic,VERIFICATION_TIMED_OUT,29758,4
ground_truth,DafnyExercises_tmp_tmpd6qyevja_Part1_Q1.dfy,tptp,vampire,monomorphic,VERIFICATION_TIMED_OUT,29808,4
ground_truth,DafnyExercises_tmp_tmpd6qyevja_Part1_Q1.dfy,tptp,vampire,predicates,VERIFICATION_TIMED_OUT,29814,4
ground_truth,DafnyExercises_tmp_tmpd6qyevja_Part1_Q1.dfy,tptp,vampire,arguments,VERIFICATION_TIMED_OUT,29862,4
ground_truth,DafnyExercises_tmp_tmpd6qyevja_Part1_Q1.dfy,smtlib,vampire,monomorphic,VERIFICATION_TIMED_OUT,29799,4
ground_truth,DafnyExercises_tmp_tmpd6qyevja_Part1_Q1.dfy,smtlib,vampire,predicates,VERIFICATION_TIMED_OUT,29774,4
ground_truth,DafnyExercises_tmp_tmpd6qyevja_Part1_Q1.dfy,smtlib,vampire,arguments,VERIFICATION_TIMED_OUT,29789,4
ground_truth,DafnyExercises_tmp_tmpd6qyevja_Part1_Q1.dfy,smtlib,z3,monomorphic,VERIFIED,879,0
ground_truth,DafnyExercises_tmp_tmpd6qyevja_Part1_Q1.dfy,smtlib,z3,predicates,VERIFIED,863,0
ground_truth,DafnyExercises_tmp_tmpd6qyevja_Part1_Q1.dfy,smtlib,z3,arguments,VERIFIED,846,0
ground_truth,Clover_update_map.dfy,tptp,vampire,polymorphic,VERIFIED,1598,0
ground_truth,Clover_update_map.dfy,tptp,vampire,monomorphic,VERIFIED,993,0
ground_truth,Clover_update_map.dfy,tptp,vampire,predicates,VERIFICATION_TIMED_OUT,29808,4
ground_truth,Clover_update_map.dfy,tptp,vampire,arguments,VERIFIED,891,0
ground_truth,Clover_update_map.dfy,smtlib,vampire,monomorphic,VERIFIED,2950,0
ground_truth,Clover_update_map.dfy,smtlib,vampire,predicates,VERIFICATION_TIMED_OUT,29690,4
ground_truth,Clover_update_map.dfy,smtlib,vampire,arguments,VERIFIED,849,0
ground_truth,Clover_update_map.dfy,smtlib,z3,monomorphic,VERIFIED,850,0
ground_truth,Clover_update_map.dfy,smtlib,z3,predicates,VERIFIED,838,0
ground_truth,Clover_update_map.dfy,smtlib,z3,arguments,VERIFIED,829,0
ground_truth,dafny-exercise_tmp_tmpouftptir_filter.dfy,tptp,vampire,polymorphic,VERIFICATION_TIMED_OUT,29750,4
ground_truth,dafny-exercise_tmp_tmpouftptir_filter.dfy,tptp,vampire,monomorphic,VERIFICATION_TIMED_OUT,29793,4
ground_truth,dafny-exercise_tmp_tmpouftptir_filter.dfy,tptp,vampire,predicates,VERIFICATION_TIMED_OUT,29742,4
ground_truth,dafny-exercise_tmp_tmpouftptir_filter.dfy,tptp,vampire,arguments,VERIFICATION_TIMED_OUT,29812,4
ground_truth,dafny-exercise_tmp_tmpouftptir_filter.dfy,smtlib,vampire,monomorphic,VERIFICATION_TIMED_OUT,29757,4
ground_truth,dafny-exercise_tmp_tmpouftptir_filter.dfy,smtlib,vampire,predicates,VERIFICATION_TIMED_OUT,29674,4
ground_truth,dafny-exercise_tmp_tmpouftptir_filter.dfy,smtlib,vampire,arguments,VERIFICATION_TIMED_OUT,29767,4
ground_truth,dafny-exercise_tmp_tmpouftptir_filter.dfy,smtlib,z3,monomorphic,VERIFIED,1481,0
ground_truth,dafny-exercise_tmp_tmpouftptir_filter.dfy,smtlib,z3,predicates,VERIFIED,1524,0
ground_truth,dafny-exercise_tmp_tmpouftptir_filter.dfy,smtlib,z3,arguments,VERIFIED,1426,0
ground_truth,summer-school-2020_tmp_tmpn8nf7zf0_chapter02_solutions_exercise02_solution.dfy,tptp,vampire,polymorphic,VERIFIED,3519,0
ground_truth,summer-school-2020_tmp_tmpn8nf7zf0_chapter02_solutions_exercise02_solution.dfy,tptp,vampire,monomorphic,VERIFIED,12713,0
ground_truth,summer-school-2020_tmp_tmpn8nf7zf0_chapter02_solutions_exercise02_solution.dfy,tptp,vampire,predicates,VERIFICATION_TIMED_OUT,29846,4
ground_truth,summer-school-2020_tmp_tmpn8nf7zf0_chapter02_solutions_exercise02_solution.dfy,tptp,vampire,arguments,VERIFIED,8424,0
ground_truth,summer-school-2020_tmp_tmpn8nf7zf0_chapter02_solutions_exercise02_solution.dfy,smtlib,vampire,monomorphic,VERIFIED,8852,0
ground_truth,summer-school-2020_tmp_tmpn8nf7zf0_chapter02_solutions_exercise02_solution.dfy,smtlib,vampire,predicates,VERIFIED,10921,0
ground_truth,summer-school-2020_tmp_tmpn8nf7zf0_chapter02_solutions_exercise02_solution.dfy,smtlib,vampire,arguments,VERIFIED,8739,0
ground_truth,summer-school-2020_tmp_tmpn8nf7zf0_chapter02_solutions_exercise02_solution.dfy,smtlib,z3,monomorphic,VERIFIED,917,0
ground_truth,summer-school-2020_tmp_tmpn8nf7zf0_chapter02_solutions_exercise02_solution.dfy,smtlib,z3,predicates,VERIFIED,890,0
ground_truth,summer-school-2020_tmp_tmpn8nf7zf0_chapter02_solutions_exercise02_solution.dfy,smtlib,z3,arguments,VERIFIED,900,0
ground_truth,dafny-synthesis_task_id_476.dfy,tptp,vampire,polymorphic,VERIFICATION_TIMED_OUT,29816,4
ground_truth,dafny-synthesis_task_id_476.dfy,tptp,vampire,monomorphic,VERIFICATION_TIMED_OUT,29942,4
ground_truth,dafny-synthesis_task_id_476.dfy,tptp,vampire,predicates,VERIFICATION_TIMED_OUT,29865,4
ground_truth,dafny-synthesis_task_id_476.dfy,tptp,vampire,arguments,VERIFICATION_TIMED_OUT,29911,4
ground_truth,dafny-synthesis_task_id_476.dfy,smtlib,vampire,monomorphic,VERIFICATION_TIMED_OUT,29843,4
ground_truth,dafny-synthesis_task_id_476.dfy,smtlib,vampire,predicates,VERIFICATION_TIMED_OUT,29801,4
ground_truth,dafny-synthesis_task_id_476.dfy,smtlib,vampire,arguments,VERIFICATION_TIMED_OUT,29808,4
ground_truth,dafny-synthesis_task_id_476.dfy,smtlib,z3,monomorphic,VERIFIED,960,0
ground_truth,dafny-synthesis_task_id_476.dfy,smtlib,z3,predicates,VERIFIED,918,0
ground_truth,dafny-synthesis_task_id_476.dfy,smtlib,z3,arguments,VERIFIED,902,0
ground_truth,Dafny_tmp_tmpmvs2dmry_examples1.dfy,tptp,vampire,polymorphic,VERIFIED,1061,0
ground_truth,Dafny_tmp_tmpmvs2dmry_examples1.dfy,tptp,vampire,monomorphic,VERIFIED,1062,0
ground_truth,Dafny_tmp_tmpmvs2dmry_examples1.dfy,tptp,vampire,predicates,VERIFIED,1029,0
ground_truth,Dafny_tmp_tmpmvs2dmry_examples1.dfy,tptp,vampire,arguments,VERIFIED,1030,0
ground_truth,Dafny_tmp_tmpmvs2dmry_examples1.dfy,smtlib,vampire,monomorphic,VERIFIED,1039,0
ground_truth,Dafny_tmp_tmpmvs2dmry_examples1.dfy,smtlib,vampire,predicates,VERIFIED,1019,0
ground_truth,Dafny_tmp_tmpmvs2dmry_examples1.dfy,smtlib,vampire,arguments,VERIFIED,1011,0
ground_truth,Dafny_tmp_tmpmvs2dmry_examples1.dfy,smtlib,z3,monomorphic,VERIFIED,866,0
ground_truth,Dafny_tmp_tmpmvs2dmry_examples1.dfy,smtlib,z3,predicates,VERIFIED,825,0
ground_truth,Dafny_tmp_tmpmvs2dmry_examples1.dfy,smtlib,z3,arguments,VERIFIED,829,0
ground_truth,dafny-synthesis_task_id_143.dfy,tptp,vampire,polymorphic,VERIFIED,843,0
ground_truth,dafny-synthesis_task_id_143.dfy,tptp,vampire,monomorphic,VERIFIED,899,0
ground_truth,dafny-synthesis_task_id_143.dfy,tptp,vampire,predicates,VERIFIED,873,0
ground_truth,dafny-synthesis_task_id_143.dfy,tptp,vampire,arguments,VERIFIED,858,0
ground_truth,dafny-synthesis_task_id_143.dfy,smtlib,vampire,monomorphic,VERIFIED,857,0
ground_truth,dafny-synthesis_task_id_143.dfy,smtlib,vampire,predicates,VERIFIED,859,0
ground_truth,dafny-synthesis_task_id_143.dfy,smtlib,vampire,arguments,VERIFIED,831,0
ground_truth,dafny-synthesis_task_id_143.dfy,smtlib,z3,monomorphic,VERIFIED,773,0
ground_truth,dafny-synthesis_task_id_143.dfy,smtlib,z3,predicates,VERIFIED,753,0
ground_truth,dafny-synthesis_task_id_143.dfy,smtlib,z3,arguments,VERIFIED,744,0
ground_truth,Dafny_tmp_tmpj88zq5zt_2-Kontrakte_max.dfy,tptp,vampire,polymorphic,VERIFIED,977,0
ground_truth,Dafny_tmp_tmpj88zq5zt_2-Kontrakte_max.dfy,tptp,vampire,monomorphic,VERIFIED,1023,0
ground_truth,Dafny_tmp_tmpj88zq5zt_2-Kontrakte_max.dfy,tptp,vampire,predicates,VERIFIED,1100,0
ground_truth,Dafny_tmp_tmpj88zq5zt_2-Kontrakte_max.dfy,tptp,vampire,arguments,VERIFIED,987,0
ground_truth,Dafny_tmp_tmpj88zq5zt_2-Kontrakte_max.dfy,smtlib,vampire,monomorphic,VERIFIED,983,0
ground_truth,Dafny_tmp_tmpj88zq5zt_2-Kontrakte_max.dfy,smtlib,vampire,predicates,VERIFIED,1105,0
ground_truth,Dafny_tmp_tmpj88zq5zt_2-Kontrakte_max.dfy,smtlib,vampire,arguments,VERIFIED,957,0
ground_truth,Dafny_tmp_tmpj88zq5zt_2-Kontrakte_max.dfy,smtlib,z3,monomorphic,VERIFIED,844,0
ground_truth,Dafny_tmp_tmpj88zq5zt_2-Kontrakte_max.dfy,smtlib,z3,predicates,VERIFIED,825,0
ground_truth,Dafny_tmp_tmpj88zq5zt_2-Kontrakte_max.dfy,smtlib,z3,arguments,VERIFIED,814,0
ground_truth,Clover_even_list.dfy,tptp,vampire,polymorphic,VERIFICATION_TIMED_OUT,29803,4
ground_truth,Clover_even_list.dfy,tptp,vampire,monomorphic,VERIFICATION_TIMED_OUT,29925,4
ground_truth,Clover_even_list.dfy,tptp,vampire,predicates,VERIFICATION_TIMED_OUT,29850,4
ground_truth,Clover_even_list.dfy,tptp,vampire,arguments,VERIFICATION_TIMED_OUT,29831,4
ground_truth,Clover_even_list.dfy,smtlib,vampire,monomorphic,VERIFICATION_TIMED_OUT,29803,4
ground_truth,Clover_even_list.dfy,smtlib,vampire,predicates,VERIFICATION_TIMED_OUT,29748,4
ground_truth,Clover_even_list.dfy,smtlib,vampire,arguments,VERIFICATION_TIMED_OUT,29803,4
ground_truth,Clover_even_list.dfy,smtlib,z3,monomorphic,VERIFIED,978,0
ground_truth,Clover_even_list.dfy,smtlib,z3,predicates,NOT_VERIFIED,948,4
ground_truth,Clover_even_list.dfy,smtlib,z3,arguments,NOT_VERIFIED,938,4
ground_truth,dafl_tmp_tmp_r3_8w3y_dafny_examples_uiowa_binary-search.dfy,tptp,vampire,polymorphic,VERIFICATION_TIMED_OUT,29863,4
ground_truth,dafl_tmp_tmp_r3_8w3y_dafny_examples_uiowa_binary-search.dfy,tptp,vampire,monomorphic,VERIFICATION_TIMED_OUT,29848,4
ground_truth,dafl_tmp_tmp_r3_8w3y_dafny_examples_uiowa_binary-search.dfy,tptp,vampire,predicates,VERIFICATION_TIMED_OUT,29861,4
ground_truth,dafl_tmp_tmp_r3_8w3y_dafny_examples_uiowa_binary-search.dfy,tptp,vampire,arguments,VERIFICATION_TIMED_OUT,29845,4
ground_truth,dafl_tmp_tmp_r3_8w3y_dafny_examples_uiowa_binary-search.dfy,smtlib,vampire,monomorphic,VERIFICATION_TIMED_OUT,29834,4
ground_truth,dafl_tmp_tmp_r3_8w3y_dafny_examples_uiowa_binary-search.dfy,smtlib,vampire,predicates,VERIFICATION_TIMED_OUT,29832,4
ground_truth,dafl_tmp_tmp_r3_8w3y_dafny_examples_uiowa_binary-search.dfy,smtlib,vampire,arguments,VERIFICATION_TIMED_OUT,29739,4
ground_truth,dafl_tmp_tmp_r3_8w3y_dafny_examples_uiowa_binary-search.dfy,smtlib,z3,monomorphic,VERIFIED,920,0
ground_truth,dafl_tmp_tmp_r3_8w3y_dafny_examples_uiowa_binary-search.dfy,smtlib,z3,predicates,VERIFIED,894,0
ground_truth,dafl_tmp_tmp_r3_8w3y_dafny_examples_uiowa_binary-search.dfy,smtlib,z3,arguments,VERIFIED,893,0
ground_truth,dafny-duck_tmp_tmplawbgxjo_p1.dfy,tptp,vampire,polymorphic,VERIFICATION_TIMED_OUT,29725,4
ground_truth,dafny-duck_tmp_tmplawbgxjo_p1.dfy,tptp,vampire,monomorphic,VERIFICATION_TIMED_OUT,29853,4
ground_truth,dafny-duck_tmp_tmplawbgxjo_p1.dfy,tptp,vampire,predicates,VERIFICATION_TIMED_OUT,29764,4
ground_truth,dafny-duck_tmp_tmplawbgxjo_p1.dfy,tptp,vampire,arguments,VERIFICATION_TIMED_OUT,29809,4
ground_truth,dafny-duck_tmp_tmplawbgxjo_p1.dfy,smtlib,vampire,monomorphic,VERIFICATION_TIMED_OUT,29804,4
ground_truth,dafny-duck_tmp_tmplawbgxjo_p1.dfy,smtlib,vampire,predicates,VERIFICATION_TIMED_OUT,29718,4
ground_truth,dafny-duck_tmp_tmplawbgxjo_p1.dfy,smtlib,vampire,arguments,VERIFICATION_TIMED_OUT,29772,4
ground_truth,dafny-duck_tmp_tmplawbgxjo_p1.dfy,smtlib,z3,monomorphic,VERIFIED,876,0
ground_truth,dafny-duck_tmp_tmplawbgxjo_p1.dfy,smtlib,z3,predicates,VERIFIED,843,0
ground_truth,dafny-duck_tmp_tmplawbgxjo_p1.dfy,smtlib,z3,arguments,VERIFIED,846,0
ground_truth,dafny-programs_tmp_tmpcwodh6qh_src_ticketsystem.dfy,tptp,vampire,polymorphic,VERIFICATION_TIMED_OUT,29944,4
ground_truth,dafny-programs_tmp_tmpcwodh6qh_src_ticketsystem.dfy,tptp,vampire,monomorphic,VERIFICATION_TIMED_OUT,30039,4
ground_truth,dafny-programs_tmp_tmpcwodh6qh_src_ticketsystem.dfy,tptp,vampire,predicates,VERIFICATION_TIMED_OUT,58846,4
ground_truth,dafny-programs_tmp_tmpcwodh6qh_src_ticketsystem.dfy,tptp,vampire,arguments,VERIFICATION_TIMED_OUT,30039,4
ground_truth,dafny-programs_tmp_tmpcwodh6qh_src_ticketsystem.dfy,smtlib,vampire,monomorphic,VERIFICATION_TIMED_OUT,29966,4
ground_truth,dafny-programs_tmp_tmpcwodh6qh_src_ticketsystem.dfy,smtlib,vampire,predicates,VERIFICATION_TIMED_OUT,58744,4
ground_truth,dafny-programs_tmp_tmpcwodh6qh_src_ticketsystem.dfy,smtlib,vampire,arguments,VERIFICATION_TIMED_OUT,29906,4
ground_truth,dafny-programs_tmp_tmpcwodh6qh_src_ticketsystem.dfy,smtlib,z3,monomorphic,VERIFIED,1037,0
ground_truth,dafny-programs_tmp_tmpcwodh6qh_src_ticketsystem.dfy,smtlib,z3,predicates,VERIFIED,1024,0
ground_truth,dafny-programs_tmp_tmpcwodh6qh_src_ticketsystem.dfy,smtlib,z3,arguments,VERIFIED,1005,0
ground_truth,Final-Project-Dafny_tmp_tmpmcywuqox_Attempts_Merge_Sort.dfy,tptp,vampire,polymorphic,VERIFIED,4060,0
ground_truth,Final-Project-Dafny_tmp_tmpmcywuqox_Attempts_Merge_Sort.dfy,tptp,vampire,monomorphic,VERIFICATION_TIMED_OUT,29859,4
ground_truth,Final-Project-Dafny_tmp_tmpmcywuqox_Attempts_Merge_Sort.dfy,tptp,vampire,predicates,VERIFICATION_TIMED_OUT,29808,4
ground_truth,Final-Project-Dafny_tmp_tmpmcywuqox_Attempts_Merge_Sort.dfy,tptp,vampire,arguments,VERIFIED,7861,0
ground_truth,Final-Project-Dafny_tmp_tmpmcywuqox_Attempts_Merge_Sort.dfy,smtlib,vampire,monomorphic,VERIFIED,8305,0
ground_truth,Final-Project-Dafny_tmp_tmpmcywuqox_Attempts_Merge_Sort.dfy,smtlib,vampire,predicates,VERIFICATION_TIMED_OUT,29769,4
ground_truth,Final-Project-Dafny_tmp_tmpmcywuqox_Attempts_Merge_Sort.dfy,smtlib,vampire,arguments,VERIFIED,8464,0
ground_truth,Final-Project-Dafny_tmp_tmpmcywuqox_Attempts_Merge_Sort.dfy,smtlib,z3,monomorphic,VERIFIED,897,0
ground_truth,Final-Project-Dafny_tmp_tmpmcywuqox_Attempts_Merge_Sort.dfy,smtlib,z3,predicates,VERIFIED,860,0
ground_truth,Final-Project-Dafny_tmp_tmpmcywuqox_Attempts_Merge_Sort.dfy,smtlib,z3,arguments,VERIFIED,846,0
ground_truth,Clover_swap_in_array.dfy,tptp,vampire,polymorphic,VERIFIED,2035,0
ground_truth,Clover_swap_in_array.dfy,tptp,vampire,monomorphic,VERIFIED,14142,0
ground_truth,Clover_swap_in_array.dfy,tptp,vampire,predicates,VERIFICATION_TIMED_OUT,29803,4
ground_truth,Clover_swap_in_array.dfy,tptp,vampire,arguments,VERIFIED,2660,0
ground_truth,Clover_swap_in_array.dfy,smtlib,vampire,monomorphic,VERIFIED,2877,0
ground_truth,Clover_swap_in_array.dfy,smtlib,vampire,predicates,VERIFICATION_TIMED_OUT,29759,4
ground_truth,Clover_swap_in_array.dfy,smtlib,vampire,arguments,VERIFIED,17930,0
ground_truth,Clover_swap_in_array.dfy,smtlib,z3,monomorphic,VERIFIED,850,0
ground_truth,Clover_swap_in_array.dfy,smtlib,z3,predicates,VERIFIED,836,0
ground_truth,Clover_swap_in_array.dfy,smtlib,z3,arguments,VERIFIED,820,0
ground_truth,dafny-synthesis_task_id_304.dfy,tptp,vampire,polymorphic,VERIFICATION_TIMED_OUT,29731,4
ground_truth,dafny-synthesis_task_id_304.dfy,tptp,vampire,monomorphic,VERIFICATION_TIMED_OUT,29780,4
ground_truth,dafny-synthesis_task_id_304.dfy,tptp,vampire,predicates,VERIFICATION_TIMED_OUT,29737,4
ground_truth,dafny-synthesis_task_id_304.dfy,tptp,vampire,arguments,VERIFICATION_TIMED_OUT,29761,4
ground_truth,dafny-synthesis_task_id_304.dfy,smtlib,vampire,monomorphic,VERIFIED,870,0
ground_truth,dafny-synthesis_task_id_304.dfy,smtlib,vampire,predicates,VERIFIED,853,0
ground_truth,dafny-synthesis_task_id_304.dfy,smtlib,vampire,arguments,VERIFIED,833,0
ground_truth,dafny-synthesis_task_id_304.dfy,smtlib,z3,monomorphic,VERIFIED,799,0
ground_truth,dafny-synthesis_task_id_304.dfy,smtlib,z3,predicates,VERIFIED,767,0
ground_truth,dafny-synthesis_task_id_304.dfy,smtlib,z3,arguments,VERIFIED,762,0
ground_truth,Program-Verification-Dataset_tmp_tmpgbdrlnu__Dafny_basic examples_find_max.dfy,tptp,vampire,polymorphic,VERIFICATION_TIMED_OUT,29755,4
ground_truth,Program-Verification-Dataset_tmp_tmpgbdrlnu__Dafny_basic examples_find_max.dfy,tptp,vampire,monomorphic,VERIFICATION_TIMED_OUT,29853,4
ground_truth,Program-Verification-Dataset_tmp_tmpgbdrlnu__Dafny_basic examples_find_max.dfy,tptp,vampire,predicates,VERIFICATION_TIMED_OUT,29849,4
ground_truth,Program-Verification-Dataset_tmp_tmpgbdrlnu__Dafny_basic examples_find_max.dfy,tptp,vampire,arguments,VERIFIED,1839,0
ground_truth,Program-Verification-Dataset_tmp_tmpgbdrlnu__Dafny_basic examples_find_max.dfy,smtlib,vampire,monomorphic,VERIFIED,1923,0
ground_truth,Program-Verification-Dataset_tmp_tmpgbdrlnu__Dafny_basic examples_find_max.dfy,smtlib,vampire,predicates,VERIFIED,18179,0
ground_truth,Program-Verification-Dataset_tmp_tmpgbdrlnu__Dafny_basic examples_find_max.dfy,smtlib,vampire,arguments,VERIFIED,1936,0
ground_truth,Program-Verification-Dataset_tmp_tmpgbdrlnu__Dafny_basic examples_find_max.dfy,smtlib,z3,monomorphic,VERIFIED,883,0
ground_truth,Program-Verification-Dataset_tmp_tmpgbdrlnu__Dafny_basic examples_find_max.dfy,smtlib,z3,predicates,VERIFIED,860,0
ground_truth,Program-Verification-Dataset_tmp_tmpgbdrlnu__Dafny_basic examples_find_max.dfy,smtlib,z3,arguments,VERIFIED,847,0
ground_truth,Dafny_tmp_tmp0wu8wmfr_Heimaverkefni 2_BinarySearchDec.dfy,tptp,vampire,polymorphic,VERIFICATION_TIMED_OUT,29836,4
ground_truth,Dafny_tmp_tmp0wu8wmfr_Heimaverkefni 2_BinarySearchDec.dfy,tptp,vampire,monomorphic,VERIFICATION_TIMED_OUT,29931,4
ground_truth,Dafny_tmp_tmp0wu8wmfr_Heimaverkefni 2_BinarySearchDec.dfy,tptp,vampire,predicates,VERIFICATION_TIMED_OUT,29895,4
ground_truth,Dafny_tmp_tmp0wu8wmfr_Heimaverkefni 2_BinarySearchDec.dfy,tptp,vampire,arguments,VERIFICATION_TIMED_OUT,29873,4
ground_truth,Dafny_tmp_tmp0wu8wmfr_Heimaverkefni 2_BinarySearchDec.dfy,smtlib,vampire,monomorphic,VERIFICATION_TIMED_OUT,29889,4
ground_truth,Dafny_tmp_tmp0wu8wmfr_Heimaverkefni 2_BinarySearchDec.dfy,smtlib,vampire,predicates,VERIFICATION_TIMED_OUT,29812,4
ground_truth,Dafny_tmp_tmp0wu8wmfr_Heimaverkefni 2_BinarySearchDec.dfy,smtlib,vampire,arguments,VERIFICATION_TIMED_OUT,29779,4
ground_truth,Dafny_tmp_tmp0wu8wmfr_Heimaverkefni 2_BinarySearchDec.dfy,smtlib,z3,monomorphic,VERIFIED,929,0
ground_truth,Dafny_tmp_tmp0wu8wmfr_Heimaverkefni 2_BinarySearchDec.dfy,smtlib,z3,predicates,VERIFIED,899,0
ground_truth,Dafny_tmp_tmp0wu8wmfr_Heimaverkefni 2_BinarySearchDec.dfy,smtlib,z3,arguments,VERIFIED,888,0
ground_truth,dafny-language-server_tmp_tmpkir0kenl_Test_VSI-Benchmarks_b1.dfy,tptp,vampire,polymorphic,VERIFIED,1448,0
ground_truth,dafny-language-server_tmp_tmpkir0kenl_Test_VSI-Benchmarks_b1.dfy,tptp,vampire,monomorphic,VERIFIED,1159,0
ground_truth,dafny-language-server_tmp_tmpkir0kenl_Test_VSI-Benchmarks_b1.dfy,tptp,vampire,predicates,VERIFIED,1156,0
ground_truth,dafny-language-server_tmp_tmpkir0kenl_Test_VSI-Benchmarks_b1.dfy,tptp,vampire,arguments,VERIFIED,1088,0
ground_truth,dafny-language-server_tmp_tmpkir0kenl_Test_VSI-Benchmarks_b1.dfy,smtlib,vampire,monomorphic,VERIFIED,1089,0
ground_truth,dafny-language-server_tmp_tmpkir0kenl_Test_VSI-Benchmarks_b1.dfy,smtlib,vampire,predicates,VERIFIED,1618,0
ground_truth,dafny-language-server_tmp_tmpkir0kenl_Test_VSI-Benchmarks_b1.dfy,smtlib,vampire,arguments,VERIFIED,1257,0
ground_truth,dafny-language-server_tmp_tmpkir0kenl_Test_VSI-Benchmarks_b1.dfy,smtlib,z3,monomorphic,VERIFIED,856,0
ground_truth,dafny-language-server_tmp_tmpkir0kenl_Test_VSI-Benchmarks_b1.dfy,smtlib,z3,predicates,VERIFIED,842,0
ground_truth,dafny-language-server_tmp_tmpkir0kenl_Test_VSI-Benchmarks_b1.dfy,smtlib,z3,arguments,VERIFIED,830,0
ground_truth,dafny-synthesis_task_id_404.dfy,tptp,vampire,polymorphic,VERIFIED,789,0
ground_truth,dafny-synthesis_task_id_404.dfy,tptp,vampire,monomorphic,VERIFIED,833,0
ground_truth,dafny-synthesis_task_id_404.dfy,tptp,vampire,predicates,VERIFIED,805,0
ground_truth,dafny-synthesis_task_id_404.dfy,tptp,vampire,arguments,VERIFIED,799,0
ground_truth,dafny-synthesis_task_id_404.dfy,smtlib,vampire,monomorphic,VERIFIED,777,0
ground_truth,dafny-synthesis_task_id_404.dfy,smtlib,vampire,predicates,VERIFIED,758,0
ground_truth,dafny-synthesis_task_id_404.dfy,smtlib,vampire,arguments,VERIFIED,754,0
ground_truth,dafny-synthesis_task_id_404.dfy,smtlib,z3,monomorphic,VERIFIED,770,0
ground_truth,dafny-synthesis_task_id_404.dfy,smtlib,z3,predicates,VERIFIED,754,0
ground_truth,dafny-synthesis_task_id_404.dfy,smtlib,z3,arguments,VERIFIED,739,0
ground_truth,dafny-synthesis_task_id_69.dfy,tptp,vampire,polymorphic,VERIFIED,2250,0
ground_truth,dafny-synthesis_task_id_69.dfy,tptp,vampire,monomorphic,VERIFIED,2641,0
ground_truth,dafny-synthesis_task_id_69.dfy,tptp,vampire,predicates,VERIFIED,1634,0
ground_truth,dafny-synthesis_task_id_69.dfy,tptp,vampire,arguments,VERIFIED,1853,0
ground_truth,dafny-synthesis_task_id_69.dfy,smtlib,vampire,monomorphic,VERIFIED,1946,0
ground_truth,dafny-synthesis_task_id_69.dfy,smtlib,vampire,predicates,VERIFIED,1948,0
ground_truth,dafny-synthesis_task_id_69.dfy,smtlib,vampire,arguments,VERIFIED,1926,0
ground_truth,dafny-synthesis_task_id_69.dfy,smtlib,z3,monomorphic,VERIFIED,849,0
ground_truth,dafny-synthesis_task_id_69.dfy,smtlib,z3,predicates,VERIFIED,840,0
ground_truth,dafny-synthesis_task_id_69.dfy,smtlib,z3,arguments,VERIFIED,829,0
ground_truth,test-generation-examples_tmp_tmptwyqofrp_RussianMultiplication_dafny_RussianMultiplication.dfy,tptp,vampire,polymorphic,VERIFIED,992,0
ground_truth,test-generation-examples_tmp_tmptwyqofrp_RussianMultiplication_dafny_RussianMultiplication.dfy,tptp,vampire,monomorphic,VERIFIED,957,0
ground_truth,test-generation-examples_tmp_tmptwyqofrp_RussianMultiplication_dafny_RussianMultiplication.dfy,tptp,vampire,predicates,VERIFIED,1066,0
ground_truth,test-generation-examples_tmp_tmptwyqofrp_RussianMultiplication_dafny_RussianMultiplication.dfy,tptp,vampire,arguments,VERIFIED,1011,0
ground_truth,test-generation-examples_tmp_tmptwyqofrp_RussianMultiplication_dafny_RussianMultiplication.dfy,smtlib,vampire,monomorphic,VERIFIED,910,0
ground_truth,test-generation-examples_tmp_tmptwyqofrp_RussianMultiplication_dafny_RussianMultiplication.dfy,smtlib,vampire,predicates,VERIFIED,1039,0
ground_truth,test-generation-examples_tmp_tmptwyqofrp_RussianMultiplication_dafny_RussianMultiplication.dfy,smtlib,vampire,arguments,VERIFIED,971,0
ground_truth,test-generation-examples_tmp_tmptwyqofrp_RussianMultiplication_dafny_RussianMultiplication.dfy,smtlib,z3,monomorphic,VERIFIED,833,0
ground_truth,test-generation-examples_tmp_tmptwyqofrp_RussianMultiplication_dafny_RussianMultiplication.dfy,smtlib,z3,predicates,VERIFIED,803,0
ground_truth,test-generation-examples_tmp_tmptwyqofrp_RussianMultiplication_dafny_RussianMultiplication.dfy,smtlib,z3,arguments,VERIFIED,799,0
ground_truth,TFG_tmp_tmpbvsao41w_Algoritmos Dafny_suma_it.dfy,tptp,vampire,polymorphic,VERIFICATION_TIMED_OUT,29791,4
ground_truth,TFG_tmp_tmpbvsao41w_Algoritmos Dafny_suma_it.dfy,tptp,vampire,monomorphic,VERIFIED,10550,0
ground_truth,TFG_tmp_tmpbvsao41w_Algoritmos Dafny_suma_it.dfy,tptp,vampire,predicates,VERIFIED,19037,0
ground_truth,TFG_tmp_tmpbvsao41w_Algoritmos Dafny_suma_it.dfy,tptp,vampire,arguments,VERIFIED,18898,0
ground_truth,TFG_tmp_tmpbvsao41w_Algoritmos Dafny_suma_it.dfy,smtlib,vampire,monomorphic,VERIFIED,2294,0
ground_truth,TFG_tmp_tmpbvsao41w_Algoritmos Dafny_suma_it.dfy,smtlib,vampire,predicates,VERIFICATION_TIMED_OUT,29788,4
ground_truth,TFG_tmp_tmpbvsao41w_Algoritmos Dafny_suma_it.dfy,smtlib,vampire,arguments,VERIFIED,2003,0
ground_truth,TFG_tmp_tmpbvsao41w_Algoritmos Dafny_suma_it.dfy,smtlib,z3,monomorphic,VERIFIED,924,0
ground_truth,TFG_tmp_tmpbvsao41w_Algoritmos Dafny_suma_it.dfy,smtlib,z3,predicates,VERIFIED,888,0
ground_truth,TFG_tmp_tmpbvsao41w_Algoritmos Dafny_suma_it.dfy,smtlib,z3,arguments,VERIFIED,879,0
ground_truth,Prog-Fun-Solutions_tmp_tmp7_gmnz5f_mockExam2_p3.dfy,tptp,vampire,polymorphic,VERIFIED,883,0
ground_truth,Prog-Fun-Solutions_tmp_tmp7_gmnz5f_mockExam2_p3.dfy,tptp,vampire,monomorphic,VERIFIED,925,0
ground_truth,Prog-Fun-Solutions_tmp_tmp7_gmnz5f_mockExam2_p3.dfy,tptp,vampire,predicates,VERIFIED,900,0
ground_truth,Prog-Fun-Solutions_tmp_tmp7_gmnz5f_mockExam2_p3.dfy,tptp,vampire,arguments,VERIFIED,887,0
ground_truth,Prog-Fun-Solutions_tmp_tmp7_gmnz5f_mockExam2_p3.dfy,smtlib,vampire,monomorphic,VERIFIED,884,0
ground_truth,Prog-Fun-Solutions_tmp_tmp7_gmnz5f_mockExam2_p3.dfy,smtlib,vampire,predicates,VERIFIED,1017,0
ground_truth,Prog-Fun-Solutions_tmp_tmp7_gmnz5f_mockExam2_p3.dfy,smtlib,vampire,arguments,VERIFIED,839,0
ground_truth,Prog-Fun-Solutions_tmp_tmp7_gmnz5f_mockExam2_p3.dfy,smtlib,z3,monomorphic,VERIFIED,797,0
ground_truth,Prog-Fun-Solutions_tmp_tmp7_gmnz5f_mockExam2_p3.dfy,smtlib,z3,predicates,VERIFIED,767,0
ground_truth,Prog-Fun-Solutions_tmp_tmp7_gmnz5f_mockExam2_p3.dfy,smtlib,z3,arguments,VERIFIED,762,0
ground_truth,Correctness_tmp_tmpwqvg5q_4_HoareLogic_exam.dfy,tptp,vampire,polymorphic,VERIFIED,1583,0
ground_truth,Correctness_tmp_tmpwqvg5q_4_HoareLogic_exam.dfy,tptp,vampire,monomorphic,VERIFIED,1288,0
ground_truth,Correctness_tmp_tmpwqvg5q_4_HoareLogic_exam.dfy,tptp,vampire,predicates,VERIFIED,8600,0
ground_truth,Correctness_tmp_tmpwqvg5q_4_HoareLogic_exam.dfy,tptp,vampire,arguments,VERIFIED,1618,0
ground_truth,Correctness_tmp_tmpwqvg5q_4_HoareLogic_exam.dfy,smtlib,vampire,monomorphic,VERIFIED,2097,0
ground_truth,Correctness_tmp_tmpwqvg5q_4_HoareLogic_exam.dfy,smtlib,vampire,predicates,VERIFIED,2091,0
ground_truth,Correctness_tmp_tmpwqvg5q_4_HoareLogic_exam.dfy,smtlib,vampire,arguments,VERIFIED,1591,0
ground_truth,Correctness_tmp_tmpwqvg5q_4_HoareLogic_exam.dfy,smtlib,z3,monomorphic,VERIFIED,900,0
ground_truth,Correctness_tmp_tmpwqvg5q_4_HoareLogic_exam.dfy,smtlib,z3,predicates,VERIFIED,857,0
ground_truth,Correctness_tmp_tmpwqvg5q_4_HoareLogic_exam.dfy,smtlib,z3,arguments,VERIFIED,850,0
ground_truth,dafny-synthesis_task_id_587.dfy,tptp,vampire,polymorphic,VERIFICATION_TIMED_OUT,29803,4
ground_truth,dafny-synthesis_task_id_587.dfy,tptp,vampire,monomorphic,VERIFICATION_TIMED_OUT,29797,4
ground_truth,dafny-synthesis_task_id_587.dfy,tptp,vampire,predicates,VERIFICATION_TIMED_OUT,29811,4
ground_truth,dafny-synthesis_task_id_587.dfy,tptp,vampire,arguments,VERIFICATION_TIMED_OUT,29808,4
ground_truth,dafny-synthesis_task_id_587.dfy,smtlib,vampire,monomorphic,VERIFIED,22188,0
ground_truth,dafny-synthesis_task_id_587.dfy,smtlib,vampire,predicates,VERIFICATION_TIMED_OUT,29701,4
ground_truth,dafny-synthesis_task_id_587.dfy,smtlib,vampire,arguments,VERIFICATION_TIMED_OUT,29748,4
ground_truth,dafny-synthesis_task_id_587.dfy,smtlib,z3,monomorphic,VERIFIED,871,0
ground_truth,dafny-synthesis_task_id_587.dfy,smtlib,z3,predicates,VERIFIED,854,0
ground_truth,dafny-synthesis_task_id_587.dfy,smtlib,z3,arguments,VERIFIED,837,0
ground_truth,dafny-synthesis_task_id_106.dfy,tptp,vampire,polymorphic,VERIFICATION_TIMED_OUT,29775,4
ground_truth,dafny-synthesis_task_id_106.dfy,tptp,vampire,monomorphic,VERIFICATION_TIMED_OUT,29873,4
ground_truth,dafny-synthesis_task_id_106.dfy,tptp,vampire,predicates,VERIFICATION_TIMED_OUT,29824,4
ground_truth,dafny-synthesis_task_id_106.dfy,tptp,vampire,arguments,VERIFICATION_TIMED_OUT,29836,4
ground_truth,dafny-synthesis_task_id_106.dfy,smtlib,vampire,monomorphic,VERIFICATION_TIMED_OUT,29740,4
ground_truth,dafny-synthesis_task_id_106.dfy,smtlib,vampire,predicates,VERIFICATION_TIMED_OUT,29766,4
ground_truth,dafny-synthesis_task_id_106.dfy,smtlib,vampire,arguments,VERIFICATION_TIMED_OUT,29744,4
ground_truth,dafny-synthesis_task_id_106.dfy,smtlib,z3,monomorphic,VERIFIED,875,0
ground_truth,dafny-synthesis_task_id_106.dfy,smtlib,z3,predicates,VERIFIED,856,0
ground_truth,dafny-synthesis_task_id_106.dfy,smtlib,z3,arguments,VERIFIED,843,0
ground_truth,Workshop_tmp_tmp0cu11bdq_Lecture_Answers_sum_array.dfy,tptp,vampire,polymorphic,VERIFICATION_TIMED_OUT,29827,4
ground_truth,Workshop_tmp_tmp0cu11bdq_Lecture_Answers_sum_array.dfy,tptp,vampire,monomorphic,VERIFICATION_TIMED_OUT,29884,4
ground_truth,Workshop_tmp_tmp0cu11bdq_Lecture_Answers_sum_array.dfy,tptp,vampire,predicates,VERIFICATION_TIMED_OUT,29840,4
ground_truth,Workshop_tmp_tmp0cu11bdq_Lecture_Answers_sum_array.dfy,tptp,vampire,arguments,VERIFIED,2165,0
ground_truth,Workshop_tmp_tmp0cu11bdq_Lecture_Answers_sum_array.dfy,smtlib,vampire,monomorphic,VERIFIED,2102,0
ground_truth,Workshop_tmp_tmp0cu11bdq_Lecture_Answers_sum_array.dfy,smtlib,vampire,predicates,VERIFIED,19008,0
ground_truth,Workshop_tmp_tmp0cu11bdq_Lecture_Answers_sum_array.dfy,smtlib,vampire,arguments,VERIFIED,3517,0
ground_truth,Workshop_tmp_tmp0cu11bdq_Lecture_Answers_sum_array.dfy,smtlib,z3,monomorphic,VERIFIED,885,0
ground_truth,Workshop_tmp_tmp0cu11bdq_Lecture_Answers_sum_array.dfy,smtlib,z3,predicates,VERIFIED,868,0
ground_truth,Workshop_tmp_tmp0cu11bdq_Lecture_Answers_sum_array.dfy,smtlib,z3,arguments,VERIFIED,852,0
ground_truth,Program-Verification-Dataset_tmp_tmpgbdrlnu__Dafny_from dafny main repo_dafny1_BDD.dfy,tptp,vampire,polymorphic,VERIFICATION_TIMED_OUT,30138,4
ground_truth,Program-Verification-Dataset_tmp_tmpgbdrlnu__Dafny_from dafny main repo_dafny1_BDD.dfy,tptp,vampire,monomorphic,VERIFICATION_TIMED_OUT,30043,4
ground_truth,Program-Verification-Dataset_tmp_tmpgbdrlnu__Dafny_from dafny main repo_dafny1_BDD.dfy,tptp,vampire,predicates,VERIFICATION_TIMED_OUT,29983,4
ground_truth,Program-Verification-Dataset_tmp_tmpgbdrlnu__Dafny_from dafny main repo_dafny1_BDD.dfy,tptp,vampire,arguments,VERIFICATION_TIMED_OUT,30010,4
ground_truth,Program-Verification-Dataset_tmp_tmpgbdrlnu__Dafny_from dafny main repo_dafny1_BDD.dfy,smtlib,vampire,monomorphic,VERIFICATION_TIMED_OUT,29961,4
ground_truth,Program-Verification-Dataset_tmp_tmpgbdrlnu__Dafny_from dafny main repo_dafny1_BDD.dfy,smtlib,vampire,predicates,VERIFICATION_TIMED_OUT,29893,4
ground_truth,Program-Verification-Dataset_tmp_tmpgbdrlnu__Dafny_from dafny main repo_dafny1_BDD.dfy,smtlib,vampire,arguments,VERIFICATION_TIMED_OUT,29884,4
ground_truth,Program-Verification-Dataset_tmp_tmpgbdrlnu__Dafny_from dafny main repo_dafny1_BDD.dfy,smtlib,z3,monomorphic,VERIFIED,1151,0
ground_truth,Program-Verification-Dataset_tmp_tmpgbdrlnu__Dafny_from dafny main repo_dafny1_BDD.dfy,smtlib,z3,predicates,VERIFIED,1165,0
ground_truth,Program-Verification-Dataset_tmp_tmpgbdrlnu__Dafny_from dafny main repo_dafny1_BDD.dfy,smtlib,z3,arguments,VERIFIED,1091,0
ground_truth,dafleet_tmp_tmpa2e4kb9v_0001-0050_0001-two-sum.dfy,tptp,vampire,polymorphic,VERIFICATION_TIMED_OUT,29806,4
ground_truth,dafleet_tmp_tmpa2e4kb9v_0001-0050_0001-two-sum.dfy,tptp,vampire,monomorphic,VERIFICATION_TIMED_OUT,29854,4
ground_truth,dafleet_tmp_tmpa2e4kb9v_0001-0050_0001-two-sum.dfy,tptp,vampire,predicates,VERIFICATION_TIMED_OUT,29876,4
ground_truth,dafleet_tmp_tmpa2e4kb9v_0001-0050_0001-two-sum.dfy,tptp,vampire,arguments,VERIFICATION_TIMED_OUT,29801,4
ground_truth,dafleet_tmp_tmpa2e4kb9v_0001-0050_0001-two-sum.dfy,smtlib,vampire,monomorphic,VERIFICATION_TIMED_OUT,29795,4
ground_truth,dafleet_tmp_tmpa2e4kb9v_0001-0050_0001-two-sum.dfy,smtlib,vampire,predicates,VERIFICATION_TIMED_OUT,29791,4
ground_truth,dafleet_tmp_tmpa2e4kb9v_0001-0050_0001-two-sum.dfy,smtlib,vampire,arguments,VERIFICATION_TIMED_OUT,29758,4
ground_truth,dafleet_tmp_tmpa2e4kb9v_0001-0050_0001-two-sum.dfy,smtlib,z3,monomorphic,VERIFIED,950,0
ground_truth,dafleet_tmp_tmpa2e4kb9v_0001-0050_0001-two-sum.dfy,smtlib,z3,predicates,VERIFIED,899,0
ground_truth,dafleet_tmp_tmpa2e4kb9v_0001-0050_0001-two-sum.dfy,smtlib,z3,arguments,VERIFIED,894,0
ground_truth,Clover_multi_return.dfy,tptp,vampire,polymorphic,VERIFIED,774,0
ground_truth,Clover_multi_return.dfy,tptp,vampire,monomorphic,VERIFIED,818,0
ground_truth,Clover_multi_return.dfy,tptp,vampire,predicates,VERIFIED,792,0
ground_truth,Clover_multi_return.dfy,tptp,vampire,arguments,VERIFIED,784,0
ground_truth,Clover_multi_return.dfy,smtlib,vampire,monomorphic,VERIFIED,780,0
ground_truth,Clover_multi_return.dfy,smtlib,vampire,predicates,VERIFIED,756,0
ground_truth,Clover_multi_return.dfy,smtlib,vampire,arguments,VERIFIED,746,0
ground_truth,Clover_multi_return.dfy,smtlib,z3,monomorphic,VERIFIED,770,0
ground_truth,Clover_multi_return.dfy,smtlib,z3,predicates,VERIFIED,739,0
ground_truth,Clover_multi_return.dfy,smtlib,z3,arguments,VERIFIED,730,0
ground_truth,dafny-synthesis_task_id_127.dfy,tptp,vampire,polymorphic,VERIFIED,782,0
ground_truth,dafny-synthesis_task_id_127.dfy,tptp,vampire,monomorphic,VERIFIED,824,0
ground_truth,dafny-synthesis_task_id_127.dfy,tptp,vampire,predicates,VERIFIED,777,0
ground_truth,dafny-synthesis_task_id_127.dfy,tptp,vampire,arguments,VERIFIED,769,0
ground_truth,dafny-synthesis_task_id_127.dfy,smtlib,vampire,monomorphic,VERIFIED,782,0
ground_truth,dafny-synthesis_task_id_127.dfy,smtlib,vampire,predicates,VERIFIED,758,0
ground_truth,dafny-synthesis_task_id_127.dfy,smtlib,vampire,arguments,VERIFIED,734,0
ground_truth,dafny-synthesis_task_id_127.dfy,smtlib,z3,monomorphic,VERIFIED,772,0
ground_truth,dafny-synthesis_task_id_127.dfy,smtlib,z3,predicates,VERIFIED,739,0
ground_truth,dafny-synthesis_task_id_127.dfy,smtlib,z3,arguments,VERIFIED,739,0
ground_truth,CS494-final-project_tmp_tmp7nof55uq_bubblesort.dfy,tptp,vampire,polymorphic,VERIFICATION_TIMED_OUT,29793,4
ground_truth,CS494-final-project_tmp_tmp7nof55uq_bubblesort.dfy,tptp,vampire,monomorphic,VERIFICATION_TIMED_OUT,29853,4
ground_truth,CS494-final-project_tmp_tmp7nof55uq_bubblesort.dfy,tptp,vampire,predicates,VERIFICATION_TIMED_OUT,29856,4
ground_truth,CS494-final-project_tmp_tmp7nof55uq_bubblesort.dfy,tptp,vampire,arguments,VERIFICATION_TIMED_OUT,29926,4
ground_truth,CS494-final-project_tmp_tmp7nof55uq_bubblesort.dfy,smtlib,vampire,monomorphic,VERIFICATION_TIMED_OUT,29833,4
ground_truth,CS494-final-project_tmp_tmp7nof55uq_bubblesort.dfy,smtlib,vampire,predicates,VERIFICATION_TIMED_OUT,29779,4
ground_truth,CS494-final-project_tmp_tmp7nof55uq_bubblesort.dfy,smtlib,vampire,arguments,VERIFICATION_TIMED_OUT,29806,4
ground_truth,CS494-final-project_tmp_tmp7nof55uq_bubblesort.dfy,smtlib,z3,monomorphic,VERIFIED,3610,0
ground_truth,CS494-final-project_tmp_tmp7nof55uq_bubblesort.dfy,smtlib,z3,predicates,VERIFIED,1862,0
ground_truth,CS494-final-project_tmp_tmp7nof55uq_bubblesort.dfy,smtlib,z3,arguments,VERIFIED,1242,0
ground_truth,metodosFormais_tmp_tmp4q2kmya4_T1-MetodosFormais_examples_ex1.dfy,tptp,vampire,polymorphic,VERIFIED,2981,0
ground_truth,metodosFormais_tmp_tmp4q2kmya4_T1-MetodosFormais_examples_ex1.dfy,tptp,vampire,monomorphic,VERIFIED,1857,0
ground_truth,metodosFormais_tmp_tmp4q2kmya4_T1-MetodosFormais_examples_ex1.dfy,tptp,vampire,predicates,VERIFIED,3343,0
ground_truth,metodosFormais_tmp_tmp4q2kmya4_T1-MetodosFormais_examples_ex1.dfy,tptp,vampire,arguments,VERIFIED,1844,0
ground_truth,metodosFormais_tmp_tmp4q2kmya4_T1-MetodosFormais_examples_ex1.dfy,smtlib,vampire,monomorphic,VERIFIED,1945,0
ground_truth,metodosFormais_tmp_tmp4q2kmya4_T1-MetodosFormais_examples_ex1.dfy,smtlib,vampire,predicates,VERIFIED,3515,0
ground_truth,metodosFormais_tmp_tmp4q2kmya4_T1-MetodosFormais_examples_ex1.dfy,smtlib,vampire,arguments,VERIFIED,1927,0
ground_truth,metodosFormais_tmp_tmp4q2kmya4_T1-MetodosFormais_examples_ex1.dfy,smtlib,z3,monomorphic,VERIFIED,871,0
ground_truth,metodosFormais_tmp_tmp4q2kmya4_T1-MetodosFormais_examples_ex1.dfy,smtlib,z3,predicates,VERIFIED,848,0
ground_truth,metodosFormais_tmp_tmp4q2kmya4_T1-MetodosFormais_examples_ex1.dfy,smtlib,z3,arguments,VERIFIED,849,0
ground_truth,t1_MF_tmp_tmpi_sqie4j_exemplos_classes_parte1_contadorV1b.dfy,tptp,vampire,polymorphic,VERIFIED,2063,0
ground_truth,t1_MF_tmp_tmpi_sqie4j_exemplos_classes_parte1_contadorV1b.dfy,tptp,vampire,monomorphic,VERIFIED,1840,0
ground_truth,t1_MF_tmp_tmpi_sqie4j_exemplos_classes_parte1_contadorV1b.dfy,tptp,vampire,predicates,VERIFICATION_TIMED_OUT,29847,4
ground_truth,t1_MF_tmp_tmpi_sqie4j_exemplos_classes_parte1_contadorV1b.dfy,tptp,vampire,arguments,VERIFIED,2075,0
ground_truth,t1_MF_tmp_tmpi_sqie4j_exemplos_classes_parte1_contadorV1b.dfy,smtlib,vampire,monomorphic,VERIFIED,1910,0
ground_truth,t1_MF_tmp_tmpi_sqie4j_exemplos_classes_parte1_contadorV1b.dfy,smtlib,vampire,predicates,VERIFICATION_TIMED_OUT,29745,4
ground_truth,t1_MF_tmp_tmpi_sqie4j_exemplos_classes_parte1_contadorV1b.dfy,smtlib,vampire,arguments,VERIFIED,2809,0
ground_truth,t1_MF_tmp_tmpi_sqie4j_exemplos_classes_parte1_contadorV1b.dfy,smtlib,z3,monomorphic,VERIFIED,873,0
ground_truth,t1_MF_tmp_tmpi_sqie4j_exemplos_classes_parte1_contadorV1b.dfy,smtlib,z3,predicates,VERIFIED,838,0
ground_truth,t1_MF_tmp_tmpi_sqie4j_exemplos_classes_parte1_contadorV1b.dfy,smtlib,z3,arguments,VERIFIED,829,0
ground_truth,dafny-duck_tmp_tmplawbgxjo_p4.dfy,tptp,vampire,polymorphic,VERIFICATION_TIMED_OUT,29805,4
ground_truth,dafny-duck_tmp_tmplawbgxjo_p4.dfy,tptp,vampire,monomorphic,VERIFICATION_TIMED_OUT,29881,4
ground_truth,dafny-duck_tmp_tmplawbgxjo_p4.dfy,tptp,vampire,predicates,VERIFICATION_TIMED_OUT,29837,4
ground_truth,dafny-duck_tmp_tmplawbgxjo_p4.dfy,tptp,vampire,arguments,VERIFICATION_TIMED_OUT,29828,4
ground_truth,dafny-duck_tmp_tmplawbgxjo_p4.dfy,smtlib,vampire,monomorphic,VERIFICATION_TIMED_OUT,29797,4
ground_truth,dafny-duck_tmp_tmplawbgxjo_p4.dfy,smtlib,vampire,predicates,VERIFICATION_TIMED_OUT,29746,4
ground_truth,dafny-duck_tmp_tmplawbgxjo_p4.dfy,smtlib,vampire,arguments,VERIFICATION_TIMED_OUT,29757,4
ground_truth,dafny-duck_tmp_tmplawbgxjo_p4.dfy,smtlib,z3,monomorphic,VERIFIED,931,0
ground_truth,dafny-duck_tmp_tmplawbgxjo_p4.dfy,smtlib,z3,predicates,VERIFIED,888,0
ground_truth,dafny-duck_tmp_tmplawbgxjo_p4.dfy,smtlib,z3,arguments,VERIFIED,873,0
ground_truth,dafny-synthesis_task_id_435.dfy,tptp,vampire,polymorphic,VERIFIED,864,0
ground_truth,dafny-synthesis_task_id_435.dfy,tptp,vampire,monomorphic,VERIFIED,904,0
ground_truth,dafny-synthesis_task_id_435.dfy,tptp,vampire,predicates,VERIFIED,976,0
ground_truth,dafny-synthesis_task_id_435.dfy,tptp,vampire,arguments,VERIFIED,863,0
ground_truth,dafny-synthesis_task_id_435.dfy,smtlib,vampire,monomorphic,VERIFIED,854,0
ground_truth,dafny-synthesis_task_id_435.dfy,smtlib,vampire,predicates,VERIFIED,830,0
ground_truth,dafny-synthesis_task_id_435.dfy,smtlib,vampire,arguments,VERIFIED,818,0
ground_truth,dafny-synthesis_task_id_435.dfy,smtlib,z3,monomorphic,VERIFIED,779,0
ground_truth,dafny-synthesis_task_id_435.dfy,smtlib,z3,predicates,VERIFIED,748,0
ground_truth,dafny-synthesis_task_id_435.dfy,smtlib,z3,arguments,VERIFIED,749,0
ground_truth,dafny-synthesis_task_id_266.dfy,tptp,vampire,polymorphic,VERIFIED,781,0
ground_truth,dafny-synthesis_task_id_266.dfy,tptp,vampire,monomorphic,VERIFIED,818,0
ground_truth,dafny-synthesis_task_id_266.dfy,tptp,vampire,predicates,VERIFIED,806,0
ground_truth,dafny-synthesis_task_id_266.dfy,tptp,vampire,arguments,VERIFIED,795,0
ground_truth,dafny-synthesis_task_id_266.dfy,smtlib,vampire,monomorphic,VERIFIED,785,0
ground_truth,dafny-synthesis_task_id_266.dfy,smtlib,vampire,predicates,VERIFIED,761,0
ground_truth,dafny-synthesis_task_id_266.dfy,smtlib,vampire,arguments,VERIFIED,758,0
ground_truth,dafny-synthesis_task_id_266.dfy,smtlib,z3,monomorphic,VERIFIED,778,0
ground_truth,dafny-synthesis_task_id_266.dfy,smtlib,z3,predicates,VERIFIED,745,0
ground_truth,dafny-synthesis_task_id_266.dfy,smtlib,z3,arguments,VERIFIED,738,0
ground_truth,Program-Verification-Dataset_tmp_tmpgbdrlnu__Dafny_from dafny main repo_dafny0_GhostITECompilation.dfy,tptp,vampire,polymorphic,VERIFICATION_TIMED_OUT,29806,4
ground_truth,Program-Verification-Dataset_tmp_tmpgbdrlnu__Dafny_from dafny main repo_dafny0_GhostITECompilation.dfy,tptp,vampire,monomorphic,VERIFICATION_TIMED_OUT,29900,4
ground_truth,Program-Verification-Dataset_tmp_tmpgbdrlnu__Dafny_from dafny main repo_dafny0_GhostITECompilation.dfy,tptp,vampire,predicates,VERIFICATION_TIMED_OUT,29876,4
ground_truth,Program-Verification-Dataset_tmp_tmpgbdrlnu__Dafny_from dafny main repo_dafny0_GhostITECompilation.dfy,tptp,vampire,arguments,VERIFICATION_TIMED_OUT,29866,4
ground_truth,Program-Verification-Dataset_tmp_tmpgbdrlnu__Dafny_from dafny main repo_dafny0_GhostITECompilation.dfy,smtlib,vampire,monomorphic,VERIFICATION_TIMED_OUT,29853,4
ground_truth,Program-Verification-Dataset_tmp_tmpgbdrlnu__Dafny_from dafny main repo_dafny0_GhostITECompilation.dfy,smtlib,vampire,predicates,VERIFICATION_TIMED_OUT,29761,4
ground_truth,Program-Verification-Dataset_tmp_tmpgbdrlnu__Dafny_from dafny main repo_dafny0_GhostITECompilation.dfy,smtlib,vampire,arguments,VERIFICATION_TIMED_OUT,29808,4
ground_truth,Program-Verification-Dataset_tmp_tmpgbdrlnu__Dafny_from dafny main repo_dafny0_GhostITECompilation.dfy,smtlib,z3,monomorphic,VERIFIED,904,0
ground_truth,Program-Verification-Dataset_tmp_tmpgbdrlnu__Dafny_from dafny main repo_dafny0_GhostITECompilation.dfy,smtlib,z3,predicates,VERIFIED,849,0
ground_truth,Program-Verification-Dataset_tmp_tmpgbdrlnu__Dafny_from dafny main repo_dafny0_GhostITECompilation.dfy,smtlib,z3,arguments,VERIFIED,856,0
ground_truth,dafny-language-server_tmp_tmpkir0kenl_Test_dafny2_SegmentSum.dfy,tptp,vampire,polymorphic,VERIFICATION_TIMED_OUT,29873,4
ground_truth,dafny-language-server_tmp_tmpkir0kenl_Test_dafny2_SegmentSum.dfy,tptp,vampire,monomorphic,VERIFICATION_TIMED_OUT,29913,4
ground_truth,dafny-language-server_tmp_tmpkir0kenl_Test_dafny2_SegmentSum.dfy,tptp,vampire,predicates,VERIFICATION_TIMED_OUT,29879,4
ground_truth,dafny-language-server_tmp_tmpkir0kenl_Test_dafny2_SegmentSum.dfy,tptp,vampire,arguments,VERIFICATION_TIMED_OUT,29871,4
ground_truth,dafny-language-server_tmp_tmpkir0kenl_Test_dafny2_SegmentSum.dfy,smtlib,vampire,monomorphic,VERIFICATION_TIMED_OUT,29824,4
ground_truth,dafny-language-server_tmp_tmpkir0kenl_Test_dafny2_SegmentSum.dfy,smtlib,vampire,predicates,VERIFICATION_TIMED_OUT,29822,4
ground_truth,dafny-language-server_tmp_tmpkir0kenl_Test_dafny2_SegmentSum.dfy,smtlib,vampire,arguments,VERIFICATION_TIMED_OUT,29787,4
ground_truth,dafny-language-server_tmp_tmpkir0kenl_Test_dafny2_SegmentSum.dfy,smtlib,z3,monomorphic,VERIFIED,940,0
ground_truth,dafny-language-server_tmp_tmpkir0kenl_Test_dafny2_SegmentSum.dfy,smtlib,z3,predicates,VERIFIED,889,0
ground_truth,dafny-language-server_tmp_tmpkir0kenl_Test_dafny2_SegmentSum.dfy,smtlib,z3,arguments,VERIFIED,885,0
ground_truth,M2_tmp_tmp2laaavvl_Software Verification_Exercices_Exo9-Carre.dfy,tptp,vampire,polymorphic,VERIFIED,2558,0
ground_truth,M2_tmp_tmp2laaavvl_Software Verification_Exercices_Exo9-Carre.dfy,tptp,vampire,monomorphic,VERIFIED,1823,0
ground_truth,M2_tmp_tmp2laaavvl_Software Verification_Exercices_Exo9-Carre.dfy,tptp,vampire,predicates,VERIFIED,4372,0
ground_truth,M2_tmp_tmp2laaavvl_Software Verification_Exercices_Exo9-Carre.dfy,tptp,vampire,arguments,VERIFIED,1996,0
ground_truth,M2_tmp_tmp2laaavvl_Software Verification_Exercices_Exo9-Carre.dfy,smtlib,vampire,monomorphic,VERIFIED,1180,0
ground_truth,M2_tmp_tmp2laaavvl_Software Verification_Exercices_Exo9-Carre.dfy,smtlib,vampire,predicates,VERIFIED,1943,0
ground_truth,M2_tmp_tmp2laaavvl_Software Verification_Exercices_Exo9-Carre.dfy,smtlib,vampire,arguments,VERIFIED,1179,0
ground_truth,M2_tmp_tmp2laaavvl_Software Verification_Exercices_Exo9-Carre.dfy,smtlib,z3,monomorphic,VERIFIED,820,0
ground_truth,M2_tmp_tmp2laaavvl_Software Verification_Exercices_Exo9-Carre.dfy,smtlib,z3,predicates,VERIFIED,788,0
ground_truth,M2_tmp_tmp2laaavvl_Software Verification_Exercices_Exo9-Carre.dfy,smtlib,z3,arguments,VERIFIED,783,0
ground_truth,Clover_replace.dfy,tptp,vampire,polymorphic,VERIFICATION_TIMED_OUT,29831,4
ground_truth,Clover_replace.dfy,tptp,vampire,monomorphic,VERIFICATION_TIMED_OUT,29855,4
ground_truth,Clover_replace.dfy,tptp,vampire,predicates,VERIFICATION_TIMED_OUT,29852,4
ground_truth,Clover_replace.dfy,tptp,vampire,arguments,VERIFICATION_TIMED_OUT,29851,4
ground_truth,Clover_replace.dfy,smtlib,vampire,monomorphic,VERIFICATION_TIMED_OUT,29825,4
ground_truth,Clover_replace.dfy,smtlib,vampire,predicates,VERIFICATION_TIMED_OUT,29747,4
ground_truth,Clover_replace.dfy,smtlib,vampire,arguments,VERIFICATION_TIMED_OUT,29776,4
ground_truth,Clover_replace.dfy,smtlib,z3,monomorphic,VERIFIED,893,0
ground_truth,Clover_replace.dfy,smtlib,z3,predicates,VERIFIED,865,0
ground_truth,Clover_replace.dfy,smtlib,z3,arguments,VERIFIED,859,0
ground_truth,dafny-synthesis_task_id_624.dfy,tptp,vampire,polymorphic,VERIFICATION_TIMED_OUT,29827,4
ground_truth,dafny-synthesis_task_id_624.dfy,tptp,vampire,monomorphic,VERIFICATION_TIMED_OUT,29883,4
ground_truth,dafny-synthesis_task_id_624.dfy,tptp,vampire,predicates,VERIFICATION_TIMED_OUT,29818,4
ground_truth,dafny-synthesis_task_id_624.dfy,tptp,vampire,arguments,VERIFICATION_TIMED_OUT,29830,4
ground_truth,dafny-synthesis_task_id_624.dfy,smtlib,vampire,monomorphic,VERIFICATION_TIMED_OUT,29793,4
ground_truth,dafny-synthesis_task_id_624.dfy,smtlib,vampire,predicates,VERIFICATION_TIMED_OUT,29814,4
ground_truth,dafny-synthesis_task_id_624.dfy,smtlib,vampire,arguments,VERIFICATION_TIMED_OUT,29750,4
ground_truth,dafny-synthesis_task_id_624.dfy,smtlib,z3,monomorphic,VERIFIED,932,0
ground_truth,dafny-synthesis_task_id_624.dfy,smtlib,z3,predicates,VERIFIED,878,0
ground_truth,dafny-synthesis_task_id_624.dfy,smtlib,z3,arguments,VERIFIED,872,0
ground_truth,dafny-synthesis_task_id_732.dfy,tptp,vampire,polymorphic,VERIFICATION_TIMED_OUT,29771,4
ground_truth,dafny-synthesis_task_id_732.dfy,tptp,vampire,monomorphic,VERIFICATION_TIMED_OUT,29824,4
ground_truth,dafny-synthesis_task_id_732.dfy,tptp,vampire,predicates,VERIFICATION_TIMED_OUT,29893,4
ground_truth,dafny-synthesis_task_id_732.dfy,tptp,vampire,arguments,VERIFICATION_TIMED_OUT,29829,4
ground_truth,dafny-synthesis_task_id_732.dfy,smtlib,vampire,monomorphic,VERIFICATION_TIMED_OUT,29795,4
ground_truth,dafny-synthesis_task_id_732.dfy,smtlib,vampire,predicates,VERIFICATION_TIMED_OUT,29750,4
ground_truth,dafny-synthesis_task_id_732.dfy,smtlib,vampire,arguments,VERIFICATION_TIMED_OUT,29825,4
ground_truth,dafny-synthesis_task_id_732.dfy,smtlib,z3,monomorphic,VERIFIED,901,0
ground_truth,dafny-synthesis_task_id_732.dfy,smtlib,z3,predicates,VERIFIED,875,0
ground_truth,dafny-synthesis_task_id_732.dfy,smtlib,z3,arguments,VERIFIED,865,0
ground_truth,dafny-synthesis_task_id_257.dfy,tptp,vampire,polymorphic,VERIFIED,1012,0
ground_truth,dafny-synthesis_task_id_257.dfy,tptp,vampire,monomorphic,VERIFIED,1051,0
ground_truth,dafny-synthesis_task_id_257.dfy,tptp,vampire,predicates,VERIFIED,2627,0
ground_truth,dafny-synthesis_task_id_257.dfy,tptp,vampire,arguments,VERIFIED,1094,0
ground_truth,dafny-synthesis_task_id_257.dfy,smtlib,vampire,monomorphic,VERIFIED,1045,0
ground_truth,dafny-synthesis_task_id_257.dfy,smtlib,vampire,predicates,VERIFIED,1557,0
ground_truth,dafny-synthesis_task_id_257.dfy,smtlib,vampire,arguments,VERIFIED,1064,0
ground_truth,dafny-synthesis_task_id_257.dfy,smtlib,z3,monomorphic,VERIFIED,793,0
ground_truth,dafny-synthesis_task_id_257.dfy,smtlib,z3,predicates,VERIFIED,755,0
ground_truth,dafny-synthesis_task_id_257.dfy,smtlib,z3,arguments,VERIFIED,752,0
ground_truth,Metodos_Formais_tmp_tmpql2hwcsh_Invariantes_potencia.dfy,tptp,vampire,polymorphic,VERIFICATION_TIMED_OUT,29804,4
ground_truth,Metodos_Formais_tmp_tmpql2hwcsh_Invariantes_potencia.dfy,tptp,vampire,monomorphic,VERIFICATION_TIMED_OUT,29860,4
ground_truth,Metodos_Formais_tmp_tmpql2hwcsh_Invariantes_potencia.dfy,tptp,vampire,predicates,VERIFICATION_TIMED_OUT,29811,4
ground_truth,Metodos_Formais_tmp_tmpql2hwcsh_Invariantes_potencia.dfy,tptp,vampire,arguments,VERIFICATION_TIMED_OUT,29788,4
ground_truth,Metodos_Formais_tmp_tmpql2hwcsh_Invariantes_potencia.dfy,smtlib,vampire,monomorphic,VERIFICATION_TIMED_OUT,29725,4
ground_truth,Metodos_Formais_tmp_tmpql2hwcsh_Invariantes_potencia.dfy,smtlib,vampire,predicates,VERIFIED,8895,0
ground_truth,Metodos_Formais_tmp_tmpql2hwcsh_Invariantes_potencia.dfy,smtlib,vampire,arguments,VERIFICATION_TIMED_OUT,29751,4
ground_truth,Metodos_Formais_tmp_tmpql2hwcsh_Invariantes_potencia.dfy,smtlib,z3,monomorphic,VERIFIED,870,0
ground_truth,Metodos_Formais_tmp_tmpql2hwcsh_Invariantes_potencia.dfy,smtlib,z3,predicates,VERIFIED,847,0
ground_truth,Metodos_Formais_tmp_tmpql2hwcsh_Invariantes_potencia.dfy,smtlib,z3,arguments,VERIFIED,835,0
ground_truth,Dafny_tmp_tmpmvs2dmry_pancakesort_flip.dfy,tptp,vampire,polymorphic,VERIFICATION_TIMED_OUT,29845,4
ground_truth,Dafny_tmp_tmpmvs2dmry_pancakesort_flip.dfy,tptp,vampire,monomorphic,VERIFICATION_TIMED_OUT,29810,4
ground_truth,Dafny_tmp_tmpmvs2dmry_pancakesort_flip.dfy,tptp,vampire,predicates,VERIFICATION_TIMED_OUT,29795,4
ground_truth,Dafny_tmp_tmpmvs2dmry_pancakesort_flip.dfy,tptp,vampire,arguments,VERIFICATION_TIMED_OUT,29856,4
ground_truth,Dafny_tmp_tmpmvs2dmry_pancakesort_flip.dfy,smtlib,vampire,monomorphic,VERIFICATION_TIMED_OUT,29820,4
ground_truth,Dafny_tmp_tmpmvs2dmry_pancakesort_flip.dfy,smtlib,vampire,predicates,VERIFICATION_TIMED_OUT,29730,4
ground_truth,Dafny_tmp_tmpmvs2dmry_pancakesort_flip.dfy,smtlib,vampire,arguments,VERIFICATION_TIMED_OUT,29766,4
ground_truth,Dafny_tmp_tmpmvs2dmry_pancakesort_flip.dfy,smtlib,z3,monomorphic,VERIFIED,897,0
ground_truth,Dafny_tmp_tmpmvs2dmry_pancakesort_flip.dfy,smtlib,z3,predicates,VERIFIED,876,0
ground_truth,Dafny_tmp_tmpmvs2dmry_pancakesort_flip.dfy,smtlib,z3,arguments,VERIFIED,875,0
ground_truth,dafny-synthesis_task_id_430.dfy,tptp,vampire,polymorphic,VERIFIED,797,0
ground_truth,dafny-synthesis_task_id_430.dfy,tptp,vampire,monomorphic,VERIFIED,835,0
ground_truth,dafny-synthesis_task_id_430.dfy,tptp,vampire,predicates,VERIFIED,814,0
ground_truth,dafny-synthesis_task_id_430.dfy,tptp,vampire,arguments,VERIFIED,801,0
ground_truth,dafny-synthesis_task_id_430.dfy,smtlib,vampire,monomorphic,VERIFIED,784,0
ground_truth,dafny-synthesis_task_id_430.dfy,smtlib,vampire,predicates,VERIFIED,765,0
ground_truth,dafny-synthesis_task_id_430.dfy,smtlib,vampire,arguments,VERIFIED,762,0
ground_truth,dafny-synthesis_task_id_430.dfy,smtlib,z3,monomorphic,VERIFIED,782,0
ground_truth,dafny-synthesis_task_id_430.dfy,smtlib,z3,predicates,VERIFIED,747,0
ground_truth,dafny-synthesis_task_id_430.dfy,smtlib,z3,arguments,VERIFIED,746,0
ground_truth,QS_BoilerPlate1_tmp_tmpa29vtz9__Ex2.dfy,tptp,vampire,polymorphic,VERIFICATION_TIMED_OUT,30358,4
ground_truth,QS_BoilerPlate1_tmp_tmpa29vtz9__Ex2.dfy,tptp,vampire,monomorphic,VERIFICATION_TIMED_OUT,29967,4
ground_truth,QS_BoilerPlate1_tmp_tmpa29vtz9__Ex2.dfy,tptp,vampire,predicates,VERIFICATION_TIMED_OUT,30004,4
ground_truth,QS_BoilerPlate1_tmp_tmpa29vtz9__Ex2.dfy,tptp,vampire,arguments,VERIFICATION_TIMED_OUT,29926,4
ground_truth,QS_BoilerPlate1_tmp_tmpa29vtz9__Ex2.dfy,smtlib,vampire,monomorphic,VERIFICATION_TIMED_OUT,29885,4
ground_truth,QS_BoilerPlate1_tmp_tmpa29vtz9__Ex2.dfy,smtlib,vampire,predicates,VERIFICATION_TIMED_OUT,29955,4
ground_truth,QS_BoilerPlate1_tmp_tmpa29vtz9__Ex2.dfy,smtlib,vampire,arguments,VERIFICATION_TIMED_OUT,29927,4
ground_truth,QS_BoilerPlate1_tmp_tmpa29vtz9__Ex2.dfy,smtlib,z3,monomorphic,VERIFIED,1156,0
ground_truth,QS_BoilerPlate1_tmp_tmpa29vtz9__Ex2.dfy,smtlib,z3,predicates,VERIFIED,1282,0
ground_truth,QS_BoilerPlate1_tmp_tmpa29vtz9__Ex2.dfy,smtlib,z3,arguments,VERIFIED,1142,0
ground_truth,Clover_find.dfy,tptp,vampire,polymorphic,VERIFIED,7102,0
ground_truth,Clover_find.dfy,tptp,vampire,monomorphic,VERIFIED,3578,0
ground_truth,Clover_find.dfy,tptp,vampire,predicates,VERIFIED,3102,0
ground_truth,Clover_find.dfy,tptp,vampire,arguments,VERIFIED,1863,0
ground_truth,Clover_find.dfy,smtlib,vampire,monomorphic,VERIFIED,1954,0
ground_truth,Clover_find.dfy,smtlib,vampire,predicates,VERIFIED,10557,0
ground_truth,Clover_find.dfy,smtlib,vampire,arguments,VERIFIED,1930,0
ground_truth,Clover_find.dfy,smtlib,z3,monomorphic,VERIFIED,875,0
ground_truth,Clover_find.dfy,smtlib,z3,predicates,VERIFIED,850,0
ground_truth,Clover_find.dfy,smtlib,z3,arguments,VERIFIED,842,0
ground_truth,protocol-verification-fa2023_tmp_tmpw6hy3mjp_demos_ch06_refinement_proof.dfy,tptp,vampire,polymorphic,VERIFICATION_TIMED_OUT,30117,4
ground_truth,protocol-verification-fa2023_tmp_tmpw6hy3mjp_demos_ch06_refinement_proof.dfy,tptp,vampire,monomorphic,VERIFICATION_TIMED_OUT,30256,4
ground_truth,protocol-verification-fa2023_tmp_tmpw6hy3mjp_demos_ch06_refinement_proof.dfy,tptp,vampire,predicates,VERIFICATION_TIMED_OUT,88117,4
ground_truth,protocol-verification-fa2023_tmp_tmpw6hy3mjp_demos_ch06_refinement_proof.dfy,tptp,vampire,arguments,VERIFICATION_TIMED_OUT,88000,4
ground_truth,protocol-verification-fa2023_tmp_tmpw6hy3mjp_demos_ch06_refinement_proof.dfy,smtlib,vampire,monomorphic,VERIFICATION_TIMED_OUT,30202,4
ground_truth,protocol-verification-fa2023_tmp_tmpw6hy3mjp_demos_ch06_refinement_proof.dfy,smtlib,vampire,predicates,VERIFICATION_TIMED_OUT,30679,4
ground_truth,protocol-verification-fa2023_tmp_tmpw6hy3mjp_demos_ch06_refinement_proof.dfy,smtlib,vampire,arguments,VERIFICATION_TIMED_OUT,30540,4
ground_truth,protocol-verification-fa2023_tmp_tmpw6hy3mjp_demos_ch06_refinement_proof.dfy,smtlib,z3,monomorphic,VERIFIED,1196,0
ground_truth,protocol-verification-fa2023_tmp_tmpw6hy3mjp_demos_ch06_refinement_proof.dfy,smtlib,z3,predicates,VERIFIED,1115,0
ground_truth,protocol-verification-fa2023_tmp_tmpw6hy3mjp_demos_ch06_refinement_proof.dfy,smtlib,z3,arguments,VERIFIED,1095,0
ground_truth,Programmverifikation-und-synthese_tmp_tmppurk6ime_PVS_Assignment_ex_10_Hoangkim_ex10_hoangkim.dfy,tptp,vampire,polymorphic,VERIFIED,1454,0
ground_truth,Programmverifikation-und-synthese_tmp_tmppurk6ime_PVS_Assignment_ex_10_Hoangkim_ex10_hoangkim.dfy,tptp,vampire,monomorphic,VERIFIED,1780,0
ground_truth,Programmverifikation-und-synthese_tmp_tmppurk6ime_PVS_Assignment_ex_10_Hoangkim_ex10_hoangkim.dfy,tptp,vampire,predicates,VERIFIED,1598,0
ground_truth,Programmverifikation-und-synthese_tmp_tmppurk6ime_PVS_Assignment_ex_10_Hoangkim_ex10_hoangkim.dfy,tptp,vampire,arguments,VERIFIED,1548,0
ground_truth,Programmverifikation-und-synthese_tmp_tmppurk6ime_PVS_Assignment_ex_10_Hoangkim_ex10_hoangkim.dfy,smtlib,vampire,monomorphic,VERIFIED,1017,0
ground_truth,Programmverifikation-und-synthese_tmp_tmppurk6ime_PVS_Assignment_ex_10_Hoangkim_ex10_hoangkim.dfy,smtlib,vampire,predicates,VERIFIED,2154,0
ground_truth,Programmverifikation-und-synthese_tmp_tmppurk6ime_PVS_Assignment_ex_10_Hoangkim_ex10_hoangkim.dfy,smtlib,vampire,arguments,VERIFIED,1539,0
ground_truth,Programmverifikation-und-synthese_tmp_tmppurk6ime_PVS_Assignment_ex_10_Hoangkim_ex10_hoangkim.dfy,smtlib,z3,monomorphic,VERIFIED,852,0
ground_truth,Programmverifikation-und-synthese_tmp_tmppurk6ime_PVS_Assignment_ex_10_Hoangkim_ex10_hoangkim.dfy,smtlib,z3,predicates,VERIFIED,829,0
ground_truth,Programmverifikation-und-synthese_tmp_tmppurk6ime_PVS_Assignment_ex_10_Hoangkim_ex10_hoangkim.dfy,smtlib,z3,arguments,VERIFIED,827,0
ground_truth,Clover_max_array.dfy,tptp,vampire,polymorphic,VERIFICATION_TIMED_OUT,29843,4
ground_truth,Clover_max_array.dfy,tptp,vampire,monomorphic,VERIFICATION_TIMED_OUT,29844,4
ground_truth,Clover_max_array.dfy,tptp,vampire,predicates,VERIFICATION_TIMED_OUT,29824,4
ground_truth,Clover_max_array.dfy,tptp,vampire,arguments,VERIFIED,1836,0
ground_truth,Clover_max_array.dfy,smtlib,vampire,monomorphic,VERIFIED,1936,0
ground_truth,Clover_max_array.dfy,smtlib,vampire,predicates,VERIFIED,23765,0
ground_truth,Clover_max_array.dfy,smtlib,vampire,arguments,VERIFIED,1908,0
ground_truth,Clover_max_array.dfy,smtlib,z3,monomorphic,VERIFIED,868,0
ground_truth,Clover_max_array.dfy,smtlib,z3,predicates,VERIFIED,858,0
ground_truth,Clover_max_array.dfy,smtlib,z3,arguments,VERIFIED,850,0
ground_truth,dafny_tmp_tmp59p638nn_examples_derangement.dfy,tptp,vampire,polymorphic,VERIFICATION_TIMED_OUT,29902,4
ground_truth,dafny_tmp_tmp59p638nn_examples_derangement.dfy,tptp,vampire,monomorphic,VERIFICATION_TIMED_OUT,29971,4
ground_truth,dafny_tmp_tmp59p638nn_examples_derangement.dfy,tptp,vampire,predicates,VERIFICATION_TIMED_OUT,29905,4
ground_truth,dafny_tmp_tmp59p638nn_examples_derangement.dfy,tptp,vampire,arguments,VERIFICATION_TIMED_OUT,29896,4
ground_truth,dafny_tmp_tmp59p638nn_examples_derangement.dfy,smtlib,vampire,monomorphic,VERIFICATION_TIMED_OUT,29908,4
ground_truth,dafny_tmp_tmp59p638nn_examples_derangement.dfy,smtlib,vampire,predicates,VERIFICATION_TIMED_OUT,29842,4
ground_truth,dafny_tmp_tmp59p638nn_examples_derangement.dfy,smtlib,vampire,arguments,VERIFICATION_TIMED_OUT,29830,4
ground_truth,dafny_tmp_tmp59p638nn_examples_derangement.dfy,smtlib,z3,monomorphic,VERIFICATION_TIMED_OUT,30940,4
ground_truth,dafny_tmp_tmp59p638nn_examples_derangement.dfy,smtlib,z3,predicates,VERIFICATION_TIMED_OUT,30918,4
ground_truth,dafny_tmp_tmp59p638nn_examples_derangement.dfy,smtlib,z3,arguments,VERIFICATION_TIMED_OUT,30901,4
ground_truth,Program-Verification-Dataset_tmp_tmpgbdrlnu__Dafny_basic examples_add_by_one.dfy,tptp,vampire,polymorphic,VERIFIED,906,0
ground_truth,Program-Verification-Dataset_tmp_tmpgbdrlnu__Dafny_basic examples_add_by_one.dfy,tptp,vampire,monomorphic,VERIFIED,954,0
ground_truth,Program-Verification-Dataset_tmp_tmpgbdrlnu__Dafny_basic examples_add_by_one.dfy,tptp,vampire,predicates,VERIFIED,936,0
ground_truth,Program-Verification-Dataset_tmp_tmpgbdrlnu__Dafny_basic examples_add_by_one.dfy,tptp,vampire,arguments,VERIFIED,911,0
ground_truth,Program-Verification-Dataset_tmp_tmpgbdrlnu__Dafny_basic examples_add_by_one.dfy,smtlib,vampire,monomorphic,VERIFIED,916,0
ground_truth,Program-Verification-Dataset_tmp_tmpgbdrlnu__Dafny_basic examples_add_by_one.dfy,smtlib,vampire,predicates,VERIFIED,958,0
ground_truth,Program-Verification-Dataset_tmp_tmpgbdrlnu__Dafny_basic examples_add_by_one.dfy,smtlib,vampire,arguments,VERIFIED,870,0
ground_truth,Program-Verification-Dataset_tmp_tmpgbdrlnu__Dafny_basic examples_add_by_one.dfy,smtlib,z3,monomorphic,VERIFIED,840,0
ground_truth,Program-Verification-Dataset_tmp_tmpgbdrlnu__Dafny_basic examples_add_by_one.dfy,smtlib,z3,predicates,VERIFIED,800,0
ground_truth,Program-Verification-Dataset_tmp_tmpgbdrlnu__Dafny_basic examples_add_by_one.dfy,smtlib,z3,arguments,VERIFIED,793,0
ground_truth,Workshop_tmp_tmp0cu11bdq_Lecture_Answers_selection_sort.dfy,tptp,vampire,polymorphic,VERIFICATION_TIMED_OUT,29870,4
ground_truth,Workshop_tmp_tmp0cu11bdq_Lecture_Answers_selection_sort.dfy,tptp,vampire,monomorphic,VERIFICATION_TIMED_OUT,29892,4
ground_truth,Workshop_tmp_tmp0cu11bdq_Lecture_Answers_selection_sort.dfy,tptp,vampire,predicates,VERIFICATION_TIMED_OUT,29903,4
ground_truth,Workshop_tmp_tmp0cu11bdq_Lecture_Answers_selection_sort.dfy,tptp,vampire,arguments,VERIFICATION_TIMED_OUT,29868,4
ground_truth,Workshop_tmp_tmp0cu11bdq_Lecture_Answers_selection_sort.dfy,smtlib,vampire,monomorphic,VERIFICATION_TIMED_OUT,29809,4
ground_truth,Workshop_tmp_tmp0cu11bdq_Lecture_Answers_selection_sort.dfy,smtlib,vampire,predicates,VERIFICATION_TIMED_OUT,29785,4
ground_truth,Workshop_tmp_tmp0cu11bdq_Lecture_Answers_selection_sort.dfy,smtlib,vampire,arguments,VERIFICATION_TIMED_OUT,29782,4
ground_truth,Workshop_tmp_tmp0cu11bdq_Lecture_Answers_selection_sort.dfy,smtlib,z3,monomorphic,VERIFIED,964,0
ground_truth,Workshop_tmp_tmp0cu11bdq_Lecture_Answers_selection_sort.dfy,smtlib,z3,predicates,VERIFIED,934,0
ground_truth,Workshop_tmp_tmp0cu11bdq_Lecture_Answers_selection_sort.dfy,smtlib,z3,arguments,VERIFIED,921,0
ground_truth,Clover_swap_arith.dfy,tptp,vampire,polymorphic,VERIFIED,778,0
ground_truth,Clover_swap_arith.dfy,tptp,vampire,monomorphic,VERIFIED,809,0
ground_truth,Clover_swap_arith.dfy,tptp,vampire,predicates,VERIFIED,798,0
ground_truth,Clover_swap_arith.dfy,tptp,vampire,arguments,VERIFIED,780,0
ground_truth,Clover_swap_arith.dfy,smtlib,vampire,monomorphic,VERIFIED,788,0
ground_truth,Clover_swap_arith.dfy,smtlib,vampire,predicates,VERIFIED,756,0
ground_truth,Clover_swap_arith.dfy,smtlib,vampire,arguments,VERIFIED,749,0
ground_truth,Clover_swap_arith.dfy,smtlib,z3,monomorphic,VERIFIED,778,0
ground_truth,Clover_swap_arith.dfy,smtlib,z3,predicates,VERIFIED,751,0
ground_truth,Clover_swap_arith.dfy,smtlib,z3,arguments,VERIFIED,738,0
ground_truth,dafny-synthesis_task_id_126.dfy,tptp,vampire,polymorphic,VERIFICATION_TIMED_OUT,29790,4
ground_truth,dafny-synthesis_task_id_126.dfy,tptp,vampire,monomorphic,VERIFICATION_TIMED_OUT,29796,4
ground_truth,dafny-synthesis_task_id_126.dfy,tptp,vampire,predicates,VERIFIED,1850,0
ground_truth,dafny-synthesis_task_id_126.dfy,tptp,vampire,arguments,VERIFIED,1802,0
ground_truth,dafny-synthesis_task_id_126.dfy,smtlib,vampire,monomorphic,VERIFIED,1846,0
ground_truth,dafny-synthesis_task_id_126.dfy,smtlib,vampire,predicates,VERIFIED,1938,0
ground_truth,dafny-synthesis_task_id_126.dfy,smtlib,vampire,arguments,VERIFIED,1864,0
ground_truth,dafny-synthesis_task_id_126.dfy,smtlib,z3,monomorphic,VERIFIED,870,0
ground_truth,dafny-synthesis_task_id_126.dfy,smtlib,z3,predicates,VERIFIED,846,0
ground_truth,dafny-synthesis_task_id_126.dfy,smtlib,z3,arguments,VERIFIED,839,0
ground_truth,dafny-synthesis_task_id_461.dfy,tptp,vampire,polymorphic,VERIFIED,938,0
ground_truth,dafny-synthesis_task_id_461.dfy,tptp,vampire,monomorphic,VERIFIED,1001,0
ground_truth,dafny-synthesis_task_id_461.dfy,tptp,vampire,predicates,VERIFIED,1052,0
ground_truth,dafny-synthesis_task_id_461.dfy,tptp,vampire,arguments,VERIFIED,1039,0
ground_truth,dafny-synthesis_task_id_461.dfy,smtlib,vampire,monomorphic,VERIFIED,963,0
ground_truth,dafny-synthesis_task_id_461.dfy,smtlib,vampire,predicates,VERIFIED,1086,0
ground_truth,dafny-synthesis_task_id_461.dfy,smtlib,vampire,arguments,VERIFIED,931,0
ground_truth,dafny-synthesis_task_id_461.dfy,smtlib,z3,monomorphic,VERIFIED,870,0
ground_truth,dafny-synthesis_task_id_461.dfy,smtlib,z3,predicates,VERIFIED,853,0
ground_truth,dafny-synthesis_task_id_461.dfy,smtlib,z3,arguments,VERIFIED,840,0
ground_truth,SENG2011_tmp_tmpgk5jq85q_ass2_ex3.dfy,tptp,vampire,polymorphic,VERIFICATION_TIMED_OUT,30282,4
ground_truth,SENG2011_tmp_tmpgk5jq85q_ass2_ex3.dfy,tptp,vampire,monomorphic,VERIFICATION_TIMED_OUT,29994,4
ground_truth,SENG2011_tmp_tmpgk5jq85q_ass2_ex3.dfy,tptp,vampire,predicates,VERIFICATION_TIMED_OUT,29929,4
ground_truth,SENG2011_tmp_tmpgk5jq85q_ass2_ex3.dfy,tptp,vampire,arguments,VERIFICATION_TIMED_OUT,29958,4
ground_truth,SENG2011_tmp_tmpgk5jq85q_ass2_ex3.dfy,smtlib,vampire,monomorphic,VERIFICATION_TIMED_OUT,29895,4
ground_truth,SENG2011_tmp_tmpgk5jq85q_ass2_ex3.dfy,smtlib,vampire,predicates,VERIFICATION_TIMED_OUT,29908,4
ground_truth,SENG2011_tmp_tmpgk5jq85q_ass2_ex3.dfy,smtlib,vampire,arguments,VERIFICATION_TIMED_OUT,29813,4
ground_truth,SENG2011_tmp_tmpgk5jq85q_ass2_ex3.dfy,smtlib,z3,monomorphic,VERIFIED,1139,0
ground_truth,SENG2011_tmp_tmpgk5jq85q_ass2_ex3.dfy,smtlib,z3,predicates,VERIFIED,1020,0
ground_truth,SENG2011_tmp_tmpgk5jq85q_ass2_ex3.dfy,smtlib,z3,arguments,VERIFIED,1034,0
ground_truth,Dafny_Verify_tmp_tmphq7j0row_Test_Cases_Ghost.dfy,tptp,vampire,polymorphic,VERIFIED,914,0
ground_truth,Dafny_Verify_tmp_tmphq7j0row_Test_Cases_Ghost.dfy,tptp,vampire,monomorphic,VERIFIED,959,0
ground_truth,Dafny_Verify_tmp_tmphq7j0row_Test_Cases_Ghost.dfy,tptp,vampire,predicates,VERIFIED,1083,0
ground_truth,Dafny_Verify_tmp_tmphq7j0row_Test_Cases_Ghost.dfy,tptp,vampire,arguments,VERIFIED,928,0
ground_truth,Dafny_Verify_tmp_tmphq7j0row_Test_Cases_Ghost.dfy,smtlib,vampire,monomorphic,VERIFIED,920,0
ground_truth,Dafny_Verify_tmp_tmphq7j0row_Test_Cases_Ghost.dfy,smtlib,vampire,predicates,VERIFIED,991,0
ground_truth,Dafny_Verify_tmp_tmphq7j0row_Test_Cases_Ghost.dfy,smtlib,vampire,arguments,VERIFIED,878,0
ground_truth,Dafny_Verify_tmp_tmphq7j0row_Test_Cases_Ghost.dfy,smtlib,z3,monomorphic,VERIFIED,850,0
ground_truth,Dafny_Verify_tmp_tmphq7j0row_Test_Cases_Ghost.dfy,smtlib,z3,predicates,VERIFIED,820,0
ground_truth,Dafny_Verify_tmp_tmphq7j0row_Test_Cases_Ghost.dfy,smtlib,z3,arguments,VERIFIED,819,0
ground_truth,Dafny-Exercises_tmp_tmpjm75muf__Session6Exercises_ExerciseCountMin.dfy,tptp,vampire,polymorphic,VERIFICATION_TIMED_OUT,29821,4
ground_truth,Dafny-Exercises_tmp_tmpjm75muf__Session6Exercises_ExerciseCountMin.dfy,tptp,vampire,monomorphic,VERIFICATION_TIMED_OUT,29961,4
ground_truth,Dafny-Exercises_tmp_tmpjm75muf__Session6Exercises_ExerciseCountMin.dfy,tptp,vampire,predicates,VERIFICATION_TIMED_OUT,29928,4
ground_truth,Dafny-Exercises_tmp_tmpjm75muf__Session6Exercises_ExerciseCountMin.dfy,tptp,vampire,arguments,VERIFICATION_TIMED_OUT,29903,4
ground_truth,Dafny-Exercises_tmp_tmpjm75muf__Session6Exercises_ExerciseCountMin.dfy,smtlib,vampire,monomorphic,VERIFICATION_TIMED_OUT,29904,4
ground_truth,Dafny-Exercises_tmp_tmpjm75muf__Session6Exercises_ExerciseCountMin.dfy,smtlib,vampire,predicates,VERIFICATION_TIMED_OUT,29829,4
ground_truth,Dafny-Exercises_tmp_tmpjm75muf__Session6Exercises_ExerciseCountMin.dfy,smtlib,vampire,arguments,VERIFICATION_TIMED_OUT,29827,4
ground_truth,Dafny-Exercises_tmp_tmpjm75muf__Session6Exercises_ExerciseCountMin.dfy,smtlib,z3,monomorphic,VERIFIED,950,0
ground_truth,Dafny-Exercises_tmp_tmpjm75muf__Session6Exercises_ExerciseCountMin.dfy,smtlib,z3,predicates,VERIFIED,911,0
ground_truth,Dafny-Exercises_tmp_tmpjm75muf__Session6Exercises_ExerciseCountMin.dfy,smtlib,z3,arguments,VERIFIED,903,0
ground_truth,cs245-verification_tmp_tmp0h_nxhqp_A8_Q2.dfy,tptp,vampire,polymorphic,VERIFIED,791,0
ground_truth,cs245-verification_tmp_tmp0h_nxhqp_A8_Q2.dfy,tptp,vampire,monomorphic,VERIFIED,831,0
ground_truth,cs245-verification_tmp_tmp0h_nxhqp_A8_Q2.dfy,tptp,vampire,predicates,VERIFIED,811,0
ground_truth,cs245-verification_tmp_tmp0h_nxhqp_A8_Q2.dfy,tptp,vampire,arguments,VERIFIED,807,0
ground_truth,cs245-verification_tmp_tmp0h_nxhqp_A8_Q2.dfy,smtlib,vampire,monomorphic,VERIFIED,800,0
ground_truth,cs245-verification_tmp_tmp0h_nxhqp_A8_Q2.dfy,smtlib,vampire,predicates,VERIFIED,769,0
ground_truth,cs245-verification_tmp_tmp0h_nxhqp_A8_Q2.dfy,smtlib,vampire,arguments,VERIFIED,766,0
ground_truth,cs245-verification_tmp_tmp0h_nxhqp_A8_Q2.dfy,smtlib,z3,monomorphic,VERIFIED,786,0
ground_truth,cs245-verification_tmp_tmp0h_nxhqp_A8_Q2.dfy,smtlib,z3,predicates,VERIFIED,757,0
ground_truth,cs245-verification_tmp_tmp0h_nxhqp_A8_Q2.dfy,smtlib,z3,arguments,VERIFIED,756,0
ground_truth,dafny-language-server_tmp_tmpkir0kenl_Test_dafny1_ListReverse.dfy,tptp,vampire,polymorphic,VERIFIED,2142,0
ground_truth,dafny-language-server_tmp_tmpkir0kenl_Test_dafny1_ListReverse.dfy,tptp,vampire,monomorphic,VERIFIED,2707,0
ground_truth,dafny-language-server_tmp_tmpkir0kenl_Test_dafny1_ListReverse.dfy,tptp,vampire,predicates,VERIFICATION_TIMED_OUT,29813,4
ground_truth,dafny-language-server_tmp_tmpkir0kenl_Test_dafny1_ListReverse.dfy,tptp,vampire,arguments,VERIFIED,2609,0
ground_truth,dafny-language-server_tmp_tmpkir0kenl_Test_dafny1_ListReverse.dfy,smtlib,vampire,monomorphic,VERIFIED,2839,0
ground_truth,dafny-language-server_tmp_tmpkir0kenl_Test_dafny1_ListReverse.dfy,smtlib,vampire,predicates,VERIFICATION_TIMED_OUT,29814,4
ground_truth,dafny-language-server_tmp_tmpkir0kenl_Test_dafny1_ListReverse.dfy,smtlib,vampire,arguments,VERIFIED,2805,0
ground_truth,dafny-language-server_tmp_tmpkir0kenl_Test_dafny1_ListReverse.dfy,smtlib,z3,monomorphic,VERIFIED,878,0
ground_truth,dafny-language-server_tmp_tmpkir0kenl_Test_dafny1_ListReverse.dfy,smtlib,z3,predicates,VERIFIED,851,0
ground_truth,dafny-language-server_tmp_tmpkir0kenl_Test_dafny1_ListReverse.dfy,smtlib,z3,arguments,VERIFIED,854,0
ground_truth,MIEIC_mfes_tmp_tmpq3ho7nve_exams_mt2_19_p5.dfy,tptp,vampire,polymorphic,VERIFICATION_TIMED_OUT,29857,4
ground_truth,MIEIC_mfes_tmp_tmpq3ho7nve_exams_mt2_19_p5.dfy,tptp,vampire,monomorphic,VERIFICATION_TIMED_OUT,29863,4
ground_truth,MIEIC_mfes_tmp_tmpq3ho7nve_exams_mt2_19_p5.dfy,tptp,vampire,predicates,VERIFICATION_TIMED_OUT,29874,4
ground_truth,MIEIC_mfes_tmp_tmpq3ho7nve_exams_mt2_19_p5.dfy,tptp,vampire,arguments,VERIFICATION_TIMED_OUT,29838,4
ground_truth,MIEIC_mfes_tmp_tmpq3ho7nve_exams_mt2_19_p5.dfy,smtlib,vampire,monomorphic,VERIFICATION_TIMED_OUT,29778,4
ground_truth,MIEIC_mfes_tmp_tmpq3ho7nve_exams_mt2_19_p5.dfy,smtlib,vampire,predicates,VERIFICATION_TIMED_OUT,29819,4
ground_truth,MIEIC_mfes_tmp_tmpq3ho7nve_exams_mt2_19_p5.dfy,smtlib,vampire,arguments,VERIFICATION_TIMED_OUT,29742,4
ground_truth,MIEIC_mfes_tmp_tmpq3ho7nve_exams_mt2_19_p5.dfy,smtlib,z3,monomorphic,VERIFIED,2035,0
ground_truth,MIEIC_mfes_tmp_tmpq3ho7nve_exams_mt2_19_p5.dfy,smtlib,z3,predicates,VERIFIED,974,0
ground_truth,MIEIC_mfes_tmp_tmpq3ho7nve_exams_mt2_19_p5.dfy,smtlib,z3,arguments,VERIFIED,978,0
ground_truth,dafny-language-server_tmp_tmpkir0kenl_Test_VSI-Benchmarks_b2.dfy,tptp,vampire,polymorphic,VERIFICATION_TIMED_OUT,29832,4
ground_truth,dafny-language-server_tmp_tmpkir0kenl_Test_VSI-Benchmarks_b2.dfy,tptp,vampire,monomorphic,VERIFICATION_TIMED_OUT,30104,4
ground_truth,dafny-language-server_tmp_tmpkir0kenl_Test_VSI-Benchmarks_b2.dfy,tptp,vampire,predicates,VERIFICATION_TIMED_OUT,29884,4
ground_truth,dafny-language-server_tmp_tmpkir0kenl_Test_VSI-Benchmarks_b2.dfy,tptp,vampire,arguments,VERIFICATION_TIMED_OUT,29884,4
ground_truth,dafny-language-server_tmp_tmpkir0kenl_Test_VSI-Benchmarks_b2.dfy,smtlib,vampire,monomorphic,VERIFICATION_TIMED_OUT,29886,4
ground_truth,dafny-language-server_tmp_tmpkir0kenl_Test_VSI-Benchmarks_b2.dfy,smtlib,vampire,predicates,VERIFICATION_TIMED_OUT,29780,4
ground_truth,dafny-language-server_tmp_tmpkir0kenl_Test_VSI-Benchmarks_b2.dfy,smtlib,vampire,arguments,VERIFICATION_TIMED_OUT,29830,4
ground_truth,dafny-language-server_tmp_tmpkir0kenl_Test_VSI-Benchmarks_b2.dfy,smtlib,z3,monomorphic,VERIFIED,949,0
ground_truth,dafny-language-server_tmp_tmpkir0kenl_Test_VSI-Benchmarks_b2.dfy,smtlib,z3,predicates,VERIFIED,929,0
ground_truth,dafny-language-server_tmp_tmpkir0kenl_Test_VSI-Benchmarks_b2.dfy,smtlib,z3,arguments,VERIFIED,914,0
ground_truth,dafny-language-server_tmp_tmpkir0kenl_Test_dafny3_InductionVsCoinduction.dfy,tptp,vampire,polymorphic,VERIFICATION_TIMED_OUT,30547,4
ground_truth,dafny-language-server_tmp_tmpkir0kenl_Test_dafny3_InductionVsCoinduction.dfy,tptp,vampire,monomorphic,VERIFICATION_TIMED_OUT,31043,4
ground_truth,dafny-language-server_tmp_tmpkir0kenl_Test_dafny3_InductionVsCoinduction.dfy,tptp,vampire,predicates,VERIFICATION_TIMED_OUT,58906,4
ground_truth,dafny-language-server_tmp_tmpkir0kenl_Test_dafny3_InductionVsCoinduction.dfy,tptp,vampire,arguments,VERIFICATION_TIMED_OUT,30250,4
ground_truth,dafny-language-server_tmp_tmpkir0kenl_Test_dafny3_InductionVsCoinduction.dfy,smtlib,vampire,monomorphic,VERIFICATION_TIMED_OUT,30263,4
ground_truth,dafny-language-server_tmp_tmpkir0kenl_Test_dafny3_InductionVsCoinduction.dfy,smtlib,vampire,predicates,VERIFICATION_TIMED_OUT,30295,4
ground_truth,dafny-language-server_tmp_tmpkir0kenl_Test_dafny3_InductionVsCoinduction.dfy,smtlib,vampire,arguments,VERIFICATION_TIMED_OUT,30268,4
ground_truth,dafny-language-server_tmp_tmpkir0kenl_Test_dafny3_InductionVsCoinduction.dfy,smtlib,z3,monomorphic,VERIFIED,1023,0
ground_truth,dafny-language-server_tmp_tmpkir0kenl_Test_dafny3_InductionVsCoinduction.dfy,smtlib,z3,predicates,VERIFIED,1004,0
ground_truth,dafny-language-server_tmp_tmpkir0kenl_Test_dafny3_InductionVsCoinduction.dfy,smtlib,z3,arguments,VERIFIED,985,0
ground_truth,dafny-synthesis_task_id_284.dfy,tptp,vampire,polymorphic,VERIFIED,2174,0
ground_truth,dafny-synthesis_task_id_284.dfy,tptp,vampire,monomorphic,VERIFIED,6740,0
ground_truth,dafny-synthesis_task_id_284.dfy,tptp,vampire,predicates,VERIFIED,1866,0
ground_truth,dafny-synthesis_task_id_284.dfy,tptp,vampire,arguments,VERIFIED,1846,0
ground_truth,dafny-synthesis_task_id_284.dfy,smtlib,vampire,monomorphic,VERIFIED,1775,0
ground_truth,dafny-synthesis_task_id_284.dfy,smtlib,vampire,predicates,VERIFIED,1954,0
ground_truth,dafny-synthesis_task_id_284.dfy,smtlib,vampire,arguments,VERIFIED,1941,0
ground_truth,dafny-synthesis_task_id_284.dfy,smtlib,z3,monomorphic,VERIFIED,866,0
ground_truth,dafny-synthesis_task_id_284.dfy,smtlib,z3,predicates,VERIFIED,851,0
ground_truth,dafny-synthesis_task_id_284.dfy,smtlib,z3,arguments,VERIFIED,848,0
ground_truth,DafnyProjects_tmp_tmp2acw_s4s_RawSort.dfy,tptp,vampire,polymorphic,VERIFICATION_TIMED_OUT,29910,4
ground_truth,DafnyProjects_tmp_tmp2acw_s4s_RawSort.dfy,tptp,vampire,monomorphic,VERIFICATION_TIMED_OUT,29980,4
ground_truth,DafnyProjects_tmp_tmp2acw_s4s_RawSort.dfy,tptp,vampire,predicates,VERIFICATION_TIMED_OUT,30001,4
ground_truth,DafnyProjects_tmp_tmp2acw_s4s_RawSort.dfy,tptp,vampire,arguments,VERIFICATION_TIMED_OUT,29873,4
ground_truth,DafnyProjects_tmp_tmp2acw_s4s_RawSort.dfy,smtlib,vampire,monomorphic,VERIFICATION_TIMED_OUT,29925,4
ground_truth,DafnyProjects_tmp_tmp2acw_s4s_RawSort.dfy,smtlib,vampire,predicates,VERIFICATION_TIMED_OUT,29874,4
ground_truth,DafnyProjects_tmp_tmp2acw_s4s_RawSort.dfy,smtlib,vampire,arguments,VERIFICATION_TIMED_OUT,29860,4
ground_truth,DafnyProjects_tmp_tmp2acw_s4s_RawSort.dfy,smtlib,z3,monomorphic,VERIFIED,2364,0
ground_truth,DafnyProjects_tmp_tmp2acw_s4s_RawSort.dfy,smtlib,z3,predicates,NOT_VERIFIED,1282,4
ground_truth,DafnyProjects_tmp_tmp2acw_s4s_RawSort.dfy,smtlib,z3,arguments,VERIFIED,2070,0
ground_truth,Clover_array_sum.dfy,tptp,vampire,polymorphic,VERIFICATION_TIMED_OUT,29806,4
ground_truth,Clover_array_sum.dfy,tptp,vampire,monomorphic,VERIFICATION_TIMED_OUT,29879,4
ground_truth,Clover_array_sum.dfy,tptp,vampire,predicates,VERIFICATION_TIMED_OUT,29792,4
ground_truth,Clover_array_sum.dfy,tptp,vampire,arguments,VERIFICATION_TIMED_OUT,29804,4
ground_truth,Clover_array_sum.dfy,smtlib,vampire,monomorphic,VERIFICATION_TIMED_OUT,29788,4
ground_truth,Clover_array_sum.dfy,smtlib,vampire,predicates,VERIFICATION_TIMED_OUT,29772,4
ground_truth,Clover_array_sum.dfy,smtlib,vampire,arguments,VERIFICATION_TIMED_OUT,29709,4
ground_truth,Clover_array_sum.dfy,smtlib,z3,monomorphic,VERIFIED,888,0
ground_truth,Clover_array_sum.dfy,smtlib,z3,predicates,VERIFIED,859,0
ground_truth,Clover_array_sum.dfy,smtlib,z3,arguments,VERIFIED,855,0
ground_truth,Program-Verification-Dataset_tmp_tmpgbdrlnu__Dafny_basic examples_add_by_one_details.dfy,tptp,vampire,polymorphic,VERIFIED,864,0
ground_truth,Program-Verification-Dataset_tmp_tmpgbdrlnu__Dafny_basic examples_add_by_one_details.dfy,tptp,vampire,monomorphic,VERIFIED,909,0
ground_truth,Program-Verification-Dataset_tmp_tmpgbdrlnu__Dafny_basic examples_add_by_one_details.dfy,tptp,vampire,predicates,VERIFIED,876,0
ground_truth,Program-Verification-Dataset_tmp_tmpgbdrlnu__Dafny_basic examples_add_by_one_details.dfy,tptp,vampire,arguments,VERIFIED,876,0
ground_truth,Program-Verification-Dataset_tmp_tmpgbdrlnu__Dafny_basic examples_add_by_one_details.dfy,smtlib,vampire,monomorphic,VERIFIED,868,0
ground_truth,Program-Verification-Dataset_tmp_tmpgbdrlnu__Dafny_basic examples_add_by_one_details.dfy,smtlib,vampire,predicates,VERIFIED,848,0
ground_truth,Program-Verification-Dataset_tmp_tmpgbdrlnu__Dafny_basic examples_add_by_one_details.dfy,smtlib,vampire,arguments,VERIFIED,834,0
ground_truth,Program-Verification-Dataset_tmp_tmpgbdrlnu__Dafny_basic examples_add_by_one_details.dfy,smtlib,z3,monomorphic,VERIFIED,800,0
ground_truth,Program-Verification-Dataset_tmp_tmpgbdrlnu__Dafny_basic examples_add_by_one_details.dfy,smtlib,z3,predicates,VERIFIED,791,0
ground_truth,Program-Verification-Dataset_tmp_tmpgbdrlnu__Dafny_basic examples_add_by_one_details.dfy,smtlib,z3,arguments,VERIFIED,790,0
ground_truth,dafny_tmp_tmp59p638nn_examples_minmax2.dfy,tptp,vampire,polymorphic,VERIFICATION_TIMED_OUT,29902,4
ground_truth,dafny_tmp_tmp59p638nn_examples_minmax2.dfy,tptp,vampire,monomorphic,VERIFICATION_TIMED_OUT,29921,4
ground_truth,dafny_tmp_tmp59p638nn_examples_minmax2.dfy,tptp,vampire,predicates,VERIFICATION_TIMED_OUT,29846,4
ground_truth,dafny_tmp_tmp59p638nn_examples_minmax2.dfy,tptp,vampire,arguments,VERIFICATION_TIMED_OUT,29862,4
ground_truth,dafny_tmp_tmp59p638nn_examples_minmax2.dfy,smtlib,vampire,monomorphic,VERIFICATION_TIMED_OUT,29812,4
ground_truth,dafny_tmp_tmp59p638nn_examples_minmax2.dfy,smtlib,vampire,predicates,VERIFICATION_TIMED_OUT,29789,4
ground_truth,dafny_tmp_tmp59p638nn_examples_minmax2.dfy,smtlib,vampire,arguments,VERIFICATION_TIMED_OUT,29826,4
ground_truth,dafny_tmp_tmp59p638nn_examples_minmax2.dfy,smtlib,z3,monomorphic,VERIFIED,954,0
ground_truth,dafny_tmp_tmp59p638nn_examples_minmax2.dfy,smtlib,z3,predicates,VERIFIED,905,0
ground_truth,dafny_tmp_tmp59p638nn_examples_minmax2.dfy,smtlib,z3,arguments,VERIFIED,906,0
ground_truth,dafny-synthesis_task_id_139.dfy,tptp,vampire,polymorphic,VERIFIED,786,0
ground_truth,dafny-synthesis_task_id_139.dfy,tptp,vampire,monomorphic,VERIFIED,822,0
ground_truth,dafny-synthesis_task_id_139.dfy,tptp,vampire,predicates,VERIFIED,796,0
ground_truth,dafny-synthesis_task_id_139.dfy,tptp,vampire,arguments,VERIFIED,798,0
ground_truth,dafny-synthesis_task_id_139.dfy,smtlib,vampire,monomorphic,VERIFIED,776,0
ground_truth,dafny-synthesis_task_id_139.dfy,smtlib,vampire,predicates,VERIFIED,765,0
ground_truth,dafny-synthesis_task_id_139.dfy,smtlib,vampire,arguments,VERIFIED,755,0
ground_truth,dafny-synthesis_task_id_139.dfy,smtlib,z3,monomorphic,VERIFIED,779,0
ground_truth,dafny-synthesis_task_id_139.dfy,smtlib,z3,predicates,VERIFIED,753,0
ground_truth,dafny-synthesis_task_id_139.dfy,smtlib,z3,arguments,VERIFIED,749,0
ground_truth,ironsync-osdi2023_tmp_tmpx80antoe_linear-dafny_docs_DafnyRef_examples_Example-Old.dfy,tptp,vampire,polymorphic,VERIFIED,1095,0
ground_truth,ironsync-osdi2023_tmp_tmpx80antoe_linear-dafny_docs_DafnyRef_examples_Example-Old.dfy,tptp,vampire,monomorphic,VERIFIED,1138,0
ground_truth,ironsync-osdi2023_tmp_tmpx80antoe_linear-dafny_docs_DafnyRef_examples_Example-Old.dfy,tptp,vampire,predicates,VERIFIED,10268,0
ground_truth,ironsync-osdi2023_tmp_tmpx80antoe_linear-dafny_docs_DafnyRef_examples_Example-Old.dfy,tptp,vampire,arguments,VERIFIED,1098,0
ground_truth,ironsync-osdi2023_tmp_tmpx80antoe_linear-dafny_docs_DafnyRef_examples_Example-Old.dfy,smtlib,vampire,monomorphic,VERIFIED,867,0
ground_truth,ironsync-osdi2023_tmp_tmpx80antoe_linear-dafny_docs_DafnyRef_examples_Example-Old.dfy,smtlib,vampire,predicates,VERIFIED,22822,0
ground_truth,ironsync-osdi2023_tmp_tmpx80antoe_linear-dafny_docs_DafnyRef_examples_Example-Old.dfy,smtlib,vampire,arguments,VERIFIED,2667,0
ground_truth,ironsync-osdi2023_tmp_tmpx80antoe_linear-dafny_docs_DafnyRef_examples_Example-Old.dfy,smtlib,z3,monomorphic,VERIFIED,808,0
ground_truth,ironsync-osdi2023_tmp_tmpx80antoe_linear-dafny_docs_DafnyRef_examples_Example-Old.dfy,smtlib,z3,predicates,VERIFIED,785,0
ground_truth,ironsync-osdi2023_tmp_tmpx80antoe_linear-dafny_docs_DafnyRef_examples_Example-Old.dfy,smtlib,z3,arguments,VERIFIED,776,0
ground_truth,Formal_Verification_With_Dafny_tmp_tmp5j79rq48_Counter.dfy,tptp,vampire,polymorphic,VERIFIED,2002,0
ground_truth,Formal_Verification_With_Dafny_tmp_tmp5j79rq48_Counter.dfy,tptp,vampire,monomorphic,VERIFIED,1897,0
ground_truth,Formal_Verification_With_Dafny_tmp_tmp5j79rq48_Counter.dfy,tptp,vampire,predicates,VERIFIED,10770,0
ground_truth,Formal_Verification_With_Dafny_tmp_tmp5j79rq48_Counter.dfy,tptp,vampire,arguments,VERIFIED,1902,0
ground_truth,Formal_Verification_With_Dafny_tmp_tmp5j79rq48_Counter.dfy,smtlib,vampire,monomorphic,VERIFIED,1946,0
ground_truth,Formal_Verification_With_Dafny_tmp_tmp5j79rq48_Counter.dfy,smtlib,vampire,predicates,VERIFICATION_TIMED_OUT,29744,4
ground_truth,Formal_Verification_With_Dafny_tmp_tmp5j79rq48_Counter.dfy,smtlib,vampire,arguments,VERIFIED,1950,0
ground_truth,Formal_Verification_With_Dafny_tmp_tmp5j79rq48_Counter.dfy,smtlib,z3,monomorphic,VERIFIED,869,0
ground_truth,Formal_Verification_With_Dafny_tmp_tmp5j79rq48_Counter.dfy,smtlib,z3,predicates,VERIFIED,834,0
ground_truth,Formal_Verification_With_Dafny_tmp_tmp5j79rq48_Counter.dfy,smtlib,z3,arguments,VERIFIED,820,0
ground_truth,dafny-duck_tmp_tmplawbgxjo_ex5.dfy,tptp,vampire,polymorphic,VERIFICATION_TIMED_OUT,29827,4
ground_truth,dafny-duck_tmp_tmplawbgxjo_ex5.dfy,tptp,vampire,monomorphic,VERIFICATION_TIMED_OUT,29837,4
ground_truth,dafny-duck_tmp_tmplawbgxjo_ex5.dfy,tptp,vampire,predicates,VERIFICATION_TIMED_OUT,29826,4
ground_truth,dafny-duck_tmp_tmplawbgxjo_ex5.dfy,tptp,vampire,arguments,VERIFICATION_TIMED_OUT,29752,4
ground_truth,dafny-duck_tmp_tmplawbgxjo_ex5.dfy,smtlib,vampire,monomorphic,VERIFICATION_TIMED_OUT,29808,4
ground_truth,dafny-duck_tmp_tmplawbgxjo_ex5.dfy,smtlib,vampire,predicates,VERIFICATION_TIMED_OUT,29783,4
ground_truth,dafny-duck_tmp_tmplawbgxjo_ex5.dfy,smtlib,vampire,arguments,VERIFICATION_TIMED_OUT,29789,4
ground_truth,dafny-duck_tmp_tmplawbgxjo_ex5.dfy,smtlib,z3,monomorphic,VERIFIED,996,0
ground_truth,dafny-duck_tmp_tmplawbgxjo_ex5.dfy,smtlib,z3,predicates,VERIFIED,938,0
ground_truth,dafny-duck_tmp_tmplawbgxjo_ex5.dfy,smtlib,z3,arguments,VERIFIED,940,0
ground_truth,pucrs-metodos-formais-t1_tmp_tmp7gvq3cw4_fila.dfy,tptp,vampire,polymorphic,VERIFICATION_TIMED_OUT,38187,4
ground_truth,pucrs-metodos-formais-t1_tmp_tmp7gvq3cw4_fila.dfy,tptp,vampire,monomorphic,VERIFICATION_TIMED_OUT,58982,4
ground_truth,pucrs-metodos-formais-t1_tmp_tmp7gvq3cw4_fila.dfy,tptp,vampire,predicates,VERIFICATION_TIMED_OUT,59024,4
ground_truth,pucrs-metodos-formais-t1_tmp_tmp7gvq3cw4_fila.dfy,tptp,vampire,arguments,VERIFICATION_TIMED_OUT,58943,4
ground_truth,pucrs-metodos-formais-t1_tmp_tmp7gvq3cw4_fila.dfy,smtlib,vampire,monomorphic,VERIFICATION_TIMED_OUT,31636,4
ground_truth,pucrs-metodos-formais-t1_tmp_tmp7gvq3cw4_fila.dfy,smtlib,vampire,predicates,VERIFICATION_TIMED_OUT,58894,4
ground_truth,pucrs-metodos-formais-t1_tmp_tmp7gvq3cw4_fila.dfy,smtlib,vampire,arguments,VERIFICATION_TIMED_OUT,58897,4
ground_truth,pucrs-metodos-formais-t1_tmp_tmp7gvq3cw4_fila.dfy,smtlib,z3,monomorphic,VERIFIED,2927,0
ground_truth,pucrs-metodos-formais-t1_tmp_tmp7gvq3cw4_fila.dfy,smtlib,z3,predicates,VERIFIED,2576,0
ground_truth,pucrs-metodos-formais-t1_tmp_tmp7gvq3cw4_fila.dfy,smtlib,z3,arguments,VERIFIED,1884,0
ground_truth,Dafny-experiences_tmp_tmp150sm9qy_dafny_started_tutorial_dafny_tutorial_array.dfy,tptp,vampire,polymorphic,VERIFICATION_TIMED_OUT,29770,4
ground_truth,Dafny-experiences_tmp_tmp150sm9qy_dafny_started_tutorial_dafny_tutorial_array.dfy,tptp,vampire,monomorphic,VERIFICATION_TIMED_OUT,29808,4
ground_truth,Dafny-experiences_tmp_tmp150sm9qy_dafny_started_tutorial_dafny_tutorial_array.dfy,tptp,vampire,predicates,VERIFICATION_TIMED_OUT,29807,4
ground_truth,Dafny-experiences_tmp_tmp150sm9qy_dafny_started_tutorial_dafny_tutorial_array.dfy,tptp,vampire,arguments,VERIFIED,1830,0
ground_truth,Dafny-experiences_tmp_tmp150sm9qy_dafny_started_tutorial_dafny_tutorial_array.dfy,smtlib,vampire,monomorphic,VERIFIED,17451,0
ground_truth,Dafny-experiences_tmp_tmp150sm9qy_dafny_started_tutorial_dafny_tutorial_array.dfy,smtlib,vampire,predicates,VERIFIED,18067,0
ground_truth,Dafny-experiences_tmp_tmp150sm9qy_dafny_started_tutorial_dafny_tutorial_array.dfy,smtlib,vampire,arguments,VERIFIED,1900,0
ground_truth,Dafny-experiences_tmp_tmp150sm9qy_dafny_started_tutorial_dafny_tutorial_array.dfy,smtlib,z3,monomorphic,VERIFIED,877,0
ground_truth,Dafny-experiences_tmp_tmp150sm9qy_dafny_started_tutorial_dafny_tutorial_array.dfy,smtlib,z3,predicates,VERIFIED,854,0
ground_truth,Dafny-experiences_tmp_tmp150sm9qy_dafny_started_tutorial_dafny_tutorial_array.dfy,smtlib,z3,arguments,VERIFIED,840,0
ground_truth,Dafny_Verify_tmp_tmphq7j0row_Generated_Code_ComputePower.dfy,tptp,vampire,polymorphic,VERIFICATION_TIMED_OUT,29766,4
ground_truth,Dafny_Verify_tmp_tmphq7j0row_Generated_Code_ComputePower.dfy,tptp,vampire,monomorphic,VERIFICATION_TIMED_OUT,29819,4
ground_truth,Dafny_Verify_tmp_tmphq7j0row_Generated_Code_ComputePower.dfy,tptp,vampire,predicates,VERIFIED,13892,0
ground_truth,Dafny_Verify_tmp_tmphq7j0row_Generated_Code_ComputePower.dfy,tptp,vampire,arguments,VERIFIED,22080,0
ground_truth,Dafny_Verify_tmp_tmphq7j0row_Generated_Code_ComputePower.dfy,smtlib,vampire,monomorphic,VERIFIED,4842,0
ground_truth,Dafny_Verify_tmp_tmphq7j0row_Generated_Code_ComputePower.dfy,smtlib,vampire,predicates,VERIFIED,11193,0
ground_truth,Dafny_Verify_tmp_tmphq7j0row_Generated_Code_ComputePower.dfy,smtlib,vampire,arguments,VERIFIED,8259,0
ground_truth,Dafny_Verify_tmp_tmphq7j0row_Generated_Code_ComputePower.dfy,smtlib,z3,monomorphic,VERIFIED,860,0
ground_truth,Dafny_Verify_tmp_tmphq7j0row_Generated_Code_ComputePower.dfy,smtlib,z3,predicates,VERIFIED,832,0
ground_truth,Dafny_Verify_tmp_tmphq7j0row_Generated_Code_ComputePower.dfy,smtlib,z3,arguments,VERIFIED,827,0
ground_truth,Dafny_Verify_tmp_tmphq7j0row_dataset_C_convert_examples_15.dfy,tptp,vampire,polymorphic,VERIFIED,893,0
ground_truth,Dafny_Verify_tmp_tmphq7j0row_dataset_C_convert_examples_15.dfy,tptp,vampire,monomorphic,VERIFIED,931,0
ground_truth,Dafny_Verify_tmp_tmphq7j0row_dataset_C_convert_examples_15.dfy,tptp,vampire,predicates,VERIFIED,908,0
ground_truth,Dafny_Verify_tmp_tmphq7j0row_dataset_C_convert_examples_15.dfy,tptp,vampire,arguments,VERIFIED,907,0
ground_truth,Dafny_Verify_tmp_tmphq7j0row_dataset_C_convert_examples_15.dfy,smtlib,vampire,monomorphic,VERIFIED,896,0
ground_truth,Dafny_Verify_tmp_tmphq7j0row_dataset_C_convert_examples_15.dfy,smtlib,vampire,predicates,VERIFIED,872,0
ground_truth,Dafny_Verify_tmp_tmphq7j0row_dataset_C_convert_examples_15.dfy,smtlib,vampire,arguments,VERIFIED,852,0
ground_truth,Dafny_Verify_tmp_tmphq7j0row_dataset_C_convert_examples_15.dfy,smtlib,z3,monomorphic,VERIFIED,824,0
ground_truth,Dafny_Verify_tmp_tmphq7j0row_dataset_C_convert_examples_15.dfy,smtlib,z3,predicates,VERIFIED,791,0
ground_truth,Dafny_Verify_tmp_tmphq7j0row_dataset_C_convert_examples_15.dfy,smtlib,z3,arguments,VERIFIED,785,0
ground_truth,stunning-palm-tree_tmp_tmpr84c2iwh_ch5.dfy,tptp,vampire,polymorphic,VERIFICATION_TIMED_OUT,59449,4
ground_truth,stunning-palm-tree_tmp_tmpr84c2iwh_ch5.dfy,tptp,vampire,monomorphic,VERIFICATION_TIMED_OUT,59812,4
ground_truth,stunning-palm-tree_tmp_tmpr84c2iwh_ch5.dfy,tptp,vampire,predicates,VERIFICATION_TIMED_OUT,88792,4
ground_truth,stunning-palm-tree_tmp_tmpr84c2iwh_ch5.dfy,tptp,vampire,arguments,VERIFICATION_TIMED_OUT,88122,4
ground_truth,stunning-palm-tree_tmp_tmpr84c2iwh_ch5.dfy,smtlib,vampire,monomorphic,VERIFICATION_TIMED_OUT,59423,4
ground_truth,stunning-palm-tree_tmp_tmpr84c2iwh_ch5.dfy,smtlib,vampire,predicates,VERIFICATION_TIMED_OUT,69678,4
ground_truth,stunning-palm-tree_tmp_tmpr84c2iwh_ch5.dfy,smtlib,vampire,arguments,VERIFICATION_TIMED_OUT,60320,4
ground_truth,stunning-palm-tree_tmp_tmpr84c2iwh_ch5.dfy,smtlib,z3,monomorphic,VERIFIED,1277,0
ground_truth,stunning-palm-tree_tmp_tmpr84c2iwh_ch5.dfy,smtlib,z3,predicates,VERIFIED,1259,0
ground_truth,stunning-palm-tree_tmp_tmpr84c2iwh_ch5.dfy,smtlib,z3,arguments,VERIFIED,1227,0
ground_truth,dafl_tmp_tmp_r3_8w3y_dafny_examples_dafny0_DividedConstructors.dfy,tptp,vampire,polymorphic,VERIFICATION_TIMED_OUT,59200,4
ground_truth,dafl_tmp_tmp_r3_8w3y_dafny_examples_dafny0_DividedConstructors.dfy,tptp,vampire,monomorphic,VERIFIED,10479,0
ground_truth,dafl_tmp_tmp_r3_8w3y_dafny_examples_dafny0_DividedConstructors.dfy,tptp,vampire,predicates,VERIFICATION_TIMED_OUT,134848,4
ground_truth,dafl_tmp_tmp_r3_8w3y_dafny_examples_dafny0_DividedConstructors.dfy,tptp,vampire,arguments,VERIFICATION_TIMED_OUT,117876,4
ground_truth,dafl_tmp_tmp_r3_8w3y_dafny_examples_dafny0_DividedConstructors.dfy,smtlib,vampire,monomorphic,VERIFIED,10219,0
ground_truth,dafl_tmp_tmp_r3_8w3y_dafny_examples_dafny0_DividedConstructors.dfy,smtlib,vampire,predicates,VERIFICATION_TIMED_OUT,121845,4
ground_truth,dafl_tmp_tmp_r3_8w3y_dafny_examples_dafny0_DividedConstructors.dfy,smtlib,vampire,arguments,VERIFIED,19823,0
ground_truth,dafl_tmp_tmp_r3_8w3y_dafny_examples_dafny0_DividedConstructors.dfy,smtlib,z3,monomorphic,VERIFIED,1228,0
ground_truth,dafl_tmp_tmp_r3_8w3y_dafny_examples_dafny0_DividedConstructors.dfy,smtlib,z3,predicates,VERIFIED,1087,0
ground_truth,dafl_tmp_tmp_r3_8w3y_dafny_examples_dafny0_DividedConstructors.dfy,smtlib,z3,arguments,VERIFIED,1070,0
ground_truth,SENG2011_tmp_tmpgk5jq85q_ass2_ex2.dfy,tptp,vampire,polymorphic,VERIFICATION_TIMED_OUT,29863,4
ground_truth,SENG2011_tmp_tmpgk5jq85q_ass2_ex2.dfy,tptp,vampire,monomorphic,VERIFICATION_TIMED_OUT,29925,4
ground_truth,SENG2011_tmp_tmpgk5jq85q_ass2_ex2.dfy,tptp,vampire,predicates,VERIFICATION_TIMED_OUT,29826,4
ground_truth,SENG2011_tmp_tmpgk5jq85q_ass2_ex2.dfy,tptp,vampire,arguments,VERIFICATION_TIMED_OUT,29888,4
ground_truth,SENG2011_tmp_tmpgk5jq85q_ass2_ex2.dfy,smtlib,vampire,monomorphic,VERIFICATION_TIMED_OUT,29868,4
ground_truth,SENG2011_tmp_tmpgk5jq85q_ass2_ex2.dfy,smtlib,vampire,predicates,VERIFICATION_TIMED_OUT,29832,4
ground_truth,SENG2011_tmp_tmpgk5jq85q_ass2_ex2.dfy,smtlib,vampire,arguments,VERIFICATION_TIMED_OUT,29799,4
ground_truth,SENG2011_tmp_tmpgk5jq85q_ass2_ex2.dfy,smtlib,z3,monomorphic,VERIFIED,2749,0
ground_truth,SENG2011_tmp_tmpgk5jq85q_ass2_ex2.dfy,smtlib,z3,predicates,NOT_VERIFIED,2589,4
ground_truth,SENG2011_tmp_tmpgk5jq85q_ass2_ex2.dfy,smtlib,z3,arguments,VERIFIED,2037,0
ground_truth,BelowZero.dfy,tptp,vampire,polymorphic,VERIFICATION_TIMED_OUT,29886,4
ground_truth,BelowZero.dfy,tptp,vampire,monomorphic,VERIFICATION_TIMED_OUT,29872,4
ground_truth,BelowZero.dfy,tptp,vampire,predicates,VERIFICATION_TIMED_OUT,29887,4
ground_truth,BelowZero.dfy,tptp,vampire,arguments,VERIFICATION_TIMED_OUT,29875,4
ground_truth,BelowZero.dfy,smtlib,vampire,monomorphic,VERIFICATION_TIMED_OUT,29881,4
ground_truth,BelowZero.dfy,smtlib,vampire,predicates,VERIFICATION_TIMED_OUT,29849,4
ground_truth,BelowZero.dfy,smtlib,vampire,arguments,VERIFICATION_TIMED_OUT,29789,4
ground_truth,BelowZero.dfy,smtlib,z3,monomorphic,NOT_VERIFIED,964,4
ground_truth,BelowZero.dfy,smtlib,z3,predicates,NOT_VERIFIED,912,4
ground_truth,BelowZero.dfy,smtlib,z3,arguments,NOT_VERIFIED,907,4
ground_truth,dafny-synthesis_task_id_743.dfy,tptp,vampire,polymorphic,VERIFICATION_TIMED_OUT,29791,4
ground_truth,dafny-synthesis_task_id_743.dfy,tptp,vampire,monomorphic,VERIFICATION_TIMED_OUT,29833,4
ground_truth,dafny-synthesis_task_id_743.dfy,tptp,vampire,predicates,VERIFICATION_TIMED_OUT,29872,4
ground_truth,dafny-synthesis_task_id_743.dfy,tptp,vampire,arguments,VERIFICATION_TIMED_OUT,29811,4
ground_truth,dafny-synthesis_task_id_743.dfy,smtlib,vampire,monomorphic,VERIFICATION_TIMED_OUT,29790,4
ground_truth,dafny-synthesis_task_id_743.dfy,smtlib,vampire,predicates,VERIFICATION_TIMED_OUT,29703,4
ground_truth,dafny-synthesis_task_id_743.dfy,smtlib,vampire,arguments,VERIFIED,21673,0
ground_truth,dafny-synthesis_task_id_743.dfy,smtlib,z3,monomorphic,VERIFIED,864,0
ground_truth,dafny-synthesis_task_id_743.dfy,smtlib,z3,predicates,VERIFIED,848,0
ground_truth,dafny-synthesis_task_id_743.dfy,smtlib,z3,arguments,VERIFIED,838,0
ground_truth,Metodos_Formais_tmp_tmpbez22nnn_Aula_2_ex1.dfy,tptp,vampire,polymorphic,VERIFIED,2411,0
ground_truth,Metodos_Formais_tmp_tmpbez22nnn_Aula_2_ex1.dfy,tptp,vampire,monomorphic,VERIFIED,1554,0
ground_truth,Metodos_Formais_tmp_tmpbez22nnn_Aula_2_ex1.dfy,tptp,vampire,predicates,VERIFIED,1591,0
ground_truth,Metodos_Formais_tmp_tmpbez22nnn_Aula_2_ex1.dfy,tptp,vampire,arguments,VERIFIED,1547,0
ground_truth,Metodos_Formais_tmp_tmpbez22nnn_Aula_2_ex1.dfy,smtlib,vampire,monomorphic,VERIFIED,1095,0
ground_truth,Metodos_Formais_tmp_tmpbez22nnn_Aula_2_ex1.dfy,smtlib,vampire,predicates,VERIFIED,1100,0
ground_truth,Metodos_Formais_tmp_tmpbez22nnn_Aula_2_ex1.dfy,smtlib,vampire,arguments,VERIFIED,1074,0
ground_truth,Metodos_Formais_tmp_tmpbez22nnn_Aula_2_ex1.dfy,smtlib,z3,monomorphic,VERIFIED,815,0
ground_truth,Metodos_Formais_tmp_tmpbez22nnn_Aula_2_ex1.dfy,smtlib,z3,predicates,VERIFIED,792,0
ground_truth,Metodos_Formais_tmp_tmpbez22nnn_Aula_2_ex1.dfy,smtlib,z3,arguments,VERIFIED,786,0
ground_truth,dafny-synthesis_task_id_577.dfy,tptp,vampire,polymorphic,VERIFICATION_TIMED_OUT,29707,4
ground_truth,dafny-synthesis_task_id_577.dfy,tptp,vampire,monomorphic,VERIFIED,2721,0
ground_truth,dafny-synthesis_task_id_577.dfy,tptp,vampire,predicates,VERIFIED,4464,0
ground_truth,dafny-synthesis_task_id_577.dfy,tptp,vampire,arguments,VERIFIED,4377,0
ground_truth,dafny-synthesis_task_id_577.dfy,smtlib,vampire,monomorphic,VERIFIED,4743,0
ground_truth,dafny-synthesis_task_id_577.dfy,smtlib,vampire,predicates,VERIFIED,9057,0
ground_truth,dafny-synthesis_task_id_577.dfy,smtlib,vampire,arguments,VERIFIED,4673,0
ground_truth,dafny-synthesis_task_id_577.dfy,smtlib,z3,monomorphic,VERIFIED,841,0
ground_truth,dafny-synthesis_task_id_577.dfy,smtlib,z3,predicates,VERIFIED,818,0
ground_truth,dafny-synthesis_task_id_577.dfy,smtlib,z3,arguments,VERIFIED,812,0
ground_truth,summer-school-2020_tmp_tmpn8nf7zf0_chapter01_solutions_exercise04_solution.dfy,tptp,vampire,polymorphic,VERIFIED,870,0
ground_truth,summer-school-2020_tmp_tmpn8nf7zf0_chapter01_solutions_exercise04_solution.dfy,tptp,vampire,monomorphic,VERIFIED,916,0
ground_truth,summer-school-2020_tmp_tmpn8nf7zf0_chapter01_solutions_exercise04_solution.dfy,tptp,vampire,predicates,VERIFIED,970,0
ground_truth,summer-school-2020_tmp_tmpn8nf7zf0_chapter01_solutions_exercise04_solution.dfy,tptp,vampire,arguments,VERIFIED,873,0
ground_truth,summer-school-2020_tmp_tmpn8nf7zf0_chapter01_solutions_exercise04_solution.dfy,smtlib,vampire,monomorphic,VERIFIED,865,0
ground_truth,summer-school-2020_tmp_tmpn8nf7zf0_chapter01_solutions_exercise04_solution.dfy,smtlib,vampire,predicates,VERIFIED,848,0
ground_truth,summer-school-2020_tmp_tmpn8nf7zf0_chapter01_solutions_exercise04_solution.dfy,smtlib,vampire,arguments,VERIFIED,839,0
ground_truth,summer-school-2020_tmp_tmpn8nf7zf0_chapter01_solutions_exercise04_solution.dfy,smtlib,z3,monomorphic,VERIFIED,825,0
ground_truth,summer-school-2020_tmp_tmpn8nf7zf0_chapter01_solutions_exercise04_solution.dfy,smtlib,z3,predicates,VERIFIED,791,0
ground_truth,summer-school-2020_tmp_tmpn8nf7zf0_chapter01_solutions_exercise04_solution.dfy,smtlib,z3,arguments,VERIFIED,785,0
ground_truth,dafny-synthesis_task_id_62.dfy,tptp,vampire,polymorphic,VERIFICATION_TIMED_OUT,29810,4
ground_truth,dafny-synthesis_task_id_62.dfy,tptp,vampire,monomorphic,VERIFICATION_TIMED_OUT,29810,4
ground_truth,dafny-synthesis_task_id_62.dfy,tptp,vampire,predicates,VERIFICATION_TIMED_OUT,29818,4
ground_truth,dafny-synthesis_task_id_62.dfy,tptp,vampire,arguments,VERIFICATION_TIMED_OUT,29828,4
ground_truth,dafny-synthesis_task_id_62.dfy,smtlib,vampire,monomorphic,VERIFICATION_TIMED_OUT,29802,4
ground_truth,dafny-synthesis_task_id_62.dfy,smtlib,vampire,predicates,VERIFICATION_TIMED_OUT,29754,4
ground_truth,dafny-synthesis_task_id_62.dfy,smtlib,vampire,arguments,VERIFIED,10341,0
ground_truth,dafny-synthesis_task_id_62.dfy,smtlib,z3,monomorphic,VERIFIED,866,0
ground_truth,dafny-synthesis_task_id_62.dfy,smtlib,z3,predicates,VERIFIED,849,0
ground_truth,dafny-synthesis_task_id_62.dfy,smtlib,z3,arguments,VERIFIED,834,0
ground_truth,dafny-synthesis_task_id_142.dfy,tptp,vampire,polymorphic,VERIFIED,995,0
ground_truth,dafny-synthesis_task_id_142.dfy,tptp,vampire,monomorphic,VERIFIED,976,0
ground_truth,dafny-synthesis_task_id_142.dfy,tptp,vampire,predicates,VERIFIED,1066,0
ground_truth,dafny-synthesis_task_id_142.dfy,tptp,vampire,arguments,VERIFIED,1018,0
ground_truth,dafny-synthesis_task_id_142.dfy,smtlib,vampire,monomorphic,VERIFIED,937,0
ground_truth,dafny-synthesis_task_id_142.dfy,smtlib,vampire,predicates,VERIFIED,1044,0
ground_truth,dafny-synthesis_task_id_142.dfy,smtlib,vampire,arguments,VERIFIED,988,0
ground_truth,dafny-synthesis_task_id_142.dfy,smtlib,z3,monomorphic,VERIFIED,849,0
ground_truth,dafny-synthesis_task_id_142.dfy,smtlib,z3,predicates,VERIFIED,813,0
ground_truth,dafny-synthesis_task_id_142.dfy,smtlib,z3,arguments,VERIFIED,809,0
ground_truth,Program-Verification-Dataset_tmp_tmpgbdrlnu__Dafny_algorithms and leetcode_examples_simpleMultiplication.dfy,tptp,vampire,polymorphic,VERIFIED,1777,0
ground_truth,Program-Verification-Dataset_tmp_tmpgbdrlnu__Dafny_algorithms and leetcode_examples_simpleMultiplication.dfy,tptp,vampire,monomorphic,VERIFIED,1247,0
ground_truth,Program-Verification-Dataset_tmp_tmpgbdrlnu__Dafny_algorithms and leetcode_examples_simpleMultiplication.dfy,tptp,vampire,predicates,VERIFICATION_TIMED_OUT,29852,4
ground_truth,Program-Verification-Dataset_tmp_tmpgbdrlnu__Dafny_algorithms and leetcode_examples_simpleMultiplication.dfy,tptp,vampire,arguments,VERIFIED,1211,0
ground_truth,Program-Verification-Dataset_tmp_tmpgbdrlnu__Dafny_algorithms and leetcode_examples_simpleMultiplication.dfy,smtlib,vampire,monomorphic,VERIFIED,1165,0
ground_truth,Program-Verification-Dataset_tmp_tmpgbdrlnu__Dafny_algorithms and leetcode_examples_simpleMultiplication.dfy,smtlib,vampire,predicates,VERIFICATION_TIMED_OUT,29782,4
ground_truth,Program-Verification-Dataset_tmp_tmpgbdrlnu__Dafny_algorithms and leetcode_examples_simpleMultiplication.dfy,smtlib,vampire,arguments,VERIFIED,1550,0
ground_truth,Program-Verification-Dataset_tmp_tmpgbdrlnu__Dafny_algorithms and leetcode_examples_simpleMultiplication.dfy,smtlib,z3,monomorphic,VERIFIED,908,0
ground_truth,Program-Verification-Dataset_tmp_tmpgbdrlnu__Dafny_algorithms and leetcode_examples_simpleMultiplication.dfy,smtlib,z3,predicates,NOT_VERIFIED,889,4
ground_truth,Program-Verification-Dataset_tmp_tmpgbdrlnu__Dafny_algorithms and leetcode_examples_simpleMultiplication.dfy,smtlib,z3,arguments,VERIFIED,885,0
ground_truth,summer-school-2020_tmp_tmpn8nf7zf0_chapter02_solutions_exercise03_solution.dfy,tptp,vampire,polymorphic,VERIFICATION_TIMED_OUT,30137,4
ground_truth,summer-school-2020_tmp_tmpn8nf7zf0_chapter02_solutions_exercise03_solution.dfy,tptp,vampire,monomorphic,VERIFICATION_TIMED_OUT,29971,4
ground_truth,summer-school-2020_tmp_tmpn8nf7zf0_chapter02_solutions_exercise03_solution.dfy,tptp,vampire,predicates,VERIFICATION_TIMED_OUT,29873,4
ground_truth,summer-school-2020_tmp_tmpn8nf7zf0_chapter02_solutions_exercise03_solution.dfy,tptp,vampire,arguments,VERIFICATION_TIMED_OUT,29890,4
ground_truth,summer-school-2020_tmp_tmpn8nf7zf0_chapter02_solutions_exercise03_solution.dfy,smtlib,vampire,monomorphic,VERIFICATION_TIMED_OUT,29852,4
ground_truth,summer-school-2020_tmp_tmpn8nf7zf0_chapter02_solutions_exercise03_solution.dfy,smtlib,vampire,predicates,VERIFICATION_TIMED_OUT,29811,4
ground_truth,summer-school-2020_tmp_tmpn8nf7zf0_chapter02_solutions_exercise03_solution.dfy,smtlib,vampire,arguments,VERIFICATION_TIMED_OUT,29852,4
ground_truth,summer-school-2020_tmp_tmpn8nf7zf0_chapter02_solutions_exercise03_solution.dfy,smtlib,z3,monomorphic,VERIFIED,2415,0
ground_truth,summer-school-2020_tmp_tmpn8nf7zf0_chapter02_solutions_exercise03_solution.dfy,smtlib,z3,predicates,VERIFIED,1787,0
ground_truth,summer-school-2020_tmp_tmpn8nf7zf0_chapter02_solutions_exercise03_solution.dfy,smtlib,z3,arguments,VERIFIED,1282,0
ground_truth,formal-methods-in-software-engineering_tmp_tmpe7fjnek6_Labs4_gr2.dfy,tptp,vampire,polymorphic,VERIFICATION_TIMED_OUT,29920,4
ground_truth,formal-methods-in-software-engineering_tmp_tmpe7fjnek6_Labs4_gr2.dfy,tptp,vampire,monomorphic,VERIFICATION_TIMED_OUT,29945,4
ground_truth,formal-methods-in-software-engineering_tmp_tmpe7fjnek6_Labs4_gr2.dfy,tptp,vampire,predicates,VERIFICATION_TIMED_OUT,29932,4
ground_truth,formal-methods-in-software-engineering_tmp_tmpe7fjnek6_Labs4_gr2.dfy,tptp,vampire,arguments,VERIFICATION_TIMED_OUT,29919,4
ground_truth,formal-methods-in-software-engineering_tmp_tmpe7fjnek6_Labs4_gr2.dfy,smtlib,vampire,monomorphic,VERIFICATION_TIMED_OUT,29902,4
ground_truth,formal-methods-in-software-engineering_tmp_tmpe7fjnek6_Labs4_gr2.dfy,smtlib,vampire,predicates,VERIFICATION_TIMED_OUT,29861,4
ground_truth,formal-methods-in-software-engineering_tmp_tmpe7fjnek6_Labs4_gr2.dfy,smtlib,vampire,arguments,VERIFICATION_TIMED_OUT,29815,4
ground_truth,formal-methods-in-software-engineering_tmp_tmpe7fjnek6_Labs4_gr2.dfy,smtlib,z3,monomorphic,VERIFIED,964,0
ground_truth,formal-methods-in-software-engineering_tmp_tmpe7fjnek6_Labs4_gr2.dfy,smtlib,z3,predicates,VERIFIED,910,0
ground_truth,formal-methods-in-software-engineering_tmp_tmpe7fjnek6_Labs4_gr2.dfy,smtlib,z3,arguments,VERIFIED,915,0
ground_truth,dafny-synthesis_task_id_644.dfy,tptp,vampire,polymorphic,VERIFICATION_TIMED_OUT,29905,4
ground_truth,dafny-synthesis_task_id_644.dfy,tptp,vampire,monomorphic,VERIFICATION_TIMED_OUT,29977,4
ground_truth,dafny-synthesis_task_id_644.dfy,tptp,vampire,predicates,VERIFICATION_TIMED_OUT,29875,4
ground_truth,dafny-synthesis_task_id_644.dfy,tptp,vampire,arguments,VERIFICATION_TIMED_OUT,29806,4
ground_truth,dafny-synthesis_task_id_644.dfy,smtlib,vampire,monomorphic,VERIFICATION_TIMED_OUT,29838,4
ground_truth,dafny-synthesis_task_id_644.dfy,smtlib,vampire,predicates,VERIFICATION_TIMED_OUT,29795,4
ground_truth,dafny-synthesis_task_id_644.dfy,smtlib,vampire,arguments,VERIFICATION_TIMED_OUT,29812,4
ground_truth,dafny-synthesis_task_id_644.dfy,smtlib,z3,monomorphic,VERIFIED,916,0
ground_truth,dafny-synthesis_task_id_644.dfy,smtlib,z3,predicates,VERIFIED,876,0
ground_truth,dafny-synthesis_task_id_644.dfy,smtlib,z3,arguments,VERIFIED,875,0
ground_truth,Clover_double_array_elements.dfy,tptp,vampire,polymorphic,VERIFICATION_TIMED_OUT,29851,4
ground_truth,Clover_double_array_elements.dfy,tptp,vampire,monomorphic,VERIFICATION_TIMED_OUT,29842,4
ground_truth,Clover_double_array_elements.dfy,tptp,vampire,predicates,VERIFICATION_TIMED_OUT,29830,4
ground_truth,Clover_double_array_elements.dfy,tptp,vampire,arguments,VERIFICATION_TIMED_OUT,29836,4
ground_truth,Clover_double_array_elements.dfy,smtlib,vampire,monomorphic,VERIFICATION_TIMED_OUT,29849,4
ground_truth,Clover_double_array_elements.dfy,smtlib,vampire,predicates,VERIFICATION_TIMED_OUT,29749,4
ground_truth,Clover_double_array_elements.dfy,smtlib,vampire,arguments,VERIFICATION_TIMED_OUT,29745,4
ground_truth,Clover_double_array_elements.dfy,smtlib,z3,monomorphic,VERIFIED,870,0
ground_truth,Clover_double_array_elements.dfy,smtlib,z3,predicates,VERIFIED,857,0
ground_truth,Clover_double_array_elements.dfy,smtlib,z3,arguments,VERIFIED,846,0
ground_truth,dafny-language-server_tmp_tmpkir0kenl_Test_comp_Arrays.dfy,tptp,vampire,polymorphic,VERIFICATION_TIMED_OUT,29868,4
ground_truth,dafny-language-server_tmp_tmpkir0kenl_Test_comp_Arrays.dfy,tptp,vampire,monomorphic,VERIFICATION_TIMED_OUT,29892,4
ground_truth,dafny-language-server_tmp_tmpkir0kenl_Test_comp_Arrays.dfy,tptp,vampire,predicates,VERIFICATION_TIMED_OUT,29923,4
ground_truth,dafny-language-server_tmp_tmpkir0kenl_Test_comp_Arrays.dfy,tptp,vampire,arguments,VERIFICATION_TIMED_OUT,29875,4
ground_truth,dafny-language-server_tmp_tmpkir0kenl_Test_comp_Arrays.dfy,smtlib,vampire,monomorphic,VERIFICATION_TIMED_OUT,29830,4
ground_truth,dafny-language-server_tmp_tmpkir0kenl_Test_comp_Arrays.dfy,smtlib,vampire,predicates,VERIFICATION_TIMED_OUT,29805,4
ground_truth,dafny-language-server_tmp_tmpkir0kenl_Test_comp_Arrays.dfy,smtlib,vampire,arguments,VERIFICATION_TIMED_OUT,29787,4
ground_truth,dafny-language-server_tmp_tmpkir0kenl_Test_comp_Arrays.dfy,smtlib,z3,monomorphic,VERIFIED,948,0
ground_truth,dafny-language-server_tmp_tmpkir0kenl_Test_comp_Arrays.dfy,smtlib,z3,predicates,VERIFIED,919,0
ground_truth,dafny-language-server_tmp_tmpkir0kenl_Test_comp_Arrays.dfy,smtlib,z3,arguments,VERIFIED,914,0
ground_truth,dafny-mini-project_tmp_tmpjxr3wzqh_src_project2a.dfy,tptp,vampire,polymorphic,VERIFICATION_TIMED_OUT,29921,4
ground_truth,dafny-mini-project_tmp_tmpjxr3wzqh_src_project2a.dfy,tptp,vampire,monomorphic,VERIFICATION_TIMED_OUT,30082,4
ground_truth,dafny-mini-project_tmp_tmpjxr3wzqh_src_project2a.dfy,tptp,vampire,predicates,VERIFICATION_TIMED_OUT,87844,4
ground_truth,dafny-mini-project_tmp_tmpjxr3wzqh_src_project2a.dfy,tptp,vampire,arguments,VERIFICATION_TIMED_OUT,43609,4
ground_truth,dafny-mini-project_tmp_tmpjxr3wzqh_src_project2a.dfy,smtlib,vampire,monomorphic,VERIFICATION_TIMED_OUT,29999,4
ground_truth,dafny-mini-project_tmp_tmpjxr3wzqh_src_project2a.dfy,smtlib,vampire,predicates,VERIFICATION_TIMED_OUT,58821,4
ground_truth,dafny-mini-project_tmp_tmpjxr3wzqh_src_project2a.dfy,smtlib,vampire,arguments,VERIFICATION_TIMED_OUT,30290,4
ground_truth,dafny-mini-project_tmp_tmpjxr3wzqh_src_project2a.dfy,smtlib,z3,monomorphic,VERIFIED,1100,0
ground_truth,dafny-mini-project_tmp_tmpjxr3wzqh_src_project2a.dfy,smtlib,z3,predicates,VERIFIED,1069,0
ground_truth,dafny-mini-project_tmp_tmpjxr3wzqh_src_project2a.dfy,smtlib,z3,arguments,VERIFIED,1049,0
ground_truth,Clover_convert_map_key.dfy,tptp,vampire,polymorphic,VERIFIED,1753,0
ground_truth,Clover_convert_map_key.dfy,tptp,vampire,monomorphic,VERIFIED,1822,0
ground_truth,Clover_convert_map_key.dfy,tptp,vampire,predicates,VERIFICATION_TIMED_OUT,29750,4
ground_truth,Clover_convert_map_key.dfy,tptp,vampire,arguments,VERIFIED,1093,0
ground_truth,Clover_convert_map_key.dfy,smtlib,vampire,monomorphic,VERIFICATION_TIMED_OUT,29796,4
ground_truth,Clover_convert_map_key.dfy,smtlib,vampire,predicates,VERIFICATION_TIMED_OUT,29749,4
ground_truth,Clover_convert_map_key.dfy,smtlib,vampire,arguments,VERIFIED,1065,0
ground_truth,Clover_convert_map_key.dfy,smtlib,z3,monomorphic,VERIFIED,861,0
ground_truth,Clover_convert_map_key.dfy,smtlib,z3,predicates,VERIFIED,849,0
ground_truth,Clover_convert_map_key.dfy,smtlib,z3,arguments,VERIFIED,828,0
ground_truth,Dafny_Verify_tmp_tmphq7j0row_Fine_Tune_Examples_50_examples_37.dfy,tptp,vampire,polymorphic,VERIFIED,889,0
ground_truth,Dafny_Verify_tmp_tmphq7j0row_Fine_Tune_Examples_50_examples_37.dfy,tptp,vampire,monomorphic,VERIFIED,932,0
ground_truth,Dafny_Verify_tmp_tmphq7j0row_Fine_Tune_Examples_50_examples_37.dfy,tptp,vampire,predicates,VERIFIED,988,0
ground_truth,Dafny_Verify_tmp_tmphq7j0row_Fine_Tune_Examples_50_examples_37.dfy,tptp,vampire,arguments,VERIFIED,901,0
ground_truth,Dafny_Verify_tmp_tmphq7j0row_Fine_Tune_Examples_50_examples_37.dfy,smtlib,vampire,monomorphic,VERIFIED,889,0
ground_truth,Dafny_Verify_tmp_tmphq7j0row_Fine_Tune_Examples_50_examples_37.dfy,smtlib,vampire,predicates,VERIFIED,971,0
ground_truth,Dafny_Verify_tmp_tmphq7j0row_Fine_Tune_Examples_50_examples_37.dfy,smtlib,vampire,arguments,VERIFIED,946,0
ground_truth,Dafny_Verify_tmp_tmphq7j0row_Fine_Tune_Examples_50_examples_37.dfy,smtlib,z3,monomorphic,VERIFIED,818,0
ground_truth,Dafny_Verify_tmp_tmphq7j0row_Fine_Tune_Examples_50_examples_37.dfy,smtlib,z3,predicates,VERIFIED,790,0
ground_truth,Dafny_Verify_tmp_tmphq7j0row_Fine_Tune_Examples_50_examples_37.dfy,smtlib,z3,arguments,VERIFIED,774,0
ground_truth,ironsync-osdi2023_tmp_tmpx80antoe_linear-dafny_docs_DafnyRef_examples_Example-Old3.dfy,tptp,vampire,polymorphic,VERIFIED,2099,0
ground_truth,ironsync-osdi2023_tmp_tmpx80antoe_linear-dafny_docs_DafnyRef_examples_Example-Old3.dfy,tptp,vampire,monomorphic,VERIFIED,2236,0
ground_truth,ironsync-osdi2023_tmp_tmpx80antoe_linear-dafny_docs_DafnyRef_examples_Example-Old3.dfy,tptp,vampire,predicates,VERIFICATION_TIMED_OUT,29824,4
ground_truth,ironsync-osdi2023_tmp_tmpx80antoe_linear-dafny_docs_DafnyRef_examples_Example-Old3.dfy,tptp,vampire,arguments,VERIFIED,2701,0
ground_truth,ironsync-osdi2023_tmp_tmpx80antoe_linear-dafny_docs_DafnyRef_examples_Example-Old3.dfy,smtlib,vampire,monomorphic,VERIFIED,2269,0
ground_truth,ironsync-osdi2023_tmp_tmpx80antoe_linear-dafny_docs_DafnyRef_examples_Example-Old3.dfy,smtlib,vampire,predicates,VERIFICATION_TIMED_OUT,29669,4
ground_truth,ironsync-osdi2023_tmp_tmpx80antoe_linear-dafny_docs_DafnyRef_examples_Example-Old3.dfy,smtlib,vampire,arguments,VERIFIED,2816,0
ground_truth,ironsync-osdi2023_tmp_tmpx80antoe_linear-dafny_docs_DafnyRef_examples_Example-Old3.dfy,smtlib,z3,monomorphic,VERIFIED,825,0
ground_truth,ironsync-osdi2023_tmp_tmpx80antoe_linear-dafny_docs_DafnyRef_examples_Example-Old3.dfy,smtlib,z3,predicates,VERIFIED,805,0
ground_truth,ironsync-osdi2023_tmp_tmpx80antoe_linear-dafny_docs_DafnyRef_examples_Example-Old3.dfy,smtlib,z3,arguments,VERIFIED,800,0
ground_truth,Final-Project-Dafny_tmp_tmpmcywuqox_Attempts_Exercise4_Find_Max.dfy,tptp,vampire,polymorphic,VERIFICATION_TIMED_OUT,29764,4
ground_truth,Final-Project-Dafny_tmp_tmpmcywuqox_Attempts_Exercise4_Find_Max.dfy,tptp,vampire,monomorphic,VERIFICATION_TIMED_OUT,29858,4
ground_truth,Final-Project-Dafny_tmp_tmpmcywuqox_Attempts_Exercise4_Find_Max.dfy,tptp,vampire,predicates,VERIFICATION_TIMED_OUT,29770,4
ground_truth,Final-Project-Dafny_tmp_tmpmcywuqox_Attempts_Exercise4_Find_Max.dfy,tptp,vampire,arguments,VERIFICATION_TIMED_OUT,29776,4
ground_truth,Final-Project-Dafny_tmp_tmpmcywuqox_Attempts_Exercise4_Find_Max.dfy,smtlib,vampire,monomorphic,VERIFICATION_TIMED_OUT,29788,4
ground_truth,Final-Project-Dafny_tmp_tmpmcywuqox_Attempts_Exercise4_Find_Max.dfy,smtlib,vampire,predicates,VERIFICATION_TIMED_OUT,29799,4
ground_truth,Final-Project-Dafny_tmp_tmpmcywuqox_Attempts_Exercise4_Find_Max.dfy,smtlib,vampire,arguments,VERIFIED,10386,0
ground_truth,Final-Project-Dafny_tmp_tmpmcywuqox_Attempts_Exercise4_Find_Max.dfy,smtlib,z3,monomorphic,VERIFIED,881,0
ground_truth,Final-Project-Dafny_tmp_tmpmcywuqox_Attempts_Exercise4_Find_Max.dfy,smtlib,z3,predicates,VERIFIED,852,0
ground_truth,Final-Project-Dafny_tmp_tmpmcywuqox_Attempts_Exercise4_Find_Max.dfy,smtlib,z3,arguments,VERIFIED,851,0
ground_truth,dafny-exercise_tmp_tmpouftptir_firstE.dfy,tptp,vampire,polymorphic,VERIFICATION_TIMED_OUT,29843,4
ground_truth,dafny-exercise_tmp_tmpouftptir_firstE.dfy,tptp,vampire,monomorphic,VERIFICATION_TIMED_OUT,29900,4
ground_truth,dafny-exercise_tmp_tmpouftptir_firstE.dfy,tptp,vampire,predicates,VERIFICATION_TIMED_OUT,29909,4
ground_truth,dafny-exercise_tmp_tmpouftptir_firstE.dfy,tptp,vampire,arguments,VERIFICATION_TIMED_OUT,29858,4
ground_truth,dafny-exercise_tmp_tmpouftptir_firstE.dfy,smtlib,vampire,monomorphic,VERIFICATION_TIMED_OUT,29848,4
ground_truth,dafny-exercise_tmp_tmpouftptir_firstE.dfy,smtlib,vampire,predicates,VERIFICATION_TIMED_OUT,29804,4
ground_truth,dafny-exercise_tmp_tmpouftptir_firstE.dfy,smtlib,vampire,arguments,VERIFICATION_TIMED_OUT,29804,4
ground_truth,dafny-exercise_tmp_tmpouftptir_firstE.dfy,smtlib,z3,monomorphic,VERIFIED,908,0
ground_truth,dafny-exercise_tmp_tmpouftptir_firstE.dfy,smtlib,z3,predicates,VERIFIED,888,0
ground_truth,dafny-exercise_tmp_tmpouftptir_firstE.dfy,smtlib,z3,arguments,VERIFIED,879,0
ground_truth,dafny-synthesis_task_id_2.dfy,tptp,vampire,polymorphic,VERIFICATION_TIMED_OUT,29859,4
ground_truth,dafny-synthesis_task_id_2.dfy,tptp,vampire,monomorphic,VERIFICATION_TIMED_OUT,29900,4
ground_truth,dafny-synthesis_task_id_2.dfy,tptp,vampire,predicates,VERIFICATION_TIMED_OUT,29799,4
ground_truth,dafny-synthesis_task_id_2.dfy,tptp,vampire,arguments,VERIFICATION_TIMED_OUT,29844,4
ground_truth,dafny-synthesis_task_id_2.dfy,smtlib,vampire,monomorphic,VERIFICATION_TIMED_OUT,29801,4
ground_truth,dafny-synthesis_task_id_2.dfy,smtlib,vampire,predicates,VERIFICATION_TIMED_OUT,29781,4
ground_truth,dafny-synthesis_task_id_2.dfy,smtlib,vampire,arguments,VERIFICATION_TIMED_OUT,29775,4
ground_truth,dafny-synthesis_task_id_2.dfy,smtlib,z3,monomorphic,VERIFIED,944,0
ground_truth,dafny-synthesis_task_id_2.dfy,smtlib,z3,predicates,VERIFIED,889,0
ground_truth,dafny-synthesis_task_id_2.dfy,smtlib,z3,arguments,VERIFIED,885,0
ground_truth,lets-prove-blocking-queue_tmp_tmptd_aws1k_dafny_prod-cons.dfy,tptp,vampire,polymorphic,VERIFICATION_TIMED_OUT,29842,4
ground_truth,lets-prove-blocking-queue_tmp_tmptd_aws1k_dafny_prod-cons.dfy,tptp,vampire,monomorphic,VERIFIED,2709,0
ground_truth,lets-prove-blocking-queue_tmp_tmptd_aws1k_dafny_prod-cons.dfy,tptp,vampire,predicates,VERIFICATION_TIMED_OUT,29893,4
ground_truth,lets-prove-blocking-queue_tmp_tmptd_aws1k_dafny_prod-cons.dfy,tptp,vampire,arguments,VERIFIED,18443,0
ground_truth,lets-prove-blocking-queue_tmp_tmptd_aws1k_dafny_prod-cons.dfy,smtlib,vampire,monomorphic,VERIFIED,1650,0
ground_truth,lets-prove-blocking-queue_tmp_tmptd_aws1k_dafny_prod-cons.dfy,smtlib,vampire,predicates,VERIFICATION_TIMED_OUT,29835,4
ground_truth,lets-prove-blocking-queue_tmp_tmptd_aws1k_dafny_prod-cons.dfy,smtlib,vampire,arguments,VERIFICATION_TIMED_OUT,29782,4
ground_truth,lets-prove-blocking-queue_tmp_tmptd_aws1k_dafny_prod-cons.dfy,smtlib,z3,monomorphic,VERIFIED,952,0
ground_truth,lets-prove-blocking-queue_tmp_tmptd_aws1k_dafny_prod-cons.dfy,smtlib,z3,predicates,VERIFIED,931,0
ground_truth,lets-prove-blocking-queue_tmp_tmptd_aws1k_dafny_prod-cons.dfy,smtlib,z3,arguments,VERIFIED,891,0
ground_truth,t1_MF_tmp_tmpi_sqie4j_exemplos_colecoes_sequences_ex3.dfy,tptp,vampire,polymorphic,VERIFICATION_TIMED_OUT,29786,4
ground_truth,t1_MF_tmp_tmpi_sqie4j_exemplos_colecoes_sequences_ex3.dfy,tptp,vampire,monomorphic,VERIFICATION_TIMED_OUT,29783,4
ground_truth,t1_MF_tmp_tmpi_sqie4j_exemplos_colecoes_sequences_ex3.dfy,tptp,vampire,predicates,VERIFICATION_TIMED_OUT,29746,4
ground_truth,t1_MF_tmp_tmpi_sqie4j_exemplos_colecoes_sequences_ex3.dfy,tptp,vampire,arguments,VERIFICATION_TIMED_OUT,29777,4
ground_truth,t1_MF_tmp_tmpi_sqie4j_exemplos_colecoes_sequences_ex3.dfy,smtlib,vampire,monomorphic,VERIFICATION_TIMED_OUT,29776,4
ground_truth,t1_MF_tmp_tmpi_sqie4j_exemplos_colecoes_sequences_ex3.dfy,smtlib,vampire,predicates,VERIFICATION_TIMED_OUT,29696,4
ground_truth,t1_MF_tmp_tmpi_sqie4j_exemplos_colecoes_sequences_ex3.dfy,smtlib,vampire,arguments,VERIFICATION_TIMED_OUT,29670,4
ground_truth,t1_MF_tmp_tmpi_sqie4j_exemplos_colecoes_sequences_ex3.dfy,smtlib,z3,monomorphic,NOT_VERIFIED,918,4
ground_truth,t1_MF_tmp_tmpi_sqie4j_exemplos_colecoes_sequences_ex3.dfy,smtlib,z3,predicates,VERIFIED,847,0
ground_truth,t1_MF_tmp_tmpi_sqie4j_exemplos_colecoes_sequences_ex3.dfy,smtlib,z3,arguments,VERIFIED,836,0
ground_truth,dafny-synthesis_task_id_470.dfy,tptp,vampire,polymorphic,VERIFICATION_TIMED_OUT,29771,4
ground_truth,dafny-synthesis_task_id_470.dfy,tptp,vampire,monomorphic,VERIFICATION_TIMED_OUT,29836,4
ground_truth,dafny-synthesis_task_id_470.dfy,tptp,vampire,predicates,VERIFICATION_TIMED_OUT,29862,4
ground_truth,dafny-synthesis_task_id_470.dfy,tptp,vampire,arguments,VERIFICATION_TIMED_OUT,29762,4
ground_truth,dafny-synthesis_task_id_470.dfy,smtlib,vampire,monomorphic,VERIFICATION_TIMED_OUT,29775,4
ground_truth,dafny-synthesis_task_id_470.dfy,smtlib,vampire,predicates,VERIFICATION_TIMED_OUT,29810,4
ground_truth,dafny-synthesis_task_id_470.dfy,smtlib,vampire,arguments,VERIFICATION_TIMED_OUT,29705,4
ground_truth,dafny-synthesis_task_id_470.dfy,smtlib,z3,monomorphic,VERIFIED,884,0
ground_truth,dafny-synthesis_task_id_470.dfy,smtlib,z3,predicates,VERIFIED,863,0
ground_truth,dafny-synthesis_task_id_470.dfy,smtlib,z3,arguments,VERIFIED,846,0
ground_truth,dafny-synthesis_task_id_578.dfy,tptp,vampire,polymorphic,VERIFICATION_TIMED_OUT,29737,4
ground_truth,dafny-synthesis_task_id_578.dfy,tptp,vampire,monomorphic,VERIFICATION_TIMED_OUT,29847,4
ground_truth,dafny-synthesis_task_id_578.dfy,tptp,vampire,predicates,VERIFICATION_TIMED_OUT,29791,4
ground_truth,dafny-synthesis_task_id_578.dfy,tptp,vampire,arguments,VERIFICATION_TIMED_OUT,29752,4
ground_truth,dafny-synthesis_task_id_578.dfy,smtlib,vampire,monomorphic,VERIFICATION_TIMED_OUT,29763,4
ground_truth,dafny-synthesis_task_id_578.dfy,smtlib,vampire,predicates,VERIFICATION_TIMED_OUT,29719,4
ground_truth,dafny-synthesis_task_id_578.dfy,smtlib,vampire,arguments,VERIFICATION_TIMED_OUT,29693,4
ground_truth,dafny-synthesis_task_id_578.dfy,smtlib,z3,monomorphic,VERIFIED,862,0
ground_truth,dafny-synthesis_task_id_578.dfy,smtlib,z3,predicates,VERIFIED,848,0
ground_truth,dafny-synthesis_task_id_578.dfy,smtlib,z3,arguments,VERIFIED,831,0
ground_truth,FMSE-2022-2023_tmp_tmp6_x_ba46_Lab10_Lab10.dfy,tptp,vampire,polymorphic,VERIFICATION_TIMED_OUT,88230,4
ground_truth,FMSE-2022-2023_tmp_tmp6_x_ba46_Lab10_Lab10.dfy,tptp,vampire,monomorphic,VERIFICATION_TIMED_OUT,62698,4
ground_truth,FMSE-2022-2023_tmp_tmp6_x_ba46_Lab10_Lab10.dfy,tptp,vampire,predicates,VERIFICATION_TIMED_OUT,117733,4
ground_truth,FMSE-2022-2023_tmp_tmp6_x_ba46_Lab10_Lab10.dfy,tptp,vampire,arguments,VERIFICATION_TIMED_OUT,90092,4
ground_truth,FMSE-2022-2023_tmp_tmp6_x_ba46_Lab10_Lab10.dfy,smtlib,vampire,monomorphic,VERIFICATION_TIMED_OUT,59403,4
ground_truth,FMSE-2022-2023_tmp_tmp6_x_ba46_Lab10_Lab10.dfy,smtlib,vampire,predicates,VERIFICATION_TIMED_OUT,83621,4
ground_truth,FMSE-2022-2023_tmp_tmp6_x_ba46_Lab10_Lab10.dfy,smtlib,vampire,arguments,VERIFICATION_TIMED_OUT,59760,4
ground_truth,FMSE-2022-2023_tmp_tmp6_x_ba46_Lab10_Lab10.dfy,smtlib,z3,monomorphic,VERIFIED,1326,0
ground_truth,FMSE-2022-2023_tmp_tmp6_x_ba46_Lab10_Lab10.dfy,smtlib,z3,predicates,VERIFIED,1319,0
ground_truth,FMSE-2022-2023_tmp_tmp6_x_ba46_Lab10_Lab10.dfy,smtlib,z3,arguments,VERIFIED,1259,0
ground_truth,Formal-Verification_tmp_tmpuyt21wjt_Dafny_strings1.dfy,tptp,vampire,polymorphic,VERIFICATION_TIMED_OUT,29875,4
ground_truth,Formal-Verification_tmp_tmpuyt21wjt_Dafny_strings1.dfy,tptp,vampire,monomorphic,VERIFICATION_TIMED_OUT,29926,4
ground_truth,Formal-Verification_tmp_tmpuyt21wjt_Dafny_strings1.dfy,tptp,vampire,predicates,VERIFICATION_TIMED_OUT,29936,4
ground_truth,Formal-Verification_tmp_tmpuyt21wjt_Dafny_strings1.dfy,tptp,vampire,arguments,VERIFICATION_TIMED_OUT,29893,4
ground_truth,Formal-Verification_tmp_tmpuyt21wjt_Dafny_strings1.dfy,smtlib,vampire,monomorphic,VERIFICATION_TIMED_OUT,29918,4
ground_truth,Formal-Verification_tmp_tmpuyt21wjt_Dafny_strings1.dfy,smtlib,vampire,predicates,VERIFICATION_TIMED_OUT,29822,4
ground_truth,Formal-Verification_tmp_tmpuyt21wjt_Dafny_strings1.dfy,smtlib,vampire,arguments,VERIFICATION_TIMED_OUT,29807,4
ground_truth,Formal-Verification_tmp_tmpuyt21wjt_Dafny_strings1.dfy,smtlib,z3,monomorphic,VERIFIED,969,0
ground_truth,Formal-Verification_tmp_tmpuyt21wjt_Dafny_strings1.dfy,smtlib,z3,predicates,VERIFIED,950,0
ground_truth,Formal-Verification_tmp_tmpuyt21wjt_Dafny_strings1.dfy,smtlib,z3,arguments,VERIFIED,938,0
ground_truth,Dafny_Verify_tmp_tmphq7j0row_AI_agent_validation_examples.dfy,tptp,vampire,polymorphic,VERIFICATION_TIMED_OUT,32854,4
ground_truth,Dafny_Verify_tmp_tmphq7j0row_AI_agent_validation_examples.dfy,tptp,vampire,monomorphic,VERIFICATION_TIMED_OUT,37111,4
ground_truth,Dafny_Verify_tmp_tmphq7j0row_AI_agent_validation_examples.dfy,tptp,vampire,predicates,VERIFICATION_TIMED_OUT,58861,4
ground_truth,Dafny_Verify_tmp_tmphq7j0row_AI_agent_validation_examples.dfy,tptp,vampire,arguments,VERIFICATION_TIMED_OUT,30856,4
ground_truth,Dafny_Verify_tmp_tmphq7j0row_AI_agent_validation_examples.dfy,smtlib,vampire,monomorphic,VERIFICATION_TIMED_OUT,31330,4
ground_truth,Dafny_Verify_tmp_tmphq7j0row_AI_agent_validation_examples.dfy,smtlib,vampire,predicates,VERIFICATION_TIMED_OUT,38525,4
ground_truth,Dafny_Verify_tmp_tmphq7j0row_AI_agent_validation_examples.dfy,smtlib,vampire,arguments,VERIFICATION_TIMED_OUT,31579,4
ground_truth,Dafny_Verify_tmp_tmphq7j0row_AI_agent_validation_examples.dfy,smtlib,z3,monomorphic,VERIFIED,1057,0
ground_truth,Dafny_Verify_tmp_tmphq7j0row_AI_agent_validation_examples.dfy,smtlib,z3,predicates,VERIFIED,1027,0
ground_truth,Dafny_Verify_tmp_tmphq7j0row_AI_agent_validation_examples.dfy,smtlib,z3,arguments,VERIFIED,1012,0
ground_truth,Dafny_Verify_tmp_tmphq7j0row_Generated_Code_Minimum.dfy,tptp,vampire,polymorphic,VERIFIED,3697,0
ground_truth,Dafny_Verify_tmp_tmphq7j0row_Generated_Code_Minimum.dfy,tptp,vampire,monomorphic,VERIFICATION_TIMED_OUT,29850,4
ground_truth,Dafny_Verify_tmp_tmphq7j0row_Generated_Code_Minimum.dfy,tptp,vampire,predicates,VERIFICATION_TIMED_OUT,29791,4
ground_truth,Dafny_Verify_tmp_tmphq7j0row_Generated_Code_Minimum.dfy,tptp,vampire,arguments,VERIFICATION_TIMED_OUT,29804,4
ground_truth,Dafny_Verify_tmp_tmphq7j0row_Generated_Code_Minimum.dfy,smtlib,vampire,monomorphic,VERIFIED,17292,0
ground_truth,Dafny_Verify_tmp_tmphq7j0row_Generated_Code_Minimum.dfy,smtlib,vampire,predicates,VERIFICATION_TIMED_OUT,29709,4
ground_truth,Dafny_Verify_tmp_tmphq7j0row_Generated_Code_Minimum.dfy,smtlib,vampire,arguments,VERIFIED,23039,0
ground_truth,Dafny_Verify_tmp_tmphq7j0row_Generated_Code_Minimum.dfy,smtlib,z3,monomorphic,VERIFIED,881,0
ground_truth,Dafny_Verify_tmp_tmphq7j0row_Generated_Code_Minimum.dfy,smtlib,z3,predicates,VERIFIED,846,0
ground_truth,Dafny_Verify_tmp_tmphq7j0row_Generated_Code_Minimum.dfy,smtlib,z3,arguments,VERIFIED,854,0
ground_truth,dafny-rope_tmp_tmpl4v_njmy_Rope.dfy,tptp,vampire,polymorphic,VERIFICATION_TIMED_OUT,61203,4
ground_truth,dafny-rope_tmp_tmpl4v_njmy_Rope.dfy,tptp,vampire,monomorphic,VERIFICATION_TIMED_OUT,61742,4
ground_truth,dafny-rope_tmp_tmpl4v_njmy_Rope.dfy,tptp,vampire,predicates,VERIFICATION_TIMED_OUT,88242,4
ground_truth,dafny-rope_tmp_tmpl4v_njmy_Rope.dfy,tptp,vampire,arguments,VERIFICATION_TIMED_OUT,68358,4
ground_truth,dafny-rope_tmp_tmpl4v_njmy_Rope.dfy,smtlib,vampire,monomorphic,VERIFICATION_TIMED_OUT,59746,4
ground_truth,dafny-rope_tmp_tmpl4v_njmy_Rope.dfy,smtlib,vampire,predicates,VERIFICATION_TIMED_OUT,80842,4
ground_truth,dafny-rope_tmp_tmpl4v_njmy_Rope.dfy,smtlib,vampire,arguments,VERIFICATION_TIMED_OUT,63216,4
ground_truth,dafny-rope_tmp_tmpl4v_njmy_Rope.dfy,smtlib,z3,monomorphic,VERIFIED,2574,0
ground_truth,dafny-rope_tmp_tmpl4v_njmy_Rope.dfy,smtlib,z3,predicates,NOT_VERIFIED,3276,4
ground_truth,dafny-rope_tmp_tmpl4v_njmy_Rope.dfy,smtlib,z3,arguments,VERIFIED,3097,0
ground_truth,dafny-programs_tmp_tmpcwodh6qh_src_expt.dfy,tptp,vampire,polymorphic,VERIFIED,2563,0
ground_truth,dafny-programs_tmp_tmpcwodh6qh_src_expt.dfy,tptp,vampire,monomorphic,VERIFIED,3164,0
ground_truth,dafny-programs_tmp_tmpcwodh6qh_src_expt.dfy,tptp,vampire,predicates,VERIFIED,13876,0
ground_truth,dafny-programs_tmp_tmpcwodh6qh_src_expt.dfy,tptp,vampire,arguments,VERIFIED,1882,0
ground_truth,dafny-programs_tmp_tmpcwodh6qh_src_expt.dfy,smtlib,vampire,monomorphic,VERIFIED,8792,0
ground_truth,dafny-programs_tmp_tmpcwodh6qh_src_expt.dfy,smtlib,vampire,predicates,VERIFIED,9062,0
ground_truth,dafny-programs_tmp_tmpcwodh6qh_src_expt.dfy,smtlib,vampire,arguments,VERIFIED,2155,0
ground_truth,dafny-programs_tmp_tmpcwodh6qh_src_expt.dfy,smtlib,z3,monomorphic,VERIFIED,879,0
ground_truth,dafny-programs_tmp_tmpcwodh6qh_src_expt.dfy,smtlib,z3,predicates,VERIFIED,852,0
ground_truth,dafny-programs_tmp_tmpcwodh6qh_src_expt.dfy,smtlib,z3,arguments,VERIFIED,852,0
ground_truth,Program-Verification-Dataset_tmp_tmpgbdrlnu__Dafny_lightening_verifier.dfy,tptp,vampire,polymorphic,VERIFICATION_TIMED_OUT,88895,4
ground_truth,Program-Verification-Dataset_tmp_tmpgbdrlnu__Dafny_lightening_verifier.dfy,tptp,vampire,monomorphic,VERIFICATION_TIMED_OUT,84883,4
ground_truth,Program-Verification-Dataset_tmp_tmpgbdrlnu__Dafny_lightening_verifier.dfy,tptp,vampire,predicates,VERIFICATION_TIMED_OUT,117566,4
ground_truth,Program-Verification-Dataset_tmp_tmpgbdrlnu__Dafny_lightening_verifier.dfy,tptp,vampire,arguments,VERIFICATION_TIMED_OUT,89643,4
ground_truth,Program-Verification-Dataset_tmp_tmpgbdrlnu__Dafny_lightening_verifier.dfy,smtlib,vampire,monomorphic,VERIFICATION_TIMED_OUT,68106,4
ground_truth,Program-Verification-Dataset_tmp_tmpgbdrlnu__Dafny_lightening_verifier.dfy,smtlib,vampire,predicates,VERIFICATION_TIMED_OUT,117346,4
ground_truth,Program-Verification-Dataset_tmp_tmpgbdrlnu__Dafny_lightening_verifier.dfy,smtlib,vampire,arguments,VERIFICATION_TIMED_OUT,89522,4
ground_truth,Program-Verification-Dataset_tmp_tmpgbdrlnu__Dafny_lightening_verifier.dfy,smtlib,z3,monomorphic,VERIFIED,19442,0
ground_truth,Program-Verification-Dataset_tmp_tmpgbdrlnu__Dafny_lightening_verifier.dfy,smtlib,z3,predicates,NOT_VERIFIED,7887,4
ground_truth,Program-Verification-Dataset_tmp_tmpgbdrlnu__Dafny_lightening_verifier.dfy,smtlib,z3,arguments,VERIFIED,7440,0
ground_truth,dafny-synthesis_task_id_261.dfy,tptp,vampire,polymorphic,VERIFICATION_TIMED_OUT,29811,4
ground_truth,dafny-synthesis_task_id_261.dfy,tptp,vampire,monomorphic,VERIFIED,3009,0
ground_truth,dafny-synthesis_task_id_261.dfy,tptp,vampire,predicates,VERIFICATION_TIMED_OUT,29803,4
ground_truth,dafny-synthesis_task_id_261.dfy,tptp,vampire,arguments,VERIFICATION_TIMED_OUT,29764,4
ground_truth,dafny-synthesis_task_id_261.dfy,smtlib,vampire,monomorphic,VERIFICATION_TIMED_OUT,29756,4
ground_truth,dafny-synthesis_task_id_261.dfy,smtlib,vampire,predicates,VERIFICATION_TIMED_OUT,29782,4
ground_truth,dafny-synthesis_task_id_261.dfy,smtlib,vampire,arguments,VERIFICATION_TIMED_OUT,29724,4
ground_truth,dafny-synthesis_task_id_261.dfy,smtlib,z3,monomorphic,VERIFIED,869,0
ground_truth,dafny-synthesis_task_id_261.dfy,smtlib,z3,predicates,VERIFIED,851,0
ground_truth,dafny-synthesis_task_id_261.dfy,smtlib,z3,arguments,VERIFIED,841,0
ground_truth,AssertivePrograming_tmp_tmpwf43uz0e_MergeSort.dfy,tptp,vampire,polymorphic,VERIFICATION_TIMED_OUT,30360,4
ground_truth,AssertivePrograming_tmp_tmpwf43uz0e_MergeSort.dfy,tptp,vampire,monomorphic,VERIFICATION_TIMED_OUT,30379,4
ground_truth,AssertivePrograming_tmp_tmpwf43uz0e_MergeSort.dfy,tptp,vampire,predicates,VERIFICATION_TIMED_OUT,30369,4
ground_truth,AssertivePrograming_tmp_tmpwf43uz0e_MergeSort.dfy,tptp,vampire,arguments,VERIFICATION_TIMED_OUT,30234,4
ground_truth,AssertivePrograming_tmp_tmpwf43uz0e_MergeSort.dfy,smtlib,vampire,monomorphic,VERIFICATION_TIMED_OUT,30222,4
ground_truth,AssertivePrograming_tmp_tmpwf43uz0e_MergeSort.dfy,smtlib,vampire,predicates,VERIFICATION_TIMED_OUT,30445,4
ground_truth,AssertivePrograming_tmp_tmpwf43uz0e_MergeSort.dfy,smtlib,vampire,arguments,VERIFICATION_TIMED_OUT,30295,4
ground_truth,AssertivePrograming_tmp_tmpwf43uz0e_MergeSort.dfy,smtlib,z3,monomorphic,VERIFIED,5180,0
ground_truth,AssertivePrograming_tmp_tmpwf43uz0e_MergeSort.dfy,smtlib,z3,predicates,VERIFIED,1875,0
ground_truth,AssertivePrograming_tmp_tmpwf43uz0e_MergeSort.dfy,smtlib,z3,arguments,VERIFIED,1880,0
ground_truth,Dafny_Verify_tmp_tmphq7j0row_dataset_bql_exampls_Square.dfy,tptp,vampire,polymorphic,VERIFIED,964,0
ground_truth,Dafny_Verify_tmp_tmphq7j0row_dataset_bql_exampls_Square.dfy,tptp,vampire,monomorphic,VERIFIED,1109,0
ground_truth,Dafny_Verify_tmp_tmphq7j0row_dataset_bql_exampls_Square.dfy,tptp,vampire,predicates,VERIFIED,1072,0
ground_truth,Dafny_Verify_tmp_tmphq7j0row_dataset_bql_exampls_Square.dfy,tptp,vampire,arguments,VERIFIED,1055,0
ground_truth,Dafny_Verify_tmp_tmphq7j0row_dataset_bql_exampls_Square.dfy,smtlib,vampire,monomorphic,VERIFIED,1057,0
ground_truth,Dafny_Verify_tmp_tmphq7j0row_dataset_bql_exampls_Square.dfy,smtlib,vampire,predicates,VERIFIED,1028,0
ground_truth,Dafny_Verify_tmp_tmphq7j0row_dataset_bql_exampls_Square.dfy,smtlib,vampire,arguments,VERIFIED,1026,0
ground_truth,Dafny_Verify_tmp_tmphq7j0row_dataset_bql_exampls_Square.dfy,smtlib,z3,monomorphic,VERIFIED,899,0
ground_truth,Dafny_Verify_tmp_tmphq7j0row_dataset_bql_exampls_Square.dfy,smtlib,z3,predicates,VERIFIED,868,0
ground_truth,Dafny_Verify_tmp_tmphq7j0row_dataset_bql_exampls_Square.dfy,smtlib,z3,arguments,VERIFIED,877,0
ground_truth,dafny-duck_tmp_tmplawbgxjo_p2.dfy,tptp,vampire,polymorphic,VERIFICATION_TIMED_OUT,29961,4
ground_truth,dafny-duck_tmp_tmplawbgxjo_p2.dfy,tptp,vampire,monomorphic,VERIFICATION_TIMED_OUT,29885,4
ground_truth,dafny-duck_tmp_tmplawbgxjo_p2.dfy,tptp,vampire,predicates,VERIFICATION_TIMED_OUT,29890,4
ground_truth,dafny-duck_tmp_tmplawbgxjo_p2.dfy,tptp,vampire,arguments,VERIFICATION_TIMED_OUT,29848,4
ground_truth,dafny-duck_tmp_tmplawbgxjo_p2.dfy,smtlib,vampire,monomorphic,VERIFICATION_TIMED_OUT,29859,4
ground_truth,dafny-duck_tmp_tmplawbgxjo_p2.dfy,smtlib,vampire,predicates,VERIFICATION_TIMED_OUT,29812,4
ground_truth,dafny-duck_tmp_tmplawbgxjo_p2.dfy,smtlib,vampire,arguments,VERIFICATION_TIMED_OUT,29805,4
ground_truth,dafny-duck_tmp_tmplawbgxjo_p2.dfy,smtlib,z3,monomorphic,VERIFIED,967,0
ground_truth,dafny-duck_tmp_tmplawbgxjo_p2.dfy,smtlib,z3,predicates,VERIFIED,928,0
ground_truth,dafny-duck_tmp_tmplawbgxjo_p2.dfy,smtlib,z3,arguments,VERIFIED,923,0
ground_truth,dafny-programs_tmp_tmpcwodh6qh_src_factorial.dfy,tptp,vampire,polymorphic,VERIFICATION_TIMED_OUT,29798,4
ground_truth,dafny-programs_tmp_tmpcwodh6qh_src_factorial.dfy,tptp,vampire,monomorphic,VERIFIED,5411,0
ground_truth,dafny-programs_tmp_tmpcwodh6qh_src_factorial.dfy,tptp,vampire,predicates,VERIFICATION_TIMED_OUT,29848,4
ground_truth,dafny-programs_tmp_tmpcwodh6qh_src_factorial.dfy,tptp,vampire,arguments,VERIFIED,4403,0
ground_truth,dafny-programs_tmp_tmpcwodh6qh_src_factorial.dfy,smtlib,vampire,monomorphic,VERIFIED,18758,0
ground_truth,dafny-programs_tmp_tmpcwodh6qh_src_factorial.dfy,smtlib,vampire,predicates,VERIFIED,9184,0
ground_truth,dafny-programs_tmp_tmpcwodh6qh_src_factorial.dfy,smtlib,vampire,arguments,VERIFIED,4721,0
ground_truth,dafny-programs_tmp_tmpcwodh6qh_src_factorial.dfy,smtlib,z3,monomorphic,VERIFIED,857,0
ground_truth,dafny-programs_tmp_tmpcwodh6qh_src_factorial.dfy,smtlib,z3,predicates,VERIFIED,851,0
ground_truth,dafny-programs_tmp_tmpcwodh6qh_src_factorial.dfy,smtlib,z3,arguments,VERIFIED,824,0
ground_truth,formal_verication_dafny_tmp_tmpwgl2qz28_Challenges_ex1.dfy,tptp,vampire,polymorphic,VERIFICATION_TIMED_OUT,29821,4
ground_truth,formal_verication_dafny_tmp_tmpwgl2qz28_Challenges_ex1.dfy,tptp,vampire,monomorphic,VERIFICATION_TIMED_OUT,29926,4
ground_truth,formal_verication_dafny_tmp_tmpwgl2qz28_Challenges_ex1.dfy,tptp,vampire,predicates,VERIFICATION_TIMED_OUT,29837,4
ground_truth,formal_verication_dafny_tmp_tmpwgl2qz28_Challenges_ex1.dfy,tptp,vampire,arguments,VERIFICATION_TIMED_OUT,29839,4
ground_truth,formal_verication_dafny_tmp_tmpwgl2qz28_Challenges_ex1.dfy,smtlib,vampire,monomorphic,VERIFICATION_TIMED_OUT,29859,4
ground_truth,formal_verication_dafny_tmp_tmpwgl2qz28_Challenges_ex1.dfy,smtlib,vampire,predicates,VERIFICATION_TIMED_OUT,29817,4
ground_truth,formal_verication_dafny_tmp_tmpwgl2qz28_Challenges_ex1.dfy,smtlib,vampire,arguments,VERIFICATION_TIMED_OUT,29822,4
ground_truth,formal_verication_dafny_tmp_tmpwgl2qz28_Challenges_ex1.dfy,smtlib,z3,monomorphic,VERIFIED,964,0
ground_truth,formal_verication_dafny_tmp_tmpwgl2qz28_Challenges_ex1.dfy,smtlib,z3,predicates,VERIFIED,939,0
ground_truth,formal_verication_dafny_tmp_tmpwgl2qz28_Challenges_ex1.dfy,smtlib,z3,arguments,VERIFIED,925,0
ground_truth,Workshop_tmp_tmp0cu11bdq_Lecture_Answers_triangle_number.dfy,tptp,vampire,polymorphic,VERIFICATION_TIMED_OUT,29717,4
ground_truth,Workshop_tmp_tmp0cu11bdq_Lecture_Answers_triangle_number.dfy,tptp,vampire,monomorphic,VERIFICATION_TIMED_OUT,29772,4
ground_truth,Workshop_tmp_tmp0cu11bdq_Lecture_Answers_triangle_number.dfy,tptp,vampire,predicates,VERIFICATION_TIMED_OUT,29732,4
ground_truth,Workshop_tmp_tmp0cu11bdq_Lecture_Answers_triangle_number.dfy,tptp,vampire,arguments,VERIFICATION_TIMED_OUT,29718,4
ground_truth,Workshop_tmp_tmp0cu11bdq_Lecture_Answers_triangle_number.dfy,smtlib,vampire,monomorphic,VERIFIED,968,0
ground_truth,Workshop_tmp_tmp0cu11bdq_Lecture_Answers_triangle_number.dfy,smtlib,vampire,predicates,VERIFIED,971,0
ground_truth,Workshop_tmp_tmp0cu11bdq_Lecture_Answers_triangle_number.dfy,smtlib,vampire,arguments,VERIFIED,1122,0
ground_truth,Workshop_tmp_tmp0cu11bdq_Lecture_Answers_triangle_number.dfy,smtlib,z3,monomorphic,VERIFIED,819,0
ground_truth,Workshop_tmp_tmp0cu11bdq_Lecture_Answers_triangle_number.dfy,smtlib,z3,predicates,VERIFIED,792,0
ground_truth,Workshop_tmp_tmp0cu11bdq_Lecture_Answers_triangle_number.dfy,smtlib,z3,arguments,VERIFIED,791,0
ground_truth,llm-verified-eval_tmp_tmpd2deqn_i_dafny_9.dfy,tptp,vampire,polymorphic,VERIFICATION_TIMED_OUT,29848,4
ground_truth,llm-verified-eval_tmp_tmpd2deqn_i_dafny_9.dfy,tptp,vampire,monomorphic,VERIFICATION_TIMED_OUT,29886,4
ground_truth,llm-verified-eval_tmp_tmpd2deqn_i_dafny_9.dfy,tptp,vampire,predicates,VERIFICATION_TIMED_OUT,29846,4
ground_truth,llm-verified-eval_tmp_tmpd2deqn_i_dafny_9.dfy,tptp,vampire,arguments,VERIFICATION_TIMED_OUT,29834,4
ground_truth,llm-verified-eval_tmp_tmpd2deqn_i_dafny_9.dfy,smtlib,vampire,monomorphic,VERIFICATION_TIMED_OUT,29793,4
ground_truth,llm-verified-eval_tmp_tmpd2deqn_i_dafny_9.dfy,smtlib,vampire,predicates,VERIFICATION_TIMED_OUT,29806,4
ground_truth,llm-verified-eval_tmp_tmpd2deqn_i_dafny_9.dfy,smtlib,vampire,arguments,VERIFICATION_TIMED_OUT,29789,4
ground_truth,llm-verified-eval_tmp_tmpd2deqn_i_dafny_9.dfy,smtlib,z3,monomorphic,VERIFIED,933,0
ground_truth,llm-verified-eval_tmp_tmpd2deqn_i_dafny_9.dfy,smtlib,z3,predicates,VERIFIED,883,0
ground_truth,llm-verified-eval_tmp_tmpd2deqn_i_dafny_9.dfy,smtlib,z3,arguments,VERIFIED,885,0
ground_truth,Formal-Verification_tmp_tmpuyt21wjt_Dafny_strings3.dfy,tptp,vampire,polymorphic,VERIFICATION_TIMED_OUT,29968,4
ground_truth,Formal-Verification_tmp_tmpuyt21wjt_Dafny_strings3.dfy,tptp,vampire,monomorphic,VERIFICATION_TIMED_OUT,30094,4
ground_truth,Formal-Verification_tmp_tmpuyt21wjt_Dafny_strings3.dfy,tptp,vampire,predicates,VERIFICATION_TIMED_OUT,30063,4
ground_truth,Formal-Verification_tmp_tmpuyt21wjt_Dafny_strings3.dfy,tptp,vampire,arguments,VERIFICATION_TIMED_OUT,30073,4
ground_truth,Formal-Verification_tmp_tmpuyt21wjt_Dafny_strings3.dfy,smtlib,vampire,monomorphic,VERIFICATION_TIMED_OUT,29989,4
ground_truth,Formal-Verification_tmp_tmpuyt21wjt_Dafny_strings3.dfy,smtlib,vampire,predicates,VERIFICATION_TIMED_OUT,30134,4
ground_truth,Formal-Verification_tmp_tmpuyt21wjt_Dafny_strings3.dfy,smtlib,vampire,arguments,VERIFICATION_TIMED_OUT,29959,4
ground_truth,Formal-Verification_tmp_tmpuyt21wjt_Dafny_strings3.dfy,smtlib,z3,monomorphic,VERIFIED,994,0
ground_truth,Formal-Verification_tmp_tmpuyt21wjt_Dafny_strings3.dfy,smtlib,z3,predicates,VERIFIED,963,0
ground_truth,Formal-Verification_tmp_tmpuyt21wjt_Dafny_strings3.dfy,smtlib,z3,arguments,VERIFIED,959,0
ground_truth,Final-Project-Dafny_tmp_tmpmcywuqox_Attempts_Selection_Sort_Standard.dfy,tptp,vampire,polymorphic,VERIFICATION_TIMED_OUT,30046,4
ground_truth,Final-Project-Dafny_tmp_tmpmcywuqox_Attempts_Selection_Sort_Standard.dfy,tptp,vampire,monomorphic,VERIFICATION_TIMED_OUT,29820,4
ground_truth,Final-Project-Dafny_tmp_tmpmcywuqox_Attempts_Selection_Sort_Standard.dfy,tptp,vampire,predicates,VERIFICATION_TIMED_OUT,29801,4
ground_truth,Final-Project-Dafny_tmp_tmpmcywuqox_Attempts_Selection_Sort_Standard.dfy,tptp,vampire,arguments,VERIFICATION_TIMED_OUT,29776,4
ground_truth,Final-Project-Dafny_tmp_tmpmcywuqox_Attempts_Selection_Sort_Standard.dfy,smtlib,vampire,monomorphic,VERIFICATION_TIMED_OUT,29792,4
ground_truth,Final-Project-Dafny_tmp_tmpmcywuqox_Attempts_Selection_Sort_Standard.dfy,smtlib,vampire,predicates,VERIFICATION_TIMED_OUT,29773,4
ground_truth,Final-Project-Dafny_tmp_tmpmcywuqox_Attempts_Selection_Sort_Standard.dfy,smtlib,vampire,arguments,VERIFICATION_TIMED_OUT,29799,4
ground_truth,Final-Project-Dafny_tmp_tmpmcywuqox_Attempts_Selection_Sort_Standard.dfy,smtlib,z3,monomorphic,VERIFIED,1030,0
ground_truth,Final-Project-Dafny_tmp_tmpmcywuqox_Attempts_Selection_Sort_Standard.dfy,smtlib,z3,predicates,VERIFIED,1326,0
ground_truth,Final-Project-Dafny_tmp_tmpmcywuqox_Attempts_Selection_Sort_Standard.dfy,smtlib,z3,arguments,VERIFIED,983,0
ground_truth,Formal-Verification-Project_tmp_tmp9gmwsmyp_strings3.dfy,tptp,vampire,polymorphic,VERIFICATION_TIMED_OUT,30051,4
ground_truth,Formal-Verification-Project_tmp_tmp9gmwsmyp_strings3.dfy,tptp,vampire,monomorphic,VERIFICATION_TIMED_OUT,30061,4
ground_truth,Formal-Verification-Project_tmp_tmp9gmwsmyp_strings3.dfy,tptp,vampire,predicates,VERIFICATION_TIMED_OUT,30243,4
ground_truth,Formal-Verification-Project_tmp_tmp9gmwsmyp_strings3.dfy,tptp,vampire,arguments,VERIFICATION_TIMED_OUT,30109,4
ground_truth,Formal-Verification-Project_tmp_tmp9gmwsmyp_strings3.dfy,smtlib,vampire,monomorphic,VERIFICATION_TIMED_OUT,30053,4
ground_truth,Formal-Verification-Project_tmp_tmp9gmwsmyp_strings3.dfy,smtlib,vampire,predicates,VERIFICATION_TIMED_OUT,30124,4
ground_truth,Formal-Verification-Project_tmp_tmp9gmwsmyp_strings3.dfy,smtlib,vampire,arguments,VERIFICATION_TIMED_OUT,30041,4
ground_truth,Formal-Verification-Project_tmp_tmp9gmwsmyp_strings3.dfy,smtlib,z3,monomorphic,VERIFIED,1025,0
ground_truth,Formal-Verification-Project_tmp_tmp9gmwsmyp_strings3.dfy,smtlib,z3,predicates,VERIFIED,982,0
ground_truth,Formal-Verification-Project_tmp_tmp9gmwsmyp_strings3.dfy,smtlib,z3,arguments,VERIFIED,984,0
ground_truth,dafny-synthesis_task_id_599.dfy,tptp,vampire,polymorphic,VERIFICATION_TIMED_OUT,29719,4
ground_truth,dafny-synthesis_task_id_599.dfy,tptp,vampire,monomorphic,VERIFICATION_TIMED_OUT,29825,4
ground_truth,dafny-synthesis_task_id_599.dfy,tptp,vampire,predicates,VERIFICATION_TIMED_OUT,29748,4
ground_truth,dafny-synthesis_task_id_599.dfy,tptp,vampire,arguments,VERIFICATION_TIMED_OUT,29723,4
ground_truth,dafny-synthesis_task_id_599.dfy,smtlib,vampire,monomorphic,VERIFIED,959,0
ground_truth,dafny-synthesis_task_id_599.dfy,smtlib,vampire,predicates,VERIFIED,1163,0
ground_truth,dafny-synthesis_task_id_599.dfy,smtlib,vampire,arguments,VERIFIED,1995,0
ground_truth,dafny-synthesis_task_id_599.dfy,smtlib,z3,monomorphic,VERIFIED,807,0
ground_truth,dafny-synthesis_task_id_599.dfy,smtlib,z3,predicates,VERIFIED,791,0
ground_truth,dafny-synthesis_task_id_599.dfy,smtlib,z3,arguments,VERIFIED,778,0
ground_truth,Program-Verification-Dataset_tmp_tmpgbdrlnu__Dafny_from dafny main repo_dafny3_CachedContainer.dfy,tptp,vampire,polymorphic,VERIFICATION_TIMED_OUT,97633,4
ground_truth,Program-Verification-Dataset_tmp_tmpgbdrlnu__Dafny_from dafny main repo_dafny3_CachedContainer.dfy,tptp,vampire,monomorphic,VERIFICATION_TIMED_OUT,90090,4
ground_truth,Program-Verification-Dataset_tmp_tmpgbdrlnu__Dafny_from dafny main repo_dafny3_CachedContainer.dfy,tptp,vampire,predicates,VERIFICATION_TIMED_OUT,117656,4
ground_truth,Program-Verification-Dataset_tmp_tmpgbdrlnu__Dafny_from dafny main repo_dafny3_CachedContainer.dfy,tptp,vampire,arguments,VERIFICATION_TIMED_OUT,117541,4
ground_truth,Program-Verification-Dataset_tmp_tmpgbdrlnu__Dafny_from dafny main repo_dafny3_CachedContainer.dfy,smtlib,vampire,monomorphic,VERIFICATION_TIMED_OUT,89911,4
ground_truth,Program-Verification-Dataset_tmp_tmpgbdrlnu__Dafny_from dafny main repo_dafny3_CachedContainer.dfy,smtlib,vampire,predicates,VERIFICATION_TIMED_OUT,146185,4
ground_truth,Program-Verification-Dataset_tmp_tmpgbdrlnu__Dafny_from dafny main repo_dafny3_CachedContainer.dfy,smtlib,vampire,arguments,VERIFICATION_TIMED_OUT,83269,4
ground_truth,Program-Verification-Dataset_tmp_tmpgbdrlnu__Dafny_from dafny main repo_dafny3_CachedContainer.dfy,smtlib,z3,monomorphic,VERIFIED,1672,0
ground_truth,Program-Verification-Dataset_tmp_tmpgbdrlnu__Dafny_from dafny main repo_dafny3_CachedContainer.dfy,smtlib,z3,predicates,VERIFIED,1471,0
ground_truth,Program-Verification-Dataset_tmp_tmpgbdrlnu__Dafny_from dafny main repo_dafny3_CachedContainer.dfy,smtlib,z3,arguments,VERIFIED,1408,0
ground_truth,Dafny-Exercises_tmp_tmpjm75muf__Session2Exercises_ExercisePositive.dfy,tptp,vampire,polymorphic,VERIFICATION_TIMED_OUT,29982,4
ground_truth,Dafny-Exercises_tmp_tmpjm75muf__Session2Exercises_ExercisePositive.dfy,tptp,vampire,monomorphic,VERIFICATION_TIMED_OUT,30075,4
ground_truth,Dafny-Exercises_tmp_tmpjm75muf__Session2Exercises_ExercisePositive.dfy,tptp,vampire,predicates,VERIFICATION_TIMED_OUT,29958,4
ground_truth,Dafny-Exercises_tmp_tmpjm75muf__Session2Exercises_ExercisePositive.dfy,tptp,vampire,arguments,VERIFICATION_TIMED_OUT,29920,4
ground_truth,Dafny-Exercises_tmp_tmpjm75muf__Session2Exercises_ExercisePositive.dfy,smtlib,vampire,monomorphic,VERIFICATION_TIMED_OUT,30011,4
ground_truth,Dafny-Exercises_tmp_tmpjm75muf__Session2Exercises_ExercisePositive.dfy,smtlib,vampire,predicates,VERIFICATION_TIMED_OUT,29923,4
ground_truth,Dafny-Exercises_tmp_tmpjm75muf__Session2Exercises_ExercisePositive.dfy,smtlib,vampire,arguments,VERIFICATION_TIMED_OUT,29913,4
ground_truth,Dafny-Exercises_tmp_tmpjm75muf__Session2Exercises_ExercisePositive.dfy,smtlib,z3,monomorphic,VERIFIED,946,0
ground_truth,Dafny-Exercises_tmp_tmpjm75muf__Session2Exercises_ExercisePositive.dfy,smtlib,z3,predicates,VERIFIED,925,0
ground_truth,Dafny-Exercises_tmp_tmpjm75muf__Session2Exercises_ExercisePositive.dfy,smtlib,z3,arguments,VERIFIED,913,0
ground_truth,dafny-exercise_tmp_tmpouftptir_reverse.dfy,tptp,vampire,polymorphic,VERIFICATION_TIMED_OUT,29865,4
ground_truth,dafny-exercise_tmp_tmpouftptir_reverse.dfy,tptp,vampire,monomorphic,VERIFICATION_TIMED_OUT,29824,4
ground_truth,dafny-exercise_tmp_tmpouftptir_reverse.dfy,tptp,vampire,predicates,VERIFICATION_TIMED_OUT,29897,4
ground_truth,dafny-exercise_tmp_tmpouftptir_reverse.dfy,tptp,vampire,arguments,VERIFICATION_TIMED_OUT,29852,4
ground_truth,dafny-exercise_tmp_tmpouftptir_reverse.dfy,smtlib,vampire,monomorphic,VERIFICATION_TIMED_OUT,29863,4
ground_truth,dafny-exercise_tmp_tmpouftptir_reverse.dfy,smtlib,vampire,predicates,VERIFICATION_TIMED_OUT,29759,4
ground_truth,dafny-exercise_tmp_tmpouftptir_reverse.dfy,smtlib,vampire,arguments,VERIFICATION_TIMED_OUT,29808,4
ground_truth,dafny-exercise_tmp_tmpouftptir_reverse.dfy,smtlib,z3,monomorphic,VERIFIED,902,0
ground_truth,dafny-exercise_tmp_tmpouftptir_reverse.dfy,smtlib,z3,predicates,VERIFIED,885,0
ground_truth,dafny-exercise_tmp_tmpouftptir_reverse.dfy,smtlib,z3,arguments,VERIFIED,872,0
ground_truth,Program-Verification-Dataset_tmp_tmpgbdrlnu__Dafny_from_dafny_main_repo_dafny0_snapshots_Inputs_Snapshots5.dfy,tptp,vampire,polymorphic,VERIFIED,822,0
ground_truth,Program-Verification-Dataset_tmp_tmpgbdrlnu__Dafny_from_dafny_main_repo_dafny0_snapshots_Inputs_Snapshots5.dfy,tptp,vampire,monomorphic,VERIFIED,876,0
ground_truth,Program-Verification-Dataset_tmp_tmpgbdrlnu__Dafny_from_dafny_main_repo_dafny0_snapshots_Inputs_Snapshots5.dfy,tptp,vampire,predicates,VERIFIED,839,0
ground_truth,Program-Verification-Dataset_tmp_tmpgbdrlnu__Dafny_from_dafny_main_repo_dafny0_snapshots_Inputs_Snapshots5.dfy,tptp,vampire,arguments,VERIFIED,838,0
ground_truth,Program-Verification-Dataset_tmp_tmpgbdrlnu__Dafny_from_dafny_main_repo_dafny0_snapshots_Inputs_Snapshots5.dfy,smtlib,vampire,monomorphic,VERIFIED,832,0
ground_truth,Program-Verification-Dataset_tmp_tmpgbdrlnu__Dafny_from_dafny_main_repo_dafny0_snapshots_Inputs_Snapshots5.dfy,smtlib,vampire,predicates,VERIFIED,807,0
ground_truth,Program-Verification-Dataset_tmp_tmpgbdrlnu__Dafny_from_dafny_main_repo_dafny0_snapshots_Inputs_Snapshots5.dfy,smtlib,vampire,arguments,VERIFIED,808,0
ground_truth,Program-Verification-Dataset_tmp_tmpgbdrlnu__Dafny_from_dafny_main_repo_dafny0_snapshots_Inputs_Snapshots5.dfy,smtlib,z3,monomorphic,VERIFIED,815,0
ground_truth,Program-Verification-Dataset_tmp_tmpgbdrlnu__Dafny_from_dafny_main_repo_dafny0_snapshots_Inputs_Snapshots5.dfy,smtlib,z3,predicates,VERIFIED,792,0
ground_truth,Program-Verification-Dataset_tmp_tmpgbdrlnu__Dafny_from_dafny_main_repo_dafny0_snapshots_Inputs_Snapshots5.dfy,smtlib,z3,arguments,VERIFIED,780,0
ground_truth,dafny-language-server_tmp_tmpkir0kenl_Test_dafny4_git-issue76.dfy,tptp,vampire,polymorphic,VERIFICATION_TIMED_OUT,29797,4
ground_truth,dafny-language-server_tmp_tmpkir0kenl_Test_dafny4_git-issue76.dfy,tptp,vampire,monomorphic,VERIFICATION_TIMED_OUT,29813,4
ground_truth,dafny-language-server_tmp_tmpkir0kenl_Test_dafny4_git-issue76.dfy,tptp,vampire,predicates,VERIFICATION_TIMED_OUT,29793,4
ground_truth,dafny-language-server_tmp_tmpkir0kenl_Test_dafny4_git-issue76.dfy,tptp,vampire,arguments,VERIFIED,18632,0
ground_truth,dafny-language-server_tmp_tmpkir0kenl_Test_dafny4_git-issue76.dfy,smtlib,vampire,monomorphic,VERIFIED,19664,0
ground_truth,dafny-language-server_tmp_tmpkir0kenl_Test_dafny4_git-issue76.dfy,smtlib,vampire,predicates,VERIFICATION_TIMED_OUT,29750,4
ground_truth,dafny-language-server_tmp_tmpkir0kenl_Test_dafny4_git-issue76.dfy,smtlib,vampire,arguments,VERIFICATION_TIMED_OUT,29694,4
ground_truth,dafny-language-server_tmp_tmpkir0kenl_Test_dafny4_git-issue76.dfy,smtlib,z3,monomorphic,VERIFIED,852,0
ground_truth,dafny-language-server_tmp_tmpkir0kenl_Test_dafny4_git-issue76.dfy,smtlib,z3,predicates,VERIFIED,811,0
ground_truth,dafny-language-server_tmp_tmpkir0kenl_Test_dafny4_git-issue76.dfy,smtlib,z3,arguments,VERIFIED,808,0
ground_truth,dafny-synthesis_task_id_579.dfy,tptp,vampire,polymorphic,VERIFICATION_TIMED_OUT,29845,4
ground_truth,dafny-synthesis_task_id_579.dfy,tptp,vampire,monomorphic,VERIFICATION_TIMED_OUT,29871,4
ground_truth,dafny-synthesis_task_id_579.dfy,tptp,vampire,predicates,VERIFICATION_TIMED_OUT,29838,4
ground_truth,dafny-synthesis_task_id_579.dfy,tptp,vampire,arguments,VERIFICATION_TIMED_OUT,29868,4
ground_truth,dafny-synthesis_task_id_579.dfy,smtlib,vampire,monomorphic,VERIFICATION_TIMED_OUT,29886,4
ground_truth,dafny-synthesis_task_id_579.dfy,smtlib,vampire,predicates,VERIFICATION_TIMED_OUT,29790,4
ground_truth,dafny-synthesis_task_id_579.dfy,smtlib,vampire,arguments,VERIFICATION_TIMED_OUT,29753,4
ground_truth,dafny-synthesis_task_id_579.dfy,smtlib,z3,monomorphic,VERIFIED,951,0
ground_truth,dafny-synthesis_task_id_579.dfy,smtlib,z3,predicates,VERIFIED,915,0
ground_truth,dafny-synthesis_task_id_579.dfy,smtlib,z3,arguments,VERIFIED,898,0
ground_truth,Dafny_tmp_tmpv_d3qi10_2_min.dfy,tptp,vampire,polymorphic,VERIFICATION_TIMED_OUT,29880,4
ground_truth,Dafny_tmp_tmpv_d3qi10_2_min.dfy,tptp,vampire,monomorphic,VERIFICATION_TIMED_OUT,29868,4
ground_truth,Dafny_tmp_tmpv_d3qi10_2_min.dfy,tptp,vampire,predicates,VERIFICATION_TIMED_OUT,29838,4
ground_truth,Dafny_tmp_tmpv_d3qi10_2_min.dfy,tptp,vampire,arguments,VERIFIED,22577,0
ground_truth,Dafny_tmp_tmpv_d3qi10_2_min.dfy,smtlib,vampire,monomorphic,VERIFIED,1973,0
ground_truth,Dafny_tmp_tmpv_d3qi10_2_min.dfy,smtlib,vampire,predicates,VERIFIED,23594,0
ground_truth,Dafny_tmp_tmpv_d3qi10_2_min.dfy,smtlib,vampire,arguments,VERIFICATION_TIMED_OUT,29765,4
ground_truth,Dafny_tmp_tmpv_d3qi10_2_min.dfy,smtlib,z3,monomorphic,VERIFIED,920,0
ground_truth,Dafny_tmp_tmpv_d3qi10_2_min.dfy,smtlib,z3,predicates,VERIFIED,875,0
ground_truth,Dafny_tmp_tmpv_d3qi10_2_min.dfy,smtlib,z3,arguments,VERIFIED,887,0
ground_truth,t1_MF_tmp_tmpi_sqie4j_exemplos_colecoes_arrays_ex5.dfy,tptp,vampire,polymorphic,VERIFIED,9793,0
ground_truth,t1_MF_tmp_tmpi_sqie4j_exemplos_colecoes_arrays_ex5.dfy,tptp,vampire,monomorphic,VERIFIED,2230,0
ground_truth,t1_MF_tmp_tmpi_sqie4j_exemplos_colecoes_arrays_ex5.dfy,tptp,vampire,predicates,VERIFIED,2964,0
ground_truth,t1_MF_tmp_tmpi_sqie4j_exemplos_colecoes_arrays_ex5.dfy,tptp,vampire,arguments,VERIFIED,1839,0
ground_truth,t1_MF_tmp_tmpi_sqie4j_exemplos_colecoes_arrays_ex5.dfy,smtlib,vampire,monomorphic,VERIFIED,1933,0
ground_truth,t1_MF_tmp_tmpi_sqie4j_exemplos_colecoes_arrays_ex5.dfy,smtlib,vampire,predicates,VERIFIED,3512,0
ground_truth,t1_MF_tmp_tmpi_sqie4j_exemplos_colecoes_arrays_ex5.dfy,smtlib,vampire,arguments,VERIFIED,1929,0
ground_truth,t1_MF_tmp_tmpi_sqie4j_exemplos_colecoes_arrays_ex5.dfy,smtlib,z3,monomorphic,VERIFIED,867,0
ground_truth,t1_MF_tmp_tmpi_sqie4j_exemplos_colecoes_arrays_ex5.dfy,smtlib,z3,predicates,VERIFIED,845,0
ground_truth,t1_MF_tmp_tmpi_sqie4j_exemplos_colecoes_arrays_ex5.dfy,smtlib,z3,arguments,VERIFIED,847,0
ground_truth,dafny-synthesis_task_id_79.dfy,tptp,vampire,polymorphic,VERIFIED,798,0
ground_truth,dafny-synthesis_task_id_79.dfy,tptp,vampire,monomorphic,VERIFIED,839,0
ground_truth,dafny-synthesis_task_id_79.dfy,tptp,vampire,predicates,VERIFIED,811,0
ground_truth,dafny-synthesis_task_id_79.dfy,tptp,vampire,arguments,VERIFIED,803,0
ground_truth,dafny-synthesis_task_id_79.dfy,smtlib,vampire,monomorphic,VERIFIED,791,0
ground_truth,dafny-synthesis_task_id_79.dfy,smtlib,vampire,predicates,VERIFIED,762,0
ground_truth,dafny-synthesis_task_id_79.dfy,smtlib,vampire,arguments,VERIFIED,768,0
ground_truth,dafny-synthesis_task_id_79.dfy,smtlib,z3,monomorphic,VERIFIED,782,0
ground_truth,dafny-synthesis_task_id_79.dfy,smtlib,z3,predicates,VERIFIED,752,0
ground_truth,dafny-synthesis_task_id_79.dfy,smtlib,z3,arguments,VERIFIED,744,0
ground_truth,Program-Verification-Dataset_tmp_tmpgbdrlnu__Dafny_from dafny main repo_dafny3_Iter.dfy,tptp,vampire,polymorphic,VERIFICATION_TIMED_OUT,30026,4
ground_truth,Program-Verification-Dataset_tmp_tmpgbdrlnu__Dafny_from dafny main repo_dafny3_Iter.dfy,tptp,vampire,monomorphic,VERIFICATION_TIMED_OUT,30099,4
ground_truth,Program-Verification-Dataset_tmp_tmpgbdrlnu__Dafny_from dafny main repo_dafny3_Iter.dfy,tptp,vampire,predicates,VERIFICATION_TIMED_OUT,30298,4
ground_truth,Program-Verification-Dataset_tmp_tmpgbdrlnu__Dafny_from dafny main repo_dafny3_Iter.dfy,tptp,vampire,arguments,VERIFICATION_TIMED_OUT,30058,4
ground_truth,Program-Verification-Dataset_tmp_tmpgbdrlnu__Dafny_from dafny main repo_dafny3_Iter.dfy,smtlib,vampire,monomorphic,VERIFICATION_TIMED_OUT,30088,4
ground_truth,Program-Verification-Dataset_tmp_tmpgbdrlnu__Dafny_from dafny main repo_dafny3_Iter.dfy,smtlib,vampire,predicates,VERIFICATION_TIMED_OUT,30316,4
ground_truth,Program-Verification-Dataset_tmp_tmpgbdrlnu__Dafny_from dafny main repo_dafny3_Iter.dfy,smtlib,vampire,arguments,VERIFICATION_TIMED_OUT,30061,4
ground_truth,Program-Verification-Dataset_tmp_tmpgbdrlnu__Dafny_from dafny main repo_dafny3_Iter.dfy,smtlib,z3,monomorphic,VERIFIED,1076,0
ground_truth,Program-Verification-Dataset_tmp_tmpgbdrlnu__Dafny_from dafny main repo_dafny3_Iter.dfy,smtlib,z3,predicates,VERIFIED,1070,0
ground_truth,Program-Verification-Dataset_tmp_tmpgbdrlnu__Dafny_from dafny main repo_dafny3_Iter.dfy,smtlib,z3,arguments,VERIFIED,1040,0
ground_truth,Dafny_Verify_tmp_tmphq7j0row_Fine_Tune_Examples_50_examples_SumArray.dfy,tptp,vampire,polymorphic,VERIFICATION_TIMED_OUT,29737,4
ground_truth,Dafny_Verify_tmp_tmphq7j0row_Fine_Tune_Examples_50_examples_SumArray.dfy,tptp,vampire,monomorphic,VERIFICATION_TIMED_OUT,29879,4
ground_truth,Dafny_Verify_tmp_tmphq7j0row_Fine_Tune_Examples_50_examples_SumArray.dfy,tptp,vampire,predicates,VERIFICATION_TIMED_OUT,29827,4
ground_truth,Dafny_Verify_tmp_tmphq7j0row_Fine_Tune_Examples_50_examples_SumArray.dfy,tptp,vampire,arguments,VERIFIED,2119,0
ground_truth,Dafny_Verify_tmp_tmphq7j0row_Fine_Tune_Examples_50_examples_SumArray.dfy,smtlib,vampire,monomorphic,VERIFIED,2871,0
ground_truth,Dafny_Verify_tmp_tmphq7j0row_Fine_Tune_Examples_50_examples_SumArray.dfy,smtlib,vampire,predicates,VERIFICATION_TIMED_OUT,29764,4
ground_truth,Dafny_Verify_tmp_tmphq7j0row_Fine_Tune_Examples_50_examples_SumArray.dfy,smtlib,vampire,arguments,VERIFIED,10513,0
ground_truth,Dafny_Verify_tmp_tmphq7j0row_Fine_Tune_Examples_50_examples_SumArray.dfy,smtlib,z3,monomorphic,VERIFIED,886,0
ground_truth,Dafny_Verify_tmp_tmphq7j0row_Fine_Tune_Examples_50_examples_SumArray.dfy,smtlib,z3,predicates,VERIFIED,852,0
ground_truth,Dafny_Verify_tmp_tmphq7j0row_Fine_Tune_Examples_50_examples_SumArray.dfy,smtlib,z3,arguments,VERIFIED,855,0
ground_truth,Trab1-Metodos-Formais_tmp_tmp_8fa4trr_circular-array.dfy,tptp,vampire,polymorphic,VERIFICATION_TIMED_OUT,59439,4
ground_truth,Trab1-Metodos-Formais_tmp_tmp_8fa4trr_circular-array.dfy,tptp,vampire,monomorphic,VERIFICATION_TIMED_OUT,59073,4
ground_truth,Trab1-Metodos-Formais_tmp_tmp_8fa4trr_circular-array.dfy,tptp,vampire,predicates,VERIFICATION_TIMED_OUT,59092,4
ground_truth,Trab1-Metodos-Formais_tmp_tmp_8fa4trr_circular-array.dfy,tptp,vampire,arguments,VERIFICATION_TIMED_OUT,59083,4
ground_truth,Trab1-Metodos-Formais_tmp_tmp_8fa4trr_circular-array.dfy,smtlib,vampire,monomorphic,VERIFICATION_TIMED_OUT,59009,4
ground_truth,Trab1-Metodos-Formais_tmp_tmp_8fa4trr_circular-array.dfy,smtlib,vampire,predicates,VERIFICATION_TIMED_OUT,59007,4
ground_truth,Trab1-Metodos-Formais_tmp_tmp_8fa4trr_circular-array.dfy,smtlib,vampire,arguments,VERIFICATION_TIMED_OUT,58934,4
ground_truth,Trab1-Metodos-Formais_tmp_tmp_8fa4trr_circular-array.dfy,smtlib,z3,monomorphic,VERIFICATION_TIMED_OUT,31122,4
ground_truth,Trab1-Metodos-Formais_tmp_tmp_8fa4trr_circular-array.dfy,smtlib,z3,predicates,VERIFICATION_TIMED_OUT,31075,4
ground_truth,Trab1-Metodos-Formais_tmp_tmp_8fa4trr_circular-array.dfy,smtlib,z3,arguments,VERIFICATION_TIMED_OUT,31058,4
ground_truth,Program-Verification-Dataset_tmp_tmpgbdrlnu__Dafny_from dafny main repo_dafny3_Streams.dfy,tptp,vampire,polymorphic,VERIFICATION_TIMED_OUT,60538,4
ground_truth,Program-Verification-Dataset_tmp_tmpgbdrlnu__Dafny_from dafny main repo_dafny3_Streams.dfy,tptp,vampire,monomorphic,VERIFICATION_TIMED_OUT,59939,4
ground_truth,Program-Verification-Dataset_tmp_tmpgbdrlnu__Dafny_from dafny main repo_dafny3_Streams.dfy,tptp,vampire,predicates,VERIFICATION_TIMED_OUT,88217,4
ground_truth,Program-Verification-Dataset_tmp_tmpgbdrlnu__Dafny_from dafny main repo_dafny3_Streams.dfy,tptp,vampire,arguments,VERIFICATION_TIMED_OUT,80951,4
ground_truth,Program-Verification-Dataset_tmp_tmpgbdrlnu__Dafny_from dafny main repo_dafny3_Streams.dfy,smtlib,vampire,monomorphic,VERIFICATION_TIMED_OUT,59965,4
ground_truth,Program-Verification-Dataset_tmp_tmpgbdrlnu__Dafny_from dafny main repo_dafny3_Streams.dfy,smtlib,vampire,predicates,VERIFICATION_TIMED_OUT,87955,4
ground_truth,Program-Verification-Dataset_tmp_tmpgbdrlnu__Dafny_from dafny main repo_dafny3_Streams.dfy,smtlib,vampire,arguments,VERIFICATION_TIMED_OUT,59889,4
ground_truth,Program-Verification-Dataset_tmp_tmpgbdrlnu__Dafny_from dafny main repo_dafny3_Streams.dfy,smtlib,z3,monomorphic,VERIFIED,1348,0
ground_truth,Program-Verification-Dataset_tmp_tmpgbdrlnu__Dafny_from dafny main repo_dafny3_Streams.dfy,smtlib,z3,predicates,VERIFIED,1321,0
ground_truth,Program-Verification-Dataset_tmp_tmpgbdrlnu__Dafny_from dafny main repo_dafny3_Streams.dfy,smtlib,z3,arguments,VERIFIED,1264,0
ground_truth,dafny_tmp_tmp59p638nn_examples_GenericSelectionSort.dfy,tptp,vampire,polymorphic,VERIFICATION_TIMED_OUT,29976,4
ground_truth,dafny_tmp_tmp59p638nn_examples_GenericSelectionSort.dfy,tptp,vampire,monomorphic,VERIFICATION_TIMED_OUT,30062,4
ground_truth,dafny_tmp_tmp59p638nn_examples_GenericSelectionSort.dfy,tptp,vampire,predicates,VERIFICATION_TIMED_OUT,30156,4
ground_truth,dafny_tmp_tmp59p638nn_examples_GenericSelectionSort.dfy,tptp,vampire,arguments,VERIFICATION_TIMED_OUT,30117,4
ground_truth,dafny_tmp_tmp59p638nn_examples_GenericSelectionSort.dfy,smtlib,vampire,monomorphic,VERIFICATION_TIMED_OUT,30054,4
ground_truth,dafny_tmp_tmp59p638nn_examples_GenericSelectionSort.dfy,smtlib,vampire,predicates,VERIFICATION_TIMED_OUT,30200,4
ground_truth,dafny_tmp_tmp59p638nn_examples_GenericSelectionSort.dfy,smtlib,vampire,arguments,VERIFICATION_TIMED_OUT,30076,4
ground_truth,dafny_tmp_tmp59p638nn_examples_GenericSelectionSort.dfy,smtlib,z3,monomorphic,VERIFIED,1154,0
ground_truth,dafny_tmp_tmp59p638nn_examples_GenericSelectionSort.dfy,smtlib,z3,predicates,VERIFIED,1162,0
ground_truth,dafny_tmp_tmp59p638nn_examples_GenericSelectionSort.dfy,smtlib,z3,arguments,VERIFIED,1161,0
ground_truth,Program-Verification-Dataset_tmp_tmpgbdrlnu__Dafny_from dafny main repo_dafny4_Bug170.dfy,tptp,vampire,polymorphic,VERIFICATION_TIMED_OUT,87823,4
ground_truth,Program-Verification-Dataset_tmp_tmpgbdrlnu__Dafny_from dafny main repo_dafny4_Bug170.dfy,tptp,vampire,monomorphic,VERIFICATION_TIMED_OUT,34342,4
ground_truth,Program-Verification-Dataset_tmp_tmpgbdrlnu__Dafny_from dafny main repo_dafny4_Bug170.dfy,tptp,vampire,predicates,VERIFIED,6261,0
ground_truth,Program-Verification-Dataset_tmp_tmpgbdrlnu__Dafny_from dafny main repo_dafny4_Bug170.dfy,tptp,vampire,arguments,VERIFIED,8622,0
ground_truth,Program-Verification-Dataset_tmp_tmpgbdrlnu__Dafny_from dafny main repo_dafny4_Bug170.dfy,smtlib,vampire,monomorphic,VERIFIED,3798,0
ground_truth,Program-Verification-Dataset_tmp_tmpgbdrlnu__Dafny_from dafny main repo_dafny4_Bug170.dfy,smtlib,vampire,predicates,VERIFIED,6361,0
ground_truth,Program-Verification-Dataset_tmp_tmpgbdrlnu__Dafny_from dafny main repo_dafny4_Bug170.dfy,smtlib,vampire,arguments,VERIFIED,8433,0
ground_truth,Program-Verification-Dataset_tmp_tmpgbdrlnu__Dafny_from dafny main repo_dafny4_Bug170.dfy,smtlib,z3,monomorphic,VERIFIED,1074,0
ground_truth,Program-Verification-Dataset_tmp_tmpgbdrlnu__Dafny_from dafny main repo_dafny4_Bug170.dfy,smtlib,z3,predicates,VERIFIED,992,0
ground_truth,Program-Verification-Dataset_tmp_tmpgbdrlnu__Dafny_from dafny main repo_dafny4_Bug170.dfy,smtlib,z3,arguments,VERIFIED,981,0
ground_truth,formal-verification_tmp_tmpoepcssay_strings3.dfy,tptp,vampire,polymorphic,VERIFICATION_TIMED_OUT,30042,4
ground_truth,formal-verification_tmp_tmpoepcssay_strings3.dfy,tptp,vampire,monomorphic,VERIFICATION_TIMED_OUT,30087,4
ground_truth,formal-verification_tmp_tmpoepcssay_strings3.dfy,tptp,vampire,predicates,VERIFICATION_TIMED_OUT,30081,4
ground_truth,formal-verification_tmp_tmpoepcssay_strings3.dfy,tptp,vampire,arguments,VERIFICATION_TIMED_OUT,30095,4
ground_truth,formal-verification_tmp_tmpoepcssay_strings3.dfy,smtlib,vampire,monomorphic,VERIFICATION_TIMED_OUT,30080,4
ground_truth,formal-verification_tmp_tmpoepcssay_strings3.dfy,smtlib,vampire,predicates,VERIFICATION_TIMED_OUT,30083,4
ground_truth,formal-verification_tmp_tmpoepcssay_strings3.dfy,smtlib,vampire,arguments,VERIFICATION_TIMED_OUT,29985,4
ground_truth,formal-verification_tmp_tmpoepcssay_strings3.dfy,smtlib,z3,monomorphic,VERIFIED,1014,0
ground_truth,formal-verification_tmp_tmpoepcssay_strings3.dfy,smtlib,z3,predicates,VERIFIED,976,0
ground_truth,formal-verification_tmp_tmpoepcssay_strings3.dfy,smtlib,z3,arguments,VERIFIED,969,0
ground_truth,Clover_rotate.dfy,tptp,vampire,polymorphic,VERIFICATION_TIMED_OUT,29780,4
ground_truth,Clover_rotate.dfy,tptp,vampire,monomorphic,VERIFICATION_TIMED_OUT,29789,4
ground_truth,Clover_rotate.dfy,tptp,vampire,predicates,VERIFICATION_TIMED_OUT,29780,4
ground_truth,Clover_rotate.dfy,tptp,vampire,arguments,VERIFICATION_TIMED_OUT,29771,4
ground_truth,Clover_rotate.dfy,smtlib,vampire,monomorphic,VERIFICATION_TIMED_OUT,29780,4
ground_truth,Clover_rotate.dfy,smtlib,vampire,predicates,VERIFICATION_TIMED_OUT,29778,4
ground_truth,Clover_rotate.dfy,smtlib,vampire,arguments,VERIFICATION_TIMED_OUT,29753,4
ground_truth,Clover_rotate.dfy,smtlib,z3,monomorphic,VERIFIED,876,0
ground_truth,Clover_rotate.dfy,smtlib,z3,predicates,VERIFIED,857,0
ground_truth,Clover_rotate.dfy,smtlib,z3,arguments,VERIFIED,850,0
ground_truth,MIEIC_mfes_tmp_tmpq3ho7nve_exams_special_20_p5.dfy,tptp,vampire,polymorphic,VERIFICATION_TIMED_OUT,30272,4
ground_truth,MIEIC_mfes_tmp_tmpq3ho7nve_exams_special_20_p5.dfy,tptp,vampire,monomorphic,VERIFICATION_TIMED_OUT,29962,4
ground_truth,MIEIC_mfes_tmp_tmpq3ho7nve_exams_special_20_p5.dfy,tptp,vampire,predicates,VERIFICATION_TIMED_OUT,29890,4
ground_truth,MIEIC_mfes_tmp_tmpq3ho7nve_exams_special_20_p5.dfy,tptp,vampire,arguments,VERIFICATION_TIMED_OUT,29838,4
ground_truth,MIEIC_mfes_tmp_tmpq3ho7nve_exams_special_20_p5.dfy,smtlib,vampire,monomorphic,VERIFIED,22117,0
ground_truth,MIEIC_mfes_tmp_tmpq3ho7nve_exams_special_20_p5.dfy,smtlib,vampire,predicates,VERIFICATION_TIMED_OUT,29844,4
ground_truth,MIEIC_mfes_tmp_tmpq3ho7nve_exams_special_20_p5.dfy,smtlib,vampire,arguments,VERIFICATION_TIMED_OUT,29779,4
ground_truth,MIEIC_mfes_tmp_tmpq3ho7nve_exams_special_20_p5.dfy,smtlib,z3,monomorphic,VERIFIED,973,0
ground_truth,MIEIC_mfes_tmp_tmpq3ho7nve_exams_special_20_p5.dfy,smtlib,z3,predicates,VERIFIED,932,0
ground_truth,MIEIC_mfes_tmp_tmpq3ho7nve_exams_special_20_p5.dfy,smtlib,z3,arguments,VERIFIED,921,0
ground_truth,SENG2011_tmp_tmpgk5jq85q_ass2_ex1.dfy,tptp,vampire,polymorphic,VERIFICATION_TIMED_OUT,29838,4
ground_truth,SENG2011_tmp_tmpgk5jq85q_ass2_ex1.dfy,tptp,vampire,monomorphic,VERIFICATION_TIMED_OUT,29869,4
ground_truth,SENG2011_tmp_tmpgk5jq85q_ass2_ex1.dfy,tptp,vampire,predicates,VERIFICATION_TIMED_OUT,29858,4
ground_truth,SENG2011_tmp_tmpgk5jq85q_ass2_ex1.dfy,tptp,vampire,arguments,VERIFICATION_TIMED_OUT,29774,4
ground_truth,SENG2011_tmp_tmpgk5jq85q_ass2_ex1.dfy,smtlib,vampire,monomorphic,VERIFICATION_TIMED_OUT,29839,4
ground_truth,SENG2011_tmp_tmpgk5jq85q_ass2_ex1.dfy,smtlib,vampire,predicates,VERIFICATION_TIMED_OUT,29732,4
ground_truth,SENG2011_tmp_tmpgk5jq85q_ass2_ex1.dfy,smtlib,vampire,arguments,VERIFICATION_TIMED_OUT,29803,4
ground_truth,SENG2011_tmp_tmpgk5jq85q_ass2_ex1.dfy,smtlib,z3,monomorphic,VERIFIED,943,0
ground_truth,SENG2011_tmp_tmpgk5jq85q_ass2_ex1.dfy,smtlib,z3,predicates,VERIFIED,903,0
ground_truth,SENG2011_tmp_tmpgk5jq85q_ass2_ex1.dfy,smtlib,z3,arguments,VERIFIED,919,0
ground_truth,dafny-synthesis_task_id_603.dfy,tptp,vampire,polymorphic,VERIFICATION_TIMED_OUT,29793,4
ground_truth,dafny-synthesis_task_id_603.dfy,tptp,vampire,monomorphic,VERIFICATION_TIMED_OUT,29779,4
ground_truth,dafny-synthesis_task_id_603.dfy,tptp,vampire,predicates,VERIFICATION_TIMED_OUT,29807,4
ground_truth,dafny-synthesis_task_id_603.dfy,tptp,vampire,arguments,VERIFICATION_TIMED_OUT,29754,4
ground_truth,dafny-synthesis_task_id_603.dfy,smtlib,vampire,monomorphic,VERIFICATION_TIMED_OUT,29845,4
ground_truth,dafny-synthesis_task_id_603.dfy,smtlib,vampire,predicates,VERIFICATION_TIMED_OUT,29697,4
ground_truth,dafny-synthesis_task_id_603.dfy,smtlib,vampire,arguments,VERIFICATION_TIMED_OUT,29708,4
ground_truth,dafny-synthesis_task_id_603.dfy,smtlib,z3,monomorphic,VERIFIED,868,0
ground_truth,dafny-synthesis_task_id_603.dfy,smtlib,z3,predicates,VERIFIED,856,0
ground_truth,dafny-synthesis_task_id_603.dfy,smtlib,z3,arguments,VERIFIED,840,0
ground_truth,Dafny_tmp_tmpv_d3qi10_3_cumsum.dfy,tptp,vampire,polymorphic,VERIFICATION_TIMED_OUT,29807,4
ground_truth,Dafny_tmp_tmpv_d3qi10_3_cumsum.dfy,tptp,vampire,monomorphic,VERIFICATION_TIMED_OUT,29902,4
ground_truth,Dafny_tmp_tmpv_d3qi10_3_cumsum.dfy,tptp,vampire,predicates,VERIFICATION_TIMED_OUT,29890,4
ground_truth,Dafny_tmp_tmpv_d3qi10_3_cumsum.dfy,tptp,vampire,arguments,VERIFICATION_TIMED_OUT,29853,4
ground_truth,Dafny_tmp_tmpv_d3qi10_3_cumsum.dfy,smtlib,vampire,monomorphic,VERIFICATION_TIMED_OUT,29811,4
ground_truth,Dafny_tmp_tmpv_d3qi10_3_cumsum.dfy,smtlib,vampire,predicates,VERIFICATION_TIMED_OUT,29784,4
ground_truth,Dafny_tmp_tmpv_d3qi10_3_cumsum.dfy,smtlib,vampire,arguments,VERIFICATION_TIMED_OUT,29762,4
ground_truth,Dafny_tmp_tmpv_d3qi10_3_cumsum.dfy,smtlib,z3,monomorphic,VERIFIED,940,0
ground_truth,Dafny_tmp_tmpv_d3qi10_3_cumsum.dfy,smtlib,z3,predicates,VERIFIED,901,0
ground_truth,Dafny_tmp_tmpv_d3qi10_3_cumsum.dfy,smtlib,z3,arguments,VERIFIED,891,0
ground_truth,summer-school-2020_tmp_tmpn8nf7zf0_chapter02_solutions_exercise01_solution.dfy,tptp,vampire,polymorphic,VERIFIED,4807,0
ground_truth,summer-school-2020_tmp_tmpn8nf7zf0_chapter02_solutions_exercise01_solution.dfy,tptp,vampire,monomorphic,VERIFIED,15543,0
ground_truth,summer-school-2020_tmp_tmpn8nf7zf0_chapter02_solutions_exercise01_solution.dfy,tptp,vampire,predicates,VERIFICATION_TIMED_OUT,29837,4
ground_truth,summer-school-2020_tmp_tmpn8nf7zf0_chapter02_solutions_exercise01_solution.dfy,tptp,vampire,arguments,VERIFIED,20241,0
ground_truth,summer-school-2020_tmp_tmpn8nf7zf0_chapter02_solutions_exercise01_solution.dfy,smtlib,vampire,monomorphic,VERIFIED,9618,0
ground_truth,summer-school-2020_tmp_tmpn8nf7zf0_chapter02_solutions_exercise01_solution.dfy,smtlib,vampire,predicates,VERIFICATION_TIMED_OUT,29746,4
ground_truth,summer-school-2020_tmp_tmpn8nf7zf0_chapter02_solutions_exercise01_solution.dfy,smtlib,vampire,arguments,VERIFIED,9585,0
ground_truth,summer-school-2020_tmp_tmpn8nf7zf0_chapter02_solutions_exercise01_solution.dfy,smtlib,z3,monomorphic,VERIFIED,862,0
ground_truth,summer-school-2020_tmp_tmpn8nf7zf0_chapter02_solutions_exercise01_solution.dfy,smtlib,z3,predicates,VERIFIED,831,0
ground_truth,summer-school-2020_tmp_tmpn8nf7zf0_chapter02_solutions_exercise01_solution.dfy,smtlib,z3,arguments,VERIFIED,836,0
ground_truth,CO3408-Advanced-Software-Modelling-Assignment-2022-23-Part-2-A-Specification-Spectacular_tmp_tmp4pj4p2zx_car_park.dfy,tptp,vampire,polymorphic,VERIFICATION_TIMED_OUT,59401,4
ground_truth,CO3408-Advanced-Software-Modelling-Assignment-2022-23-Part-2-A-Specification-Spectacular_tmp_tmp4pj4p2zx_car_park.dfy,tptp,vampire,monomorphic,VERIFICATION_TIMED_OUT,49331,4
ground_truth,CO3408-Advanced-Software-Modelling-Assignment-2022-23-Part-2-A-Specification-Spectacular_tmp_tmp4pj4p2zx_car_park.dfy,tptp,vampire,predicates,VERIFICATION_TIMED_OUT,59053,4
ground_truth,CO3408-Advanced-Software-Modelling-Assignment-2022-23-Part-2-A-Specification-Spectacular_tmp_tmp4pj4p2zx_car_park.dfy,tptp,vampire,arguments,VERIFICATION_TIMED_OUT,58906,4
ground_truth,CO3408-Advanced-Software-Modelling-Assignment-2022-23-Part-2-A-Specification-Spectacular_tmp_tmp4pj4p2zx_car_park.dfy,smtlib,vampire,monomorphic,VERIFICATION_TIMED_OUT,31364,4
ground_truth,CO3408-Advanced-Software-Modelling-Assignment-2022-23-Part-2-A-Specification-Spectacular_tmp_tmp4pj4p2zx_car_park.dfy,smtlib,vampire,predicates,VERIFICATION_TIMED_OUT,58871,4
ground_truth,CO3408-Advanced-Software-Modelling-Assignment-2022-23-Part-2-A-Specification-Spectacular_tmp_tmp4pj4p2zx_car_park.dfy,smtlib,vampire,arguments,VERIFICATION_TIMED_OUT,31865,4
ground_truth,CO3408-Advanced-Software-Modelling-Assignment-2022-23-Part-2-A-Specification-Spectacular_tmp_tmp4pj4p2zx_car_park.dfy,smtlib,z3,monomorphic,VERIFIED,4392,0
ground_truth,CO3408-Advanced-Software-Modelling-Assignment-2022-23-Part-2-A-Specification-Spectacular_tmp_tmp4pj4p2zx_car_park.dfy,smtlib,z3,predicates,VERIFIED,3560,0
ground_truth,CO3408-Advanced-Software-Modelling-Assignment-2022-23-Part-2-A-Specification-Spectacular_tmp_tmp4pj4p2zx_car_park.dfy,smtlib,z3,arguments,VERIFIED,4518,0
ground_truth,CVS-Projto1_tmp_tmpb1o0bu8z_searchSort.dfy,tptp,vampire,polymorphic,VERIFIED,1407,0
ground_truth,CVS-Projto1_tmp_tmpb1o0bu8z_searchSort.dfy,tptp,vampire,monomorphic,VERIFIED,1216,0
ground_truth,CVS-Projto1_tmp_tmpb1o0bu8z_searchSort.dfy,tptp,vampire,predicates,VERIFIED,1120,0
ground_truth,CVS-Projto1_tmp_tmpb1o0bu8z_searchSort.dfy,tptp,vampire,arguments,VERIFIED,1222,0
ground_truth,CVS-Projto1_tmp_tmpb1o0bu8z_searchSort.dfy,smtlib,vampire,monomorphic,VERIFIED,1222,0
ground_truth,CVS-Projto1_tmp_tmpb1o0bu8z_searchSort.dfy,smtlib,vampire,predicates,VERIFIED,1122,0
ground_truth,CVS-Projto1_tmp_tmpb1o0bu8z_searchSort.dfy,smtlib,vampire,arguments,VERIFIED,1563,0
ground_truth,CVS-Projto1_tmp_tmpb1o0bu8z_searchSort.dfy,smtlib,z3,monomorphic,VERIFIED,854,0
ground_truth,CVS-Projto1_tmp_tmpb1o0bu8z_searchSort.dfy,smtlib,z3,predicates,VERIFIED,819,0
ground_truth,CVS-Projto1_tmp_tmpb1o0bu8z_searchSort.dfy,smtlib,z3,arguments,VERIFIED,819,0
ground_truth,Dafny_Verify_tmp_tmphq7j0row_AI_agent_verify_examples_CopyMatrix.dfy,tptp,vampire,polymorphic,VERIFICATION_TIMED_OUT,29797,4
ground_truth,Dafny_Verify_tmp_tmphq7j0row_AI_agent_verify_examples_CopyMatrix.dfy,tptp,vampire,monomorphic,VERIFICATION_TIMED_OUT,29926,4
ground_truth,Dafny_Verify_tmp_tmphq7j0row_AI_agent_verify_examples_CopyMatrix.dfy,tptp,vampire,predicates,VERIFICATION_TIMED_OUT,29839,4
ground_truth,Dafny_Verify_tmp_tmphq7j0row_AI_agent_verify_examples_CopyMatrix.dfy,tptp,vampire,arguments,VERIFICATION_TIMED_OUT,29785,4
ground_truth,Dafny_Verify_tmp_tmphq7j0row_AI_agent_verify_examples_CopyMatrix.dfy,smtlib,vampire,monomorphic,VERIFICATION_TIMED_OUT,29848,4
ground_truth,Dafny_Verify_tmp_tmphq7j0row_AI_agent_verify_examples_CopyMatrix.dfy,smtlib,vampire,predicates,VERIFICATION_TIMED_OUT,29832,4
ground_truth,Dafny_Verify_tmp_tmphq7j0row_AI_agent_verify_examples_CopyMatrix.dfy,smtlib,vampire,arguments,VERIFICATION_TIMED_OUT,29772,4
ground_truth,Dafny_Verify_tmp_tmphq7j0row_AI_agent_verify_examples_CopyMatrix.dfy,smtlib,z3,monomorphic,VERIFIED,917,0
ground_truth,Dafny_Verify_tmp_tmphq7j0row_AI_agent_verify_examples_CopyMatrix.dfy,smtlib,z3,predicates,VERIFIED,878,0
ground_truth,Dafny_Verify_tmp_tmphq7j0row_AI_agent_verify_examples_CopyMatrix.dfy,smtlib,z3,arguments,VERIFIED,866,0
ground_truth,Program-Verification-Dataset_tmp_tmpgbdrlnu__Dafny_mathematical objects verification_examples_logic.dfy,tptp,vampire,polymorphic,VERIFIED,942,0
ground_truth,Program-Verification-Dataset_tmp_tmpgbdrlnu__Dafny_mathematical objects verification_examples_logic.dfy,tptp,vampire,monomorphic,VERIFIED,1000,0
ground_truth,Program-Verification-Dataset_tmp_tmpgbdrlnu__Dafny_mathematical objects verification_examples_logic.dfy,tptp,vampire,predicates,VERIFICATION_TIMED_OUT,29902,4
ground_truth,Program-Verification-Dataset_tmp_tmpgbdrlnu__Dafny_mathematical objects verification_examples_logic.dfy,tptp,vampire,arguments,VERIFICATION_TIMED_OUT,29812,4
ground_truth,Program-Verification-Dataset_tmp_tmpgbdrlnu__Dafny_mathematical objects verification_examples_logic.dfy,smtlib,vampire,monomorphic,VERIFIED,959,0
ground_truth,Program-Verification-Dataset_tmp_tmpgbdrlnu__Dafny_mathematical objects verification_examples_logic.dfy,smtlib,vampire,predicates,VERIFIED,927,0
ground_truth,Program-Verification-Dataset_tmp_tmpgbdrlnu__Dafny_mathematical objects verification_examples_logic.dfy,smtlib,vampire,arguments,VERIFIED,918,0
ground_truth,Program-Verification-Dataset_tmp_tmpgbdrlnu__Dafny_mathematical objects verification_examples_logic.dfy,smtlib,z3,monomorphic,VERIFIED,918,0
ground_truth,Program-Verification-Dataset_tmp_tmpgbdrlnu__Dafny_mathematical objects verification_examples_logic.dfy,smtlib,z3,predicates,VERIFIED,866,0
ground_truth,Program-Verification-Dataset_tmp_tmpgbdrlnu__Dafny_mathematical objects verification_examples_logic.dfy,smtlib,z3,arguments,VERIFIED,866,0
ground_truth,Formal-methods-of-software-development_tmp_tmppryvbyty_Examenes_Beni_Heusel-Benedikt-Ass-1.dfy,tptp,vampire,polymorphic,VERIFICATION_TIMED_OUT,30591,4
ground_truth,Formal-methods-of-software-development_tmp_tmppryvbyty_Examenes_Beni_Heusel-Benedikt-Ass-1.dfy,tptp,vampire,monomorphic,VERIFICATION_TIMED_OUT,30080,4
ground_truth,Formal-methods-of-software-development_tmp_tmppryvbyty_Examenes_Beni_Heusel-Benedikt-Ass-1.dfy,tptp,vampire,predicates,VERIFICATION_TIMED_OUT,30358,4
ground_truth,Formal-methods-of-software-development_tmp_tmppryvbyty_Examenes_Beni_Heusel-Benedikt-Ass-1.dfy,tptp,vampire,arguments,VERIFICATION_TIMED_OUT,30043,4
ground_truth,Formal-methods-of-software-development_tmp_tmppryvbyty_Examenes_Beni_Heusel-Benedikt-Ass-1.dfy,smtlib,vampire,monomorphic,VERIFICATION_TIMED_OUT,30046,4
ground_truth,Formal-methods-of-software-development_tmp_tmppryvbyty_Examenes_Beni_Heusel-Benedikt-Ass-1.dfy,smtlib,vampire,predicates,VERIFICATION_TIMED_OUT,30318,4
ground_truth,Formal-methods-of-software-development_tmp_tmppryvbyty_Examenes_Beni_Heusel-Benedikt-Ass-1.dfy,smtlib,vampire,arguments,VERIFICATION_TIMED_OUT,30048,4
ground_truth,Formal-methods-of-software-development_tmp_tmppryvbyty_Examenes_Beni_Heusel-Benedikt-Ass-1.dfy,smtlib,z3,monomorphic,VERIFIED,1790,0
ground_truth,Formal-methods-of-software-development_tmp_tmppryvbyty_Examenes_Beni_Heusel-Benedikt-Ass-1.dfy,smtlib,z3,predicates,VERIFIED,1518,0
ground_truth,Formal-methods-of-software-development_tmp_tmppryvbyty_Examenes_Beni_Heusel-Benedikt-Ass-1.dfy,smtlib,z3,arguments,VERIFIED,2869,0
ground_truth,protocol-verification-fa2023_tmp_tmpw6hy3mjp_demos_ch04_inductive_chain.dfy,tptp,vampire,polymorphic,VERIFICATION_TIMED_OUT,29926,4
ground_truth,protocol-verification-fa2023_tmp_tmpw6hy3mjp_demos_ch04_inductive_chain.dfy,tptp,vampire,monomorphic,VERIFICATION_TIMED_OUT,29985,4
ground_truth,protocol-verification-fa2023_tmp_tmpw6hy3mjp_demos_ch04_inductive_chain.dfy,tptp,vampire,predicates,VERIFICATION_TIMED_OUT,29958,4
ground_truth,protocol-verification-fa2023_tmp_tmpw6hy3mjp_demos_ch04_inductive_chain.dfy,tptp,vampire,arguments,VERIFICATION_TIMED_OUT,29923,4
ground_truth,protocol-verification-fa2023_tmp_tmpw6hy3mjp_demos_ch04_inductive_chain.dfy,smtlib,vampire,monomorphic,VERIFICATION_TIMED_OUT,29877,4
ground_truth,protocol-verification-fa2023_tmp_tmpw6hy3mjp_demos_ch04_inductive_chain.dfy,smtlib,vampire,predicates,VERIFICATION_TIMED_OUT,29802,4
ground_truth,protocol-verification-fa2023_tmp_tmpw6hy3mjp_demos_ch04_inductive_chain.dfy,smtlib,vampire,arguments,VERIFICATION_TIMED_OUT,29828,4
ground_truth,protocol-verification-fa2023_tmp_tmpw6hy3mjp_demos_ch04_inductive_chain.dfy,smtlib,z3,monomorphic,VERIFIED,1005,0
ground_truth,protocol-verification-fa2023_tmp_tmpw6hy3mjp_demos_ch04_inductive_chain.dfy,smtlib,z3,predicates,VERIFIED,940,0
ground_truth,protocol-verification-fa2023_tmp_tmpw6hy3mjp_demos_ch04_inductive_chain.dfy,smtlib,z3,arguments,VERIFIED,945,0
ground_truth,Formal-methods-of-software-development_tmp_tmppryvbyty_Bloque 1_Lab3.dfy,tptp,vampire,polymorphic,VERIFICATION_TIMED_OUT,29796,4
ground_truth,Formal-methods-of-software-development_tmp_tmppryvbyty_Bloque 1_Lab3.dfy,tptp,vampire,monomorphic,VERIFICATION_TIMED_OUT,29866,4
ground_truth,Formal-methods-of-software-development_tmp_tmppryvbyty_Bloque 1_Lab3.dfy,tptp,vampire,predicates,VERIFICATION_TIMED_OUT,29904,4
ground_truth,Formal-methods-of-software-development_tmp_tmppryvbyty_Bloque 1_Lab3.dfy,tptp,vampire,arguments,VERIFICATION_TIMED_OUT,29847,4
ground_truth,Formal-methods-of-software-development_tmp_tmppryvbyty_Bloque 1_Lab3.dfy,smtlib,vampire,monomorphic,VERIFIED,10371,0
ground_truth,Formal-methods-of-software-development_tmp_tmppryvbyty_Bloque 1_Lab3.dfy,smtlib,vampire,predicates,VERIFICATION_TIMED_OUT,29808,4
ground_truth,Formal-methods-of-software-development_tmp_tmppryvbyty_Bloque 1_Lab3.dfy,smtlib,vampire,arguments,VERIFICATION_TIMED_OUT,29780,4
ground_truth,Formal-methods-of-software-development_tmp_tmppryvbyty_Bloque 1_Lab3.dfy,smtlib,z3,monomorphic,VERIFIED,942,0
ground_truth,Formal-methods-of-software-development_tmp_tmppryvbyty_Bloque 1_Lab3.dfy,smtlib,z3,predicates,VERIFIED,904,0
ground_truth,Formal-methods-of-software-development_tmp_tmppryvbyty_Bloque 1_Lab3.dfy,smtlib,z3,arguments,VERIFIED,895,0
ground_truth,dafny_misc_tmp_tmpg4vzlnm1_rosetta_code_factorial.dfy,tptp,vampire,polymorphic,VERIFICATION_TIMED_OUT,29754,4
ground_truth,dafny_misc_tmp_tmpg4vzlnm1_rosetta_code_factorial.dfy,tptp,vampire,monomorphic,VERIFIED,5086,0
ground_truth,dafny_misc_tmp_tmpg4vzlnm1_rosetta_code_factorial.dfy,tptp,vampire,predicates,VERIFIED,8818,0
ground_truth,dafny_misc_tmp_tmpg4vzlnm1_rosetta_code_factorial.dfy,tptp,vampire,arguments,VERIFIED,8380,0
ground_truth,dafny_misc_tmp_tmpg4vzlnm1_rosetta_code_factorial.dfy,smtlib,vampire,monomorphic,VERIFIED,8968,0
ground_truth,dafny_misc_tmp_tmpg4vzlnm1_rosetta_code_factorial.dfy,smtlib,vampire,predicates,VERIFIED,9106,0
ground_truth,dafny_misc_tmp_tmpg4vzlnm1_rosetta_code_factorial.dfy,smtlib,vampire,arguments,VERIFIED,8744,0
ground_truth,dafny_misc_tmp_tmpg4vzlnm1_rosetta_code_factorial.dfy,smtlib,z3,monomorphic,VERIFIED,852,0
ground_truth,dafny_misc_tmp_tmpg4vzlnm1_rosetta_code_factorial.dfy,smtlib,z3,predicates,VERIFIED,828,0
ground_truth,dafny_misc_tmp_tmpg4vzlnm1_rosetta_code_factorial.dfy,smtlib,z3,arguments,VERIFIED,819,0
ground_truth,FlexWeek_tmp_tmpc_tfdj_3_reverse.dfy,tptp,vampire,polymorphic,VERIFICATION_TIMED_OUT,29891,4
ground_truth,FlexWeek_tmp_tmpc_tfdj_3_reverse.dfy,tptp,vampire,monomorphic,VERIFICATION_TIMED_OUT,29857,4
ground_truth,FlexWeek_tmp_tmpc_tfdj_3_reverse.dfy,tptp,vampire,predicates,VERIFICATION_TIMED_OUT,29873,4
ground_truth,FlexWeek_tmp_tmpc_tfdj_3_reverse.dfy,tptp,vampire,arguments,VERIFICATION_TIMED_OUT,29874,4
ground_truth,FlexWeek_tmp_tmpc_tfdj_3_reverse.dfy,smtlib,vampire,monomorphic,VERIFICATION_TIMED_OUT,29859,4
ground_truth,FlexWeek_tmp_tmpc_tfdj_3_reverse.dfy,smtlib,vampire,predicates,VERIFICATION_TIMED_OUT,29796,4
ground_truth,FlexWeek_tmp_tmpc_tfdj_3_reverse.dfy,smtlib,vampire,arguments,VERIFICATION_TIMED_OUT,29785,4
ground_truth,FlexWeek_tmp_tmpc_tfdj_3_reverse.dfy,smtlib,z3,monomorphic,VERIFIED,983,0
ground_truth,FlexWeek_tmp_tmpc_tfdj_3_reverse.dfy,smtlib,z3,predicates,VERIFIED,941,0
ground_truth,FlexWeek_tmp_tmpc_tfdj_3_reverse.dfy,smtlib,z3,arguments,VERIFIED,923,0
ground_truth,dafny-synthesis_task_id_105.dfy,tptp,vampire,polymorphic,VERIFICATION_TIMED_OUT,29729,4
ground_truth,dafny-synthesis_task_id_105.dfy,tptp,vampire,monomorphic,VERIFIED,3183,0
ground_truth,dafny-synthesis_task_id_105.dfy,tptp,vampire,predicates,VERIFICATION_TIMED_OUT,29840,4
ground_truth,dafny-synthesis_task_id_105.dfy,tptp,vampire,arguments,VERIFIED,2185,0
ground_truth,dafny-synthesis_task_id_105.dfy,smtlib,vampire,monomorphic,VERIFIED,2271,0
ground_truth,dafny-synthesis_task_id_105.dfy,smtlib,vampire,predicates,VERIFICATION_TIMED_OUT,29731,4
ground_truth,dafny-synthesis_task_id_105.dfy,smtlib,vampire,arguments,VERIFIED,23175,0
ground_truth,dafny-synthesis_task_id_105.dfy,smtlib,z3,monomorphic,VERIFIED,873,0
ground_truth,dafny-synthesis_task_id_105.dfy,smtlib,z3,predicates,VERIFIED,850,0
ground_truth,dafny-synthesis_task_id_105.dfy,smtlib,z3,arguments,VERIFIED,860,0
ground_truth,Software-building-and-verification-Projects_tmp_tmp5tm1srrn_CVS-projeto_handout2.dfy,tptp,vampire,polymorphic,VERIFICATION_TIMED_OUT,59237,4
ground_truth,Software-building-and-verification-Projects_tmp_tmp5tm1srrn_CVS-projeto_handout2.dfy,tptp,vampire,monomorphic,VERIFICATION_TIMED_OUT,59380,4
ground_truth,Software-building-and-verification-Projects_tmp_tmp5tm1srrn_CVS-projeto_handout2.dfy,tptp,vampire,predicates,VERIFICATION_TIMED_OUT,59355,4
ground_truth,Software-building-and-verification-Projects_tmp_tmp5tm1srrn_CVS-projeto_handout2.dfy,tptp,vampire,arguments,VERIFICATION_TIMED_OUT,59237,4
ground_truth,Software-building-and-verification-Projects_tmp_tmp5tm1srrn_CVS-projeto_handout2.dfy,smtlib,vampire,monomorphic,VERIFICATION_TIMED_OUT,50302,4
ground_truth,Software-building-and-verification-Projects_tmp_tmp5tm1srrn_CVS-projeto_handout2.dfy,smtlib,vampire,predicates,VERIFICATION_TIMED_OUT,59297,4
ground_truth,Software-building-and-verification-Projects_tmp_tmp5tm1srrn_CVS-projeto_handout2.dfy,smtlib,vampire,arguments,VERIFICATION_TIMED_OUT,59217,4
ground_truth,Software-building-and-verification-Projects_tmp_tmp5tm1srrn_CVS-projeto_handout2.dfy,smtlib,z3,monomorphic,NOT_VERIFIED,4354,4
ground_truth,Software-building-and-verification-Projects_tmp_tmp5tm1srrn_CVS-projeto_handout2.dfy,smtlib,z3,predicates,VERIFIED,1589,0
ground_truth,Software-building-and-verification-Projects_tmp_tmp5tm1srrn_CVS-projeto_handout2.dfy,smtlib,z3,arguments,VERIFICATION_TIMED_OUT,31295,4
ground_truth,dafny-aoc-2019_tmp_tmpj6suy_rv_parser_split.dfy,tptp,vampire,polymorphic,VERIFICATION_TIMED_OUT,29854,4
ground_truth,dafny-aoc-2019_tmp_tmpj6suy_rv_parser_split.dfy,tptp,vampire,monomorphic,VERIFICATION_TIMED_OUT,29939,4
ground_truth,dafny-aoc-2019_tmp_tmpj6suy_rv_parser_split.dfy,tptp,vampire,predicates,VERIFICATION_TIMED_OUT,29852,4
ground_truth,dafny-aoc-2019_tmp_tmpj6suy_rv_parser_split.dfy,tptp,vampire,arguments,VERIFICATION_TIMED_OUT,29819,4
ground_truth,dafny-aoc-2019_tmp_tmpj6suy_rv_parser_split.dfy,smtlib,vampire,monomorphic,VERIFICATION_TIMED_OUT,29881,4
ground_truth,dafny-aoc-2019_tmp_tmpj6suy_rv_parser_split.dfy,smtlib,vampire,predicates,VERIFICATION_TIMED_OUT,29736,4
ground_truth,dafny-aoc-2019_tmp_tmpj6suy_rv_parser_split.dfy,smtlib,vampire,arguments,VERIFICATION_TIMED_OUT,29814,4
ground_truth,dafny-aoc-2019_tmp_tmpj6suy_rv_parser_split.dfy,smtlib,z3,monomorphic,VERIFIED,915,0
ground_truth,dafny-aoc-2019_tmp_tmpj6suy_rv_parser_split.dfy,smtlib,z3,predicates,VERIFIED,875,0
ground_truth,dafny-aoc-2019_tmp_tmpj6suy_rv_parser_split.dfy,smtlib,z3,arguments,VERIFIED,871,0
ground_truth,DafnyProjects_tmp_tmp2acw_s4s_sqrt.dfy,tptp,vampire,polymorphic,VERIFIED,834,0
ground_truth,DafnyProjects_tmp_tmp2acw_s4s_sqrt.dfy,tptp,vampire,monomorphic,VERIFIED,881,0
ground_truth,DafnyProjects_tmp_tmp2acw_s4s_sqrt.dfy,tptp,vampire,predicates,VERIFIED,851,0
ground_truth,DafnyProjects_tmp_tmp2acw_s4s_sqrt.dfy,tptp,vampire,arguments,VERIFIED,841,0
ground_truth,DafnyProjects_tmp_tmp2acw_s4s_sqrt.dfy,smtlib,vampire,monomorphic,VERIFIED,836,0
ground_truth,DafnyProjects_tmp_tmp2acw_s4s_sqrt.dfy,smtlib,vampire,predicates,VERIFIED,808,0
ground_truth,DafnyProjects_tmp_tmp2acw_s4s_sqrt.dfy,smtlib,vampire,arguments,VERIFIED,789,0
ground_truth,DafnyProjects_tmp_tmp2acw_s4s_sqrt.dfy,smtlib,z3,monomorphic,VERIFIED,828,0
ground_truth,DafnyProjects_tmp_tmp2acw_s4s_sqrt.dfy,smtlib,z3,predicates,VERIFIED,797,0
ground_truth,DafnyProjects_tmp_tmp2acw_s4s_sqrt.dfy,smtlib,z3,arguments,VERIFIED,797,0
ground_truth,Clover_cal_ans.dfy,tptp,vampire,polymorphic,VERIFIED,971,0
ground_truth,Clover_cal_ans.dfy,tptp,vampire,monomorphic,VERIFIED,1018,0
ground_truth,Clover_cal_ans.dfy,tptp,vampire,predicates,VERIFIED,1087,0
ground_truth,Clover_cal_ans.dfy,tptp,vampire,arguments,VERIFIED,883,0
ground_truth,Clover_cal_ans.dfy,smtlib,vampire,monomorphic,VERIFIED,880,0
ground_truth,Clover_cal_ans.dfy,smtlib,vampire,predicates,VERIFIED,983,0
ground_truth,Clover_cal_ans.dfy,smtlib,vampire,arguments,VERIFIED,1050,0
ground_truth,Clover_cal_ans.dfy,smtlib,z3,monomorphic,VERIFIED,820,0
ground_truth,Clover_cal_ans.dfy,smtlib,z3,predicates,VERIFIED,788,0
ground_truth,Clover_cal_ans.dfy,smtlib,z3,arguments,VERIFIED,783,0
ground_truth,Clover_swap.dfy,tptp,vampire,polymorphic,VERIFIED,782,0
ground_truth,Clover_swap.dfy,tptp,vampire,monomorphic,VERIFIED,829,0
ground_truth,Clover_swap.dfy,tptp,vampire,predicates,VERIFIED,807,0
ground_truth,Clover_swap.dfy,tptp,vampire,arguments,VERIFIED,797,0
ground_truth,Clover_swap.dfy,smtlib,vampire,monomorphic,VERIFIED,782,0
ground_truth,Clover_swap.dfy,smtlib,vampire,predicates,VERIFIED,777,0
ground_truth,Clover_swap.dfy,smtlib,vampire,arguments,VERIFIED,755,0
ground_truth,Clover_swap.dfy,smtlib,z3,monomorphic,VERIFIED,773,0
ground_truth,Clover_swap.dfy,smtlib,z3,predicates,VERIFIED,748,0
ground_truth,Clover_swap.dfy,smtlib,z3,arguments,VERIFIED,744,0
ground_truth,dafny-synthesis_task_id_445.dfy,tptp,vampire,polymorphic,VERIFICATION_TIMED_OUT,29773,4
ground_truth,dafny-synthesis_task_id_445.dfy,tptp,vampire,monomorphic,VERIFICATION_TIMED_OUT,29887,4
ground_truth,dafny-synthesis_task_id_445.dfy,tptp,vampire,predicates,VERIFICATION_TIMED_OUT,29811,4
ground_truth,dafny-synthesis_task_id_445.dfy,tptp,vampire,arguments,VERIFICATION_TIMED_OUT,29785,4
ground_truth,dafny-synthesis_task_id_445.dfy,smtlib,vampire,monomorphic,VERIFICATION_TIMED_OUT,29764,4
ground_truth,dafny-synthesis_task_id_445.dfy,smtlib,vampire,predicates,VERIFICATION_TIMED_OUT,29766,4
ground_truth,dafny-synthesis_task_id_445.dfy,smtlib,vampire,arguments,VERIFICATION_TIMED_OUT,29740,4
ground_truth,dafny-synthesis_task_id_445.dfy,smtlib,z3,monomorphic,VERIFIED,868,0
ground_truth,dafny-synthesis_task_id_445.dfy,smtlib,z3,predicates,VERIFIED,845,0
ground_truth,dafny-synthesis_task_id_445.dfy,smtlib,z3,arguments,VERIFIED,845,0
ground_truth,Clover_bubble_sort.dfy,tptp,vampire,polymorphic,VERIFICATION_TIMED_OUT,29797,4
ground_truth,Clover_bubble_sort.dfy,tptp,vampire,monomorphic,VERIFICATION_TIMED_OUT,29896,4
ground_truth,Clover_bubble_sort.dfy,tptp,vampire,predicates,VERIFICATION_TIMED_OUT,29900,4
ground_truth,Clover_bubble_sort.dfy,tptp,vampire,arguments,VERIFICATION_TIMED_OUT,29837,4
ground_truth,Clover_bubble_sort.dfy,smtlib,vampire,monomorphic,VERIFICATION_TIMED_OUT,29819,4
ground_truth,Clover_bubble_sort.dfy,smtlib,vampire,predicates,VERIFICATION_TIMED_OUT,29800,4
ground_truth,Clover_bubble_sort.dfy,smtlib,vampire,arguments,VERIFICATION_TIMED_OUT,29758,4
ground_truth,Clover_bubble_sort.dfy,smtlib,z3,monomorphic,VERIFIED,1382,0
ground_truth,Clover_bubble_sort.dfy,smtlib,z3,predicates,VERIFIED,1011,0
ground_truth,Clover_bubble_sort.dfy,smtlib,z3,arguments,VERIFIED,1103,0
ground_truth,Clover_array_product.dfy,tptp,vampire,polymorphic,VERIFICATION_TIMED_OUT,29772,4
ground_truth,Clover_array_product.dfy,tptp,vampire,monomorphic,VERIFICATION_TIMED_OUT,29892,4
ground_truth,Clover_array_product.dfy,tptp,vampire,predicates,VERIFICATION_TIMED_OUT,29814,4
ground_truth,Clover_array_product.dfy,tptp,vampire,arguments,VERIFICATION_TIMED_OUT,29828,4
ground_truth,Clover_array_product.dfy,smtlib,vampire,monomorphic,VERIFICATION_TIMED_OUT,29752,4
ground_truth,Clover_array_product.dfy,smtlib,vampire,predicates,VERIFICATION_TIMED_OUT,29738,4
ground_truth,Clover_array_product.dfy,smtlib,vampire,arguments,VERIFICATION_TIMED_OUT,29743,4
ground_truth,Clover_array_product.dfy,smtlib,z3,monomorphic,VERIFIED,872,0
ground_truth,Clover_array_product.dfy,smtlib,z3,predicates,VERIFIED,853,0
ground_truth,Clover_array_product.dfy,smtlib,z3,arguments,VERIFIED,851,0
ground_truth,dafny-language-server_tmp_tmpkir0kenl_Test_hofs_WhileLoop.dfy,tptp,vampire,polymorphic,VERIFICATION_TIMED_OUT,29826,4
ground_truth,dafny-language-server_tmp_tmpkir0kenl_Test_hofs_WhileLoop.dfy,tptp,vampire,monomorphic,VERIFICATION_TIMED_OUT,29959,4
ground_truth,dafny-language-server_tmp_tmpkir0kenl_Test_hofs_WhileLoop.dfy,tptp,vampire,predicates,VERIFICATION_TIMED_OUT,29925,4
ground_truth,dafny-language-server_tmp_tmpkir0kenl_Test_hofs_WhileLoop.dfy,tptp,vampire,arguments,VERIFICATION_TIMED_OUT,29907,4
ground_truth,dafny-language-server_tmp_tmpkir0kenl_Test_hofs_WhileLoop.dfy,smtlib,vampire,monomorphic,VERIFICATION_TIMED_OUT,29880,4
ground_truth,dafny-language-server_tmp_tmpkir0kenl_Test_hofs_WhileLoop.dfy,smtlib,vampire,predicates,VERIFICATION_TIMED_OUT,29832,4
ground_truth,dafny-language-server_tmp_tmpkir0kenl_Test_hofs_WhileLoop.dfy,smtlib,vampire,arguments,VERIFICATION_TIMED_OUT,29838,4
ground_truth,dafny-language-server_tmp_tmpkir0kenl_Test_hofs_WhileLoop.dfy,smtlib,z3,monomorphic,VERIFIED,949,0
ground_truth,dafny-language-server_tmp_tmpkir0kenl_Test_hofs_WhileLoop.dfy,smtlib,z3,predicates,VERIFIED,914,0
ground_truth,dafny-language-server_tmp_tmpkir0kenl_Test_hofs_WhileLoop.dfy,smtlib,z3,arguments,VERIFIED,892,0
ground_truth,Dafny-Projects_tmp_tmph399drhy_p2_arraySplit.dfy,tptp,vampire,polymorphic,VERIFICATION_TIMED_OUT,29742,4
ground_truth,Dafny-Projects_tmp_tmph399drhy_p2_arraySplit.dfy,tptp,vampire,monomorphic,VERIFICATION_TIMED_OUT,29804,4
ground_truth,Dafny-Projects_tmp_tmph399drhy_p2_arraySplit.dfy,tptp,vampire,predicates,VERIFICATION_TIMED_OUT,29805,4
ground_truth,Dafny-Projects_tmp_tmph399drhy_p2_arraySplit.dfy,tptp,vampire,arguments,VERIFICATION_TIMED_OUT,29796,4
ground_truth,Dafny-Projects_tmp_tmph399drhy_p2_arraySplit.dfy,smtlib,vampire,monomorphic,VERIFICATION_TIMED_OUT,29784,4
ground_truth,Dafny-Projects_tmp_tmph399drhy_p2_arraySplit.dfy,smtlib,vampire,predicates,VERIFICATION_TIMED_OUT,29752,4
ground_truth,Dafny-Projects_tmp_tmph399drhy_p2_arraySplit.dfy,smtlib,vampire,arguments,VERIFICATION_TIMED_OUT,29715,4
ground_truth,Dafny-Projects_tmp_tmph399drhy_p2_arraySplit.dfy,smtlib,z3,monomorphic,VERIFIED,888,0
ground_truth,Dafny-Projects_tmp_tmph399drhy_p2_arraySplit.dfy,smtlib,z3,predicates,VERIFIED,896,0
ground_truth,Dafny-Projects_tmp_tmph399drhy_p2_arraySplit.dfy,smtlib,z3,arguments,VERIFIED,852,0
ground_truth,dafny-language-server_tmp_tmpkir0kenl_Test_dafny1_Cubes.dfy,tptp,vampire,polymorphic,VERIFICATION_TIMED_OUT,29760,4
ground_truth,dafny-language-server_tmp_tmpkir0kenl_Test_dafny1_Cubes.dfy,tptp,vampire,monomorphic,VERIFICATION_TIMED_OUT,29871,4
ground_truth,dafny-language-server_tmp_tmpkir0kenl_Test_dafny1_Cubes.dfy,tptp,vampire,predicates,VERIFICATION_TIMED_OUT,29868,4
ground_truth,dafny-language-server_tmp_tmpkir0kenl_Test_dafny1_Cubes.dfy,tptp,vampire,arguments,VERIFICATION_TIMED_OUT,29830,4
ground_truth,dafny-language-server_tmp_tmpkir0kenl_Test_dafny1_Cubes.dfy,smtlib,vampire,monomorphic,VERIFICATION_TIMED_OUT,29756,4
ground_truth,dafny-language-server_tmp_tmpkir0kenl_Test_dafny1_Cubes.dfy,smtlib,vampire,predicates,VERIFICATION_TIMED_OUT,29729,4
ground_truth,dafny-language-server_tmp_tmpkir0kenl_Test_dafny1_Cubes.dfy,smtlib,vampire,arguments,VERIFICATION_TIMED_OUT,29731,4
ground_truth,dafny-language-server_tmp_tmpkir0kenl_Test_dafny1_Cubes.dfy,smtlib,z3,monomorphic,VERIFIED,878,0
ground_truth,dafny-language-server_tmp_tmpkir0kenl_Test_dafny1_Cubes.dfy,smtlib,z3,predicates,VERIFIED,859,0
ground_truth,dafny-language-server_tmp_tmpkir0kenl_Test_dafny1_Cubes.dfy,smtlib,z3,arguments,VERIFIED,839,0
ground_truth,Dafny-Exercises_tmp_tmpjm75muf__Session2Exercises_ExerciseExp.dfy,tptp,vampire,polymorphic,VERIFICATION_TIMED_OUT,29782,4
ground_truth,Dafny-Exercises_tmp_tmpjm75muf__Session2Exercises_ExerciseExp.dfy,tptp,vampire,monomorphic,VERIFICATION_TIMED_OUT,29889,4
ground_truth,Dafny-Exercises_tmp_tmpjm75muf__Session2Exercises_ExerciseExp.dfy,tptp,vampire,predicates,VERIFICATION_TIMED_OUT,29872,4
ground_truth,Dafny-Exercises_tmp_tmpjm75muf__Session2Exercises_ExerciseExp.dfy,tptp,vampire,arguments,VERIFICATION_TIMED_OUT,29854,4
ground_truth,Dafny-Exercises_tmp_tmpjm75muf__Session2Exercises_ExerciseExp.dfy,smtlib,vampire,monomorphic,VERIFICATION_TIMED_OUT,29835,4
ground_truth,Dafny-Exercises_tmp_tmpjm75muf__Session2Exercises_ExerciseExp.dfy,smtlib,vampire,predicates,VERIFICATION_TIMED_OUT,29791,4
ground_truth,Dafny-Exercises_tmp_tmpjm75muf__Session2Exercises_ExerciseExp.dfy,smtlib,vampire,arguments,VERIFICATION_TIMED_OUT,29772,4
ground_truth,Dafny-Exercises_tmp_tmpjm75muf__Session2Exercises_ExerciseExp.dfy,smtlib,z3,monomorphic,VERIFIED,878,0
ground_truth,Dafny-Exercises_tmp_tmpjm75muf__Session2Exercises_ExerciseExp.dfy,smtlib,z3,predicates,VERIFIED,854,0
ground_truth,Dafny-Exercises_tmp_tmpjm75muf__Session2Exercises_ExerciseExp.dfy,smtlib,z3,arguments,VERIFIED,848,0
ground_truth,Prog-Fun-Solutions_tmp_tmp7_gmnz5f_extra_mod2.dfy,tptp,vampire,polymorphic,VERIFICATION_TIMED_OUT,29916,4
ground_truth,Prog-Fun-Solutions_tmp_tmp7_gmnz5f_extra_mod2.dfy,tptp,vampire,monomorphic,VERIFICATION_TIMED_OUT,29851,4
ground_truth,Prog-Fun-Solutions_tmp_tmp7_gmnz5f_extra_mod2.dfy,tptp,vampire,predicates,VERIFICATION_TIMED_OUT,29802,4
ground_truth,Prog-Fun-Solutions_tmp_tmp7_gmnz5f_extra_mod2.dfy,tptp,vampire,arguments,VERIFICATION_TIMED_OUT,29823,4
ground_truth,Prog-Fun-Solutions_tmp_tmp7_gmnz5f_extra_mod2.dfy,smtlib,vampire,monomorphic,VERIFICATION_TIMED_OUT,29745,4
ground_truth,Prog-Fun-Solutions_tmp_tmp7_gmnz5f_extra_mod2.dfy,smtlib,vampire,predicates,VERIFICATION_TIMED_OUT,29765,4
ground_truth,Prog-Fun-Solutions_tmp_tmp7_gmnz5f_extra_mod2.dfy,smtlib,vampire,arguments,VERIFICATION_TIMED_OUT,29773,4
ground_truth,Prog-Fun-Solutions_tmp_tmp7_gmnz5f_extra_mod2.dfy,smtlib,z3,monomorphic,VERIFIED,972,0
ground_truth,Prog-Fun-Solutions_tmp_tmp7_gmnz5f_extra_mod2.dfy,smtlib,z3,predicates,VERIFIED,1577,0
ground_truth,Prog-Fun-Solutions_tmp_tmp7_gmnz5f_extra_mod2.dfy,smtlib,z3,arguments,VERIFIED,1479,0
ground_truth,Dafny_tmp_tmp0wu8wmfr_tests_SumIntsLoop.dfy,tptp,vampire,polymorphic,VERIFICATION_TIMED_OUT,29769,4
ground_truth,Dafny_tmp_tmp0wu8wmfr_tests_SumIntsLoop.dfy,tptp,vampire,monomorphic,VERIFICATION_TIMED_OUT,29841,4
ground_truth,Dafny_tmp_tmp0wu8wmfr_tests_SumIntsLoop.dfy,tptp,vampire,predicates,VERIFICATION_TIMED_OUT,29853,4
ground_truth,Dafny_tmp_tmp0wu8wmfr_tests_SumIntsLoop.dfy,tptp,vampire,arguments,VERIFICATION_TIMED_OUT,29789,4
ground_truth,Dafny_tmp_tmp0wu8wmfr_tests_SumIntsLoop.dfy,smtlib,vampire,monomorphic,VERIFIED,22433,0
ground_truth,Dafny_tmp_tmp0wu8wmfr_tests_SumIntsLoop.dfy,smtlib,vampire,predicates,VERIFIED,14148,0
ground_truth,Dafny_tmp_tmp0wu8wmfr_tests_SumIntsLoop.dfy,smtlib,vampire,arguments,VERIFIED,10529,0
ground_truth,Dafny_tmp_tmp0wu8wmfr_tests_SumIntsLoop.dfy,smtlib,z3,monomorphic,VERIFIED,880,0
ground_truth,Dafny_tmp_tmp0wu8wmfr_tests_SumIntsLoop.dfy,smtlib,z3,predicates,VERIFIED,836,0
ground_truth,Dafny_tmp_tmp0wu8wmfr_tests_SumIntsLoop.dfy,smtlib,z3,arguments,VERIFIED,842,0
ground_truth,Dafny-Exercises_tmp_tmpjm75muf__Session4Exercises_ExerciseContained.dfy,tptp,vampire,polymorphic,VERIFICATION_TIMED_OUT,29840,4
ground_truth,Dafny-Exercises_tmp_tmpjm75muf__Session4Exercises_ExerciseContained.dfy,tptp,vampire,monomorphic,VERIFICATION_TIMED_OUT,29861,4
ground_truth,Dafny-Exercises_tmp_tmpjm75muf__Session4Exercises_ExerciseContained.dfy,tptp,vampire,predicates,VERIFICATION_TIMED_OUT,29871,4
ground_truth,Dafny-Exercises_tmp_tmpjm75muf__Session4Exercises_ExerciseContained.dfy,tptp,vampire,arguments,VERIFICATION_TIMED_OUT,29831,4
ground_truth,Dafny-Exercises_tmp_tmpjm75muf__Session4Exercises_ExerciseContained.dfy,smtlib,vampire,monomorphic,VERIFICATION_TIMED_OUT,29809,4
ground_truth,Dafny-Exercises_tmp_tmpjm75muf__Session4Exercises_ExerciseContained.dfy,smtlib,vampire,predicates,VERIFICATION_TIMED_OUT,29815,4
ground_truth,Dafny-Exercises_tmp_tmpjm75muf__Session4Exercises_ExerciseContained.dfy,smtlib,vampire,arguments,VERIFICATION_TIMED_OUT,29748,4
ground_truth,Dafny-Exercises_tmp_tmpjm75muf__Session4Exercises_ExerciseContained.dfy,smtlib,z3,monomorphic,VERIFIED,932,0
ground_truth,Dafny-Exercises_tmp_tmpjm75muf__Session4Exercises_ExerciseContained.dfy,smtlib,z3,predicates,VERIFIED,885,0
ground_truth,Dafny-Exercises_tmp_tmpjm75muf__Session4Exercises_ExerciseContained.dfy,smtlib,z3,arguments,VERIFIED,882,0
ground_truth,cs357_tmp_tmpn4fsvwzs_lab7_question2.dfy,tptp,vampire,polymorphic,VERIFIED,852,0
ground_truth,cs357_tmp_tmpn4fsvwzs_lab7_question2.dfy,tptp,vampire,monomorphic,VERIFIED,917,0
ground_truth,cs357_tmp_tmpn4fsvwzs_lab7_question2.dfy,tptp,vampire,predicates,VERIFIED,888,0
ground_truth,cs357_tmp_tmpn4fsvwzs_lab7_question2.dfy,tptp,vampire,arguments,VERIFIED,881,0
ground_truth,cs357_tmp_tmpn4fsvwzs_lab7_question2.dfy,smtlib,vampire,monomorphic,VERIFIED,865,0
ground_truth,cs357_tmp_tmpn4fsvwzs_lab7_question2.dfy,smtlib,vampire,predicates,VERIFIED,852,0
ground_truth,cs357_tmp_tmpn4fsvwzs_lab7_question2.dfy,smtlib,vampire,arguments,VERIFIED,842,0
ground_truth,cs357_tmp_tmpn4fsvwzs_lab7_question2.dfy,smtlib,z3,monomorphic,VERIFIED,797,0
ground_truth,cs357_tmp_tmpn4fsvwzs_lab7_question2.dfy,smtlib,z3,predicates,VERIFIED,773,0
ground_truth,cs357_tmp_tmpn4fsvwzs_lab7_question2.dfy,smtlib,z3,arguments,VERIFIED,770,0
ground_truth,dafny-synthesis_task_id_790.dfy,tptp,vampire,polymorphic,VERIFIED,1947,0
ground_truth,dafny-synthesis_task_id_790.dfy,tptp,vampire,monomorphic,VERIFIED,1863,0
ground_truth,dafny-synthesis_task_id_790.dfy,tptp,vampire,predicates,VERIFIED,1867,0
ground_truth,dafny-synthesis_task_id_790.dfy,tptp,vampire,arguments,VERIFIED,1858,0
ground_truth,dafny-synthesis_task_id_790.dfy,smtlib,vampire,monomorphic,VERIFIED,1931,0
ground_truth,dafny-synthesis_task_id_790.dfy,smtlib,vampire,predicates,VERIFIED,1932,0
ground_truth,dafny-synthesis_task_id_790.dfy,smtlib,vampire,arguments,VERIFIED,1939,0
ground_truth,dafny-synthesis_task_id_790.dfy,smtlib,z3,monomorphic,VERIFIED,888,0
ground_truth,dafny-synthesis_task_id_790.dfy,smtlib,z3,predicates,VERIFIED,863,0
ground_truth,dafny-synthesis_task_id_790.dfy,smtlib,z3,arguments,VERIFIED,855,0
ground_truth,repo-8967-Ironclad_tmp_tmp4q25en_1_ironclad-apps_src_Dafny_Libraries_Util_seqs_simple.dfy,tptp,vampire,polymorphic,VERIFICATION_TIMED_OUT,30285,4
ground_truth,repo-8967-Ironclad_tmp_tmp4q25en_1_ironclad-apps_src_Dafny_Libraries_Util_seqs_simple.dfy,tptp,vampire,monomorphic,VERIFICATION_TIMED_OUT,30132,4
ground_truth,repo-8967-Ironclad_tmp_tmp4q25en_1_ironclad-apps_src_Dafny_Libraries_Util_seqs_simple.dfy,tptp,vampire,predicates,VERIFICATION_TIMED_OUT,30273,4
ground_truth,repo-8967-Ironclad_tmp_tmp4q25en_1_ironclad-apps_src_Dafny_Libraries_Util_seqs_simple.dfy,tptp,vampire,arguments,VERIFICATION_TIMED_OUT,30053,4
ground_truth,repo-8967-Ironclad_tmp_tmp4q25en_1_ironclad-apps_src_Dafny_Libraries_Util_seqs_simple.dfy,smtlib,vampire,monomorphic,VERIFICATION_TIMED_OUT,30000,4
ground_truth,repo-8967-Ironclad_tmp_tmp4q25en_1_ironclad-apps_src_Dafny_Libraries_Util_seqs_simple.dfy,smtlib,vampire,predicates,VERIFICATION_TIMED_OUT,30199,4
ground_truth,repo-8967-Ironclad_tmp_tmp4q25en_1_ironclad-apps_src_Dafny_Libraries_Util_seqs_simple.dfy,smtlib,vampire,arguments,VERIFICATION_TIMED_OUT,29958,4
ground_truth,repo-8967-Ironclad_tmp_tmp4q25en_1_ironclad-apps_src_Dafny_Libraries_Util_seqs_simple.dfy,smtlib,z3,monomorphic,VERIFIED,907,0
ground_truth,repo-8967-Ironclad_tmp_tmp4q25en_1_ironclad-apps_src_Dafny_Libraries_Util_seqs_simple.dfy,smtlib,z3,predicates,VERIFIED,897,0
ground_truth,repo-8967-Ironclad_tmp_tmp4q25en_1_ironclad-apps_src_Dafny_Libraries_Util_seqs_simple.dfy,smtlib,z3,arguments,VERIFIED,876,0
ground_truth,DafnyProjects_tmp_tmp2acw_s4s_Power.dfy,tptp,vampire,polymorphic,VERIFICATION_TIMED_OUT,29857,4
ground_truth,DafnyProjects_tmp_tmp2acw_s4s_Power.dfy,tptp,vampire,monomorphic,VERIFICATION_TIMED_OUT,29895,4
ground_truth,DafnyProjects_tmp_tmp2acw_s4s_Power.dfy,tptp,vampire,predicates,VERIFICATION_TIMED_OUT,29835,4
ground_truth,DafnyProjects_tmp_tmp2acw_s4s_Power.dfy,tptp,vampire,arguments,VERIFICATION_TIMED_OUT,29874,4
ground_truth,DafnyProjects_tmp_tmp2acw_s4s_Power.dfy,smtlib,vampire,monomorphic,VERIFICATION_TIMED_OUT,29826,4
ground_truth,DafnyProjects_tmp_tmp2acw_s4s_Power.dfy,smtlib,vampire,predicates,VERIFICATION_TIMED_OUT,29798,4
ground_truth,DafnyProjects_tmp_tmp2acw_s4s_Power.dfy,smtlib,vampire,arguments,VERIFICATION_TIMED_OUT,29791,4
ground_truth,DafnyProjects_tmp_tmp2acw_s4s_Power.dfy,smtlib,z3,monomorphic,NOT_VERIFIED,922,4
ground_truth,DafnyProjects_tmp_tmp2acw_s4s_Power.dfy,smtlib,z3,predicates,NOT_VERIFIED,884,4
ground_truth,DafnyProjects_tmp_tmp2acw_s4s_Power.dfy,smtlib,z3,arguments,NOT_VERIFIED,944,4
ground_truth,SENG2011_tmp_tmpgk5jq85q_exam_ex4.dfy,tptp,vampire,polymorphic,VERIFICATION_TIMED_OUT,29721,4
ground_truth,SENG2011_tmp_tmpgk5jq85q_exam_ex4.dfy,tptp,vampire,monomorphic,VERIFICATION_TIMED_OUT,29733,4
ground_truth,SENG2011_tmp_tmpgk5jq85q_exam_ex4.dfy,tptp,vampire,predicates,VERIFICATION_TIMED_OUT,29797,4
ground_truth,SENG2011_tmp_tmpgk5jq85q_exam_ex4.dfy,tptp,vampire,arguments,VERIFICATION_TIMED_OUT,29785,4
ground_truth,SENG2011_tmp_tmpgk5jq85q_exam_ex4.dfy,smtlib,vampire,monomorphic,VERIFICATION_TIMED_OUT,29772,4
ground_truth,SENG2011_tmp_tmpgk5jq85q_exam_ex4.dfy,smtlib,vampire,predicates,VERIFICATION_TIMED_OUT,29727,4
ground_truth,SENG2011_tmp_tmpgk5jq85q_exam_ex4.dfy,smtlib,vampire,arguments,VERIFIED,8033,0
ground_truth,SENG2011_tmp_tmpgk5jq85q_exam_ex4.dfy,smtlib,z3,monomorphic,VERIFIED,814,0
ground_truth,SENG2011_tmp_tmpgk5jq85q_exam_ex4.dfy,smtlib,z3,predicates,VERIFIED,781,0
ground_truth,SENG2011_tmp_tmpgk5jq85q_exam_ex4.dfy,smtlib,z3,arguments,VERIFIED,784,0
ground_truth,Clover_has_close_elements.dfy,tptp,vampire,polymorphic,VERIFICATION_TIMED_OUT,29813,4
ground_truth,Clover_has_close_elements.dfy,tptp,vampire,monomorphic,VERIFICATION_TIMED_OUT,29878,4
ground_truth,Clover_has_close_elements.dfy,tptp,vampire,predicates,VERIFICATION_TIMED_OUT,29791,4
ground_truth,Clover_has_close_elements.dfy,tptp,vampire,arguments,VERIFICATION_TIMED_OUT,29798,4
ground_truth,Clover_has_close_elements.dfy,smtlib,vampire,monomorphic,VERIFICATION_TIMED_OUT,29814,4
ground_truth,Clover_has_close_elements.dfy,smtlib,vampire,predicates,VERIFICATION_TIMED_OUT,29764,4
ground_truth,Clover_has_close_elements.dfy,smtlib,vampire,arguments,VERIFICATION_TIMED_OUT,29798,4
ground_truth,Clover_has_close_elements.dfy,smtlib,z3,monomorphic,VERIFIED,894,0
ground_truth,Clover_has_close_elements.dfy,smtlib,z3,predicates,VERIFIED,870,0
ground_truth,Clover_has_close_elements.dfy,smtlib,z3,arguments,VERIFIED,864,0
ground_truth,stunning-palm-tree_tmp_tmpr84c2iwh_ch1.dfy,tptp,vampire,polymorphic,VERIFIED,1422,0
ground_truth,stunning-palm-tree_tmp_tmpr84c2iwh_ch1.dfy,tptp,vampire,monomorphic,VERIFIED,1013,0
ground_truth,stunning-palm-tree_tmp_tmpr84c2iwh_ch1.dfy,tptp,vampire,predicates,VERIFIED,974,0
ground_truth,stunning-palm-tree_tmp_tmpr84c2iwh_ch1.dfy,tptp,vampire,arguments,VERIFIED,958,0
ground_truth,stunning-palm-tree_tmp_tmpr84c2iwh_ch1.dfy,smtlib,vampire,monomorphic,VERIFIED,965,0
ground_truth,stunning-palm-tree_tmp_tmpr84c2iwh_ch1.dfy,smtlib,vampire,predicates,VERIFIED,922,0
ground_truth,stunning-palm-tree_tmp_tmpr84c2iwh_ch1.dfy,smtlib,vampire,arguments,VERIFIED,915,0
ground_truth,stunning-palm-tree_tmp_tmpr84c2iwh_ch1.dfy,smtlib,z3,monomorphic,VERIFIED,880,0
ground_truth,stunning-palm-tree_tmp_tmpr84c2iwh_ch1.dfy,smtlib,z3,predicates,VERIFIED,818,0
ground_truth,stunning-palm-tree_tmp_tmpr84c2iwh_ch1.dfy,smtlib,z3,arguments,VERIFIED,817,0
ground_truth,dafl_tmp_tmp_r3_8w3y_dafny_examples_dafny0_PrecedenceLinter.dfy,tptp,vampire,polymorphic,VERIFICATION_TIMED_OUT,30331,4
ground_truth,dafl_tmp_tmp_r3_8w3y_dafny_examples_dafny0_PrecedenceLinter.dfy,tptp,vampire,monomorphic,VERIFIED,2598,0
ground_truth,dafl_tmp_tmp_r3_8w3y_dafny_examples_dafny0_PrecedenceLinter.dfy,tptp,vampire,predicates,VERIFICATION_TIMED_OUT,30390,4
ground_truth,dafl_tmp_tmp_r3_8w3y_dafny_examples_dafny0_PrecedenceLinter.dfy,tptp,vampire,arguments,VERIFIED,3041,0
ground_truth,dafl_tmp_tmp_r3_8w3y_dafny_examples_dafny0_PrecedenceLinter.dfy,smtlib,vampire,monomorphic,VERIFIED,2435,0
ground_truth,dafl_tmp_tmp_r3_8w3y_dafny_examples_dafny0_PrecedenceLinter.dfy,smtlib,vampire,predicates,VERIFIED,19876,0
ground_truth,dafl_tmp_tmp_r3_8w3y_dafny_examples_dafny0_PrecedenceLinter.dfy,smtlib,vampire,arguments,VERIFIED,2263,0
ground_truth,dafl_tmp_tmp_r3_8w3y_dafny_examples_dafny0_PrecedenceLinter.dfy,smtlib,z3,monomorphic,VERIFIED,1479,0
ground_truth,dafl_tmp_tmp_r3_8w3y_dafny_examples_dafny0_PrecedenceLinter.dfy,smtlib,z3,predicates,VERIFIED,1239,0
ground_truth,dafl_tmp_tmp_r3_8w3y_dafny_examples_dafny0_PrecedenceLinter.dfy,smtlib,z3,arguments,VERIFIED,1234,0
ground_truth,Dafny_Verify_tmp_tmphq7j0row_Fine_Tune_Examples_50_examples_41.dfy,tptp,vampire,polymorphic,VERIFICATION_TIMED_OUT,29758,4
ground_truth,Dafny_Verify_tmp_tmphq7j0row_Fine_Tune_Examples_50_examples_41.dfy,tptp,vampire,monomorphic,VERIFICATION_TIMED_OUT,29741,4
ground_truth,Dafny_Verify_tmp_tmphq7j0row_Fine_Tune_Examples_50_examples_41.dfy,tptp,vampire,predicates,VERIFICATION_TIMED_OUT,29762,4
ground_truth,Dafny_Verify_tmp_tmphq7j0row_Fine_Tune_Examples_50_examples_41.dfy,tptp,vampire,arguments,VERIFICATION_TIMED_OUT,29711,4
ground_truth,Dafny_Verify_tmp_tmphq7j0row_Fine_Tune_Examples_50_examples_41.dfy,smtlib,vampire,monomorphic,VERIFIED,1077,0
ground_truth,Dafny_Verify_tmp_tmphq7j0row_Fine_Tune_Examples_50_examples_41.dfy,smtlib,vampire,predicates,VERIFIED,2064,0
ground_truth,Dafny_Verify_tmp_tmphq7j0row_Fine_Tune_Examples_50_examples_41.dfy,smtlib,vampire,arguments,VERIFIED,1141,0
ground_truth,Dafny_Verify_tmp_tmphq7j0row_Fine_Tune_Examples_50_examples_41.dfy,smtlib,z3,monomorphic,VERIFIED,814,0
ground_truth,Dafny_Verify_tmp_tmphq7j0row_Fine_Tune_Examples_50_examples_41.dfy,smtlib,z3,predicates,VERIFIED,789,0
ground_truth,Dafny_Verify_tmp_tmphq7j0row_Fine_Tune_Examples_50_examples_41.dfy,smtlib,z3,arguments,VERIFIED,781,0
ground_truth,dafny-synthesis_task_id_406.dfy,tptp,vampire,polymorphic,VERIFIED,795,0
ground_truth,dafny-synthesis_task_id_406.dfy,tptp,vampire,monomorphic,VERIFIED,835,0
ground_truth,dafny-synthesis_task_id_406.dfy,tptp,vampire,predicates,VERIFIED,789,0
ground_truth,dafny-synthesis_task_id_406.dfy,tptp,vampire,arguments,VERIFIED,799,0
ground_truth,dafny-synthesis_task_id_406.dfy,smtlib,vampire,monomorphic,VERIFIED,790,0
ground_truth,dafny-synthesis_task_id_406.dfy,smtlib,vampire,predicates,VERIFIED,766,0
ground_truth,dafny-synthesis_task_id_406.dfy,smtlib,vampire,arguments,VERIFIED,747,0
ground_truth,dafny-synthesis_task_id_406.dfy,smtlib,z3,monomorphic,VERIFIED,786,0
ground_truth,dafny-synthesis_task_id_406.dfy,smtlib,z3,predicates,VERIFIED,737,0
ground_truth,dafny-synthesis_task_id_406.dfy,smtlib,z3,arguments,VERIFIED,734,0
ground_truth,ironsync-osdi2023_tmp_tmpx80antoe_lib_Math_div_def.dfy,tptp,vampire,polymorphic,VERIFIED,869,0
ground_truth,ironsync-osdi2023_tmp_tmpx80antoe_lib_Math_div_def.dfy,tptp,vampire,monomorphic,VERIFIED,931,0
ground_truth,ironsync-osdi2023_tmp_tmpx80antoe_lib_Math_div_def.dfy,tptp,vampire,predicates,VERIFIED,885,0
ground_truth,ironsync-osdi2023_tmp_tmpx80antoe_lib_Math_div_def.dfy,tptp,vampire,arguments,VERIFIED,885,0
ground_truth,ironsync-osdi2023_tmp_tmpx80antoe_lib_Math_div_def.dfy,smtlib,vampire,monomorphic,VERIFIED,894,0
ground_truth,ironsync-osdi2023_tmp_tmpx80antoe_lib_Math_div_def.dfy,smtlib,vampire,predicates,VERIFIED,859,0
ground_truth,ironsync-osdi2023_tmp_tmpx80antoe_lib_Math_div_def.dfy,smtlib,vampire,arguments,VERIFIED,851,0
ground_truth,ironsync-osdi2023_tmp_tmpx80antoe_lib_Math_div_def.dfy,smtlib,z3,monomorphic,VERIFIED,832,0
ground_truth,ironsync-osdi2023_tmp_tmpx80antoe_lib_Math_div_def.dfy,smtlib,z3,predicates,VERIFIED,804,0
ground_truth,ironsync-osdi2023_tmp_tmpx80antoe_lib_Math_div_def.dfy,smtlib,z3,arguments,VERIFIED,789,0
ground_truth,test-generation-examples_tmp_tmptwyqofrp_IntegerSet_dafny_Utils.dfy,tptp,vampire,polymorphic,VERIFIED,596,0
ground_truth,test-generation-examples_tmp_tmptwyqofrp_IntegerSet_dafny_Utils.dfy,tptp,vampire,monomorphic,VERIFIED,640,0
ground_truth,test-generation-examples_tmp_tmptwyqofrp_IntegerSet_dafny_Utils.dfy,tptp,vampire,predicates,VERIFIED,582,0
ground_truth,test-generation-examples_tmp_tmptwyqofrp_IntegerSet_dafny_Utils.dfy,tptp,vampire,arguments,VERIFIED,586,0
ground_truth,test-generation-examples_tmp_tmptwyqofrp_IntegerSet_dafny_Utils.dfy,smtlib,vampire,monomorphic,VERIFIED,602,0
ground_truth,test-generation-examples_tmp_tmptwyqofrp_IntegerSet_dafny_Utils.dfy,smtlib,vampire,predicates,VERIFIED,546,0
ground_truth,test-generation-examples_tmp_tmptwyqofrp_IntegerSet_dafny_Utils.dfy,smtlib,vampire,arguments,VERIFIED,548,0
ground_truth,test-generation-examples_tmp_tmptwyqofrp_IntegerSet_dafny_Utils.dfy,smtlib,z3,monomorphic,VERIFIED,611,0
ground_truth,test-generation-examples_tmp_tmptwyqofrp_IntegerSet_dafny_Utils.dfy,smtlib,z3,predicates,VERIFIED,546,0
ground_truth,test-generation-examples_tmp_tmptwyqofrp_IntegerSet_dafny_Utils.dfy,smtlib,z3,arguments,VERIFIED,547,0
ground_truth,iron-sync_tmp_tmps49o3tyz_Impl_CommitterCommitModel.dfy,tptp,vampire,polymorphic,VERIFIED,367,0
ground_truth,iron-sync_tmp_tmps49o3tyz_Impl_CommitterCommitModel.dfy,tptp,vampire,monomorphic,VERIFIED,368,0
ground_truth,iron-sync_tmp_tmps49o3tyz_Impl_CommitterCommitModel.dfy,tptp,vampire,predicates,VERIFIED,367,0
ground_truth,iron-sync_tmp_tmps49o3tyz_Impl_CommitterCommitModel.dfy,tptp,vampire,arguments,VERIFIED,359,0
ground_truth,iron-sync_tmp_tmps49o3tyz_Impl_CommitterCommitModel.dfy,smtlib,vampire,monomorphic,VERIFIED,326,0
ground_truth,iron-sync_tmp_tmps49o3tyz_Impl_CommitterCommitModel.dfy,smtlib,vampire,predicates,VERIFIED,335,0
ground_truth,iron-sync_tmp_tmps49o3tyz_Impl_CommitterCommitModel.dfy,smtlib,vampire,arguments,VERIFIED,323,0
ground_truth,iron-sync_tmp_tmps49o3tyz_Impl_CommitterCommitModel.dfy,smtlib,z3,monomorphic,VERIFIED,341,0
ground_truth,iron-sync_tmp_tmps49o3tyz_Impl_CommitterCommitModel.dfy,smtlib,z3,predicates,VERIFIED,346,0
ground_truth,iron-sync_tmp_tmps49o3tyz_Impl_CommitterCommitModel.dfy,smtlib,z3,arguments,VERIFIED,333,0
