suite,benchmark,language,prover,type_encoding,verification_result,elapsed_ms,exit_code
ground_truth,Dafny_tmp_tmp0wu8wmfr_Heimaverkefni 8_H8.dfy,tptp,vampire,polymorphic,VERIFICATION_TIMED_OUT,15398,4
ground_truth,Dafny_tmp_tmp0wu8wmfr_Heimaverkefni 8_H8.dfy,tptp,vampire,monomorphic,VERIFICATION_TIMED_OUT,15539,4
ground_truth,Dafny_tmp_tmp0wu8wmfr_Heimaverkefni 8_H8.dfy,tptp,vampire,predicates,VERIFICATION_TIMED_OUT,15425,4
ground_truth,Dafny_tmp_tmp0wu8wmfr_Heimaverkefni 8_H8.dfy,tptp,vampire,arguments,VERIFICATION_TIMED_OUT,15441,4
ground_truth,Dafny_tmp_tmp0wu8wmfr_Heimaverkefni 8_H8.dfy,smtlib,vampire,monomorphic,VERIFICATION_TIMED_OUT,15468,4
ground_truth,Dafny_tmp_tmp0wu8wmfr_Heimaverkefni 8_H8.dfy,smtlib,vampire,predicates,VERIFICATION_TIMED_OUT,15341,4
ground_truth,Dafny_tmp_tmp0wu8wmfr_Heimaverkefni 8_H8.dfy,smtlib,vampire,arguments,VERIFICATION_TIMED_OUT,15354,4
ground_truth,Dafny_tmp_tmp0wu8wmfr_Heimaverkefni 8_H8.dfy,smtlib,z3,monomorphic,VERIFIED,2457,0
ground_truth,Dafny_tmp_tmp0wu8wmfr_Heimaverkefni 8_H8.dfy,smtlib,z3,predicates,VERIFIED,3162,0
ground_truth,Dafny_tmp_tmp0wu8wmfr_Heimaverkefni 8_H8.dfy,smtlib,z3,arguments,VERIFIED,1973,0
ground_truth,Dafny_Verify_tmp_tmphq7j0row_dataset_C_convert_examples_15.dfy,tptp,vampire,polymorphic,VERIFIED,1408,0
ground_truth,Dafny_Verify_tmp_tmphq7j0row_dataset_C_convert_examples_15.dfy,tptp,vampire,monomorphic,VERIFIED,1516,0
ground_truth,Dafny_Verify_tmp_tmphq7j0row_dataset_C_convert_examples_15.dfy,tptp,vampire,predicates,VERIFIED,1440,0
ground_truth,Dafny_Verify_tmp_tmphq7j0row_dataset_C_convert_examples_15.dfy,tptp,vampire,arguments,VERIFIED,1443,0
ground_truth,Dafny_Verify_tmp_tmphq7j0row_dataset_C_convert_examples_15.dfy,smtlib,vampire,monomorphic,VERIFIED,1436,0
ground_truth,Dafny_Verify_tmp_tmphq7j0row_dataset_C_convert_examples_15.dfy,smtlib,vampire,predicates,VERIFIED,1410,0
ground_truth,Dafny_Verify_tmp_tmphq7j0row_dataset_C_convert_examples_15.dfy,smtlib,vampire,arguments,VERIFIED,1488,0
ground_truth,Dafny_Verify_tmp_tmphq7j0row_dataset_C_convert_examples_15.dfy,smtlib,z3,monomorphic,VERIFIED,1456,0
ground_truth,Dafny_Verify_tmp_tmphq7j0row_dataset_C_convert_examples_15.dfy,smtlib,z3,predicates,VERIFIED,1419,0
ground_truth,Dafny_Verify_tmp_tmphq7j0row_dataset_C_convert_examples_15.dfy,smtlib,z3,arguments,VERIFIED,1439,0
ground_truth,dafny-synthesis_task_id_70.dfy,tptp,vampire,polymorphic,VERIFIED,2462,0
ground_truth,dafny-synthesis_task_id_70.dfy,tptp,vampire,monomorphic,VERIFIED,4145,0
ground_truth,dafny-synthesis_task_id_70.dfy,tptp,vampire,predicates,VERIFICATION_TIMED_OUT,15404,4
ground_truth,dafny-synthesis_task_id_70.dfy,tptp,vampire,arguments,VERIFIED,3509,0
ground_truth,dafny-synthesis_task_id_70.dfy,smtlib,vampire,monomorphic,VERIFIED,6766,0
ground_truth,dafny-synthesis_task_id_70.dfy,smtlib,vampire,predicates,VERIFIED,3223,0
ground_truth,dafny-synthesis_task_id_70.dfy,smtlib,vampire,arguments,VERIFIED,3269,0
ground_truth,dafny-synthesis_task_id_70.dfy,smtlib,z3,monomorphic,VERIFIED,1488,0
ground_truth,dafny-synthesis_task_id_70.dfy,smtlib,z3,predicates,VERIFIED,1424,0
ground_truth,dafny-synthesis_task_id_70.dfy,smtlib,z3,arguments,VERIFIED,1411,0
ground_truth,dafny-exercise_tmp_tmpouftptir_firstE.dfy,tptp,vampire,polymorphic,VERIFICATION_TIMED_OUT,15459,4
ground_truth,dafny-exercise_tmp_tmpouftptir_firstE.dfy,tptp,vampire,monomorphic,VERIFICATION_TIMED_OUT,15517,4
ground_truth,dafny-exercise_tmp_tmpouftptir_firstE.dfy,tptp,vampire,predicates,VERIFICATION_TIMED_OUT,15466,4
ground_truth,dafny-exercise_tmp_tmpouftptir_firstE.dfy,tptp,vampire,arguments,VERIFICATION_TIMED_OUT,15435,4
ground_truth,dafny-exercise_tmp_tmpouftptir_firstE.dfy,smtlib,vampire,monomorphic,VERIFICATION_TIMED_OUT,15391,4
ground_truth,dafny-exercise_tmp_tmpouftptir_firstE.dfy,smtlib,vampire,predicates,VERIFICATION_TIMED_OUT,15329,4
ground_truth,dafny-exercise_tmp_tmpouftptir_firstE.dfy,smtlib,vampire,arguments,VERIFICATION_TIMED_OUT,15378,4
ground_truth,dafny-exercise_tmp_tmpouftptir_firstE.dfy,smtlib,z3,monomorphic,VERIFIED,1560,0
ground_truth,dafny-exercise_tmp_tmpouftptir_firstE.dfy,smtlib,z3,predicates,VERIFIED,1494,0
ground_truth,dafny-exercise_tmp_tmpouftptir_firstE.dfy,smtlib,z3,arguments,VERIFIED,1501,0
ground_truth,TFG_tmp_tmpbvsao41w_Algoritmos Dafny_div_ent_it.dfy,tptp,vampire,polymorphic,VERIFIED,1677,0
ground_truth,TFG_tmp_tmpbvsao41w_Algoritmos Dafny_div_ent_it.dfy,tptp,vampire,monomorphic,VERIFIED,2063,0
ground_truth,TFG_tmp_tmpbvsao41w_Algoritmos Dafny_div_ent_it.dfy,tptp,vampire,predicates,VERIFIED,2004,0
ground_truth,TFG_tmp_tmpbvsao41w_Algoritmos Dafny_div_ent_it.dfy,tptp,vampire,arguments,VERIFIED,1708,0
ground_truth,TFG_tmp_tmpbvsao41w_Algoritmos Dafny_div_ent_it.dfy,smtlib,vampire,monomorphic,VERIFIED,2024,0
ground_truth,TFG_tmp_tmpbvsao41w_Algoritmos Dafny_div_ent_it.dfy,smtlib,vampire,predicates,VERIFIED,1694,0
ground_truth,TFG_tmp_tmpbvsao41w_Algoritmos Dafny_div_ent_it.dfy,smtlib,vampire,arguments,VERIFIED,1673,0
ground_truth,TFG_tmp_tmpbvsao41w_Algoritmos Dafny_div_ent_it.dfy,smtlib,z3,monomorphic,VERIFIED,1428,0
ground_truth,TFG_tmp_tmpbvsao41w_Algoritmos Dafny_div_ent_it.dfy,smtlib,z3,predicates,VERIFIED,1390,0
ground_truth,TFG_tmp_tmpbvsao41w_Algoritmos Dafny_div_ent_it.dfy,smtlib,z3,arguments,VERIFIED,1353,0
ground_truth,DafnyProjects_tmp_tmp2acw_s4s_Graph.dfy,tptp,vampire,polymorphic,VERIFICATION_TIMED_OUT,29646,4
ground_truth,DafnyProjects_tmp_tmp2acw_s4s_Graph.dfy,tptp,vampire,monomorphic,VERIFICATION_TIMED_OUT,29768,4
ground_truth,DafnyProjects_tmp_tmp2acw_s4s_Graph.dfy,tptp,vampire,predicates,VERIFICATION_TIMED_OUT,29890,4
ground_truth,DafnyProjects_tmp_tmp2acw_s4s_Graph.dfy,tptp,vampire,arguments,VERIFICATION_TIMED_OUT,29654,4
ground_truth,DafnyProjects_tmp_tmp2acw_s4s_Graph.dfy,smtlib,vampire,monomorphic,VERIFICATION_TIMED_OUT,20450,4
ground_truth,DafnyProjects_tmp_tmp2acw_s4s_Graph.dfy,smtlib,vampire,predicates,VERIFICATION_TIMED_OUT,29819,4
ground_truth,DafnyProjects_tmp_tmp2acw_s4s_Graph.dfy,smtlib,vampire,arguments,VERIFICATION_TIMED_OUT,29490,4
ground_truth,DafnyProjects_tmp_tmp2acw_s4s_Graph.dfy,smtlib,z3,monomorphic,VERIFIED,2056,0
ground_truth,DafnyProjects_tmp_tmp2acw_s4s_Graph.dfy,smtlib,z3,predicates,VERIFIED,2386,0
ground_truth,DafnyProjects_tmp_tmp2acw_s4s_Graph.dfy,smtlib,z3,arguments,VERIFIED,2097,0
ground_truth,dafny-synthesis_task_id_732.dfy,tptp,vampire,polymorphic,VERIFICATION_TIMED_OUT,15409,4
ground_truth,dafny-synthesis_task_id_732.dfy,tptp,vampire,monomorphic,VERIFICATION_TIMED_OUT,15493,4
ground_truth,dafny-synthesis_task_id_732.dfy,tptp,vampire,predicates,VERIFICATION_TIMED_OUT,15459,4
ground_truth,dafny-synthesis_task_id_732.dfy,tptp,vampire,arguments,VERIFICATION_TIMED_OUT,15397,4
ground_truth,dafny-synthesis_task_id_732.dfy,smtlib,vampire,monomorphic,VERIFICATION_TIMED_OUT,15413,4
ground_truth,dafny-synthesis_task_id_732.dfy,smtlib,vampire,predicates,VERIFICATION_TIMED_OUT,15377,4
ground_truth,dafny-synthesis_task_id_732.dfy,smtlib,vampire,arguments,VERIFIED,3279,0
ground_truth,dafny-synthesis_task_id_732.dfy,smtlib,z3,monomorphic,VERIFIED,1512,0
ground_truth,dafny-synthesis_task_id_732.dfy,smtlib,z3,predicates,VERIFIED,1492,0
ground_truth,dafny-synthesis_task_id_732.dfy,smtlib,z3,arguments,VERIFIED,1462,0
ground_truth,dafny-synthesis_task_id_602.dfy,tptp,vampire,polymorphic,VERIFICATION_TIMED_OUT,15351,4
ground_truth,dafny-synthesis_task_id_602.dfy,tptp,vampire,monomorphic,VERIFICATION_TIMED_OUT,15455,4
ground_truth,dafny-synthesis_task_id_602.dfy,tptp,vampire,predicates,VERIFICATION_TIMED_OUT,15358,4
ground_truth,dafny-synthesis_task_id_602.dfy,tptp,vampire,arguments,VERIFICATION_TIMED_OUT,15358,4
ground_truth,dafny-synthesis_task_id_602.dfy,smtlib,vampire,monomorphic,VERIFICATION_TIMED_OUT,15342,4
ground_truth,dafny-synthesis_task_id_602.dfy,smtlib,vampire,predicates,VERIFICATION_TIMED_OUT,15262,4
ground_truth,dafny-synthesis_task_id_602.dfy,smtlib,vampire,arguments,VERIFIED,3228,0
ground_truth,dafny-synthesis_task_id_602.dfy,smtlib,z3,monomorphic,VERIFIED,1498,0
ground_truth,dafny-synthesis_task_id_602.dfy,smtlib,z3,predicates,VERIFIED,1478,0
ground_truth,dafny-synthesis_task_id_602.dfy,smtlib,z3,arguments,VERIFIED,1465,0
ground_truth,Prog-Fun-Solutions_tmp_tmp7_gmnz5f_extra_sum.dfy,tptp,vampire,polymorphic,VERIFIED,3620,0
ground_truth,Prog-Fun-Solutions_tmp_tmp7_gmnz5f_extra_sum.dfy,tptp,vampire,monomorphic,VERIFICATION_TIMED_OUT,15351,4
ground_truth,Prog-Fun-Solutions_tmp_tmp7_gmnz5f_extra_sum.dfy,tptp,vampire,predicates,VERIFICATION_TIMED_OUT,15376,4
ground_truth,Prog-Fun-Solutions_tmp_tmp7_gmnz5f_extra_sum.dfy,tptp,vampire,arguments,VERIFIED,15001,0
ground_truth,Prog-Fun-Solutions_tmp_tmp7_gmnz5f_extra_sum.dfy,smtlib,vampire,monomorphic,VERIFIED,15310,0
ground_truth,Prog-Fun-Solutions_tmp_tmp7_gmnz5f_extra_sum.dfy,smtlib,vampire,predicates,VERIFICATION_TIMED_OUT,15253,4
ground_truth,Prog-Fun-Solutions_tmp_tmp7_gmnz5f_extra_sum.dfy,smtlib,vampire,arguments,VERIFICATION_TIMED_OUT,15282,4
ground_truth,Prog-Fun-Solutions_tmp_tmp7_gmnz5f_extra_sum.dfy,smtlib,z3,monomorphic,VERIFIED,1464,0
ground_truth,Prog-Fun-Solutions_tmp_tmp7_gmnz5f_extra_sum.dfy,smtlib,z3,predicates,VERIFIED,1401,0
ground_truth,Prog-Fun-Solutions_tmp_tmp7_gmnz5f_extra_sum.dfy,smtlib,z3,arguments,VERIFIED,1405,0
ground_truth,dafny-synthesis_task_id_312.dfy,tptp,vampire,polymorphic,VERIFIED,1311,0
ground_truth,dafny-synthesis_task_id_312.dfy,tptp,vampire,monomorphic,VERIFIED,1381,0
ground_truth,dafny-synthesis_task_id_312.dfy,tptp,vampire,predicates,VERIFIED,1329,0
ground_truth,dafny-synthesis_task_id_312.dfy,tptp,vampire,arguments,VERIFIED,1326,0
ground_truth,dafny-synthesis_task_id_312.dfy,smtlib,vampire,monomorphic,VERIFIED,1322,0
ground_truth,dafny-synthesis_task_id_312.dfy,smtlib,vampire,predicates,VERIFIED,1254,0
ground_truth,dafny-synthesis_task_id_312.dfy,smtlib,vampire,arguments,VERIFIED,1263,0
ground_truth,dafny-synthesis_task_id_312.dfy,smtlib,z3,monomorphic,VERIFIED,1324,0
ground_truth,dafny-synthesis_task_id_312.dfy,smtlib,z3,predicates,VERIFIED,1238,0
ground_truth,dafny-synthesis_task_id_312.dfy,smtlib,z3,arguments,VERIFIED,1262,0
ground_truth,Program-Verification-Dataset_tmp_tmpgbdrlnu__Dafny_from dafny main repo_dafny0_ModulePrint.dfy,tptp,vampire,polymorphic,VERIFIED,1519,0
ground_truth,Program-Verification-Dataset_tmp_tmpgbdrlnu__Dafny_from dafny main repo_dafny0_ModulePrint.dfy,tptp,vampire,monomorphic,VERIFIED,1777,0
ground_truth,Program-Verification-Dataset_tmp_tmpgbdrlnu__Dafny_from dafny main repo_dafny0_ModulePrint.dfy,tptp,vampire,predicates,VERIFIED,2048,0
ground_truth,Program-Verification-Dataset_tmp_tmpgbdrlnu__Dafny_from dafny main repo_dafny0_ModulePrint.dfy,tptp,vampire,arguments,VERIFIED,1556,0
ground_truth,Program-Verification-Dataset_tmp_tmpgbdrlnu__Dafny_from dafny main repo_dafny0_ModulePrint.dfy,smtlib,vampire,monomorphic,VERIFIED,1663,0
ground_truth,Program-Verification-Dataset_tmp_tmpgbdrlnu__Dafny_from dafny main repo_dafny0_ModulePrint.dfy,smtlib,vampire,predicates,VERIFIED,3039,0
ground_truth,Program-Verification-Dataset_tmp_tmpgbdrlnu__Dafny_from dafny main repo_dafny0_ModulePrint.dfy,smtlib,vampire,arguments,VERIFIED,1504,0
ground_truth,Program-Verification-Dataset_tmp_tmpgbdrlnu__Dafny_from dafny main repo_dafny0_ModulePrint.dfy,smtlib,z3,monomorphic,VERIFIED,1657,0
ground_truth,Program-Verification-Dataset_tmp_tmpgbdrlnu__Dafny_from dafny main repo_dafny0_ModulePrint.dfy,smtlib,z3,predicates,VERIFIED,1452,0
ground_truth,Program-Verification-Dataset_tmp_tmpgbdrlnu__Dafny_from dafny main repo_dafny0_ModulePrint.dfy,smtlib,z3,arguments,VERIFIED,1458,0
ground_truth,HATRA-2022-Paper_tmp_tmp5texxy8l_copilot_verification_Two Sum_two_sum.dfy,tptp,vampire,polymorphic,VERIFICATION_TIMED_OUT,15371,4
ground_truth,HATRA-2022-Paper_tmp_tmp5texxy8l_copilot_verification_Two Sum_two_sum.dfy,tptp,vampire,monomorphic,VERIFICATION_TIMED_OUT,15419,4
ground_truth,HATRA-2022-Paper_tmp_tmp5texxy8l_copilot_verification_Two Sum_two_sum.dfy,tptp,vampire,predicates,VERIFICATION_TIMED_OUT,15438,4
ground_truth,HATRA-2022-Paper_tmp_tmp5texxy8l_copilot_verification_Two Sum_two_sum.dfy,tptp,vampire,arguments,VERIFICATION_TIMED_OUT,15405,4
ground_truth,HATRA-2022-Paper_tmp_tmp5texxy8l_copilot_verification_Two Sum_two_sum.dfy,smtlib,vampire,monomorphic,VERIFICATION_TIMED_OUT,15394,4
ground_truth,HATRA-2022-Paper_tmp_tmp5texxy8l_copilot_verification_Two Sum_two_sum.dfy,smtlib,vampire,predicates,VERIFICATION_TIMED_OUT,15308,4
ground_truth,HATRA-2022-Paper_tmp_tmp5texxy8l_copilot_verification_Two Sum_two_sum.dfy,smtlib,vampire,arguments,VERIFICATION_TIMED_OUT,15331,4
ground_truth,HATRA-2022-Paper_tmp_tmp5texxy8l_copilot_verification_Two Sum_two_sum.dfy,smtlib,z3,monomorphic,VERIFIED,1557,0
ground_truth,HATRA-2022-Paper_tmp_tmp5texxy8l_copilot_verification_Two Sum_two_sum.dfy,smtlib,z3,predicates,VERIFIED,1534,0
ground_truth,HATRA-2022-Paper_tmp_tmp5texxy8l_copilot_verification_Two Sum_two_sum.dfy,smtlib,z3,arguments,VERIFIED,1517,0
ground_truth,protocol-verification-fa2023_tmp_tmpw6hy3mjp_demos_dafny-internals_03-encoding_pair.dfy,tptp,vampire,polymorphic,VERIFIED,2487,0
ground_truth,protocol-verification-fa2023_tmp_tmpw6hy3mjp_demos_dafny-internals_03-encoding_pair.dfy,tptp,vampire,monomorphic,VERIFIED,2508,0
ground_truth,protocol-verification-fa2023_tmp_tmpw6hy3mjp_demos_dafny-internals_03-encoding_pair.dfy,tptp,vampire,predicates,VERIFIED,4108,0
ground_truth,protocol-verification-fa2023_tmp_tmpw6hy3mjp_demos_dafny-internals_03-encoding_pair.dfy,tptp,vampire,arguments,VERIFIED,2292,0
ground_truth,protocol-verification-fa2023_tmp_tmpw6hy3mjp_demos_dafny-internals_03-encoding_pair.dfy,smtlib,vampire,monomorphic,VERIFIED,2660,0
ground_truth,protocol-verification-fa2023_tmp_tmpw6hy3mjp_demos_dafny-internals_03-encoding_pair.dfy,smtlib,vampire,predicates,VERIFIED,4964,0
ground_truth,protocol-verification-fa2023_tmp_tmpw6hy3mjp_demos_dafny-internals_03-encoding_pair.dfy,smtlib,vampire,arguments,VERIFIED,2806,0
ground_truth,protocol-verification-fa2023_tmp_tmpw6hy3mjp_demos_dafny-internals_03-encoding_pair.dfy,smtlib,z3,monomorphic,VERIFIED,1692,0
ground_truth,protocol-verification-fa2023_tmp_tmpw6hy3mjp_demos_dafny-internals_03-encoding_pair.dfy,smtlib,z3,predicates,VERIFIED,1566,0
ground_truth,protocol-verification-fa2023_tmp_tmpw6hy3mjp_demos_dafny-internals_03-encoding_pair.dfy,smtlib,z3,arguments,VERIFIED,1535,0
ground_truth,fv2020-tms_tmp_tmpnp85b47l_modeling_concurrency_safety.dfy,tptp,vampire,polymorphic,VERIFICATION_TIMED_OUT,20657,4
ground_truth,fv2020-tms_tmp_tmpnp85b47l_modeling_concurrency_safety.dfy,tptp,vampire,monomorphic,VERIFICATION_TIMED_OUT,17251,4
ground_truth,fv2020-tms_tmp_tmpnp85b47l_modeling_concurrency_safety.dfy,tptp,vampire,predicates,VERIFICATION_TIMED_OUT,43845,4
ground_truth,fv2020-tms_tmp_tmpnp85b47l_modeling_concurrency_safety.dfy,tptp,vampire,arguments,VERIFICATION_TIMED_OUT,30267,4
ground_truth,fv2020-tms_tmp_tmpnp85b47l_modeling_concurrency_safety.dfy,smtlib,vampire,monomorphic,VERIFICATION_TIMED_OUT,17145,4
ground_truth,fv2020-tms_tmp_tmpnp85b47l_modeling_concurrency_safety.dfy,smtlib,vampire,predicates,VERIFICATION_TIMED_OUT,43684,4
ground_truth,fv2020-tms_tmp_tmpnp85b47l_modeling_concurrency_safety.dfy,smtlib,vampire,arguments,VERIFICATION_TIMED_OUT,22632,4
ground_truth,fv2020-tms_tmp_tmpnp85b47l_modeling_concurrency_safety.dfy,smtlib,z3,monomorphic,VERIFIED,2164,0
ground_truth,fv2020-tms_tmp_tmpnp85b47l_modeling_concurrency_safety.dfy,smtlib,z3,predicates,VERIFIED,2544,0
ground_truth,fv2020-tms_tmp_tmpnp85b47l_modeling_concurrency_safety.dfy,smtlib,z3,arguments,VERIFIED,2540,0
ground_truth,metodosFormais_tmp_tmp4q2kmya4_T1-MetodosFormais_examples_ex1.dfy,tptp,vampire,polymorphic,VERIFIED,2535,0
ground_truth,metodosFormais_tmp_tmp4q2kmya4_T1-MetodosFormais_examples_ex1.dfy,tptp,vampire,monomorphic,VERIFIED,2576,0
ground_truth,metodosFormais_tmp_tmp4q2kmya4_T1-MetodosFormais_examples_ex1.dfy,tptp,vampire,predicates,VERIFIED,5994,0
ground_truth,metodosFormais_tmp_tmp4q2kmya4_T1-MetodosFormais_examples_ex1.dfy,tptp,vampire,arguments,VERIFIED,3313,0
ground_truth,metodosFormais_tmp_tmp4q2kmya4_T1-MetodosFormais_examples_ex1.dfy,smtlib,vampire,monomorphic,VERIFIED,2670,0
ground_truth,metodosFormais_tmp_tmp4q2kmya4_T1-MetodosFormais_examples_ex1.dfy,smtlib,vampire,predicates,VERIFICATION_TIMED_OUT,15519,4
ground_truth,metodosFormais_tmp_tmp4q2kmya4_T1-MetodosFormais_examples_ex1.dfy,smtlib,vampire,arguments,VERIFIED,3231,0
ground_truth,metodosFormais_tmp_tmp4q2kmya4_T1-MetodosFormais_examples_ex1.dfy,smtlib,z3,monomorphic,VERIFIED,1526,0
ground_truth,metodosFormais_tmp_tmp4q2kmya4_T1-MetodosFormais_examples_ex1.dfy,smtlib,z3,predicates,VERIFIED,1490,0
ground_truth,metodosFormais_tmp_tmp4q2kmya4_T1-MetodosFormais_examples_ex1.dfy,smtlib,z3,arguments,VERIFIED,1560,0
ground_truth,Program-Verification-Dataset_tmp_tmpgbdrlnu__Dafny_advanced examples_InsertionSort.dfy,tptp,vampire,polymorphic,VERIFICATION_TIMED_OUT,15504,4
ground_truth,Program-Verification-Dataset_tmp_tmpgbdrlnu__Dafny_advanced examples_InsertionSort.dfy,tptp,vampire,monomorphic,VERIFICATION_TIMED_OUT,15636,4
ground_truth,Program-Verification-Dataset_tmp_tmpgbdrlnu__Dafny_advanced examples_InsertionSort.dfy,tptp,vampire,predicates,VERIFICATION_TIMED_OUT,15592,4
ground_truth,Program-Verification-Dataset_tmp_tmpgbdrlnu__Dafny_advanced examples_InsertionSort.dfy,tptp,vampire,arguments,VERIFICATION_TIMED_OUT,15489,4
ground_truth,Program-Verification-Dataset_tmp_tmpgbdrlnu__Dafny_advanced examples_InsertionSort.dfy,smtlib,vampire,monomorphic,VERIFICATION_TIMED_OUT,15580,4
ground_truth,Program-Verification-Dataset_tmp_tmpgbdrlnu__Dafny_advanced examples_InsertionSort.dfy,smtlib,vampire,predicates,VERIFICATION_TIMED_OUT,15459,4
ground_truth,Program-Verification-Dataset_tmp_tmpgbdrlnu__Dafny_advanced examples_InsertionSort.dfy,smtlib,vampire,arguments,VERIFICATION_TIMED_OUT,15371,4
ground_truth,Program-Verification-Dataset_tmp_tmpgbdrlnu__Dafny_advanced examples_InsertionSort.dfy,smtlib,z3,monomorphic,VERIFIED,1681,0
ground_truth,Program-Verification-Dataset_tmp_tmpgbdrlnu__Dafny_advanced examples_InsertionSort.dfy,smtlib,z3,predicates,VERIFIED,1662,0
ground_truth,Program-Verification-Dataset_tmp_tmpgbdrlnu__Dafny_advanced examples_InsertionSort.dfy,smtlib,z3,arguments,VERIFIED,1590,0
ground_truth,dafny-synthesis_task_id_594.dfy,tptp,vampire,polymorphic,VERIFICATION_TIMED_OUT,15403,4
ground_truth,dafny-synthesis_task_id_594.dfy,tptp,vampire,monomorphic,VERIFICATION_TIMED_OUT,15515,4
ground_truth,dafny-synthesis_task_id_594.dfy,tptp,vampire,predicates,VERIFICATION_TIMED_OUT,15540,4
ground_truth,dafny-synthesis_task_id_594.dfy,tptp,vampire,arguments,VERIFICATION_TIMED_OUT,15520,4
ground_truth,dafny-synthesis_task_id_594.dfy,smtlib,vampire,monomorphic,VERIFIED,3369,0
ground_truth,dafny-synthesis_task_id_594.dfy,smtlib,vampire,predicates,VERIFICATION_TIMED_OUT,15304,4
ground_truth,dafny-synthesis_task_id_594.dfy,smtlib,vampire,arguments,VERIFICATION_TIMED_OUT,15339,4
ground_truth,dafny-synthesis_task_id_594.dfy,smtlib,z3,monomorphic,VERIFIED,1635,0
ground_truth,dafny-synthesis_task_id_594.dfy,smtlib,z3,predicates,VERIFIED,1532,0
ground_truth,dafny-synthesis_task_id_594.dfy,smtlib,z3,arguments,VERIFIED,1543,0
ground_truth,dafny-synthesis_task_id_59.dfy,tptp,vampire,polymorphic,VERIFIED,1295,0
ground_truth,dafny-synthesis_task_id_59.dfy,tptp,vampire,monomorphic,VERIFIED,1395,0
ground_truth,dafny-synthesis_task_id_59.dfy,tptp,vampire,predicates,VERIFIED,1304,0
ground_truth,dafny-synthesis_task_id_59.dfy,tptp,vampire,arguments,VERIFIED,1306,0
ground_truth,dafny-synthesis_task_id_59.dfy,smtlib,vampire,monomorphic,VERIFIED,1321,0
ground_truth,dafny-synthesis_task_id_59.dfy,smtlib,vampire,predicates,VERIFIED,1260,0
ground_truth,dafny-synthesis_task_id_59.dfy,smtlib,vampire,arguments,VERIFIED,1286,0
ground_truth,dafny-synthesis_task_id_59.dfy,smtlib,z3,monomorphic,VERIFIED,1320,0
ground_truth,dafny-synthesis_task_id_59.dfy,smtlib,z3,predicates,VERIFIED,1286,0
ground_truth,dafny-synthesis_task_id_59.dfy,smtlib,z3,arguments,VERIFIED,1273,0
ground_truth,dafny-synthesis_task_id_262.dfy,tptp,vampire,polymorphic,VERIFICATION_TIMED_OUT,15355,4
ground_truth,dafny-synthesis_task_id_262.dfy,tptp,vampire,monomorphic,VERIFICATION_TIMED_OUT,15397,4
ground_truth,dafny-synthesis_task_id_262.dfy,tptp,vampire,predicates,VERIFICATION_TIMED_OUT,15298,4
ground_truth,dafny-synthesis_task_id_262.dfy,tptp,vampire,arguments,VERIFICATION_TIMED_OUT,15278,4
ground_truth,dafny-synthesis_task_id_262.dfy,smtlib,vampire,monomorphic,VERIFIED,3409,0
ground_truth,dafny-synthesis_task_id_262.dfy,smtlib,vampire,predicates,VERIFICATION_TIMED_OUT,15166,4
ground_truth,dafny-synthesis_task_id_262.dfy,smtlib,vampire,arguments,VERIFICATION_TIMED_OUT,15211,4
ground_truth,dafny-synthesis_task_id_262.dfy,smtlib,z3,monomorphic,VERIFIED,1688,0
ground_truth,dafny-synthesis_task_id_262.dfy,smtlib,z3,predicates,VERIFIED,1496,0
ground_truth,dafny-synthesis_task_id_262.dfy,smtlib,z3,arguments,VERIFIED,1368,0
ground_truth,ironsync-osdi2023_tmp_tmpx80antoe_linear-dafny_Test_c++_arrays.dfy,tptp,vampire,polymorphic,VERIFICATION_TIMED_OUT,15562,4
ground_truth,ironsync-osdi2023_tmp_tmpx80antoe_linear-dafny_Test_c++_arrays.dfy,tptp,vampire,monomorphic,VERIFICATION_TIMED_OUT,15758,4
ground_truth,ironsync-osdi2023_tmp_tmpx80antoe_linear-dafny_Test_c++_arrays.dfy,tptp,vampire,predicates,VERIFICATION_TIMED_OUT,15787,4
ground_truth,ironsync-osdi2023_tmp_tmpx80antoe_linear-dafny_Test_c++_arrays.dfy,tptp,vampire,arguments,VERIFICATION_TIMED_OUT,15725,4
ground_truth,ironsync-osdi2023_tmp_tmpx80antoe_linear-dafny_Test_c++_arrays.dfy,smtlib,vampire,monomorphic,VERIFICATION_TIMED_OUT,15574,4
ground_truth,ironsync-osdi2023_tmp_tmpx80antoe_linear-dafny_Test_c++_arrays.dfy,smtlib,vampire,predicates,VERIFICATION_TIMED_OUT,15679,4
ground_truth,ironsync-osdi2023_tmp_tmpx80antoe_linear-dafny_Test_c++_arrays.dfy,smtlib,vampire,arguments,VERIFICATION_TIMED_OUT,15549,4
ground_truth,ironsync-osdi2023_tmp_tmpx80antoe_linear-dafny_Test_c++_arrays.dfy,smtlib,z3,monomorphic,VERIFIED,1669,0
ground_truth,ironsync-osdi2023_tmp_tmpx80antoe_linear-dafny_Test_c++_arrays.dfy,smtlib,z3,predicates,VERIFIED,1615,0
ground_truth,ironsync-osdi2023_tmp_tmpx80antoe_linear-dafny_Test_c++_arrays.dfy,smtlib,z3,arguments,VERIFIED,1600,0
ground_truth,Software-Verification_tmp_tmpv4ueky2d_Remove Element_remove_element.dfy,tptp,vampire,polymorphic,VERIFICATION_TIMED_OUT,15553,4
ground_truth,Software-Verification_tmp_tmpv4ueky2d_Remove Element_remove_element.dfy,tptp,vampire,monomorphic,VERIFICATION_TIMED_OUT,15518,4
ground_truth,Software-Verification_tmp_tmpv4ueky2d_Remove Element_remove_element.dfy,tptp,vampire,predicates,VERIFICATION_TIMED_OUT,15437,4
ground_truth,Software-Verification_tmp_tmpv4ueky2d_Remove Element_remove_element.dfy,tptp,vampire,arguments,VERIFICATION_TIMED_OUT,15384,4
ground_truth,Software-Verification_tmp_tmpv4ueky2d_Remove Element_remove_element.dfy,smtlib,vampire,monomorphic,VERIFICATION_TIMED_OUT,15429,4
ground_truth,Software-Verification_tmp_tmpv4ueky2d_Remove Element_remove_element.dfy,smtlib,vampire,predicates,VERIFICATION_TIMED_OUT,15341,4
ground_truth,Software-Verification_tmp_tmpv4ueky2d_Remove Element_remove_element.dfy,smtlib,vampire,arguments,VERIFICATION_TIMED_OUT,15272,4
ground_truth,Software-Verification_tmp_tmpv4ueky2d_Remove Element_remove_element.dfy,smtlib,z3,monomorphic,VERIFIED,1516,0
ground_truth,Software-Verification_tmp_tmpv4ueky2d_Remove Element_remove_element.dfy,smtlib,z3,predicates,VERIFIED,1463,0
ground_truth,Software-Verification_tmp_tmpv4ueky2d_Remove Element_remove_element.dfy,smtlib,z3,arguments,VERIFIED,1442,0
ground_truth,Metodos_Formais_tmp_tmpbez22nnn_Aula_2_ex2.dfy,tptp,vampire,polymorphic,VERIFICATION_TIMED_OUT,15327,4
ground_truth,Metodos_Formais_tmp_tmpbez22nnn_Aula_2_ex2.dfy,tptp,vampire,monomorphic,VERIFICATION_TIMED_OUT,15527,4
ground_truth,Metodos_Formais_tmp_tmpbez22nnn_Aula_2_ex2.dfy,tptp,vampire,predicates,VERIFICATION_TIMED_OUT,15395,4
ground_truth,Metodos_Formais_tmp_tmpbez22nnn_Aula_2_ex2.dfy,tptp,vampire,arguments,VERIFICATION_TIMED_OUT,15360,4
ground_truth,Metodos_Formais_tmp_tmpbez22nnn_Aula_2_ex2.dfy,smtlib,vampire,monomorphic,VERIFIED,3546,0
ground_truth,Metodos_Formais_tmp_tmpbez22nnn_Aula_2_ex2.dfy,smtlib,vampire,predicates,VERIFICATION_TIMED_OUT,15307,4
ground_truth,Metodos_Formais_tmp_tmpbez22nnn_Aula_2_ex2.dfy,smtlib,vampire,arguments,VERIFIED,3479,0
ground_truth,Metodos_Formais_tmp_tmpbez22nnn_Aula_2_ex2.dfy,smtlib,z3,monomorphic,VERIFIED,1516,0
ground_truth,Metodos_Formais_tmp_tmpbez22nnn_Aula_2_ex2.dfy,smtlib,z3,predicates,VERIFIED,1448,0
ground_truth,Metodos_Formais_tmp_tmpbez22nnn_Aula_2_ex2.dfy,smtlib,z3,arguments,VERIFIED,1433,0
ground_truth,dafny-synthesis_task_id_603.dfy,tptp,vampire,polymorphic,VERIFICATION_TIMED_OUT,15369,4
ground_truth,dafny-synthesis_task_id_603.dfy,tptp,vampire,monomorphic,VERIFICATION_TIMED_OUT,15507,4
ground_truth,dafny-synthesis_task_id_603.dfy,tptp,vampire,predicates,VERIFICATION_TIMED_OUT,15434,4
ground_truth,dafny-synthesis_task_id_603.dfy,tptp,vampire,arguments,VERIFICATION_TIMED_OUT,15602,4
ground_truth,dafny-synthesis_task_id_603.dfy,smtlib,vampire,monomorphic,VERIFIED,3293,0
ground_truth,dafny-synthesis_task_id_603.dfy,smtlib,vampire,predicates,VERIFICATION_TIMED_OUT,15319,4
ground_truth,dafny-synthesis_task_id_603.dfy,smtlib,vampire,arguments,VERIFIED,3296,0
ground_truth,dafny-synthesis_task_id_603.dfy,smtlib,z3,monomorphic,VERIFIED,1490,0
ground_truth,dafny-synthesis_task_id_603.dfy,smtlib,z3,predicates,VERIFIED,1452,0
ground_truth,dafny-synthesis_task_id_603.dfy,smtlib,z3,arguments,VERIFIED,1427,0
ground_truth,Formal-methods-of-software-development_tmp_tmppryvbyty_Examenes_Beni_Heusel-Benedikt-Ass-1.dfy,tptp,vampire,polymorphic,VERIFICATION_TIMED_OUT,29636,4
ground_truth,Formal-methods-of-software-development_tmp_tmppryvbyty_Examenes_Beni_Heusel-Benedikt-Ass-1.dfy,tptp,vampire,monomorphic,VERIFICATION_TIMED_OUT,29906,4
ground_truth,Formal-methods-of-software-development_tmp_tmppryvbyty_Examenes_Beni_Heusel-Benedikt-Ass-1.dfy,tptp,vampire,predicates,VERIFICATION_TIMED_OUT,43536,4
ground_truth,Formal-methods-of-software-development_tmp_tmppryvbyty_Examenes_Beni_Heusel-Benedikt-Ass-1.dfy,tptp,vampire,arguments,VERIFICATION_TIMED_OUT,29775,4
ground_truth,Formal-methods-of-software-development_tmp_tmppryvbyty_Examenes_Beni_Heusel-Benedikt-Ass-1.dfy,smtlib,vampire,monomorphic,VERIFICATION_TIMED_OUT,16009,4
ground_truth,Formal-methods-of-software-development_tmp_tmppryvbyty_Examenes_Beni_Heusel-Benedikt-Ass-1.dfy,smtlib,vampire,predicates,VERIFICATION_TIMED_OUT,29773,4
ground_truth,Formal-methods-of-software-development_tmp_tmppryvbyty_Examenes_Beni_Heusel-Benedikt-Ass-1.dfy,smtlib,vampire,arguments,VERIFICATION_TIMED_OUT,29608,4
ground_truth,Formal-methods-of-software-development_tmp_tmppryvbyty_Examenes_Beni_Heusel-Benedikt-Ass-1.dfy,smtlib,z3,monomorphic,VERIFIED,3420,0
ground_truth,Formal-methods-of-software-development_tmp_tmppryvbyty_Examenes_Beni_Heusel-Benedikt-Ass-1.dfy,smtlib,z3,predicates,VERIFIED,2911,0
ground_truth,Formal-methods-of-software-development_tmp_tmppryvbyty_Examenes_Beni_Heusel-Benedikt-Ass-1.dfy,smtlib,z3,arguments,VERIFIED,5516,0
ground_truth,CS5232_Project_tmp_tmpai_cfrng_LFUSimple.dfy,tptp,vampire,polymorphic,VERIFICATION_TIMED_OUT,22117,4
ground_truth,CS5232_Project_tmp_tmpai_cfrng_LFUSimple.dfy,tptp,vampire,monomorphic,VERIFICATION_TIMED_OUT,29788,4
ground_truth,CS5232_Project_tmp_tmpai_cfrng_LFUSimple.dfy,tptp,vampire,predicates,VERIFICATION_TIMED_OUT,29775,4
ground_truth,CS5232_Project_tmp_tmpai_cfrng_LFUSimple.dfy,tptp,vampire,arguments,VERIFICATION_TIMED_OUT,21677,4
ground_truth,CS5232_Project_tmp_tmpai_cfrng_LFUSimple.dfy,smtlib,vampire,monomorphic,VERIFICATION_TIMED_OUT,17698,4
ground_truth,CS5232_Project_tmp_tmpai_cfrng_LFUSimple.dfy,smtlib,vampire,predicates,VERIFICATION_TIMED_OUT,29623,4
ground_truth,CS5232_Project_tmp_tmpai_cfrng_LFUSimple.dfy,smtlib,vampire,arguments,VERIFICATION_TIMED_OUT,20051,4
ground_truth,CS5232_Project_tmp_tmpai_cfrng_LFUSimple.dfy,smtlib,z3,monomorphic,VERIFIED,2268,0
ground_truth,CS5232_Project_tmp_tmpai_cfrng_LFUSimple.dfy,smtlib,z3,predicates,VERIFIED,2243,0
ground_truth,CS5232_Project_tmp_tmpai_cfrng_LFUSimple.dfy,smtlib,z3,arguments,VERIFIED,2064,0
ground_truth,MFES_2021_tmp_tmpuljn8zd9_FCUL_Exercises_8_sum.dfy,tptp,vampire,polymorphic,VERIFICATION_TIMED_OUT,15313,4
ground_truth,MFES_2021_tmp_tmpuljn8zd9_FCUL_Exercises_8_sum.dfy,tptp,vampire,monomorphic,VERIFICATION_TIMED_OUT,15505,4
ground_truth,MFES_2021_tmp_tmpuljn8zd9_FCUL_Exercises_8_sum.dfy,tptp,vampire,predicates,VERIFICATION_TIMED_OUT,15476,4
ground_truth,MFES_2021_tmp_tmpuljn8zd9_FCUL_Exercises_8_sum.dfy,tptp,vampire,arguments,VERIFICATION_TIMED_OUT,15507,4
ground_truth,MFES_2021_tmp_tmpuljn8zd9_FCUL_Exercises_8_sum.dfy,smtlib,vampire,monomorphic,VERIFIED,3328,0
ground_truth,MFES_2021_tmp_tmpuljn8zd9_FCUL_Exercises_8_sum.dfy,smtlib,vampire,predicates,VERIFIED,3675,0
ground_truth,MFES_2021_tmp_tmpuljn8zd9_FCUL_Exercises_8_sum.dfy,smtlib,vampire,arguments,VERIFIED,3538,0
ground_truth,MFES_2021_tmp_tmpuljn8zd9_FCUL_Exercises_8_sum.dfy,smtlib,z3,monomorphic,VERIFIED,1447,0
ground_truth,MFES_2021_tmp_tmpuljn8zd9_FCUL_Exercises_8_sum.dfy,smtlib,z3,predicates,VERIFIED,1398,0
ground_truth,MFES_2021_tmp_tmpuljn8zd9_FCUL_Exercises_8_sum.dfy,smtlib,z3,arguments,VERIFIED,1400,0
ground_truth,TFG_tmp_tmpbvsao41w_Algoritmos Dafny_suma_it.dfy,tptp,vampire,polymorphic,VERIFICATION_TIMED_OUT,15343,4
ground_truth,TFG_tmp_tmpbvsao41w_Algoritmos Dafny_suma_it.dfy,tptp,vampire,monomorphic,VERIFICATION_TIMED_OUT,15551,4
ground_truth,TFG_tmp_tmpbvsao41w_Algoritmos Dafny_suma_it.dfy,tptp,vampire,predicates,VERIFICATION_TIMED_OUT,15404,4
ground_truth,TFG_tmp_tmpbvsao41w_Algoritmos Dafny_suma_it.dfy,tptp,vampire,arguments,VERIFICATION_TIMED_OUT,15444,4
ground_truth,TFG_tmp_tmpbvsao41w_Algoritmos Dafny_suma_it.dfy,smtlib,vampire,monomorphic,VERIFICATION_TIMED_OUT,15461,4
ground_truth,TFG_tmp_tmpbvsao41w_Algoritmos Dafny_suma_it.dfy,smtlib,vampire,predicates,VERIFICATION_TIMED_OUT,15387,4
ground_truth,TFG_tmp_tmpbvsao41w_Algoritmos Dafny_suma_it.dfy,smtlib,vampire,arguments,VERIFICATION_TIMED_OUT,15351,4
ground_truth,TFG_tmp_tmpbvsao41w_Algoritmos Dafny_suma_it.dfy,smtlib,z3,monomorphic,VERIFIED,1657,0
ground_truth,TFG_tmp_tmpbvsao41w_Algoritmos Dafny_suma_it.dfy,smtlib,z3,predicates,VERIFIED,1588,0
ground_truth,TFG_tmp_tmpbvsao41w_Algoritmos Dafny_suma_it.dfy,smtlib,z3,arguments,VERIFIED,1588,0
ground_truth,dafny-language-server_tmp_tmpkir0kenl_Test_dafny0_snapshots_Inputs_Snapshots0.dfy,tptp,vampire,polymorphic,VERIFIED,1369,0
ground_truth,dafny-language-server_tmp_tmpkir0kenl_Test_dafny0_snapshots_Inputs_Snapshots0.dfy,tptp,vampire,monomorphic,VERIFIED,1453,0
ground_truth,dafny-language-server_tmp_tmpkir0kenl_Test_dafny0_snapshots_Inputs_Snapshots0.dfy,tptp,vampire,predicates,VERIFIED,1380,0
ground_truth,dafny-language-server_tmp_tmpkir0kenl_Test_dafny0_snapshots_Inputs_Snapshots0.dfy,tptp,vampire,arguments,VERIFIED,1391,0
ground_truth,dafny-language-server_tmp_tmpkir0kenl_Test_dafny0_snapshots_Inputs_Snapshots0.dfy,smtlib,vampire,monomorphic,VERIFIED,1372,0
ground_truth,dafny-language-server_tmp_tmpkir0kenl_Test_dafny0_snapshots_Inputs_Snapshots0.dfy,smtlib,vampire,predicates,VERIFIED,1321,0
ground_truth,dafny-language-server_tmp_tmpkir0kenl_Test_dafny0_snapshots_Inputs_Snapshots0.dfy,smtlib,vampire,arguments,VERIFIED,1260,0
ground_truth,dafny-language-server_tmp_tmpkir0kenl_Test_dafny0_snapshots_Inputs_Snapshots0.dfy,smtlib,z3,monomorphic,VERIFIED,1332,0
ground_truth,dafny-language-server_tmp_tmpkir0kenl_Test_dafny0_snapshots_Inputs_Snapshots0.dfy,smtlib,z3,predicates,VERIFIED,1270,0
ground_truth,dafny-language-server_tmp_tmpkir0kenl_Test_dafny0_snapshots_Inputs_Snapshots0.dfy,smtlib,z3,arguments,VERIFIED,1311,0
ground_truth,Program-Verification-Dataset_tmp_tmpgbdrlnu__Dafny_from dafny main repo_dafny1_ListContents.dfy,tptp,vampire,polymorphic,VERIFICATION_TIMED_OUT,29666,4
ground_truth,Program-Verification-Dataset_tmp_tmpgbdrlnu__Dafny_from dafny main repo_dafny1_ListContents.dfy,tptp,vampire,monomorphic,VERIFICATION_TIMED_OUT,29753,4
ground_truth,Program-Verification-Dataset_tmp_tmpgbdrlnu__Dafny_from dafny main repo_dafny1_ListContents.dfy,tptp,vampire,predicates,VERIFICATION_TIMED_OUT,29975,4
ground_truth,Program-Verification-Dataset_tmp_tmpgbdrlnu__Dafny_from dafny main repo_dafny1_ListContents.dfy,tptp,vampire,arguments,VERIFICATION_TIMED_OUT,29781,4
ground_truth,Program-Verification-Dataset_tmp_tmpgbdrlnu__Dafny_from dafny main repo_dafny1_ListContents.dfy,smtlib,vampire,monomorphic,VERIFICATION_TIMED_OUT,21637,4
ground_truth,Program-Verification-Dataset_tmp_tmpgbdrlnu__Dafny_from dafny main repo_dafny1_ListContents.dfy,smtlib,vampire,predicates,VERIFICATION_TIMED_OUT,29658,4
ground_truth,Program-Verification-Dataset_tmp_tmpgbdrlnu__Dafny_from dafny main repo_dafny1_ListContents.dfy,smtlib,vampire,arguments,VERIFICATION_TIMED_OUT,29652,4
ground_truth,Program-Verification-Dataset_tmp_tmpgbdrlnu__Dafny_from dafny main repo_dafny1_ListContents.dfy,smtlib,z3,monomorphic,VERIFIED,2217,0
ground_truth,Program-Verification-Dataset_tmp_tmpgbdrlnu__Dafny_from dafny main repo_dafny1_ListContents.dfy,smtlib,z3,predicates,VERIFIED,2512,0
ground_truth,Program-Verification-Dataset_tmp_tmpgbdrlnu__Dafny_from dafny main repo_dafny1_ListContents.dfy,smtlib,z3,arguments,VERIFIED,2158,0
ground_truth,dafny_experiments_tmp_tmpz29_3_3i_circuit.dfy,tptp,vampire,polymorphic,VERIFIED,14370,0
ground_truth,dafny_experiments_tmp_tmpz29_3_3i_circuit.dfy,tptp,vampire,monomorphic,VERIFIED,14158,0
ground_truth,dafny_experiments_tmp_tmpz29_3_3i_circuit.dfy,tptp,vampire,predicates,VERIFICATION_TIMED_OUT,73481,4
ground_truth,dafny_experiments_tmp_tmpz29_3_3i_circuit.dfy,tptp,vampire,arguments,VERIFICATION_TIMED_OUT,34467,4
ground_truth,dafny_experiments_tmp_tmpz29_3_3i_circuit.dfy,smtlib,vampire,monomorphic,VERIFICATION_TIMED_OUT,34794,4
ground_truth,dafny_experiments_tmp_tmpz29_3_3i_circuit.dfy,smtlib,vampire,predicates,VERIFICATION_TIMED_OUT,73428,4
ground_truth,dafny_experiments_tmp_tmpz29_3_3i_circuit.dfy,smtlib,vampire,arguments,VERIFICATION_TIMED_OUT,18356,4
ground_truth,dafny_experiments_tmp_tmpz29_3_3i_circuit.dfy,smtlib,z3,monomorphic,VERIFICATION_TIMED_OUT,26432,4
ground_truth,dafny_experiments_tmp_tmpz29_3_3i_circuit.dfy,smtlib,z3,predicates,VERIFICATION_TIMED_OUT,33700,4
ground_truth,dafny_experiments_tmp_tmpz29_3_3i_circuit.dfy,smtlib,z3,arguments,VERIFICATION_TIMED_OUT,21309,4
ground_truth,Dafny-demo_tmp_tmpkgr_dvdi_Dafny_BinarySearch.dfy,tptp,vampire,polymorphic,VERIFICATION_TIMED_OUT,15602,4
ground_truth,Dafny-demo_tmp_tmpkgr_dvdi_Dafny_BinarySearch.dfy,tptp,vampire,monomorphic,VERIFICATION_TIMED_OUT,15608,4
ground_truth,Dafny-demo_tmp_tmpkgr_dvdi_Dafny_BinarySearch.dfy,tptp,vampire,predicates,VERIFICATION_TIMED_OUT,15538,4
ground_truth,Dafny-demo_tmp_tmpkgr_dvdi_Dafny_BinarySearch.dfy,tptp,vampire,arguments,VERIFICATION_TIMED_OUT,15547,4
ground_truth,Dafny-demo_tmp_tmpkgr_dvdi_Dafny_BinarySearch.dfy,smtlib,vampire,monomorphic,VERIFICATION_TIMED_OUT,15585,4
ground_truth,Dafny-demo_tmp_tmpkgr_dvdi_Dafny_BinarySearch.dfy,smtlib,vampire,predicates,VERIFICATION_TIMED_OUT,15403,4
ground_truth,Dafny-demo_tmp_tmpkgr_dvdi_Dafny_BinarySearch.dfy,smtlib,vampire,arguments,VERIFICATION_TIMED_OUT,15465,4
ground_truth,Dafny-demo_tmp_tmpkgr_dvdi_Dafny_BinarySearch.dfy,smtlib,z3,monomorphic,VERIFIED,1632,0
ground_truth,Dafny-demo_tmp_tmpkgr_dvdi_Dafny_BinarySearch.dfy,smtlib,z3,predicates,VERIFIED,1603,0
ground_truth,Dafny-demo_tmp_tmpkgr_dvdi_Dafny_BinarySearch.dfy,smtlib,z3,arguments,VERIFIED,1650,0
ground_truth,FormalMethods_tmp_tmpvda2r3_o_dafny_Invariants_ex1.dfy,tptp,vampire,polymorphic,VERIFIED,1535,0
ground_truth,FormalMethods_tmp_tmpvda2r3_o_dafny_Invariants_ex1.dfy,tptp,vampire,monomorphic,VERIFIED,2395,0
ground_truth,FormalMethods_tmp_tmpvda2r3_o_dafny_Invariants_ex1.dfy,tptp,vampire,predicates,VERIFIED,2147,0
ground_truth,FormalMethods_tmp_tmpvda2r3_o_dafny_Invariants_ex1.dfy,tptp,vampire,arguments,VERIFIED,1602,0
ground_truth,FormalMethods_tmp_tmpvda2r3_o_dafny_Invariants_ex1.dfy,smtlib,vampire,monomorphic,VERIFIED,2124,0
ground_truth,FormalMethods_tmp_tmpvda2r3_o_dafny_Invariants_ex1.dfy,smtlib,vampire,predicates,VERIFIED,3013,0
ground_truth,FormalMethods_tmp_tmpvda2r3_o_dafny_Invariants_ex1.dfy,smtlib,vampire,arguments,VERIFIED,2081,0
ground_truth,FormalMethods_tmp_tmpvda2r3_o_dafny_Invariants_ex1.dfy,smtlib,z3,monomorphic,VERIFIED,1489,0
ground_truth,FormalMethods_tmp_tmpvda2r3_o_dafny_Invariants_ex1.dfy,smtlib,z3,predicates,VERIFIED,1440,0
ground_truth,FormalMethods_tmp_tmpvda2r3_o_dafny_Invariants_ex1.dfy,smtlib,z3,arguments,VERIFIED,1390,0
ground_truth,dafny-workout_tmp_tmp0abkw6f8_starter_ex12.dfy,tptp,vampire,polymorphic,VERIFIED,3551,0
ground_truth,dafny-workout_tmp_tmp0abkw6f8_starter_ex12.dfy,tptp,vampire,monomorphic,VERIFICATION_TIMED_OUT,15582,4
ground_truth,dafny-workout_tmp_tmp0abkw6f8_starter_ex12.dfy,tptp,vampire,predicates,VERIFICATION_TIMED_OUT,15626,4
ground_truth,dafny-workout_tmp_tmp0abkw6f8_starter_ex12.dfy,tptp,vampire,arguments,VERIFICATION_TIMED_OUT,15555,4
ground_truth,dafny-workout_tmp_tmp0abkw6f8_starter_ex12.dfy,smtlib,vampire,monomorphic,VERIFIED,4154,0
ground_truth,dafny-workout_tmp_tmp0abkw6f8_starter_ex12.dfy,smtlib,vampire,predicates,VERIFICATION_TIMED_OUT,15399,4
ground_truth,dafny-workout_tmp_tmp0abkw6f8_starter_ex12.dfy,smtlib,vampire,arguments,VERIFICATION_TIMED_OUT,15387,4
ground_truth,dafny-workout_tmp_tmp0abkw6f8_starter_ex12.dfy,smtlib,z3,monomorphic,VERIFIED,1653,0
ground_truth,dafny-workout_tmp_tmp0abkw6f8_starter_ex12.dfy,smtlib,z3,predicates,VERIFIED,1623,0
ground_truth,dafny-workout_tmp_tmp0abkw6f8_starter_ex12.dfy,smtlib,z3,arguments,VERIFIED,1588,0
ground_truth,dafny-synthesis_task_id_290.dfy,tptp,vampire,polymorphic,VERIFICATION_TIMED_OUT,15383,4
ground_truth,dafny-synthesis_task_id_290.dfy,tptp,vampire,monomorphic,VERIFICATION_TIMED_OUT,15514,4
ground_truth,dafny-synthesis_task_id_290.dfy,tptp,vampire,predicates,VERIFICATION_TIMED_OUT,15471,4
ground_truth,dafny-synthesis_task_id_290.dfy,tptp,vampire,arguments,VERIFICATION_TIMED_OUT,15342,4
ground_truth,dafny-synthesis_task_id_290.dfy,smtlib,vampire,monomorphic,VERIFICATION_TIMED_OUT,15439,4
ground_truth,dafny-synthesis_task_id_290.dfy,smtlib,vampire,predicates,VERIFICATION_TIMED_OUT,15266,4
ground_truth,dafny-synthesis_task_id_290.dfy,smtlib,vampire,arguments,VERIFICATION_TIMED_OUT,15311,4
ground_truth,dafny-synthesis_task_id_290.dfy,smtlib,z3,monomorphic,VERIFIED,1459,0
ground_truth,dafny-synthesis_task_id_290.dfy,smtlib,z3,predicates,VERIFIED,1448,0
ground_truth,dafny-synthesis_task_id_290.dfy,smtlib,z3,arguments,VERIFIED,1459,0
ground_truth,Formal-methods-of-software-development_tmp_tmppryvbyty_Bloque 1_Lab3.dfy,tptp,vampire,polymorphic,VERIFICATION_TIMED_OUT,15526,4
ground_truth,Formal-methods-of-software-development_tmp_tmppryvbyty_Bloque 1_Lab3.dfy,tptp,vampire,monomorphic,VERIFICATION_TIMED_OUT,15671,4
ground_truth,Formal-methods-of-software-development_tmp_tmppryvbyty_Bloque 1_Lab3.dfy,tptp,vampire,predicates,VERIFICATION_TIMED_OUT,15747,4
ground_truth,Formal-methods-of-software-development_tmp_tmppryvbyty_Bloque 1_Lab3.dfy,tptp,vampire,arguments,VERIFICATION_TIMED_OUT,15646,4
ground_truth,Formal-methods-of-software-development_tmp_tmppryvbyty_Bloque 1_Lab3.dfy,smtlib,vampire,monomorphic,VERIFICATION_TIMED_OUT,15701,4
ground_truth,Formal-methods-of-software-development_tmp_tmppryvbyty_Bloque 1_Lab3.dfy,smtlib,vampire,predicates,VERIFICATION_TIMED_OUT,15524,4
ground_truth,Formal-methods-of-software-development_tmp_tmppryvbyty_Bloque 1_Lab3.dfy,smtlib,vampire,arguments,VERIFICATION_TIMED_OUT,15591,4
ground_truth,Formal-methods-of-software-development_tmp_tmppryvbyty_Bloque 1_Lab3.dfy,smtlib,z3,monomorphic,VERIFIED,1681,0
ground_truth,Formal-methods-of-software-development_tmp_tmppryvbyty_Bloque 1_Lab3.dfy,smtlib,z3,predicates,VERIFIED,1597,0
ground_truth,Formal-methods-of-software-development_tmp_tmppryvbyty_Bloque 1_Lab3.dfy,smtlib,z3,arguments,VERIFIED,1720,0
ground_truth,dafny-language-server_tmp_tmpkir0kenl_Test_VSI-Benchmarks_b1.dfy,tptp,vampire,polymorphic,VERIFIED,1564,0
ground_truth,dafny-language-server_tmp_tmpkir0kenl_Test_VSI-Benchmarks_b1.dfy,tptp,vampire,monomorphic,VERIFIED,1666,0
ground_truth,dafny-language-server_tmp_tmpkir0kenl_Test_VSI-Benchmarks_b1.dfy,tptp,vampire,predicates,VERIFIED,3045,0
ground_truth,dafny-language-server_tmp_tmpkir0kenl_Test_VSI-Benchmarks_b1.dfy,tptp,vampire,arguments,VERIFIED,2193,0
ground_truth,dafny-language-server_tmp_tmpkir0kenl_Test_VSI-Benchmarks_b1.dfy,smtlib,vampire,monomorphic,VERIFIED,2233,0
ground_truth,dafny-language-server_tmp_tmpkir0kenl_Test_VSI-Benchmarks_b1.dfy,smtlib,vampire,predicates,VERIFIED,3087,0
ground_truth,dafny-language-server_tmp_tmpkir0kenl_Test_VSI-Benchmarks_b1.dfy,smtlib,vampire,arguments,VERIFIED,2408,0
ground_truth,dafny-language-server_tmp_tmpkir0kenl_Test_VSI-Benchmarks_b1.dfy,smtlib,z3,monomorphic,VERIFIED,1610,0
ground_truth,dafny-language-server_tmp_tmpkir0kenl_Test_VSI-Benchmarks_b1.dfy,smtlib,z3,predicates,VERIFIED,1505,0
ground_truth,dafny-language-server_tmp_tmpkir0kenl_Test_VSI-Benchmarks_b1.dfy,smtlib,z3,arguments,VERIFIED,1483,0
ground_truth,dafny-synthesis_task_id_460.dfy,tptp,vampire,polymorphic,VERIFIED,6732,0
ground_truth,dafny-synthesis_task_id_460.dfy,tptp,vampire,monomorphic,VERIFICATION_TIMED_OUT,15499,4
ground_truth,dafny-synthesis_task_id_460.dfy,tptp,vampire,predicates,VERIFICATION_TIMED_OUT,15412,4
ground_truth,dafny-synthesis_task_id_460.dfy,tptp,vampire,arguments,VERIFICATION_TIMED_OUT,15470,4
ground_truth,dafny-synthesis_task_id_460.dfy,smtlib,vampire,monomorphic,VERIFIED,3814,0
ground_truth,dafny-synthesis_task_id_460.dfy,smtlib,vampire,predicates,VERIFICATION_TIMED_OUT,15332,4
ground_truth,dafny-synthesis_task_id_460.dfy,smtlib,vampire,arguments,VERIFIED,3353,0
ground_truth,dafny-synthesis_task_id_460.dfy,smtlib,z3,monomorphic,VERIFIED,1516,0
ground_truth,dafny-synthesis_task_id_460.dfy,smtlib,z3,predicates,VERIFIED,1567,0
ground_truth,dafny-synthesis_task_id_460.dfy,smtlib,z3,arguments,VERIFIED,1499,0
ground_truth,dafny-exercise_tmp_tmpouftptir_appendArray.dfy,tptp,vampire,polymorphic,VERIFICATION_TIMED_OUT,15518,4
ground_truth,dafny-exercise_tmp_tmpouftptir_appendArray.dfy,tptp,vampire,monomorphic,VERIFICATION_TIMED_OUT,15539,4
ground_truth,dafny-exercise_tmp_tmpouftptir_appendArray.dfy,tptp,vampire,predicates,VERIFICATION_TIMED_OUT,15508,4
ground_truth,dafny-exercise_tmp_tmpouftptir_appendArray.dfy,tptp,vampire,arguments,VERIFICATION_TIMED_OUT,15441,4
ground_truth,dafny-exercise_tmp_tmpouftptir_appendArray.dfy,smtlib,vampire,monomorphic,VERIFICATION_TIMED_OUT,15475,4
ground_truth,dafny-exercise_tmp_tmpouftptir_appendArray.dfy,smtlib,vampire,predicates,VERIFICATION_TIMED_OUT,15342,4
ground_truth,dafny-exercise_tmp_tmpouftptir_appendArray.dfy,smtlib,vampire,arguments,VERIFICATION_TIMED_OUT,15410,4
ground_truth,dafny-exercise_tmp_tmpouftptir_appendArray.dfy,smtlib,z3,monomorphic,VERIFIED,1643,0
ground_truth,dafny-exercise_tmp_tmpouftptir_appendArray.dfy,smtlib,z3,predicates,VERIFIED,1580,0
ground_truth,dafny-exercise_tmp_tmpouftptir_appendArray.dfy,smtlib,z3,arguments,VERIFIED,1652,0
ground_truth,dafny-synthesis_task_id_776.dfy,tptp,vampire,polymorphic,VERIFIED,1479,0
ground_truth,dafny-synthesis_task_id_776.dfy,tptp,vampire,monomorphic,VERIFIED,1706,0
ground_truth,dafny-synthesis_task_id_776.dfy,tptp,vampire,predicates,VERIFIED,1634,0
ground_truth,dafny-synthesis_task_id_776.dfy,tptp,vampire,arguments,VERIFIED,1576,0
ground_truth,dafny-synthesis_task_id_776.dfy,smtlib,vampire,monomorphic,VERIFIED,1558,0
ground_truth,dafny-synthesis_task_id_776.dfy,smtlib,vampire,predicates,VERIFIED,1583,0
ground_truth,dafny-synthesis_task_id_776.dfy,smtlib,vampire,arguments,VERIFIED,1555,0
ground_truth,dafny-synthesis_task_id_776.dfy,smtlib,z3,monomorphic,VERIFIED,1695,0
ground_truth,dafny-synthesis_task_id_776.dfy,smtlib,z3,predicates,VERIFIED,1583,0
ground_truth,dafny-synthesis_task_id_776.dfy,smtlib,z3,arguments,VERIFIED,1642,0
ground_truth,Clover_replace.dfy,tptp,vampire,polymorphic,VERIFICATION_TIMED_OUT,15496,4
ground_truth,Clover_replace.dfy,tptp,vampire,monomorphic,VERIFICATION_TIMED_OUT,15577,4
ground_truth,Clover_replace.dfy,tptp,vampire,predicates,VERIFICATION_TIMED_OUT,15519,4
ground_truth,Clover_replace.dfy,tptp,vampire,arguments,VERIFICATION_TIMED_OUT,15467,4
ground_truth,Clover_replace.dfy,smtlib,vampire,monomorphic,VERIFICATION_TIMED_OUT,15468,4
ground_truth,Clover_replace.dfy,smtlib,vampire,predicates,VERIFICATION_TIMED_OUT,15431,4
ground_truth,Clover_replace.dfy,smtlib,vampire,arguments,VERIFICATION_TIMED_OUT,15381,4
ground_truth,Clover_replace.dfy,smtlib,z3,monomorphic,VERIFIED,1555,0
ground_truth,Clover_replace.dfy,smtlib,z3,predicates,VERIFIED,1519,0
ground_truth,Clover_replace.dfy,smtlib,z3,arguments,VERIFIED,1470,0
ground_truth,Program-Verification-Dataset_tmp_tmpgbdrlnu__Dafny_basic examples_add_by_one.dfy,tptp,vampire,polymorphic,VERIFIED,1490,0
ground_truth,Program-Verification-Dataset_tmp_tmpgbdrlnu__Dafny_basic examples_add_by_one.dfy,tptp,vampire,monomorphic,VERIFIED,1626,0
ground_truth,Program-Verification-Dataset_tmp_tmpgbdrlnu__Dafny_basic examples_add_by_one.dfy,tptp,vampire,predicates,VERIFIED,1522,0
ground_truth,Program-Verification-Dataset_tmp_tmpgbdrlnu__Dafny_basic examples_add_by_one.dfy,tptp,vampire,arguments,VERIFIED,1559,0
ground_truth,Program-Verification-Dataset_tmp_tmpgbdrlnu__Dafny_basic examples_add_by_one.dfy,smtlib,vampire,monomorphic,VERIFIED,1521,0
ground_truth,Program-Verification-Dataset_tmp_tmpgbdrlnu__Dafny_basic examples_add_by_one.dfy,smtlib,vampire,predicates,VERIFIED,1398,0
ground_truth,Program-Verification-Dataset_tmp_tmpgbdrlnu__Dafny_basic examples_add_by_one.dfy,smtlib,vampire,arguments,VERIFIED,1438,0
ground_truth,Program-Verification-Dataset_tmp_tmpgbdrlnu__Dafny_basic examples_add_by_one.dfy,smtlib,z3,monomorphic,VERIFIED,1466,0
ground_truth,Program-Verification-Dataset_tmp_tmpgbdrlnu__Dafny_basic examples_add_by_one.dfy,smtlib,z3,predicates,VERIFIED,1405,0
ground_truth,Program-Verification-Dataset_tmp_tmpgbdrlnu__Dafny_basic examples_add_by_one.dfy,smtlib,z3,arguments,VERIFIED,1412,0
ground_truth,Clover_avg.dfy,tptp,vampire,polymorphic,VERIFIED,1372,0
ground_truth,Clover_avg.dfy,tptp,vampire,monomorphic,VERIFIED,1498,0
ground_truth,Clover_avg.dfy,tptp,vampire,predicates,VERIFIED,1419,0
ground_truth,Clover_avg.dfy,tptp,vampire,arguments,VERIFIED,1485,0
ground_truth,Clover_avg.dfy,smtlib,vampire,monomorphic,VERIFIED,1439,0
ground_truth,Clover_avg.dfy,smtlib,vampire,predicates,VERIFIED,1362,0
ground_truth,Clover_avg.dfy,smtlib,vampire,arguments,VERIFIED,1375,0
ground_truth,Clover_avg.dfy,smtlib,z3,monomorphic,VERIFIED,1441,0
ground_truth,Clover_avg.dfy,smtlib,z3,predicates,VERIFIED,1333,0
ground_truth,Clover_avg.dfy,smtlib,z3,arguments,VERIFIED,1317,0
ground_truth,Program-Verification-Dataset_tmp_tmpgbdrlnu__Dafny_algorithms and leetcode_heap2.dfy,tptp,vampire,polymorphic,VERIFICATION_TIMED_OUT,15770,4
ground_truth,Program-Verification-Dataset_tmp_tmpgbdrlnu__Dafny_algorithms and leetcode_heap2.dfy,tptp,vampire,monomorphic,VERIFICATION_TIMED_OUT,15871,4
ground_truth,Program-Verification-Dataset_tmp_tmpgbdrlnu__Dafny_algorithms and leetcode_heap2.dfy,tptp,vampire,predicates,VERIFICATION_TIMED_OUT,15806,4
ground_truth,Program-Verification-Dataset_tmp_tmpgbdrlnu__Dafny_algorithms and leetcode_heap2.dfy,tptp,vampire,arguments,VERIFICATION_TIMED_OUT,15757,4
ground_truth,Program-Verification-Dataset_tmp_tmpgbdrlnu__Dafny_algorithms and leetcode_heap2.dfy,smtlib,vampire,monomorphic,VERIFICATION_TIMED_OUT,15779,4
ground_truth,Program-Verification-Dataset_tmp_tmpgbdrlnu__Dafny_algorithms and leetcode_heap2.dfy,smtlib,vampire,predicates,VERIFICATION_TIMED_OUT,15640,4
ground_truth,Program-Verification-Dataset_tmp_tmpgbdrlnu__Dafny_algorithms and leetcode_heap2.dfy,smtlib,vampire,arguments,VERIFICATION_TIMED_OUT,15700,4
ground_truth,Program-Verification-Dataset_tmp_tmpgbdrlnu__Dafny_algorithms and leetcode_heap2.dfy,smtlib,z3,monomorphic,VERIFICATION_TIMED_OUT,16914,4
ground_truth,Program-Verification-Dataset_tmp_tmpgbdrlnu__Dafny_algorithms and leetcode_heap2.dfy,smtlib,z3,predicates,VERIFICATION_TIMED_OUT,16855,4
ground_truth,Program-Verification-Dataset_tmp_tmpgbdrlnu__Dafny_algorithms and leetcode_heap2.dfy,smtlib,z3,arguments,VERIFIED,11313,0
ground_truth,CO3408-Advanced-Software-Modelling-Assignment-2022-23-Part-2-A-Specification-Spectacular_tmp_tmp4pj4p2zx_car_park.dfy,tptp,vampire,polymorphic,VERIFICATION_TIMED_OUT,22655,4
ground_truth,CO3408-Advanced-Software-Modelling-Assignment-2022-23-Part-2-A-Specification-Spectacular_tmp_tmp4pj4p2zx_car_park.dfy,tptp,vampire,monomorphic,VERIFICATION_TIMED_OUT,31807,4
ground_truth,CO3408-Advanced-Software-Modelling-Assignment-2022-23-Part-2-A-Specification-Spectacular_tmp_tmp4pj4p2zx_car_park.dfy,tptp,vampire,predicates,VERIFICATION_TIMED_OUT,44150,4
ground_truth,CO3408-Advanced-Software-Modelling-Assignment-2022-23-Part-2-A-Specification-Spectacular_tmp_tmp4pj4p2zx_car_park.dfy,tptp,vampire,arguments,VERIFICATION_TIMED_OUT,43821,4
ground_truth,CO3408-Advanced-Software-Modelling-Assignment-2022-23-Part-2-A-Specification-Spectacular_tmp_tmp4pj4p2zx_car_park.dfy,smtlib,vampire,monomorphic,VERIFICATION_TIMED_OUT,31116,4
ground_truth,CO3408-Advanced-Software-Modelling-Assignment-2022-23-Part-2-A-Specification-Spectacular_tmp_tmp4pj4p2zx_car_park.dfy,smtlib,vampire,predicates,VERIFICATION_TIMED_OUT,43899,4
ground_truth,CO3408-Advanced-Software-Modelling-Assignment-2022-23-Part-2-A-Specification-Spectacular_tmp_tmp4pj4p2zx_car_park.dfy,smtlib,vampire,arguments,VERIFICATION_TIMED_OUT,33987,4
ground_truth,CO3408-Advanced-Software-Modelling-Assignment-2022-23-Part-2-A-Specification-Spectacular_tmp_tmp4pj4p2zx_car_park.dfy,smtlib,z3,monomorphic,VERIFIED,9309,0
ground_truth,CO3408-Advanced-Software-Modelling-Assignment-2022-23-Part-2-A-Specification-Spectacular_tmp_tmp4pj4p2zx_car_park.dfy,smtlib,z3,predicates,VERIFIED,8075,0
ground_truth,CO3408-Advanced-Software-Modelling-Assignment-2022-23-Part-2-A-Specification-Spectacular_tmp_tmp4pj4p2zx_car_park.dfy,smtlib,z3,arguments,VERIFIED,10077,0
ground_truth,Dafny_Verify_tmp_tmphq7j0row_dataset_bql_exampls_SmallNum.dfy,tptp,vampire,polymorphic,VERIFICATION_TIMED_OUT,15414,4
ground_truth,Dafny_Verify_tmp_tmphq7j0row_dataset_bql_exampls_SmallNum.dfy,tptp,vampire,monomorphic,VERIFICATION_TIMED_OUT,15440,4
ground_truth,Dafny_Verify_tmp_tmphq7j0row_dataset_bql_exampls_SmallNum.dfy,tptp,vampire,predicates,VERIFIED,6078,0
ground_truth,Dafny_Verify_tmp_tmphq7j0row_dataset_bql_exampls_SmallNum.dfy,tptp,vampire,arguments,VERIFIED,6134,0
ground_truth,Dafny_Verify_tmp_tmphq7j0row_dataset_bql_exampls_SmallNum.dfy,smtlib,vampire,monomorphic,VERIFIED,3411,0
ground_truth,Dafny_Verify_tmp_tmphq7j0row_dataset_bql_exampls_SmallNum.dfy,smtlib,vampire,predicates,VERIFIED,6508,0
ground_truth,Dafny_Verify_tmp_tmphq7j0row_dataset_bql_exampls_SmallNum.dfy,smtlib,vampire,arguments,VERIFIED,3542,0
ground_truth,Dafny_Verify_tmp_tmphq7j0row_dataset_bql_exampls_SmallNum.dfy,smtlib,z3,monomorphic,VERIFIED,1552,0
ground_truth,Dafny_Verify_tmp_tmphq7j0row_dataset_bql_exampls_SmallNum.dfy,smtlib,z3,predicates,VERIFIED,1523,0
ground_truth,Dafny_Verify_tmp_tmphq7j0row_dataset_bql_exampls_SmallNum.dfy,smtlib,z3,arguments,VERIFIED,1489,0
ground_truth,Program-Verification-Dataset_tmp_tmpgbdrlnu__Dafny_advanced examples_MatrixMultiplication.dfy,tptp,vampire,polymorphic,VERIFICATION_TIMED_OUT,15656,4
ground_truth,Program-Verification-Dataset_tmp_tmpgbdrlnu__Dafny_advanced examples_MatrixMultiplication.dfy,tptp,vampire,monomorphic,VERIFICATION_TIMED_OUT,15690,4
ground_truth,Program-Verification-Dataset_tmp_tmpgbdrlnu__Dafny_advanced examples_MatrixMultiplication.dfy,tptp,vampire,predicates,VERIFICATION_TIMED_OUT,15664,4
ground_truth,Program-Verification-Dataset_tmp_tmpgbdrlnu__Dafny_advanced examples_MatrixMultiplication.dfy,tptp,vampire,arguments,VERIFICATION_TIMED_OUT,15665,4
ground_truth,Program-Verification-Dataset_tmp_tmpgbdrlnu__Dafny_advanced examples_MatrixMultiplication.dfy,smtlib,vampire,monomorphic,VERIFICATION_TIMED_OUT,15699,4
ground_truth,Program-Verification-Dataset_tmp_tmpgbdrlnu__Dafny_advanced examples_MatrixMultiplication.dfy,smtlib,vampire,predicates,VERIFICATION_TIMED_OUT,15534,4
ground_truth,Program-Verification-Dataset_tmp_tmpgbdrlnu__Dafny_advanced examples_MatrixMultiplication.dfy,smtlib,vampire,arguments,VERIFICATION_TIMED_OUT,15519,4
ground_truth,Program-Verification-Dataset_tmp_tmpgbdrlnu__Dafny_advanced examples_MatrixMultiplication.dfy,smtlib,z3,monomorphic,VERIFIED,1989,0
ground_truth,Program-Verification-Dataset_tmp_tmpgbdrlnu__Dafny_advanced examples_MatrixMultiplication.dfy,smtlib,z3,predicates,VERIFIED,1878,0
ground_truth,Program-Verification-Dataset_tmp_tmpgbdrlnu__Dafny_advanced examples_MatrixMultiplication.dfy,smtlib,z3,arguments,VERIFIED,1793,0
ground_truth,dafny-learn_tmp_tmpn94ir40q_R01_assertions.dfy,tptp,vampire,polymorphic,VERIFIED,1422,0
ground_truth,dafny-learn_tmp_tmpn94ir40q_R01_assertions.dfy,tptp,vampire,monomorphic,VERIFIED,1539,0
ground_truth,dafny-learn_tmp_tmpn94ir40q_R01_assertions.dfy,tptp,vampire,predicates,VERIFIED,1503,0
ground_truth,dafny-learn_tmp_tmpn94ir40q_R01_assertions.dfy,tptp,vampire,arguments,VERIFIED,1476,0
ground_truth,dafny-learn_tmp_tmpn94ir40q_R01_assertions.dfy,smtlib,vampire,monomorphic,VERIFIED,1497,0
ground_truth,dafny-learn_tmp_tmpn94ir40q_R01_assertions.dfy,smtlib,vampire,predicates,VERIFIED,1402,0
ground_truth,dafny-learn_tmp_tmpn94ir40q_R01_assertions.dfy,smtlib,vampire,arguments,VERIFIED,1376,0
ground_truth,dafny-learn_tmp_tmpn94ir40q_R01_assertions.dfy,smtlib,z3,monomorphic,VERIFIED,1484,0
ground_truth,dafny-learn_tmp_tmpn94ir40q_R01_assertions.dfy,smtlib,z3,predicates,VERIFIED,1414,0
ground_truth,dafny-learn_tmp_tmpn94ir40q_R01_assertions.dfy,smtlib,z3,arguments,VERIFIED,1398,0
ground_truth,dafny-language-server_tmp_tmpkir0kenl_Test_dafny2_Intervals.dfy,tptp,vampire,polymorphic,VERIFICATION_TIMED_OUT,15573,4
ground_truth,dafny-language-server_tmp_tmpkir0kenl_Test_dafny2_Intervals.dfy,tptp,vampire,monomorphic,VERIFICATION_TIMED_OUT,15885,4
ground_truth,dafny-language-server_tmp_tmpkir0kenl_Test_dafny2_Intervals.dfy,tptp,vampire,predicates,VERIFICATION_TIMED_OUT,17504,4
ground_truth,dafny-language-server_tmp_tmpkir0kenl_Test_dafny2_Intervals.dfy,tptp,vampire,arguments,VERIFICATION_TIMED_OUT,15761,4
ground_truth,dafny-language-server_tmp_tmpkir0kenl_Test_dafny2_Intervals.dfy,smtlib,vampire,monomorphic,VERIFICATION_TIMED_OUT,15648,4
ground_truth,dafny-language-server_tmp_tmpkir0kenl_Test_dafny2_Intervals.dfy,smtlib,vampire,predicates,VERIFICATION_TIMED_OUT,29346,4
ground_truth,dafny-language-server_tmp_tmpkir0kenl_Test_dafny2_Intervals.dfy,smtlib,vampire,arguments,VERIFICATION_TIMED_OUT,15628,4
ground_truth,dafny-language-server_tmp_tmpkir0kenl_Test_dafny2_Intervals.dfy,smtlib,z3,monomorphic,VERIFIED,1769,0
ground_truth,dafny-language-server_tmp_tmpkir0kenl_Test_dafny2_Intervals.dfy,smtlib,z3,predicates,VERIFIED,1670,0
ground_truth,dafny-language-server_tmp_tmpkir0kenl_Test_dafny2_Intervals.dfy,smtlib,z3,arguments,VERIFIED,1687,0
ground_truth,Program-Verification-Dataset_tmp_tmpgbdrlnu__Dafny_basic examples_product_details.dfy,tptp,vampire,polymorphic,VERIFIED,2024,0
ground_truth,Program-Verification-Dataset_tmp_tmpgbdrlnu__Dafny_basic examples_product_details.dfy,tptp,vampire,monomorphic,VERIFIED,3540,0
ground_truth,Program-Verification-Dataset_tmp_tmpgbdrlnu__Dafny_basic examples_product_details.dfy,tptp,vampire,predicates,VERIFIED,3679,0
ground_truth,Program-Verification-Dataset_tmp_tmpgbdrlnu__Dafny_basic examples_product_details.dfy,tptp,vampire,arguments,VERIFIED,2044,0
ground_truth,Program-Verification-Dataset_tmp_tmpgbdrlnu__Dafny_basic examples_product_details.dfy,smtlib,vampire,monomorphic,VERIFIED,3693,0
ground_truth,Program-Verification-Dataset_tmp_tmpgbdrlnu__Dafny_basic examples_product_details.dfy,smtlib,vampire,predicates,VERIFICATION_TIMED_OUT,15247,4
ground_truth,Program-Verification-Dataset_tmp_tmpgbdrlnu__Dafny_basic examples_product_details.dfy,smtlib,vampire,arguments,VERIFIED,3780,0
ground_truth,Program-Verification-Dataset_tmp_tmpgbdrlnu__Dafny_basic examples_product_details.dfy,smtlib,z3,monomorphic,VERIFIED,1519,0
ground_truth,Program-Verification-Dataset_tmp_tmpgbdrlnu__Dafny_basic examples_product_details.dfy,smtlib,z3,predicates,VERIFIED,1467,0
ground_truth,Program-Verification-Dataset_tmp_tmpgbdrlnu__Dafny_basic examples_product_details.dfy,smtlib,z3,arguments,VERIFIED,1357,0
ground_truth,dafny-language-server_tmp_tmpkir0kenl_Test_vacid0_Composite.dfy,tptp,vampire,polymorphic,VERIFICATION_TIMED_OUT,31059,4
ground_truth,dafny-language-server_tmp_tmpkir0kenl_Test_vacid0_Composite.dfy,tptp,vampire,monomorphic,VERIFICATION_TIMED_OUT,31218,4
ground_truth,dafny-language-server_tmp_tmpkir0kenl_Test_vacid0_Composite.dfy,tptp,vampire,predicates,VERIFICATION_TIMED_OUT,43888,4
ground_truth,dafny-language-server_tmp_tmpkir0kenl_Test_vacid0_Composite.dfy,tptp,vampire,arguments,VERIFICATION_TIMED_OUT,31214,4
ground_truth,dafny-language-server_tmp_tmpkir0kenl_Test_vacid0_Composite.dfy,smtlib,vampire,monomorphic,VERIFICATION_TIMED_OUT,31120,4
ground_truth,dafny-language-server_tmp_tmpkir0kenl_Test_vacid0_Composite.dfy,smtlib,vampire,predicates,VERIFICATION_TIMED_OUT,43616,4
ground_truth,dafny-language-server_tmp_tmpkir0kenl_Test_vacid0_Composite.dfy,smtlib,vampire,arguments,VERIFICATION_TIMED_OUT,31186,4
ground_truth,dafny-language-server_tmp_tmpkir0kenl_Test_vacid0_Composite.dfy,smtlib,z3,monomorphic,VERIFIED,3562,0
ground_truth,dafny-language-server_tmp_tmpkir0kenl_Test_vacid0_Composite.dfy,smtlib,z3,predicates,VERIFIED,5730,0
ground_truth,dafny-language-server_tmp_tmpkir0kenl_Test_vacid0_Composite.dfy,smtlib,z3,arguments,VERIFIED,3981,0
ground_truth,Clover_array_copy.dfy,tptp,vampire,polymorphic,VERIFICATION_TIMED_OUT,15378,4
ground_truth,Clover_array_copy.dfy,tptp,vampire,monomorphic,VERIFICATION_TIMED_OUT,15417,4
ground_truth,Clover_array_copy.dfy,tptp,vampire,predicates,VERIFICATION_TIMED_OUT,15393,4
ground_truth,Clover_array_copy.dfy,tptp,vampire,arguments,VERIFICATION_TIMED_OUT,15465,4
ground_truth,Clover_array_copy.dfy,smtlib,vampire,monomorphic,VERIFICATION_TIMED_OUT,15480,4
ground_truth,Clover_array_copy.dfy,smtlib,vampire,predicates,VERIFICATION_TIMED_OUT,15438,4
ground_truth,Clover_array_copy.dfy,smtlib,vampire,arguments,VERIFICATION_TIMED_OUT,15427,4
ground_truth,Clover_array_copy.dfy,smtlib,z3,monomorphic,VERIFIED,1562,0
ground_truth,Clover_array_copy.dfy,smtlib,z3,predicates,VERIFIED,1552,0
ground_truth,Clover_array_copy.dfy,smtlib,z3,arguments,VERIFIED,1528,0
ground_truth,dafny-language-server_tmp_tmpkir0kenl_Test_dafny3_InductionVsCoinduction.dfy,tptp,vampire,polymorphic,VERIFICATION_TIMED_OUT,31026,4
ground_truth,dafny-language-server_tmp_tmpkir0kenl_Test_dafny3_InductionVsCoinduction.dfy,tptp,vampire,monomorphic,VERIFICATION_TIMED_OUT,30050,4
ground_truth,dafny-language-server_tmp_tmpkir0kenl_Test_dafny3_InductionVsCoinduction.dfy,tptp,vampire,predicates,VERIFICATION_TIMED_OUT,43724,4
ground_truth,dafny-language-server_tmp_tmpkir0kenl_Test_dafny3_InductionVsCoinduction.dfy,tptp,vampire,arguments,VERIFICATION_TIMED_OUT,31318,4
ground_truth,dafny-language-server_tmp_tmpkir0kenl_Test_dafny3_InductionVsCoinduction.dfy,smtlib,vampire,monomorphic,VERIFICATION_TIMED_OUT,29799,4
ground_truth,dafny-language-server_tmp_tmpkir0kenl_Test_dafny3_InductionVsCoinduction.dfy,smtlib,vampire,predicates,VERIFICATION_TIMED_OUT,29921,4
ground_truth,dafny-language-server_tmp_tmpkir0kenl_Test_dafny3_InductionVsCoinduction.dfy,smtlib,vampire,arguments,VERIFICATION_TIMED_OUT,29806,4
ground_truth,dafny-language-server_tmp_tmpkir0kenl_Test_dafny3_InductionVsCoinduction.dfy,smtlib,z3,monomorphic,VERIFIED,1952,0
ground_truth,dafny-language-server_tmp_tmpkir0kenl_Test_dafny3_InductionVsCoinduction.dfy,smtlib,z3,predicates,VERIFIED,1929,0
ground_truth,dafny-language-server_tmp_tmpkir0kenl_Test_dafny3_InductionVsCoinduction.dfy,smtlib,z3,arguments,VERIFIED,1854,0
ground_truth,Dafny-Exercises_tmp_tmpjm75muf__Session4Exercises_ExerciseContained.dfy,tptp,vampire,polymorphic,VERIFICATION_TIMED_OUT,15520,4
ground_truth,Dafny-Exercises_tmp_tmpjm75muf__Session4Exercises_ExerciseContained.dfy,tptp,vampire,monomorphic,VERIFICATION_TIMED_OUT,15636,4
ground_truth,Dafny-Exercises_tmp_tmpjm75muf__Session4Exercises_ExerciseContained.dfy,tptp,vampire,predicates,VERIFICATION_TIMED_OUT,15577,4
ground_truth,Dafny-Exercises_tmp_tmpjm75muf__Session4Exercises_ExerciseContained.dfy,tptp,vampire,arguments,VERIFICATION_TIMED_OUT,15625,4
ground_truth,Dafny-Exercises_tmp_tmpjm75muf__Session4Exercises_ExerciseContained.dfy,smtlib,vampire,monomorphic,VERIFICATION_TIMED_OUT,15527,4
ground_truth,Dafny-Exercises_tmp_tmpjm75muf__Session4Exercises_ExerciseContained.dfy,smtlib,vampire,predicates,VERIFICATION_TIMED_OUT,15403,4
ground_truth,Dafny-Exercises_tmp_tmpjm75muf__Session4Exercises_ExerciseContained.dfy,smtlib,vampire,arguments,VERIFICATION_TIMED_OUT,15317,4
ground_truth,Dafny-Exercises_tmp_tmpjm75muf__Session4Exercises_ExerciseContained.dfy,smtlib,z3,monomorphic,VERIFIED,1619,0
ground_truth,Dafny-Exercises_tmp_tmpjm75muf__Session4Exercises_ExerciseContained.dfy,smtlib,z3,predicates,VERIFIED,1570,0
ground_truth,Dafny-Exercises_tmp_tmpjm75muf__Session4Exercises_ExerciseContained.dfy,smtlib,z3,arguments,VERIFIED,1543,0
ground_truth,HATRA-2022-Paper_tmp_tmp5texxy8l_copilot_verification_Largest Sum_largest_sum.dfy,tptp,vampire,polymorphic,VERIFICATION_TIMED_OUT,15507,4
ground_truth,HATRA-2022-Paper_tmp_tmp5texxy8l_copilot_verification_Largest Sum_largest_sum.dfy,tptp,vampire,monomorphic,VERIFICATION_TIMED_OUT,15630,4
ground_truth,HATRA-2022-Paper_tmp_tmp5texxy8l_copilot_verification_Largest Sum_largest_sum.dfy,tptp,vampire,predicates,VERIFICATION_TIMED_OUT,15536,4
ground_truth,HATRA-2022-Paper_tmp_tmp5texxy8l_copilot_verification_Largest Sum_largest_sum.dfy,tptp,vampire,arguments,VERIFICATION_TIMED_OUT,15527,4
ground_truth,HATRA-2022-Paper_tmp_tmp5texxy8l_copilot_verification_Largest Sum_largest_sum.dfy,smtlib,vampire,monomorphic,VERIFICATION_TIMED_OUT,15519,4
ground_truth,HATRA-2022-Paper_tmp_tmp5texxy8l_copilot_verification_Largest Sum_largest_sum.dfy,smtlib,vampire,predicates,VERIFICATION_TIMED_OUT,15443,4
ground_truth,HATRA-2022-Paper_tmp_tmp5texxy8l_copilot_verification_Largest Sum_largest_sum.dfy,smtlib,vampire,arguments,VERIFICATION_TIMED_OUT,15449,4
ground_truth,HATRA-2022-Paper_tmp_tmp5texxy8l_copilot_verification_Largest Sum_largest_sum.dfy,smtlib,z3,monomorphic,VERIFIED,1672,0
ground_truth,HATRA-2022-Paper_tmp_tmp5texxy8l_copilot_verification_Largest Sum_largest_sum.dfy,smtlib,z3,predicates,VERIFIED,1596,0
ground_truth,HATRA-2022-Paper_tmp_tmp5texxy8l_copilot_verification_Largest Sum_largest_sum.dfy,smtlib,z3,arguments,VERIFIED,1594,0
ground_truth,dafny-duck_tmp_tmplawbgxjo_p1.dfy,tptp,vampire,polymorphic,VERIFICATION_TIMED_OUT,15376,4
ground_truth,dafny-duck_tmp_tmplawbgxjo_p1.dfy,tptp,vampire,monomorphic,VERIFICATION_TIMED_OUT,15425,4
ground_truth,dafny-duck_tmp_tmplawbgxjo_p1.dfy,tptp,vampire,predicates,VERIFICATION_TIMED_OUT,15395,4
ground_truth,dafny-duck_tmp_tmplawbgxjo_p1.dfy,tptp,vampire,arguments,VERIFICATION_TIMED_OUT,15378,4
ground_truth,dafny-duck_tmp_tmplawbgxjo_p1.dfy,smtlib,vampire,monomorphic,VERIFIED,3653,0
ground_truth,dafny-duck_tmp_tmplawbgxjo_p1.dfy,smtlib,vampire,predicates,VERIFICATION_TIMED_OUT,15391,4
ground_truth,dafny-duck_tmp_tmplawbgxjo_p1.dfy,smtlib,vampire,arguments,VERIFIED,3625,0
ground_truth,dafny-duck_tmp_tmplawbgxjo_p1.dfy,smtlib,z3,monomorphic,VERIFIED,1575,0
ground_truth,dafny-duck_tmp_tmplawbgxjo_p1.dfy,smtlib,z3,predicates,VERIFIED,1489,0
ground_truth,dafny-duck_tmp_tmplawbgxjo_p1.dfy,smtlib,z3,arguments,VERIFIED,1450,0
ground_truth,Dafny_Verify_tmp_tmphq7j0row_Test_Cases_Ghost.dfy,tptp,vampire,polymorphic,VERIFIED,1633,0
ground_truth,Dafny_Verify_tmp_tmphq7j0row_Test_Cases_Ghost.dfy,tptp,vampire,monomorphic,VERIFIED,1701,0
ground_truth,Dafny_Verify_tmp_tmphq7j0row_Test_Cases_Ghost.dfy,tptp,vampire,predicates,VERIFIED,1977,0
ground_truth,Dafny_Verify_tmp_tmphq7j0row_Test_Cases_Ghost.dfy,tptp,vampire,arguments,VERIFIED,1627,0
ground_truth,Dafny_Verify_tmp_tmphq7j0row_Test_Cases_Ghost.dfy,smtlib,vampire,monomorphic,VERIFIED,1610,0
ground_truth,Dafny_Verify_tmp_tmphq7j0row_Test_Cases_Ghost.dfy,smtlib,vampire,predicates,VERIFIED,1753,0
ground_truth,Dafny_Verify_tmp_tmphq7j0row_Test_Cases_Ghost.dfy,smtlib,vampire,arguments,VERIFIED,1518,0
ground_truth,Dafny_Verify_tmp_tmphq7j0row_Test_Cases_Ghost.dfy,smtlib,z3,monomorphic,VERIFIED,1509,0
ground_truth,Dafny_Verify_tmp_tmphq7j0row_Test_Cases_Ghost.dfy,smtlib,z3,predicates,VERIFIED,1431,0
ground_truth,Dafny_Verify_tmp_tmphq7j0row_Test_Cases_Ghost.dfy,smtlib,z3,arguments,VERIFIED,1419,0
ground_truth,dafny-synthesis_task_id_579.dfy,tptp,vampire,polymorphic,VERIFICATION_TIMED_OUT,15433,4
ground_truth,dafny-synthesis_task_id_579.dfy,tptp,vampire,monomorphic,VERIFICATION_TIMED_OUT,15570,4
ground_truth,dafny-synthesis_task_id_579.dfy,tptp,vampire,predicates,VERIFICATION_TIMED_OUT,15507,4
ground_truth,dafny-synthesis_task_id_579.dfy,tptp,vampire,arguments,VERIFICATION_TIMED_OUT,15459,4
ground_truth,dafny-synthesis_task_id_579.dfy,smtlib,vampire,monomorphic,VERIFICATION_TIMED_OUT,15520,4
ground_truth,dafny-synthesis_task_id_579.dfy,smtlib,vampire,predicates,VERIFICATION_TIMED_OUT,15376,4
ground_truth,dafny-synthesis_task_id_579.dfy,smtlib,vampire,arguments,VERIFIED,3429,0
ground_truth,dafny-synthesis_task_id_579.dfy,smtlib,z3,monomorphic,VERIFIED,1636,0
ground_truth,dafny-synthesis_task_id_579.dfy,smtlib,z3,predicates,VERIFIED,1625,0
ground_truth,dafny-synthesis_task_id_579.dfy,smtlib,z3,arguments,VERIFIED,1580,0
ground_truth,ironsync-osdi2023_tmp_tmpx80antoe_lib_Marshalling_Math.dfy,tptp,vampire,polymorphic,VERIFICATION_TIMED_OUT,43751,4
ground_truth,ironsync-osdi2023_tmp_tmpx80antoe_lib_Marshalling_Math.dfy,tptp,vampire,monomorphic,VERIFICATION_TIMED_OUT,44210,4
ground_truth,ironsync-osdi2023_tmp_tmpx80antoe_lib_Marshalling_Math.dfy,tptp,vampire,predicates,VERIFICATION_TIMED_OUT,46375,4
ground_truth,ironsync-osdi2023_tmp_tmpx80antoe_lib_Marshalling_Math.dfy,tptp,vampire,arguments,VERIFICATION_TIMED_OUT,46914,4
ground_truth,ironsync-osdi2023_tmp_tmpx80antoe_lib_Marshalling_Math.dfy,smtlib,vampire,monomorphic,VERIFICATION_TIMED_OUT,31469,4
ground_truth,ironsync-osdi2023_tmp_tmpx80antoe_lib_Marshalling_Math.dfy,smtlib,vampire,predicates,VERIFICATION_TIMED_OUT,32340,4
ground_truth,ironsync-osdi2023_tmp_tmpx80antoe_lib_Marshalling_Math.dfy,smtlib,vampire,arguments,VERIFICATION_TIMED_OUT,22893,4
ground_truth,ironsync-osdi2023_tmp_tmpx80antoe_lib_Marshalling_Math.dfy,smtlib,z3,monomorphic,VERIFICATION_TIMED_OUT,16881,4
ground_truth,ironsync-osdi2023_tmp_tmpx80antoe_lib_Marshalling_Math.dfy,smtlib,z3,predicates,VERIFICATION_TIMED_OUT,16867,4
ground_truth,ironsync-osdi2023_tmp_tmpx80antoe_lib_Marshalling_Math.dfy,smtlib,z3,arguments,VERIFICATION_TIMED_OUT,16768,4
ground_truth,dafny-synthesis_task_id_760.dfy,tptp,vampire,polymorphic,VERIFIED,3669,0
ground_truth,dafny-synthesis_task_id_760.dfy,tptp,vampire,monomorphic,VERIFIED,3766,0
ground_truth,dafny-synthesis_task_id_760.dfy,tptp,vampire,predicates,VERIFICATION_TIMED_OUT,15488,4
ground_truth,dafny-synthesis_task_id_760.dfy,tptp,vampire,arguments,VERIFIED,6654,0
ground_truth,dafny-synthesis_task_id_760.dfy,smtlib,vampire,monomorphic,VERIFICATION_TIMED_OUT,15415,4
ground_truth,dafny-synthesis_task_id_760.dfy,smtlib,vampire,predicates,VERIFICATION_TIMED_OUT,15280,4
ground_truth,dafny-synthesis_task_id_760.dfy,smtlib,vampire,arguments,VERIFICATION_TIMED_OUT,15392,4
ground_truth,dafny-synthesis_task_id_760.dfy,smtlib,z3,monomorphic,VERIFIED,1612,0
ground_truth,dafny-synthesis_task_id_760.dfy,smtlib,z3,predicates,VERIFIED,1565,0
ground_truth,dafny-synthesis_task_id_760.dfy,smtlib,z3,arguments,VERIFIED,1569,0
ground_truth,dafny-synthesis_task_id_566.dfy,tptp,vampire,polymorphic,VERIFICATION_TIMED_OUT,24438,4
ground_truth,dafny-synthesis_task_id_566.dfy,tptp,vampire,monomorphic,VERIFICATION_TIMED_OUT,29818,4
ground_truth,dafny-synthesis_task_id_566.dfy,tptp,vampire,predicates,VERIFICATION_TIMED_OUT,43570,4
ground_truth,dafny-synthesis_task_id_566.dfy,tptp,vampire,arguments,VERIFICATION_TIMED_OUT,29964,4
ground_truth,dafny-synthesis_task_id_566.dfy,smtlib,vampire,monomorphic,VERIFICATION_TIMED_OUT,23070,4
ground_truth,dafny-synthesis_task_id_566.dfy,smtlib,vampire,predicates,VERIFICATION_TIMED_OUT,29607,4
ground_truth,dafny-synthesis_task_id_566.dfy,smtlib,vampire,arguments,VERIFICATION_TIMED_OUT,25094,4
ground_truth,dafny-synthesis_task_id_566.dfy,smtlib,z3,monomorphic,VERIFICATION_TIMED_OUT,16771,4
ground_truth,dafny-synthesis_task_id_566.dfy,smtlib,z3,predicates,NOT_VERIFIED,2124,4
ground_truth,dafny-synthesis_task_id_566.dfy,smtlib,z3,arguments,VERIFICATION_TIMED_OUT,16692,4
ground_truth,summer-school-2020_tmp_tmpn8nf7zf0_chapter02_solutions_exercise01_solution.dfy,tptp,vampire,polymorphic,VERIFICATION_TIMED_OUT,15366,4
ground_truth,summer-school-2020_tmp_tmpn8nf7zf0_chapter02_solutions_exercise01_solution.dfy,tptp,vampire,monomorphic,VERIFICATION_TIMED_OUT,15485,4
ground_truth,summer-school-2020_tmp_tmpn8nf7zf0_chapter02_solutions_exercise01_solution.dfy,tptp,vampire,predicates,VERIFICATION_TIMED_OUT,15393,4
ground_truth,summer-school-2020_tmp_tmpn8nf7zf0_chapter02_solutions_exercise01_solution.dfy,tptp,vampire,arguments,VERIFICATION_TIMED_OUT,15429,4
ground_truth,summer-school-2020_tmp_tmpn8nf7zf0_chapter02_solutions_exercise01_solution.dfy,smtlib,vampire,monomorphic,VERIFIED,2262,0
ground_truth,summer-school-2020_tmp_tmpn8nf7zf0_chapter02_solutions_exercise01_solution.dfy,smtlib,vampire,predicates,VERIFICATION_TIMED_OUT,15248,4
ground_truth,summer-school-2020_tmp_tmpn8nf7zf0_chapter02_solutions_exercise01_solution.dfy,smtlib,vampire,arguments,VERIFIED,2158,0
ground_truth,summer-school-2020_tmp_tmpn8nf7zf0_chapter02_solutions_exercise01_solution.dfy,smtlib,z3,monomorphic,VERIFIED,1486,0
ground_truth,summer-school-2020_tmp_tmpn8nf7zf0_chapter02_solutions_exercise01_solution.dfy,smtlib,z3,predicates,VERIFIED,1458,0
ground_truth,summer-school-2020_tmp_tmpn8nf7zf0_chapter02_solutions_exercise01_solution.dfy,smtlib,z3,arguments,VERIFIED,1437,0
ground_truth,dafny-synthesis_task_id_641.dfy,tptp,vampire,polymorphic,VERIFIED,1365,0
ground_truth,dafny-synthesis_task_id_641.dfy,tptp,vampire,monomorphic,VERIFIED,1437,0
ground_truth,dafny-synthesis_task_id_641.dfy,tptp,vampire,predicates,VERIFIED,1366,0
ground_truth,dafny-synthesis_task_id_641.dfy,tptp,vampire,arguments,VERIFIED,1349,0
ground_truth,dafny-synthesis_task_id_641.dfy,smtlib,vampire,monomorphic,VERIFIED,1347,0
ground_truth,dafny-synthesis_task_id_641.dfy,smtlib,vampire,predicates,VERIFIED,1301,0
ground_truth,dafny-synthesis_task_id_641.dfy,smtlib,vampire,arguments,VERIFIED,1285,0
ground_truth,dafny-synthesis_task_id_641.dfy,smtlib,z3,monomorphic,VERIFIED,1361,0
ground_truth,dafny-synthesis_task_id_641.dfy,smtlib,z3,predicates,VERIFIED,1293,0
ground_truth,dafny-synthesis_task_id_641.dfy,smtlib,z3,arguments,VERIFIED,1285,0
ground_truth,dafny-language-server_tmp_tmpkir0kenl_Test_hofs_Requires.dfy,tptp,vampire,polymorphic,VERIFIED,2689,0
ground_truth,dafny-language-server_tmp_tmpkir0kenl_Test_hofs_Requires.dfy,tptp,vampire,monomorphic,VERIFIED,2818,0
ground_truth,dafny-language-server_tmp_tmpkir0kenl_Test_hofs_Requires.dfy,tptp,vampire,predicates,VERIFICATION_TIMED_OUT,15924,4
ground_truth,dafny-language-server_tmp_tmpkir0kenl_Test_hofs_Requires.dfy,tptp,vampire,arguments,VERIFICATION_TIMED_OUT,15660,4
ground_truth,dafny-language-server_tmp_tmpkir0kenl_Test_hofs_Requires.dfy,smtlib,vampire,monomorphic,VERIFIED,2928,0
ground_truth,dafny-language-server_tmp_tmpkir0kenl_Test_hofs_Requires.dfy,smtlib,vampire,predicates,VERIFICATION_TIMED_OUT,15661,4
ground_truth,dafny-language-server_tmp_tmpkir0kenl_Test_hofs_Requires.dfy,smtlib,vampire,arguments,VERIFIED,4001,0
ground_truth,dafny-language-server_tmp_tmpkir0kenl_Test_hofs_Requires.dfy,smtlib,z3,monomorphic,VERIFIED,1631,0
ground_truth,dafny-language-server_tmp_tmpkir0kenl_Test_hofs_Requires.dfy,smtlib,z3,predicates,VERIFIED,1589,0
ground_truth,dafny-language-server_tmp_tmpkir0kenl_Test_hofs_Requires.dfy,smtlib,z3,arguments,VERIFIED,1570,0
ground_truth,llm-verified-eval_tmp_tmpd2deqn_i_dafny_5.dfy,tptp,vampire,polymorphic,VERIFICATION_TIMED_OUT,15414,4
ground_truth,llm-verified-eval_tmp_tmpd2deqn_i_dafny_5.dfy,tptp,vampire,monomorphic,VERIFICATION_TIMED_OUT,15453,4
ground_truth,llm-verified-eval_tmp_tmpd2deqn_i_dafny_5.dfy,tptp,vampire,predicates,VERIFICATION_TIMED_OUT,15438,4
ground_truth,llm-verified-eval_tmp_tmpd2deqn_i_dafny_5.dfy,tptp,vampire,arguments,VERIFICATION_TIMED_OUT,15368,4
ground_truth,llm-verified-eval_tmp_tmpd2deqn_i_dafny_5.dfy,smtlib,vampire,monomorphic,VERIFIED,3416,0
ground_truth,llm-verified-eval_tmp_tmpd2deqn_i_dafny_5.dfy,smtlib,vampire,predicates,VERIFICATION_TIMED_OUT,15275,4
ground_truth,llm-verified-eval_tmp_tmpd2deqn_i_dafny_5.dfy,smtlib,vampire,arguments,VERIFIED,3338,0
ground_truth,llm-verified-eval_tmp_tmpd2deqn_i_dafny_5.dfy,smtlib,z3,monomorphic,VERIFIED,1518,0
ground_truth,llm-verified-eval_tmp_tmpd2deqn_i_dafny_5.dfy,smtlib,z3,predicates,VERIFIED,1470,0
ground_truth,llm-verified-eval_tmp_tmpd2deqn_i_dafny_5.dfy,smtlib,z3,arguments,VERIFIED,1456,0
ground_truth,dafny-synthesis_task_id_775.dfy,tptp,vampire,polymorphic,VERIFIED,3342,0
ground_truth,dafny-synthesis_task_id_775.dfy,tptp,vampire,monomorphic,VERIFIED,2561,0
ground_truth,dafny-synthesis_task_id_775.dfy,tptp,vampire,predicates,VERIFIED,6805,0
ground_truth,dafny-synthesis_task_id_775.dfy,tptp,vampire,arguments,VERIFIED,3360,0
ground_truth,dafny-synthesis_task_id_775.dfy,smtlib,vampire,monomorphic,VERIFIED,3638,0
ground_truth,dafny-synthesis_task_id_775.dfy,smtlib,vampire,predicates,VERIFIED,6469,0
ground_truth,dafny-synthesis_task_id_775.dfy,smtlib,vampire,arguments,VERIFIED,3617,0
ground_truth,dafny-synthesis_task_id_775.dfy,smtlib,z3,monomorphic,VERIFIED,1567,0
ground_truth,dafny-synthesis_task_id_775.dfy,smtlib,z3,predicates,VERIFIED,1516,0
ground_truth,dafny-synthesis_task_id_775.dfy,smtlib,z3,arguments,VERIFIED,1486,0
ground_truth,Metodos_Formais_tmp_tmpql2hwcsh_Arrays_explicacao.dfy,tptp,vampire,polymorphic,VERIFIED,2497,0
ground_truth,Metodos_Formais_tmp_tmpql2hwcsh_Arrays_explicacao.dfy,tptp,vampire,monomorphic,VERIFIED,3445,0
ground_truth,Metodos_Formais_tmp_tmpql2hwcsh_Arrays_explicacao.dfy,tptp,vampire,predicates,VERIFIED,6136,0
ground_truth,Metodos_Formais_tmp_tmpql2hwcsh_Arrays_explicacao.dfy,tptp,vampire,arguments,VERIFIED,3366,0
ground_truth,Metodos_Formais_tmp_tmpql2hwcsh_Arrays_explicacao.dfy,smtlib,vampire,monomorphic,VERIFIED,3323,0
ground_truth,Metodos_Formais_tmp_tmpql2hwcsh_Arrays_explicacao.dfy,smtlib,vampire,predicates,VERIFIED,6572,0
ground_truth,Metodos_Formais_tmp_tmpql2hwcsh_Arrays_explicacao.dfy,smtlib,vampire,arguments,VERIFIED,3229,0
ground_truth,Metodos_Formais_tmp_tmpql2hwcsh_Arrays_explicacao.dfy,smtlib,z3,monomorphic,VERIFIED,1525,0
ground_truth,Metodos_Formais_tmp_tmpql2hwcsh_Arrays_explicacao.dfy,smtlib,z3,predicates,VERIFIED,1484,0
ground_truth,Metodos_Formais_tmp_tmpql2hwcsh_Arrays_explicacao.dfy,smtlib,z3,arguments,VERIFIED,1463,0
ground_truth,dafny-programs_tmp_tmpcwodh6qh_src_max.dfy,tptp,vampire,polymorphic,VERIFIED,1501,0
ground_truth,dafny-programs_tmp_tmpcwodh6qh_src_max.dfy,tptp,vampire,monomorphic,VERIFIED,1733,0
ground_truth,dafny-programs_tmp_tmpcwodh6qh_src_max.dfy,tptp,vampire,predicates,VERIFIED,1756,0
ground_truth,dafny-programs_tmp_tmpcwodh6qh_src_max.dfy,tptp,vampire,arguments,VERIFIED,1497,0
ground_truth,dafny-programs_tmp_tmpcwodh6qh_src_max.dfy,smtlib,vampire,monomorphic,VERIFIED,1635,0
ground_truth,dafny-programs_tmp_tmpcwodh6qh_src_max.dfy,smtlib,vampire,predicates,VERIFIED,1470,0
ground_truth,dafny-programs_tmp_tmpcwodh6qh_src_max.dfy,smtlib,vampire,arguments,VERIFIED,1448,0
ground_truth,dafny-programs_tmp_tmpcwodh6qh_src_max.dfy,smtlib,z3,monomorphic,VERIFIED,1506,0
ground_truth,dafny-programs_tmp_tmpcwodh6qh_src_max.dfy,smtlib,z3,predicates,VERIFIED,1431,0
ground_truth,dafny-programs_tmp_tmpcwodh6qh_src_max.dfy,smtlib,z3,arguments,VERIFIED,1404,0
ground_truth,Clover_slope_search.dfy,tptp,vampire,polymorphic,VERIFICATION_TIMED_OUT,15453,4
ground_truth,Clover_slope_search.dfy,tptp,vampire,monomorphic,VERIFICATION_TIMED_OUT,15566,4
ground_truth,Clover_slope_search.dfy,tptp,vampire,predicates,VERIFICATION_TIMED_OUT,15472,4
ground_truth,Clover_slope_search.dfy,tptp,vampire,arguments,VERIFICATION_TIMED_OUT,15517,4
ground_truth,Clover_slope_search.dfy,smtlib,vampire,monomorphic,VERIFIED,3554,0
ground_truth,Clover_slope_search.dfy,smtlib,vampire,predicates,VERIFICATION_TIMED_OUT,15408,4
ground_truth,Clover_slope_search.dfy,smtlib,vampire,arguments,VERIFICATION_TIMED_OUT,15342,4
ground_truth,Clover_slope_search.dfy,smtlib,z3,monomorphic,VERIFIED,2420,0
ground_truth,Clover_slope_search.dfy,smtlib,z3,predicates,VERIFIED,2141,0
ground_truth,Clover_slope_search.dfy,smtlib,z3,arguments,VERIFIED,2025,0
ground_truth,Dafny_Programs_tmp_tmp99966ew4_trig.dfy,tptp,vampire,polymorphic,VERIFIED,1625,0
ground_truth,Dafny_Programs_tmp_tmp99966ew4_trig.dfy,tptp,vampire,monomorphic,VERIFIED,1734,0
ground_truth,Dafny_Programs_tmp_tmp99966ew4_trig.dfy,tptp,vampire,predicates,VERIFIED,1580,0
ground_truth,Dafny_Programs_tmp_tmp99966ew4_trig.dfy,tptp,vampire,arguments,VERIFIED,1634,0
ground_truth,Dafny_Programs_tmp_tmp99966ew4_trig.dfy,smtlib,vampire,monomorphic,VERIFIED,1626,0
ground_truth,Dafny_Programs_tmp_tmp99966ew4_trig.dfy,smtlib,vampire,predicates,VERIFIED,2383,0
ground_truth,Dafny_Programs_tmp_tmp99966ew4_trig.dfy,smtlib,vampire,arguments,VERIFIED,2375,0
ground_truth,Dafny_Programs_tmp_tmp99966ew4_trig.dfy,smtlib,z3,monomorphic,VERIFIED,2655,0
ground_truth,Dafny_Programs_tmp_tmp99966ew4_trig.dfy,smtlib,z3,predicates,VERIFIED,1669,0
ground_truth,Dafny_Programs_tmp_tmp99966ew4_trig.dfy,smtlib,z3,arguments,VERIFIED,1481,0
ground_truth,Dafny_Verify_tmp_tmphq7j0row_dataset_detailed_examples_SelectionSort.dfy,tptp,vampire,polymorphic,VERIFICATION_TIMED_OUT,15573,4
ground_truth,Dafny_Verify_tmp_tmphq7j0row_dataset_detailed_examples_SelectionSort.dfy,tptp,vampire,monomorphic,VERIFICATION_TIMED_OUT,15558,4
ground_truth,Dafny_Verify_tmp_tmphq7j0row_dataset_detailed_examples_SelectionSort.dfy,tptp,vampire,predicates,VERIFICATION_TIMED_OUT,16431,4
ground_truth,Dafny_Verify_tmp_tmphq7j0row_dataset_detailed_examples_SelectionSort.dfy,tptp,vampire,arguments,VERIFICATION_TIMED_OUT,15487,4
ground_truth,Dafny_Verify_tmp_tmphq7j0row_dataset_detailed_examples_SelectionSort.dfy,smtlib,vampire,monomorphic,VERIFICATION_TIMED_OUT,15551,4
ground_truth,Dafny_Verify_tmp_tmphq7j0row_dataset_detailed_examples_SelectionSort.dfy,smtlib,vampire,predicates,VERIFICATION_TIMED_OUT,15432,4
ground_truth,Dafny_Verify_tmp_tmphq7j0row_dataset_detailed_examples_SelectionSort.dfy,smtlib,vampire,arguments,VERIFICATION_TIMED_OUT,15574,4
ground_truth,Dafny_Verify_tmp_tmphq7j0row_dataset_detailed_examples_SelectionSort.dfy,smtlib,z3,monomorphic,VERIFIED,2248,0
ground_truth,Dafny_Verify_tmp_tmphq7j0row_dataset_detailed_examples_SelectionSort.dfy,smtlib,z3,predicates,VERIFIED,1752,0
ground_truth,Dafny_Verify_tmp_tmphq7j0row_dataset_detailed_examples_SelectionSort.dfy,smtlib,z3,arguments,VERIFIED,1675,0
ground_truth,Workshop_tmp_tmp0cu11bdq_Lecture_Answers_sum_array.dfy,tptp,vampire,polymorphic,VERIFICATION_TIMED_OUT,15346,4
ground_truth,Workshop_tmp_tmp0cu11bdq_Lecture_Answers_sum_array.dfy,tptp,vampire,monomorphic,VERIFICATION_TIMED_OUT,15467,4
ground_truth,Workshop_tmp_tmp0cu11bdq_Lecture_Answers_sum_array.dfy,tptp,vampire,predicates,VERIFICATION_TIMED_OUT,15477,4
ground_truth,Workshop_tmp_tmp0cu11bdq_Lecture_Answers_sum_array.dfy,tptp,vampire,arguments,VERIFICATION_TIMED_OUT,15457,4
ground_truth,Workshop_tmp_tmp0cu11bdq_Lecture_Answers_sum_array.dfy,smtlib,vampire,monomorphic,VERIFICATION_TIMED_OUT,15667,4
ground_truth,Workshop_tmp_tmp0cu11bdq_Lecture_Answers_sum_array.dfy,smtlib,vampire,predicates,VERIFICATION_TIMED_OUT,15498,4
ground_truth,Workshop_tmp_tmp0cu11bdq_Lecture_Answers_sum_array.dfy,smtlib,vampire,arguments,VERIFICATION_TIMED_OUT,15429,4
ground_truth,Workshop_tmp_tmp0cu11bdq_Lecture_Answers_sum_array.dfy,smtlib,z3,monomorphic,VERIFIED,1551,0
ground_truth,Workshop_tmp_tmp0cu11bdq_Lecture_Answers_sum_array.dfy,smtlib,z3,predicates,VERIFIED,1630,0
ground_truth,Workshop_tmp_tmp0cu11bdq_Lecture_Answers_sum_array.dfy,smtlib,z3,arguments,VERIFIED,1748,0
ground_truth,Dafny_Verify_tmp_tmphq7j0row_AI_agent_verify_examples_RotateRight.dfy,tptp,vampire,polymorphic,VERIFIED,3954,0
ground_truth,Dafny_Verify_tmp_tmphq7j0row_AI_agent_verify_examples_RotateRight.dfy,tptp,vampire,monomorphic,VERIFICATION_TIMED_OUT,15831,4
ground_truth,Dafny_Verify_tmp_tmphq7j0row_AI_agent_verify_examples_RotateRight.dfy,tptp,vampire,predicates,VERIFIED,4450,0
ground_truth,Dafny_Verify_tmp_tmphq7j0row_AI_agent_verify_examples_RotateRight.dfy,tptp,vampire,arguments,VERIFICATION_TIMED_OUT,15988,4
ground_truth,Dafny_Verify_tmp_tmphq7j0row_AI_agent_verify_examples_RotateRight.dfy,smtlib,vampire,monomorphic,VERIFIED,4072,0
ground_truth,Dafny_Verify_tmp_tmphq7j0row_AI_agent_verify_examples_RotateRight.dfy,smtlib,vampire,predicates,VERIFICATION_TIMED_OUT,15325,4
ground_truth,Dafny_Verify_tmp_tmphq7j0row_AI_agent_verify_examples_RotateRight.dfy,smtlib,vampire,arguments,VERIFICATION_TIMED_OUT,15293,4
ground_truth,Dafny_Verify_tmp_tmphq7j0row_AI_agent_verify_examples_RotateRight.dfy,smtlib,z3,monomorphic,VERIFIED,1562,0
ground_truth,Dafny_Verify_tmp_tmphq7j0row_AI_agent_verify_examples_RotateRight.dfy,smtlib,z3,predicates,VERIFIED,1525,0
ground_truth,Dafny_Verify_tmp_tmphq7j0row_AI_agent_verify_examples_RotateRight.dfy,smtlib,z3,arguments,VERIFIED,1497,0
ground_truth,dafny-synthesis_task_id_447.dfy,tptp,vampire,polymorphic,VERIFICATION_TIMED_OUT,15382,4
ground_truth,dafny-synthesis_task_id_447.dfy,tptp,vampire,monomorphic,VERIFICATION_TIMED_OUT,15459,4
ground_truth,dafny-synthesis_task_id_447.dfy,tptp,vampire,predicates,VERIFICATION_TIMED_OUT,15386,4
ground_truth,dafny-synthesis_task_id_447.dfy,tptp,vampire,arguments,VERIFICATION_TIMED_OUT,15443,4
ground_truth,dafny-synthesis_task_id_447.dfy,smtlib,vampire,monomorphic,VERIFICATION_TIMED_OUT,15463,4
ground_truth,dafny-synthesis_task_id_447.dfy,smtlib,vampire,predicates,VERIFICATION_TIMED_OUT,15314,4
ground_truth,dafny-synthesis_task_id_447.dfy,smtlib,vampire,arguments,VERIFICATION_TIMED_OUT,15272,4
ground_truth,dafny-synthesis_task_id_447.dfy,smtlib,z3,monomorphic,VERIFIED,1548,0
ground_truth,dafny-synthesis_task_id_447.dfy,smtlib,z3,predicates,VERIFIED,1489,0
ground_truth,dafny-synthesis_task_id_447.dfy,smtlib,z3,arguments,VERIFIED,1475,0
ground_truth,Clover_is_palindrome.dfy,tptp,vampire,polymorphic,VERIFICATION_TIMED_OUT,15366,4
ground_truth,Clover_is_palindrome.dfy,tptp,vampire,monomorphic,VERIFICATION_TIMED_OUT,15658,4
ground_truth,Clover_is_palindrome.dfy,tptp,vampire,predicates,VERIFICATION_TIMED_OUT,15644,4
ground_truth,Clover_is_palindrome.dfy,tptp,vampire,arguments,VERIFICATION_TIMED_OUT,16219,4
ground_truth,Clover_is_palindrome.dfy,smtlib,vampire,monomorphic,VERIFICATION_TIMED_OUT,15557,4
ground_truth,Clover_is_palindrome.dfy,smtlib,vampire,predicates,VERIFIED,3884,0
ground_truth,Clover_is_palindrome.dfy,smtlib,vampire,arguments,VERIFIED,3497,0
ground_truth,Clover_is_palindrome.dfy,smtlib,z3,monomorphic,VERIFIED,1689,0
ground_truth,Clover_is_palindrome.dfy,smtlib,z3,predicates,VERIFIED,1705,0
ground_truth,Clover_is_palindrome.dfy,smtlib,z3,arguments,VERIFIED,1486,0
ground_truth,Clover_has_close_elements.dfy,tptp,vampire,polymorphic,VERIFICATION_TIMED_OUT,15524,4
ground_truth,Clover_has_close_elements.dfy,tptp,vampire,monomorphic,VERIFICATION_TIMED_OUT,15687,4
ground_truth,Clover_has_close_elements.dfy,tptp,vampire,predicates,VERIFICATION_TIMED_OUT,15925,4
ground_truth,Clover_has_close_elements.dfy,tptp,vampire,arguments,VERIFICATION_TIMED_OUT,16069,4
ground_truth,Clover_has_close_elements.dfy,smtlib,vampire,monomorphic,VERIFICATION_TIMED_OUT,15575,4
ground_truth,Clover_has_close_elements.dfy,smtlib,vampire,predicates,VERIFICATION_TIMED_OUT,16007,4
ground_truth,Clover_has_close_elements.dfy,smtlib,vampire,arguments,VERIFIED,3447,0
ground_truth,Clover_has_close_elements.dfy,smtlib,z3,monomorphic,VERIFIED,1958,0
ground_truth,Clover_has_close_elements.dfy,smtlib,z3,predicates,VERIFIED,1492,0
ground_truth,Clover_has_close_elements.dfy,smtlib,z3,arguments,VERIFIED,1494,0
ground_truth,t1_MF_tmp_tmpi_sqie4j_exemplos_colecoes_conjuntos_ex5.dfy,tptp,vampire,polymorphic,VERIFICATION_TIMED_OUT,15397,4
ground_truth,t1_MF_tmp_tmpi_sqie4j_exemplos_colecoes_conjuntos_ex5.dfy,tptp,vampire,monomorphic,VERIFICATION_TIMED_OUT,15540,4
ground_truth,t1_MF_tmp_tmpi_sqie4j_exemplos_colecoes_conjuntos_ex5.dfy,tptp,vampire,predicates,VERIFICATION_TIMED_OUT,15426,4
ground_truth,t1_MF_tmp_tmpi_sqie4j_exemplos_colecoes_conjuntos_ex5.dfy,tptp,vampire,arguments,VERIFICATION_TIMED_OUT,15412,4
ground_truth,t1_MF_tmp_tmpi_sqie4j_exemplos_colecoes_conjuntos_ex5.dfy,smtlib,vampire,monomorphic,VERIFICATION_TIMED_OUT,15421,4
ground_truth,t1_MF_tmp_tmpi_sqie4j_exemplos_colecoes_conjuntos_ex5.dfy,smtlib,vampire,predicates,VERIFICATION_TIMED_OUT,15312,4
ground_truth,t1_MF_tmp_tmpi_sqie4j_exemplos_colecoes_conjuntos_ex5.dfy,smtlib,vampire,arguments,VERIFICATION_TIMED_OUT,15392,4
ground_truth,t1_MF_tmp_tmpi_sqie4j_exemplos_colecoes_conjuntos_ex5.dfy,smtlib,z3,monomorphic,VERIFIED,1582,0
ground_truth,t1_MF_tmp_tmpi_sqie4j_exemplos_colecoes_conjuntos_ex5.dfy,smtlib,z3,predicates,VERIFIED,1525,0
ground_truth,t1_MF_tmp_tmpi_sqie4j_exemplos_colecoes_conjuntos_ex5.dfy,smtlib,z3,arguments,VERIFIED,1478,0
ground_truth,Program-Verification-Dataset_tmp_tmpgbdrlnu__Dafny_advanced examples_OneHundredPrisonersAndALightbulb.dfy,tptp,vampire,polymorphic,VERIFICATION_TIMED_OUT,15450,4
ground_truth,Program-Verification-Dataset_tmp_tmpgbdrlnu__Dafny_advanced examples_OneHundredPrisonersAndALightbulb.dfy,tptp,vampire,monomorphic,VERIFICATION_TIMED_OUT,15545,4
ground_truth,Program-Verification-Dataset_tmp_tmpgbdrlnu__Dafny_advanced examples_OneHundredPrisonersAndALightbulb.dfy,tptp,vampire,predicates,VERIFICATION_TIMED_OUT,15533,4
ground_truth,Program-Verification-Dataset_tmp_tmpgbdrlnu__Dafny_advanced examples_OneHundredPrisonersAndALightbulb.dfy,tptp,vampire,arguments,VERIFICATION_TIMED_OUT,15503,4
ground_truth,Program-Verification-Dataset_tmp_tmpgbdrlnu__Dafny_advanced examples_OneHundredPrisonersAndALightbulb.dfy,smtlib,vampire,monomorphic,VERIFICATION_TIMED_OUT,15423,4
ground_truth,Program-Verification-Dataset_tmp_tmpgbdrlnu__Dafny_advanced examples_OneHundredPrisonersAndALightbulb.dfy,smtlib,vampire,predicates,VERIFICATION_TIMED_OUT,15377,4
ground_truth,Program-Verification-Dataset_tmp_tmpgbdrlnu__Dafny_advanced examples_OneHundredPrisonersAndALightbulb.dfy,smtlib,vampire,arguments,VERIFICATION_TIMED_OUT,15314,4
ground_truth,Program-Verification-Dataset_tmp_tmpgbdrlnu__Dafny_advanced examples_OneHundredPrisonersAndALightbulb.dfy,smtlib,z3,monomorphic,VERIFIED,1601,0
ground_truth,Program-Verification-Dataset_tmp_tmpgbdrlnu__Dafny_advanced examples_OneHundredPrisonersAndALightbulb.dfy,smtlib,z3,predicates,VERIFIED,1556,0
ground_truth,Program-Verification-Dataset_tmp_tmpgbdrlnu__Dafny_advanced examples_OneHundredPrisonersAndALightbulb.dfy,smtlib,z3,arguments,VERIFIED,1506,0
ground_truth,FMSE-2022-2023_tmp_tmp6_x_ba46_Lab1_Lab1.dfy,tptp,vampire,polymorphic,VERIFICATION_TIMED_OUT,15580,4
ground_truth,FMSE-2022-2023_tmp_tmp6_x_ba46_Lab1_Lab1.dfy,tptp,vampire,monomorphic,VERIFICATION_TIMED_OUT,15654,4
ground_truth,FMSE-2022-2023_tmp_tmp6_x_ba46_Lab1_Lab1.dfy,tptp,vampire,predicates,VERIFICATION_TIMED_OUT,15619,4
ground_truth,FMSE-2022-2023_tmp_tmp6_x_ba46_Lab1_Lab1.dfy,tptp,vampire,arguments,VERIFICATION_TIMED_OUT,15576,4
ground_truth,FMSE-2022-2023_tmp_tmp6_x_ba46_Lab1_Lab1.dfy,smtlib,vampire,monomorphic,VERIFIED,6512,0
ground_truth,FMSE-2022-2023_tmp_tmp6_x_ba46_Lab1_Lab1.dfy,smtlib,vampire,predicates,VERIFIED,4009,0
ground_truth,FMSE-2022-2023_tmp_tmp6_x_ba46_Lab1_Lab1.dfy,smtlib,vampire,arguments,VERIFIED,2269,0
ground_truth,FMSE-2022-2023_tmp_tmp6_x_ba46_Lab1_Lab1.dfy,smtlib,z3,monomorphic,VERIFIED,1656,0
ground_truth,FMSE-2022-2023_tmp_tmp6_x_ba46_Lab1_Lab1.dfy,smtlib,z3,predicates,VERIFIED,1583,0
ground_truth,FMSE-2022-2023_tmp_tmp6_x_ba46_Lab1_Lab1.dfy,smtlib,z3,arguments,VERIFIED,1561,0
ground_truth,Dafny-programs_tmp_tmpnso9eu7u_Algorithms + sorting_bubble-sort.dfy,tptp,vampire,polymorphic,VERIFICATION_TIMED_OUT,15514,4
ground_truth,Dafny-programs_tmp_tmpnso9eu7u_Algorithms + sorting_bubble-sort.dfy,tptp,vampire,monomorphic,VERIFICATION_TIMED_OUT,15614,4
ground_truth,Dafny-programs_tmp_tmpnso9eu7u_Algorithms + sorting_bubble-sort.dfy,tptp,vampire,predicates,VERIFICATION_TIMED_OUT,15721,4
ground_truth,Dafny-programs_tmp_tmpnso9eu7u_Algorithms + sorting_bubble-sort.dfy,tptp,vampire,arguments,VERIFICATION_TIMED_OUT,15558,4
ground_truth,Dafny-programs_tmp_tmpnso9eu7u_Algorithms + sorting_bubble-sort.dfy,smtlib,vampire,monomorphic,VERIFICATION_TIMED_OUT,15627,4
ground_truth,Dafny-programs_tmp_tmpnso9eu7u_Algorithms + sorting_bubble-sort.dfy,smtlib,vampire,predicates,VERIFICATION_TIMED_OUT,15439,4
ground_truth,Dafny-programs_tmp_tmpnso9eu7u_Algorithms + sorting_bubble-sort.dfy,smtlib,vampire,arguments,VERIFICATION_TIMED_OUT,15485,4
ground_truth,Dafny-programs_tmp_tmpnso9eu7u_Algorithms + sorting_bubble-sort.dfy,smtlib,z3,monomorphic,VERIFIED,3884,0
ground_truth,Dafny-programs_tmp_tmpnso9eu7u_Algorithms + sorting_bubble-sort.dfy,smtlib,z3,predicates,VERIFIED,2492,0
ground_truth,Dafny-programs_tmp_tmpnso9eu7u_Algorithms + sorting_bubble-sort.dfy,smtlib,z3,arguments,VERIFIED,4043,0
ground_truth,dafny-programs_tmp_tmpcwodh6qh_src_expt.dfy,tptp,vampire,polymorphic,VERIFIED,2273,0
ground_truth,dafny-programs_tmp_tmpcwodh6qh_src_expt.dfy,tptp,vampire,monomorphic,VERIFIED,2405,0
ground_truth,dafny-programs_tmp_tmpcwodh6qh_src_expt.dfy,tptp,vampire,predicates,VERIFIED,3083,0
ground_truth,dafny-programs_tmp_tmpcwodh6qh_src_expt.dfy,tptp,vampire,arguments,VERIFIED,3082,0
ground_truth,dafny-programs_tmp_tmpcwodh6qh_src_expt.dfy,smtlib,vampire,monomorphic,VERIFIED,3433,0
ground_truth,dafny-programs_tmp_tmpcwodh6qh_src_expt.dfy,smtlib,vampire,predicates,VERIFIED,3139,0
ground_truth,dafny-programs_tmp_tmpcwodh6qh_src_expt.dfy,smtlib,vampire,arguments,VERIFIED,2974,0
ground_truth,dafny-programs_tmp_tmpcwodh6qh_src_expt.dfy,smtlib,z3,monomorphic,VERIFIED,1555,0
ground_truth,dafny-programs_tmp_tmpcwodh6qh_src_expt.dfy,smtlib,z3,predicates,VERIFIED,1483,0
ground_truth,dafny-programs_tmp_tmpcwodh6qh_src_expt.dfy,smtlib,z3,arguments,VERIFIED,1473,0
ground_truth,cs245-verification_tmp_tmp0h_nxhqp_A8_Q1.dfy,tptp,vampire,polymorphic,VERIFICATION_TIMED_OUT,15340,4
ground_truth,cs245-verification_tmp_tmp0h_nxhqp_A8_Q1.dfy,tptp,vampire,monomorphic,VERIFICATION_TIMED_OUT,15478,4
ground_truth,cs245-verification_tmp_tmp0h_nxhqp_A8_Q1.dfy,tptp,vampire,predicates,VERIFIED,3442,0
ground_truth,cs245-verification_tmp_tmp0h_nxhqp_A8_Q1.dfy,tptp,vampire,arguments,VERIFICATION_TIMED_OUT,15330,4
ground_truth,cs245-verification_tmp_tmp0h_nxhqp_A8_Q1.dfy,smtlib,vampire,monomorphic,VERIFIED,5672,0
ground_truth,cs245-verification_tmp_tmp0h_nxhqp_A8_Q1.dfy,smtlib,vampire,predicates,VERIFIED,3655,0
ground_truth,cs245-verification_tmp_tmp0h_nxhqp_A8_Q1.dfy,smtlib,vampire,arguments,VERIFICATION_TIMED_OUT,15469,4
ground_truth,cs245-verification_tmp_tmp0h_nxhqp_A8_Q1.dfy,smtlib,z3,monomorphic,VERIFIED,2074,0
ground_truth,cs245-verification_tmp_tmp0h_nxhqp_A8_Q1.dfy,smtlib,z3,predicates,VERIFIED,1808,0
ground_truth,cs245-verification_tmp_tmp0h_nxhqp_A8_Q1.dfy,smtlib,z3,arguments,VERIFIED,1589,0
ground_truth,dafny-synthesis_task_id_632.dfy,tptp,vampire,polymorphic,VERIFICATION_TIMED_OUT,16205,4
ground_truth,dafny-synthesis_task_id_632.dfy,tptp,vampire,monomorphic,VERIFICATION_TIMED_OUT,16081,4
ground_truth,dafny-synthesis_task_id_632.dfy,tptp,vampire,predicates,VERIFICATION_TIMED_OUT,16760,4
ground_truth,dafny-synthesis_task_id_632.dfy,tptp,vampire,arguments,VERIFICATION_TIMED_OUT,17048,4
ground_truth,dafny-synthesis_task_id_632.dfy,smtlib,vampire,monomorphic,VERIFICATION_TIMED_OUT,16019,4
ground_truth,dafny-synthesis_task_id_632.dfy,smtlib,vampire,predicates,VERIFICATION_TIMED_OUT,16310,4
ground_truth,dafny-synthesis_task_id_632.dfy,smtlib,vampire,arguments,VERIFICATION_TIMED_OUT,17437,4
ground_truth,dafny-synthesis_task_id_632.dfy,smtlib,z3,monomorphic,VERIFICATION_TIMED_OUT,17285,4
ground_truth,dafny-synthesis_task_id_632.dfy,smtlib,z3,predicates,VERIFICATION_TIMED_OUT,16733,4
ground_truth,dafny-synthesis_task_id_632.dfy,smtlib,z3,arguments,VERIFICATION_TIMED_OUT,16701,4
ground_truth,ironsync-osdi2023_tmp_tmpx80antoe_linear-dafny_docs_DafnyRef_examples_Example-Old3.dfy,tptp,vampire,polymorphic,VERIFIED,5461,0
ground_truth,ironsync-osdi2023_tmp_tmpx80antoe_linear-dafny_docs_DafnyRef_examples_Example-Old3.dfy,tptp,vampire,monomorphic,VERIFIED,5670,0
ground_truth,ironsync-osdi2023_tmp_tmpx80antoe_linear-dafny_docs_DafnyRef_examples_Example-Old3.dfy,tptp,vampire,predicates,VERIFICATION_TIMED_OUT,15419,4
ground_truth,ironsync-osdi2023_tmp_tmpx80antoe_linear-dafny_docs_DafnyRef_examples_Example-Old3.dfy,tptp,vampire,arguments,VERIFIED,5072,0
ground_truth,ironsync-osdi2023_tmp_tmpx80antoe_linear-dafny_docs_DafnyRef_examples_Example-Old3.dfy,smtlib,vampire,monomorphic,VERIFIED,5533,0
ground_truth,ironsync-osdi2023_tmp_tmpx80antoe_linear-dafny_docs_DafnyRef_examples_Example-Old3.dfy,smtlib,vampire,predicates,VERIFICATION_TIMED_OUT,15305,4
ground_truth,ironsync-osdi2023_tmp_tmpx80antoe_linear-dafny_docs_DafnyRef_examples_Example-Old3.dfy,smtlib,vampire,arguments,VERIFIED,5257,0
ground_truth,ironsync-osdi2023_tmp_tmpx80antoe_linear-dafny_docs_DafnyRef_examples_Example-Old3.dfy,smtlib,z3,monomorphic,VERIFIED,1484,0
ground_truth,ironsync-osdi2023_tmp_tmpx80antoe_linear-dafny_docs_DafnyRef_examples_Example-Old3.dfy,smtlib,z3,predicates,VERIFIED,1456,0
ground_truth,ironsync-osdi2023_tmp_tmpx80antoe_linear-dafny_docs_DafnyRef_examples_Example-Old3.dfy,smtlib,z3,arguments,VERIFIED,1399,0
ground_truth,formal-methods-in-software-engineering_tmp_tmpe7fjnek6_Labs2_gr2.dfy,tptp,vampire,polymorphic,VERIFICATION_TIMED_OUT,18481,4
ground_truth,formal-methods-in-software-engineering_tmp_tmpe7fjnek6_Labs2_gr2.dfy,tptp,vampire,monomorphic,VERIFICATION_TIMED_OUT,18888,4
ground_truth,formal-methods-in-software-engineering_tmp_tmpe7fjnek6_Labs2_gr2.dfy,tptp,vampire,predicates,VERIFICATION_TIMED_OUT,43809,4
ground_truth,formal-methods-in-software-engineering_tmp_tmpe7fjnek6_Labs2_gr2.dfy,tptp,vampire,arguments,VERIFICATION_TIMED_OUT,43705,4
ground_truth,formal-methods-in-software-engineering_tmp_tmpe7fjnek6_Labs2_gr2.dfy,smtlib,vampire,monomorphic,VERIFICATION_TIMED_OUT,20152,4
ground_truth,formal-methods-in-software-engineering_tmp_tmpe7fjnek6_Labs2_gr2.dfy,smtlib,vampire,predicates,VERIFICATION_TIMED_OUT,32999,4
ground_truth,formal-methods-in-software-engineering_tmp_tmpe7fjnek6_Labs2_gr2.dfy,smtlib,vampire,arguments,VERIFICATION_TIMED_OUT,21938,4
ground_truth,formal-methods-in-software-engineering_tmp_tmpe7fjnek6_Labs2_gr2.dfy,smtlib,z3,monomorphic,VERIFIED,1798,0
ground_truth,formal-methods-in-software-engineering_tmp_tmpe7fjnek6_Labs2_gr2.dfy,smtlib,z3,predicates,VERIFIED,1790,0
ground_truth,formal-methods-in-software-engineering_tmp_tmpe7fjnek6_Labs2_gr2.dfy,smtlib,z3,arguments,VERIFIED,1732,0
ground_truth,cs245-verification_tmp_tmp0h_nxhqp_power.dfy,tptp,vampire,polymorphic,VERIFICATION_TIMED_OUT,15370,4
ground_truth,cs245-verification_tmp_tmp0h_nxhqp_power.dfy,tptp,vampire,monomorphic,VERIFICATION_TIMED_OUT,15493,4
ground_truth,cs245-verification_tmp_tmp0h_nxhqp_power.dfy,tptp,vampire,predicates,VERIFICATION_TIMED_OUT,15438,4
ground_truth,cs245-verification_tmp_tmp0h_nxhqp_power.dfy,tptp,vampire,arguments,VERIFICATION_TIMED_OUT,15372,4
ground_truth,cs245-verification_tmp_tmp0h_nxhqp_power.dfy,smtlib,vampire,monomorphic,VERIFICATION_TIMED_OUT,15386,4
ground_truth,cs245-verification_tmp_tmp0h_nxhqp_power.dfy,smtlib,vampire,predicates,VERIFICATION_TIMED_OUT,15295,4
ground_truth,cs245-verification_tmp_tmp0h_nxhqp_power.dfy,smtlib,vampire,arguments,VERIFICATION_TIMED_OUT,15268,4
ground_truth,cs245-verification_tmp_tmp0h_nxhqp_power.dfy,smtlib,z3,monomorphic,VERIFIED,1538,0
ground_truth,cs245-verification_tmp_tmp0h_nxhqp_power.dfy,smtlib,z3,predicates,VERIFIED,1489,0
ground_truth,cs245-verification_tmp_tmp0h_nxhqp_power.dfy,smtlib,z3,arguments,VERIFIED,1500,0
ground_truth,Program-Verification-Dataset_tmp_tmpgbdrlnu__Dafny_verified algorithms_inductive_props.dfy,tptp,vampire,polymorphic,VERIFICATION_TIMED_OUT,32188,4
ground_truth,Program-Verification-Dataset_tmp_tmpgbdrlnu__Dafny_verified algorithms_inductive_props.dfy,tptp,vampire,monomorphic,VERIFICATION_TIMED_OUT,33150,4
ground_truth,Program-Verification-Dataset_tmp_tmpgbdrlnu__Dafny_verified algorithms_inductive_props.dfy,tptp,vampire,predicates,VERIFICATION_TIMED_OUT,92890,4
ground_truth,Program-Verification-Dataset_tmp_tmpgbdrlnu__Dafny_verified algorithms_inductive_props.dfy,tptp,vampire,arguments,VERIFICATION_TIMED_OUT,85898,4
ground_truth,Program-Verification-Dataset_tmp_tmpgbdrlnu__Dafny_verified algorithms_inductive_props.dfy,smtlib,vampire,monomorphic,VERIFICATION_TIMED_OUT,35991,4
ground_truth,Program-Verification-Dataset_tmp_tmpgbdrlnu__Dafny_verified algorithms_inductive_props.dfy,smtlib,vampire,predicates,VERIFICATION_TIMED_OUT,45818,4
ground_truth,Program-Verification-Dataset_tmp_tmpgbdrlnu__Dafny_verified algorithms_inductive_props.dfy,smtlib,vampire,arguments,VERIFICATION_TIMED_OUT,32176,4
ground_truth,Program-Verification-Dataset_tmp_tmpgbdrlnu__Dafny_verified algorithms_inductive_props.dfy,smtlib,z3,monomorphic,VERIFIED,1997,0
ground_truth,Program-Verification-Dataset_tmp_tmpgbdrlnu__Dafny_verified algorithms_inductive_props.dfy,smtlib,z3,predicates,NOT_VERIFIED,2119,4
ground_truth,Program-Verification-Dataset_tmp_tmpgbdrlnu__Dafny_verified algorithms_inductive_props.dfy,smtlib,z3,arguments,VERIFIED,1953,0
ground_truth,Clover_abs.dfy,tptp,vampire,polymorphic,VERIFIED,1421,0
ground_truth,Clover_abs.dfy,tptp,vampire,monomorphic,VERIFIED,1468,0
ground_truth,Clover_abs.dfy,tptp,vampire,predicates,VERIFIED,1477,0
ground_truth,Clover_abs.dfy,tptp,vampire,arguments,VERIFIED,1428,0
ground_truth,Clover_abs.dfy,smtlib,vampire,monomorphic,VERIFIED,1423,0
ground_truth,Clover_abs.dfy,smtlib,vampire,predicates,VERIFIED,1390,0
ground_truth,Clover_abs.dfy,smtlib,vampire,arguments,VERIFIED,1400,0
ground_truth,Clover_abs.dfy,smtlib,z3,monomorphic,VERIFIED,1418,0
ground_truth,Clover_abs.dfy,smtlib,z3,predicates,VERIFIED,1416,0
ground_truth,Clover_abs.dfy,smtlib,z3,arguments,VERIFIED,1359,0
ground_truth,dafny-exercise_tmp_tmpouftptir_prac4_ex2.dfy,tptp,vampire,polymorphic,VERIFICATION_TIMED_OUT,15813,4
ground_truth,dafny-exercise_tmp_tmpouftptir_prac4_ex2.dfy,tptp,vampire,monomorphic,VERIFICATION_TIMED_OUT,15773,4
ground_truth,dafny-exercise_tmp_tmpouftptir_prac4_ex2.dfy,tptp,vampire,predicates,VERIFICATION_TIMED_OUT,15773,4
ground_truth,dafny-exercise_tmp_tmpouftptir_prac4_ex2.dfy,tptp,vampire,arguments,VERIFICATION_TIMED_OUT,15679,4
ground_truth,dafny-exercise_tmp_tmpouftptir_prac4_ex2.dfy,smtlib,vampire,monomorphic,VERIFIED,3781,0
ground_truth,dafny-exercise_tmp_tmpouftptir_prac4_ex2.dfy,smtlib,vampire,predicates,VERIFICATION_TIMED_OUT,15717,4
ground_truth,dafny-exercise_tmp_tmpouftptir_prac4_ex2.dfy,smtlib,vampire,arguments,VERIFICATION_TIMED_OUT,15669,4
ground_truth,dafny-exercise_tmp_tmpouftptir_prac4_ex2.dfy,smtlib,z3,monomorphic,VERIFIED,2774,0
ground_truth,dafny-exercise_tmp_tmpouftptir_prac4_ex2.dfy,smtlib,z3,predicates,VERIFIED,3029,0
ground_truth,dafny-exercise_tmp_tmpouftptir_prac4_ex2.dfy,smtlib,z3,arguments,VERIFIED,2726,0
ground_truth,Clover_max_array.dfy,tptp,vampire,polymorphic,VERIFIED,7170,0
ground_truth,Clover_max_array.dfy,tptp,vampire,monomorphic,VERIFICATION_TIMED_OUT,15733,4
ground_truth,Clover_max_array.dfy,tptp,vampire,predicates,VERIFICATION_TIMED_OUT,15588,4
ground_truth,Clover_max_array.dfy,tptp,vampire,arguments,VERIFICATION_TIMED_OUT,15606,4
ground_truth,Clover_max_array.dfy,smtlib,vampire,monomorphic,VERIFIED,3894,0
ground_truth,Clover_max_array.dfy,smtlib,vampire,predicates,VERIFICATION_TIMED_OUT,15597,4
ground_truth,Clover_max_array.dfy,smtlib,vampire,arguments,VERIFIED,3880,0
ground_truth,Clover_max_array.dfy,smtlib,z3,monomorphic,VERIFIED,1858,0
ground_truth,Clover_max_array.dfy,smtlib,z3,predicates,VERIFIED,1702,0
ground_truth,Clover_max_array.dfy,smtlib,z3,arguments,VERIFIED,1668,0
ground_truth,dafny-synthesis_task_id_161.dfy,tptp,vampire,polymorphic,VERIFICATION_TIMED_OUT,15659,4
ground_truth,dafny-synthesis_task_id_161.dfy,tptp,vampire,monomorphic,VERIFICATION_TIMED_OUT,15856,4
ground_truth,dafny-synthesis_task_id_161.dfy,tptp,vampire,predicates,VERIFICATION_TIMED_OUT,15884,4
ground_truth,dafny-synthesis_task_id_161.dfy,tptp,vampire,arguments,VERIFICATION_TIMED_OUT,15590,4
ground_truth,dafny-synthesis_task_id_161.dfy,smtlib,vampire,monomorphic,VERIFICATION_TIMED_OUT,15710,4
ground_truth,dafny-synthesis_task_id_161.dfy,smtlib,vampire,predicates,VERIFICATION_TIMED_OUT,15430,4
ground_truth,dafny-synthesis_task_id_161.dfy,smtlib,vampire,arguments,VERIFIED,3384,0
ground_truth,dafny-synthesis_task_id_161.dfy,smtlib,z3,monomorphic,VERIFIED,1653,0
ground_truth,dafny-synthesis_task_id_161.dfy,smtlib,z3,predicates,VERIFIED,1565,0
ground_truth,dafny-synthesis_task_id_161.dfy,smtlib,z3,arguments,VERIFIED,1566,0
ground_truth,Clover_cal_ans.dfy,tptp,vampire,polymorphic,VERIFIED,1699,0
ground_truth,Clover_cal_ans.dfy,tptp,vampire,monomorphic,VERIFIED,1807,0
ground_truth,Clover_cal_ans.dfy,tptp,vampire,predicates,VERIFIED,1868,0
ground_truth,Clover_cal_ans.dfy,tptp,vampire,arguments,VERIFIED,2040,0
ground_truth,Clover_cal_ans.dfy,smtlib,vampire,monomorphic,VERIFIED,2845,0
ground_truth,Clover_cal_ans.dfy,smtlib,vampire,predicates,VERIFIED,1407,0
ground_truth,Clover_cal_ans.dfy,smtlib,vampire,arguments,VERIFIED,1711,0
ground_truth,Clover_cal_ans.dfy,smtlib,z3,monomorphic,VERIFIED,1410,0
ground_truth,Clover_cal_ans.dfy,smtlib,z3,predicates,VERIFIED,1402,0
ground_truth,Clover_cal_ans.dfy,smtlib,z3,arguments,VERIFIED,1350,0
ground_truth,M2_tmp_tmp2laaavvl_Software Verification_Exercices_Exo4-CountAndReturn.dfy,tptp,vampire,polymorphic,VERIFIED,1407,0
ground_truth,M2_tmp_tmp2laaavvl_Software Verification_Exercices_Exo4-CountAndReturn.dfy,tptp,vampire,monomorphic,VERIFIED,1497,0
ground_truth,M2_tmp_tmp2laaavvl_Software Verification_Exercices_Exo4-CountAndReturn.dfy,tptp,vampire,predicates,VERIFIED,1442,0
ground_truth,M2_tmp_tmp2laaavvl_Software Verification_Exercices_Exo4-CountAndReturn.dfy,tptp,vampire,arguments,VERIFIED,1433,0
ground_truth,M2_tmp_tmp2laaavvl_Software Verification_Exercices_Exo4-CountAndReturn.dfy,smtlib,vampire,monomorphic,VERIFIED,1428,0
ground_truth,M2_tmp_tmp2laaavvl_Software Verification_Exercices_Exo4-CountAndReturn.dfy,smtlib,vampire,predicates,VERIFIED,1372,0
ground_truth,M2_tmp_tmp2laaavvl_Software Verification_Exercices_Exo4-CountAndReturn.dfy,smtlib,vampire,arguments,VERIFIED,1355,0
ground_truth,M2_tmp_tmp2laaavvl_Software Verification_Exercices_Exo4-CountAndReturn.dfy,smtlib,z3,monomorphic,VERIFIED,1398,0
ground_truth,M2_tmp_tmp2laaavvl_Software Verification_Exercices_Exo4-CountAndReturn.dfy,smtlib,z3,predicates,VERIFIED,1371,0
ground_truth,M2_tmp_tmp2laaavvl_Software Verification_Exercices_Exo4-CountAndReturn.dfy,smtlib,z3,arguments,VERIFIED,1375,0
ground_truth,veri-titan_tmp_tmpbg2iy0kf_spec_crypto_fntt512.dfy,tptp,vampire,polymorphic,VERIFIED,611,0
ground_truth,veri-titan_tmp_tmpbg2iy0kf_spec_crypto_fntt512.dfy,tptp,vampire,monomorphic,VERIFIED,623,0
ground_truth,veri-titan_tmp_tmpbg2iy0kf_spec_crypto_fntt512.dfy,tptp,vampire,predicates,VERIFIED,617,0
ground_truth,veri-titan_tmp_tmpbg2iy0kf_spec_crypto_fntt512.dfy,tptp,vampire,arguments,VERIFIED,616,0
ground_truth,veri-titan_tmp_tmpbg2iy0kf_spec_crypto_fntt512.dfy,smtlib,vampire,monomorphic,VERIFIED,552,0
ground_truth,veri-titan_tmp_tmpbg2iy0kf_spec_crypto_fntt512.dfy,smtlib,vampire,predicates,VERIFIED,567,0
ground_truth,veri-titan_tmp_tmpbg2iy0kf_spec_crypto_fntt512.dfy,smtlib,vampire,arguments,VERIFIED,554,0
ground_truth,veri-titan_tmp_tmpbg2iy0kf_spec_crypto_fntt512.dfy,smtlib,z3,monomorphic,VERIFIED,574,0
ground_truth,veri-titan_tmp_tmpbg2iy0kf_spec_crypto_fntt512.dfy,smtlib,z3,predicates,VERIFIED,558,0
ground_truth,veri-titan_tmp_tmpbg2iy0kf_spec_crypto_fntt512.dfy,smtlib,z3,arguments,VERIFIED,574,0
ground_truth,ironsync-osdi2023_tmp_tmpx80antoe_linear-dafny_Test_c++_maps.dfy,tptp,vampire,polymorphic,VERIFICATION_TIMED_OUT,16337,4
ground_truth,ironsync-osdi2023_tmp_tmpx80antoe_linear-dafny_Test_c++_maps.dfy,tptp,vampire,monomorphic,VERIFICATION_TIMED_OUT,16518,4
ground_truth,ironsync-osdi2023_tmp_tmpx80antoe_linear-dafny_Test_c++_maps.dfy,tptp,vampire,predicates,VERIFICATION_TIMED_OUT,29666,4
ground_truth,ironsync-osdi2023_tmp_tmpx80antoe_linear-dafny_Test_c++_maps.dfy,tptp,vampire,arguments,VERIFICATION_TIMED_OUT,29670,4
ground_truth,ironsync-osdi2023_tmp_tmpx80antoe_linear-dafny_Test_c++_maps.dfy,smtlib,vampire,monomorphic,VERIFICATION_TIMED_OUT,16684,4
ground_truth,ironsync-osdi2023_tmp_tmpx80antoe_linear-dafny_Test_c++_maps.dfy,smtlib,vampire,predicates,VERIFICATION_TIMED_OUT,29441,4
ground_truth,ironsync-osdi2023_tmp_tmpx80antoe_linear-dafny_Test_c++_maps.dfy,smtlib,vampire,arguments,VERIFICATION_TIMED_OUT,29490,4
ground_truth,ironsync-osdi2023_tmp_tmpx80antoe_linear-dafny_Test_c++_maps.dfy,smtlib,z3,monomorphic,VERIFIED,1947,0
ground_truth,ironsync-osdi2023_tmp_tmpx80antoe_linear-dafny_Test_c++_maps.dfy,smtlib,z3,predicates,VERIFIED,1950,0
ground_truth,ironsync-osdi2023_tmp_tmpx80antoe_linear-dafny_Test_c++_maps.dfy,smtlib,z3,arguments,VERIFIED,1811,0
ground_truth,Clover_test_array.dfy,tptp,vampire,polymorphic,VERIFIED,1542,0
ground_truth,Clover_test_array.dfy,tptp,vampire,monomorphic,VERIFIED,1663,0
ground_truth,Clover_test_array.dfy,tptp,vampire,predicates,VERIFICATION_TIMED_OUT,15412,4
ground_truth,Clover_test_array.dfy,tptp,vampire,arguments,VERIFIED,1971,0
ground_truth,Clover_test_array.dfy,smtlib,vampire,monomorphic,VERIFIED,1567,0
ground_truth,Clover_test_array.dfy,smtlib,vampire,predicates,VERIFICATION_TIMED_OUT,15266,4
ground_truth,Clover_test_array.dfy,smtlib,vampire,arguments,VERIFIED,1985,0
ground_truth,Clover_test_array.dfy,smtlib,z3,monomorphic,VERIFIED,1479,0
ground_truth,Clover_test_array.dfy,smtlib,z3,predicates,VERIFIED,1434,0
ground_truth,Clover_test_array.dfy,smtlib,z3,arguments,VERIFIED,1452,0
ground_truth,dafny-synthesis_task_id_803.dfy,tptp,vampire,polymorphic,VERIFIED,3131,0
ground_truth,dafny-synthesis_task_id_803.dfy,tptp,vampire,monomorphic,VERIFIED,3468,0
ground_truth,dafny-synthesis_task_id_803.dfy,tptp,vampire,predicates,VERIFIED,2920,0
ground_truth,dafny-synthesis_task_id_803.dfy,tptp,vampire,arguments,VERIFIED,2296,0
ground_truth,dafny-synthesis_task_id_803.dfy,smtlib,vampire,monomorphic,VERIFIED,2996,0
ground_truth,dafny-synthesis_task_id_803.dfy,smtlib,vampire,predicates,VERIFIED,3608,0
ground_truth,dafny-synthesis_task_id_803.dfy,smtlib,vampire,arguments,VERIFIED,2258,0
ground_truth,dafny-synthesis_task_id_803.dfy,smtlib,z3,monomorphic,VERIFIED,1489,0
ground_truth,dafny-synthesis_task_id_803.dfy,smtlib,z3,predicates,VERIFIED,1441,0
ground_truth,dafny-synthesis_task_id_803.dfy,smtlib,z3,arguments,VERIFIED,1417,0
ground_truth,dafny-synthesis_task_id_637.dfy,tptp,vampire,polymorphic,VERIFIED,1324,0
ground_truth,dafny-synthesis_task_id_637.dfy,tptp,vampire,monomorphic,VERIFIED,1428,0
ground_truth,dafny-synthesis_task_id_637.dfy,tptp,vampire,predicates,VERIFIED,1366,0
ground_truth,dafny-synthesis_task_id_637.dfy,tptp,vampire,arguments,VERIFIED,1350,0
ground_truth,dafny-synthesis_task_id_637.dfy,smtlib,vampire,monomorphic,VERIFIED,1346,0
ground_truth,dafny-synthesis_task_id_637.dfy,smtlib,vampire,predicates,VERIFIED,1280,0
ground_truth,dafny-synthesis_task_id_637.dfy,smtlib,vampire,arguments,VERIFIED,1303,0
ground_truth,dafny-synthesis_task_id_637.dfy,smtlib,z3,monomorphic,VERIFIED,1349,0
ground_truth,dafny-synthesis_task_id_637.dfy,smtlib,z3,predicates,VERIFIED,1298,0
ground_truth,dafny-synthesis_task_id_637.dfy,smtlib,z3,arguments,VERIFIED,1279,0
ground_truth,dafny-synthesis_task_id_573.dfy,tptp,vampire,polymorphic,VERIFICATION_TIMED_OUT,15562,4
ground_truth,dafny-synthesis_task_id_573.dfy,tptp,vampire,monomorphic,VERIFICATION_TIMED_OUT,15631,4
ground_truth,dafny-synthesis_task_id_573.dfy,tptp,vampire,predicates,VERIFICATION_TIMED_OUT,15637,4
ground_truth,dafny-synthesis_task_id_573.dfy,tptp,vampire,arguments,VERIFICATION_TIMED_OUT,15566,4
ground_truth,dafny-synthesis_task_id_573.dfy,smtlib,vampire,monomorphic,VERIFICATION_TIMED_OUT,15592,4
ground_truth,dafny-synthesis_task_id_573.dfy,smtlib,vampire,predicates,VERIFICATION_TIMED_OUT,15532,4
ground_truth,dafny-synthesis_task_id_573.dfy,smtlib,vampire,arguments,VERIFICATION_TIMED_OUT,15500,4
ground_truth,dafny-synthesis_task_id_573.dfy,smtlib,z3,monomorphic,VERIFICATION_TIMED_OUT,16700,4
ground_truth,dafny-synthesis_task_id_573.dfy,smtlib,z3,predicates,VERIFICATION_TIMED_OUT,16661,4
ground_truth,dafny-synthesis_task_id_573.dfy,smtlib,z3,arguments,VERIFIED,1681,0
ground_truth,Program-Verification-Dataset_tmp_tmpgbdrlnu__Dafny_from dafny main repo_dafny2_COST-verif-comp-2011-3-TwoDuplicates.dfy,tptp,vampire,polymorphic,VERIFICATION_TIMED_OUT,15595,4
ground_truth,Program-Verification-Dataset_tmp_tmpgbdrlnu__Dafny_from dafny main repo_dafny2_COST-verif-comp-2011-3-TwoDuplicates.dfy,tptp,vampire,monomorphic,VERIFICATION_TIMED_OUT,15709,4
ground_truth,Program-Verification-Dataset_tmp_tmpgbdrlnu__Dafny_from dafny main repo_dafny2_COST-verif-comp-2011-3-TwoDuplicates.dfy,tptp,vampire,predicates,VERIFICATION_TIMED_OUT,15657,4
ground_truth,Program-Verification-Dataset_tmp_tmpgbdrlnu__Dafny_from dafny main repo_dafny2_COST-verif-comp-2011-3-TwoDuplicates.dfy,tptp,vampire,arguments,VERIFICATION_TIMED_OUT,15574,4
ground_truth,Program-Verification-Dataset_tmp_tmpgbdrlnu__Dafny_from dafny main repo_dafny2_COST-verif-comp-2011-3-TwoDuplicates.dfy,smtlib,vampire,monomorphic,VERIFICATION_TIMED_OUT,15635,4
ground_truth,Program-Verification-Dataset_tmp_tmpgbdrlnu__Dafny_from dafny main repo_dafny2_COST-verif-comp-2011-3-TwoDuplicates.dfy,smtlib,vampire,predicates,VERIFICATION_TIMED_OUT,15489,4
ground_truth,Program-Verification-Dataset_tmp_tmpgbdrlnu__Dafny_from dafny main repo_dafny2_COST-verif-comp-2011-3-TwoDuplicates.dfy,smtlib,vampire,arguments,VERIFICATION_TIMED_OUT,15510,4
ground_truth,Program-Verification-Dataset_tmp_tmpgbdrlnu__Dafny_from dafny main repo_dafny2_COST-verif-comp-2011-3-TwoDuplicates.dfy,smtlib,z3,monomorphic,VERIFIED,3702,0
ground_truth,Program-Verification-Dataset_tmp_tmpgbdrlnu__Dafny_from dafny main repo_dafny2_COST-verif-comp-2011-3-TwoDuplicates.dfy,smtlib,z3,predicates,VERIFIED,2659,0
ground_truth,Program-Verification-Dataset_tmp_tmpgbdrlnu__Dafny_from dafny main repo_dafny2_COST-verif-comp-2011-3-TwoDuplicates.dfy,smtlib,z3,arguments,VERIFIED,2841,0
ground_truth,dafl_tmp_tmp_r3_8w3y_dafny_examples_uiowa_fibonacci.dfy,tptp,vampire,polymorphic,VERIFIED,14931,0
ground_truth,dafl_tmp_tmp_r3_8w3y_dafny_examples_uiowa_fibonacci.dfy,tptp,vampire,monomorphic,VERIFICATION_TIMED_OUT,15505,4
ground_truth,dafl_tmp_tmp_r3_8w3y_dafny_examples_uiowa_fibonacci.dfy,tptp,vampire,predicates,VERIFICATION_TIMED_OUT,15422,4
ground_truth,dafl_tmp_tmp_r3_8w3y_dafny_examples_uiowa_fibonacci.dfy,tptp,vampire,arguments,VERIFICATION_TIMED_OUT,15430,4
ground_truth,dafl_tmp_tmp_r3_8w3y_dafny_examples_uiowa_fibonacci.dfy,smtlib,vampire,monomorphic,VERIFICATION_TIMED_OUT,15395,4
ground_truth,dafl_tmp_tmp_r3_8w3y_dafny_examples_uiowa_fibonacci.dfy,smtlib,vampire,predicates,VERIFICATION_TIMED_OUT,15351,4
ground_truth,dafl_tmp_tmp_r3_8w3y_dafny_examples_uiowa_fibonacci.dfy,smtlib,vampire,arguments,VERIFICATION_TIMED_OUT,15288,4
ground_truth,dafl_tmp_tmp_r3_8w3y_dafny_examples_uiowa_fibonacci.dfy,smtlib,z3,monomorphic,VERIFIED,1498,0
ground_truth,dafl_tmp_tmp_r3_8w3y_dafny_examples_uiowa_fibonacci.dfy,smtlib,z3,predicates,VERIFIED,1448,0
ground_truth,dafl_tmp_tmp_r3_8w3y_dafny_examples_uiowa_fibonacci.dfy,smtlib,z3,arguments,VERIFIED,1463,0
ground_truth,Dafny_Verify_tmp_tmphq7j0row_Fine_Tune_Examples_50_examples_28.dfy,tptp,vampire,polymorphic,VERIFIED,1428,0
ground_truth,Dafny_Verify_tmp_tmphq7j0row_Fine_Tune_Examples_50_examples_28.dfy,tptp,vampire,monomorphic,VERIFIED,1511,0
ground_truth,Dafny_Verify_tmp_tmphq7j0row_Fine_Tune_Examples_50_examples_28.dfy,tptp,vampire,predicates,VERIFIED,1441,0
ground_truth,Dafny_Verify_tmp_tmphq7j0row_Fine_Tune_Examples_50_examples_28.dfy,tptp,vampire,arguments,VERIFIED,1445,0
ground_truth,Dafny_Verify_tmp_tmphq7j0row_Fine_Tune_Examples_50_examples_28.dfy,smtlib,vampire,monomorphic,VERIFIED,1432,0
ground_truth,Dafny_Verify_tmp_tmphq7j0row_Fine_Tune_Examples_50_examples_28.dfy,smtlib,vampire,predicates,VERIFIED,1387,0
ground_truth,Dafny_Verify_tmp_tmphq7j0row_Fine_Tune_Examples_50_examples_28.dfy,smtlib,vampire,arguments,VERIFIED,1391,0
ground_truth,Dafny_Verify_tmp_tmphq7j0row_Fine_Tune_Examples_50_examples_28.dfy,smtlib,z3,monomorphic,VERIFIED,1392,0
ground_truth,Dafny_Verify_tmp_tmphq7j0row_Fine_Tune_Examples_50_examples_28.dfy,smtlib,z3,predicates,VERIFIED,1359,0
ground_truth,Dafny_Verify_tmp_tmphq7j0row_Fine_Tune_Examples_50_examples_28.dfy,smtlib,z3,arguments,VERIFIED,1328,0
ground_truth,veribetrkv-osdi2020_tmp_tmpra431m8q_docker-hdd_src_veribetrkv-linear_lib_Base_Sets.dfy,tptp,vampire,polymorphic,VERIFICATION_TIMED_OUT,21492,4
ground_truth,veribetrkv-osdi2020_tmp_tmpra431m8q_docker-hdd_src_veribetrkv-linear_lib_Base_Sets.dfy,tptp,vampire,monomorphic,VERIFICATION_TIMED_OUT,21679,4
ground_truth,veribetrkv-osdi2020_tmp_tmpra431m8q_docker-hdd_src_veribetrkv-linear_lib_Base_Sets.dfy,tptp,vampire,predicates,VERIFICATION_TIMED_OUT,29361,4
ground_truth,veribetrkv-osdi2020_tmp_tmpra431m8q_docker-hdd_src_veribetrkv-linear_lib_Base_Sets.dfy,tptp,vampire,arguments,VERIFICATION_TIMED_OUT,18740,4
ground_truth,veribetrkv-osdi2020_tmp_tmpra431m8q_docker-hdd_src_veribetrkv-linear_lib_Base_Sets.dfy,smtlib,vampire,monomorphic,VERIFICATION_TIMED_OUT,15439,4
ground_truth,veribetrkv-osdi2020_tmp_tmpra431m8q_docker-hdd_src_veribetrkv-linear_lib_Base_Sets.dfy,smtlib,vampire,predicates,VERIFICATION_TIMED_OUT,29320,4
ground_truth,veribetrkv-osdi2020_tmp_tmpra431m8q_docker-hdd_src_veribetrkv-linear_lib_Base_Sets.dfy,smtlib,vampire,arguments,VERIFICATION_TIMED_OUT,15348,4
ground_truth,veribetrkv-osdi2020_tmp_tmpra431m8q_docker-hdd_src_veribetrkv-linear_lib_Base_Sets.dfy,smtlib,z3,monomorphic,VERIFIED,1546,0
ground_truth,veribetrkv-osdi2020_tmp_tmpra431m8q_docker-hdd_src_veribetrkv-linear_lib_Base_Sets.dfy,smtlib,z3,predicates,VERIFIED,1530,0
ground_truth,veribetrkv-osdi2020_tmp_tmpra431m8q_docker-hdd_src_veribetrkv-linear_lib_Base_Sets.dfy,smtlib,z3,arguments,VERIFIED,1462,0
ground_truth,paxos_proof_tmp_tmpxpmiksmt_triggers.dfy,tptp,vampire,polymorphic,VERIFIED,1455,0
ground_truth,paxos_proof_tmp_tmpxpmiksmt_triggers.dfy,tptp,vampire,monomorphic,VERIFIED,1591,0
ground_truth,paxos_proof_tmp_tmpxpmiksmt_triggers.dfy,tptp,vampire,predicates,VERIFIED,6094,0
ground_truth,paxos_proof_tmp_tmpxpmiksmt_triggers.dfy,tptp,vampire,arguments,VERIFIED,1541,0
ground_truth,paxos_proof_tmp_tmpxpmiksmt_triggers.dfy,smtlib,vampire,monomorphic,VERIFIED,1496,0
ground_truth,paxos_proof_tmp_tmpxpmiksmt_triggers.dfy,smtlib,vampire,predicates,VERIFIED,5791,0
ground_truth,paxos_proof_tmp_tmpxpmiksmt_triggers.dfy,smtlib,vampire,arguments,VERIFIED,1452,0
ground_truth,paxos_proof_tmp_tmpxpmiksmt_triggers.dfy,smtlib,z3,monomorphic,VERIFIED,1444,0
ground_truth,paxos_proof_tmp_tmpxpmiksmt_triggers.dfy,smtlib,z3,predicates,VERIFIED,1396,0
ground_truth,paxos_proof_tmp_tmpxpmiksmt_triggers.dfy,smtlib,z3,arguments,VERIFIED,1412,0
ground_truth,dafny-synthesis_task_id_750.dfy,tptp,vampire,polymorphic,VERIFICATION_TIMED_OUT,15260,4
ground_truth,dafny-synthesis_task_id_750.dfy,tptp,vampire,monomorphic,VERIFICATION_TIMED_OUT,15429,4
ground_truth,dafny-synthesis_task_id_750.dfy,tptp,vampire,predicates,VERIFICATION_TIMED_OUT,15326,4
ground_truth,dafny-synthesis_task_id_750.dfy,tptp,vampire,arguments,VERIFICATION_TIMED_OUT,15335,4
ground_truth,dafny-synthesis_task_id_750.dfy,smtlib,vampire,monomorphic,VERIFICATION_TIMED_OUT,15369,4
ground_truth,dafny-synthesis_task_id_750.dfy,smtlib,vampire,predicates,VERIFICATION_TIMED_OUT,15299,4
ground_truth,dafny-synthesis_task_id_750.dfy,smtlib,vampire,arguments,VERIFIED,3438,0
ground_truth,dafny-synthesis_task_id_750.dfy,smtlib,z3,monomorphic,VERIFIED,1455,0
ground_truth,dafny-synthesis_task_id_750.dfy,smtlib,z3,predicates,VERIFIED,1411,0
ground_truth,dafny-synthesis_task_id_750.dfy,smtlib,z3,arguments,VERIFIED,1411,0
ground_truth,Program-Verification-Dataset_tmp_tmpgbdrlnu__Dafny_vampire project_original_Searching.dfy,tptp,vampire,polymorphic,VERIFIED,3188,0
ground_truth,Program-Verification-Dataset_tmp_tmpgbdrlnu__Dafny_vampire project_original_Searching.dfy,tptp,vampire,monomorphic,VERIFIED,2573,0
ground_truth,Program-Verification-Dataset_tmp_tmpgbdrlnu__Dafny_vampire project_original_Searching.dfy,tptp,vampire,predicates,VERIFIED,3357,0
ground_truth,Program-Verification-Dataset_tmp_tmpgbdrlnu__Dafny_vampire project_original_Searching.dfy,tptp,vampire,arguments,VERIFIED,3191,0
ground_truth,Program-Verification-Dataset_tmp_tmpgbdrlnu__Dafny_vampire project_original_Searching.dfy,smtlib,vampire,monomorphic,VERIFIED,2609,0
ground_truth,Program-Verification-Dataset_tmp_tmpgbdrlnu__Dafny_vampire project_original_Searching.dfy,smtlib,vampire,predicates,VERIFIED,6517,0
ground_truth,Program-Verification-Dataset_tmp_tmpgbdrlnu__Dafny_vampire project_original_Searching.dfy,smtlib,vampire,arguments,VERIFIED,3210,0
ground_truth,Program-Verification-Dataset_tmp_tmpgbdrlnu__Dafny_vampire project_original_Searching.dfy,smtlib,z3,monomorphic,VERIFIED,1516,0
ground_truth,Program-Verification-Dataset_tmp_tmpgbdrlnu__Dafny_vampire project_original_Searching.dfy,smtlib,z3,predicates,VERIFIED,1473,0
ground_truth,Program-Verification-Dataset_tmp_tmpgbdrlnu__Dafny_vampire project_original_Searching.dfy,smtlib,z3,arguments,VERIFIED,1471,0
ground_truth,Program-Verification-Dataset_tmp_tmpgbdrlnu__Dafny_advanced examples_EvenPredicate.dfy,tptp,vampire,polymorphic,VERIFICATION_TIMED_OUT,15456,4
ground_truth,Program-Verification-Dataset_tmp_tmpgbdrlnu__Dafny_advanced examples_EvenPredicate.dfy,tptp,vampire,monomorphic,VERIFIED,3889,0
ground_truth,Program-Verification-Dataset_tmp_tmpgbdrlnu__Dafny_advanced examples_EvenPredicate.dfy,tptp,vampire,predicates,VERIFICATION_TIMED_OUT,15526,4
ground_truth,Program-Verification-Dataset_tmp_tmpgbdrlnu__Dafny_advanced examples_EvenPredicate.dfy,tptp,vampire,arguments,VERIFICATION_TIMED_OUT,15386,4
ground_truth,Program-Verification-Dataset_tmp_tmpgbdrlnu__Dafny_advanced examples_EvenPredicate.dfy,smtlib,vampire,monomorphic,VERIFIED,5402,0
ground_truth,Program-Verification-Dataset_tmp_tmpgbdrlnu__Dafny_advanced examples_EvenPredicate.dfy,smtlib,vampire,predicates,VERIFICATION_TIMED_OUT,15454,4
ground_truth,Program-Verification-Dataset_tmp_tmpgbdrlnu__Dafny_advanced examples_EvenPredicate.dfy,smtlib,vampire,arguments,VERIFIED,5441,0
ground_truth,Program-Verification-Dataset_tmp_tmpgbdrlnu__Dafny_advanced examples_EvenPredicate.dfy,smtlib,z3,monomorphic,VERIFIED,1561,0
ground_truth,Program-Verification-Dataset_tmp_tmpgbdrlnu__Dafny_advanced examples_EvenPredicate.dfy,smtlib,z3,predicates,VERIFIED,1511,0
ground_truth,Program-Verification-Dataset_tmp_tmpgbdrlnu__Dafny_advanced examples_EvenPredicate.dfy,smtlib,z3,arguments,VERIFIED,1516,0
ground_truth,veri-sparse_tmp_tmp15fywna6_dafny_dspmspv.dfy,tptp,vampire,polymorphic,VERIFICATION_TIMED_OUT,29747,4
ground_truth,veri-sparse_tmp_tmp15fywna6_dafny_dspmspv.dfy,tptp,vampire,monomorphic,VERIFICATION_TIMED_OUT,29876,4
ground_truth,veri-sparse_tmp_tmp15fywna6_dafny_dspmspv.dfy,tptp,vampire,predicates,VERIFICATION_TIMED_OUT,29817,4
ground_truth,veri-sparse_tmp_tmp15fywna6_dafny_dspmspv.dfy,tptp,vampire,arguments,VERIFICATION_TIMED_OUT,29704,4
ground_truth,veri-sparse_tmp_tmp15fywna6_dafny_dspmspv.dfy,smtlib,vampire,monomorphic,VERIFICATION_TIMED_OUT,29770,4
ground_truth,veri-sparse_tmp_tmp15fywna6_dafny_dspmspv.dfy,smtlib,vampire,predicates,VERIFICATION_TIMED_OUT,29702,4
ground_truth,veri-sparse_tmp_tmp15fywna6_dafny_dspmspv.dfy,smtlib,vampire,arguments,VERIFICATION_TIMED_OUT,29596,4
ground_truth,veri-sparse_tmp_tmp15fywna6_dafny_dspmspv.dfy,smtlib,z3,monomorphic,VERIFIED,3100,0
ground_truth,veri-sparse_tmp_tmp15fywna6_dafny_dspmspv.dfy,smtlib,z3,predicates,VERIFIED,3668,0
ground_truth,veri-sparse_tmp_tmp15fywna6_dafny_dspmspv.dfy,smtlib,z3,arguments,VERIFIED,3208,0
ground_truth,dafny-synthesis_task_id_133.dfy,tptp,vampire,polymorphic,VERIFICATION_TIMED_OUT,15401,4
ground_truth,dafny-synthesis_task_id_133.dfy,tptp,vampire,monomorphic,VERIFICATION_TIMED_OUT,15472,4
ground_truth,dafny-synthesis_task_id_133.dfy,tptp,vampire,predicates,VERIFICATION_TIMED_OUT,15378,4
ground_truth,dafny-synthesis_task_id_133.dfy,tptp,vampire,arguments,VERIFICATION_TIMED_OUT,15341,4
ground_truth,dafny-synthesis_task_id_133.dfy,smtlib,vampire,monomorphic,VERIFICATION_TIMED_OUT,15401,4
ground_truth,dafny-synthesis_task_id_133.dfy,smtlib,vampire,predicates,VERIFICATION_TIMED_OUT,15264,4
ground_truth,dafny-synthesis_task_id_133.dfy,smtlib,vampire,arguments,VERIFICATION_TIMED_OUT,15287,4
ground_truth,dafny-synthesis_task_id_133.dfy,smtlib,z3,monomorphic,VERIFIED,1534,0
ground_truth,dafny-synthesis_task_id_133.dfy,smtlib,z3,predicates,VERIFIED,1504,0
ground_truth,dafny-synthesis_task_id_133.dfy,smtlib,z3,arguments,VERIFIED,1483,0
ground_truth,Program-Verification-Dataset_tmp_tmpgbdrlnu__Dafny_from dafny main repo_dafny4_Bug170.dfy,tptp,vampire,polymorphic,VERIFIED,5207,0
ground_truth,Program-Verification-Dataset_tmp_tmpgbdrlnu__Dafny_from dafny main repo_dafny4_Bug170.dfy,tptp,vampire,monomorphic,VERIFIED,5543,0
ground_truth,Program-Verification-Dataset_tmp_tmpgbdrlnu__Dafny_from dafny main repo_dafny4_Bug170.dfy,tptp,vampire,predicates,VERIFIED,8325,0
ground_truth,Program-Verification-Dataset_tmp_tmpgbdrlnu__Dafny_from dafny main repo_dafny4_Bug170.dfy,tptp,vampire,arguments,VERIFIED,6592,0
ground_truth,Program-Verification-Dataset_tmp_tmpgbdrlnu__Dafny_from dafny main repo_dafny4_Bug170.dfy,smtlib,vampire,monomorphic,VERIFIED,4975,0
ground_truth,Program-Verification-Dataset_tmp_tmpgbdrlnu__Dafny_from dafny main repo_dafny4_Bug170.dfy,smtlib,vampire,predicates,VERIFIED,9739,0
ground_truth,Program-Verification-Dataset_tmp_tmpgbdrlnu__Dafny_from dafny main repo_dafny4_Bug170.dfy,smtlib,vampire,arguments,VERIFIED,5498,0
ground_truth,Program-Verification-Dataset_tmp_tmpgbdrlnu__Dafny_from dafny main repo_dafny4_Bug170.dfy,smtlib,z3,monomorphic,VERIFIED,1924,0
ground_truth,Program-Verification-Dataset_tmp_tmpgbdrlnu__Dafny_from dafny main repo_dafny4_Bug170.dfy,smtlib,z3,predicates,VERIFIED,1775,0
ground_truth,Program-Verification-Dataset_tmp_tmpgbdrlnu__Dafny_from dafny main repo_dafny4_Bug170.dfy,smtlib,z3,arguments,VERIFIED,1727,0
ground_truth,Dafny_Verify_tmp_tmphq7j0row_Fine_Tune_Examples_error_data_completion_06_n.dfy,tptp,vampire,polymorphic,VERIFIED,1593,0
ground_truth,Dafny_Verify_tmp_tmphq7j0row_Fine_Tune_Examples_error_data_completion_06_n.dfy,tptp,vampire,monomorphic,VERIFIED,1615,0
ground_truth,Dafny_Verify_tmp_tmphq7j0row_Fine_Tune_Examples_error_data_completion_06_n.dfy,tptp,vampire,predicates,VERIFIED,2020,0
ground_truth,Dafny_Verify_tmp_tmphq7j0row_Fine_Tune_Examples_error_data_completion_06_n.dfy,tptp,vampire,arguments,VERIFIED,1642,0
ground_truth,Dafny_Verify_tmp_tmphq7j0row_Fine_Tune_Examples_error_data_completion_06_n.dfy,smtlib,vampire,monomorphic,VERIFIED,1518,0
ground_truth,Dafny_Verify_tmp_tmphq7j0row_Fine_Tune_Examples_error_data_completion_06_n.dfy,smtlib,vampire,predicates,VERIFIED,2018,0
ground_truth,Dafny_Verify_tmp_tmphq7j0row_Fine_Tune_Examples_error_data_completion_06_n.dfy,smtlib,vampire,arguments,VERIFIED,1549,0
ground_truth,Dafny_Verify_tmp_tmphq7j0row_Fine_Tune_Examples_error_data_completion_06_n.dfy,smtlib,z3,monomorphic,VERIFIED,1449,0
ground_truth,Dafny_Verify_tmp_tmphq7j0row_Fine_Tune_Examples_error_data_completion_06_n.dfy,smtlib,z3,predicates,VERIFIED,1385,0
ground_truth,Dafny_Verify_tmp_tmphq7j0row_Fine_Tune_Examples_error_data_completion_06_n.dfy,smtlib,z3,arguments,VERIFIED,1379,0
ground_truth,Formal_Verification_With_Dafny_tmp_tmp5j79rq48_Counter.dfy,tptp,vampire,polymorphic,VERIFIED,2573,0
ground_truth,Formal_Verification_With_Dafny_tmp_tmp5j79rq48_Counter.dfy,tptp,vampire,monomorphic,VERIFIED,2669,0
ground_truth,Formal_Verification_With_Dafny_tmp_tmp5j79rq48_Counter.dfy,tptp,vampire,predicates,VERIFICATION_TIMED_OUT,15501,4
ground_truth,Formal_Verification_With_Dafny_tmp_tmp5j79rq48_Counter.dfy,tptp,vampire,arguments,VERIFICATION_TIMED_OUT,15479,4
ground_truth,Formal_Verification_With_Dafny_tmp_tmp5j79rq48_Counter.dfy,smtlib,vampire,monomorphic,VERIFIED,2602,0
ground_truth,Formal_Verification_With_Dafny_tmp_tmp5j79rq48_Counter.dfy,smtlib,vampire,predicates,VERIFICATION_TIMED_OUT,15466,4
ground_truth,Formal_Verification_With_Dafny_tmp_tmp5j79rq48_Counter.dfy,smtlib,vampire,arguments,VERIFIED,2661,0
ground_truth,Formal_Verification_With_Dafny_tmp_tmp5j79rq48_Counter.dfy,smtlib,z3,monomorphic,VERIFIED,1484,0
ground_truth,Formal_Verification_With_Dafny_tmp_tmp5j79rq48_Counter.dfy,smtlib,z3,predicates,VERIFIED,1454,0
ground_truth,Formal_Verification_With_Dafny_tmp_tmp5j79rq48_Counter.dfy,smtlib,z3,arguments,VERIFIED,1434,0
ground_truth,Workshop_tmp_tmp0cu11bdq_Workshop_Answers_Question6.dfy,tptp,vampire,polymorphic,VERIFICATION_TIMED_OUT,15415,4
ground_truth,Workshop_tmp_tmp0cu11bdq_Workshop_Answers_Question6.dfy,tptp,vampire,monomorphic,VERIFICATION_TIMED_OUT,15509,4
ground_truth,Workshop_tmp_tmp0cu11bdq_Workshop_Answers_Question6.dfy,tptp,vampire,predicates,VERIFICATION_TIMED_OUT,15403,4
ground_truth,Workshop_tmp_tmp0cu11bdq_Workshop_Answers_Question6.dfy,tptp,vampire,arguments,VERIFICATION_TIMED_OUT,15385,4
ground_truth,Workshop_tmp_tmp0cu11bdq_Workshop_Answers_Question6.dfy,smtlib,vampire,monomorphic,VERIFICATION_TIMED_OUT,15454,4
ground_truth,Workshop_tmp_tmp0cu11bdq_Workshop_Answers_Question6.dfy,smtlib,vampire,predicates,VERIFICATION_TIMED_OUT,15314,4
ground_truth,Workshop_tmp_tmp0cu11bdq_Workshop_Answers_Question6.dfy,smtlib,vampire,arguments,VERIFICATION_TIMED_OUT,15330,4
ground_truth,Workshop_tmp_tmp0cu11bdq_Workshop_Answers_Question6.dfy,smtlib,z3,monomorphic,VERIFIED,1544,0
ground_truth,Workshop_tmp_tmp0cu11bdq_Workshop_Answers_Question6.dfy,smtlib,z3,predicates,VERIFIED,1500,0
ground_truth,Workshop_tmp_tmp0cu11bdq_Workshop_Answers_Question6.dfy,smtlib,z3,arguments,VERIFIED,1495,0
ground_truth,DafnyPrograms_tmp_tmp74_f9k_c_automaton.dfy,tptp,vampire,polymorphic,VERIFICATION_TIMED_OUT,15630,4
ground_truth,DafnyPrograms_tmp_tmp74_f9k_c_automaton.dfy,tptp,vampire,monomorphic,VERIFICATION_TIMED_OUT,15759,4
ground_truth,DafnyPrograms_tmp_tmp74_f9k_c_automaton.dfy,tptp,vampire,predicates,VERIFICATION_TIMED_OUT,15720,4
ground_truth,DafnyPrograms_tmp_tmp74_f9k_c_automaton.dfy,tptp,vampire,arguments,VERIFICATION_TIMED_OUT,15614,4
ground_truth,DafnyPrograms_tmp_tmp74_f9k_c_automaton.dfy,smtlib,vampire,monomorphic,VERIFICATION_TIMED_OUT,15670,4
ground_truth,DafnyPrograms_tmp_tmp74_f9k_c_automaton.dfy,smtlib,vampire,predicates,VERIFICATION_TIMED_OUT,15547,4
ground_truth,DafnyPrograms_tmp_tmp74_f9k_c_automaton.dfy,smtlib,vampire,arguments,VERIFICATION_TIMED_OUT,15526,4
ground_truth,DafnyPrograms_tmp_tmp74_f9k_c_automaton.dfy,smtlib,z3,monomorphic,NOT_VERIFIED,4327,4
ground_truth,DafnyPrograms_tmp_tmp74_f9k_c_automaton.dfy,smtlib,z3,predicates,NOT_VERIFIED,2314,4
ground_truth,DafnyPrograms_tmp_tmp74_f9k_c_automaton.dfy,smtlib,z3,arguments,NOT_VERIFIED,2356,4
ground_truth,Clover_linear_search3.dfy,tptp,vampire,polymorphic,VERIFIED,14781,0
ground_truth,Clover_linear_search3.dfy,tptp,vampire,monomorphic,VERIFIED,2673,0
ground_truth,Clover_linear_search3.dfy,tptp,vampire,predicates,VERIFICATION_TIMED_OUT,15435,4
ground_truth,Clover_linear_search3.dfy,tptp,vampire,arguments,VERIFIED,15411,0
ground_truth,Clover_linear_search3.dfy,smtlib,vampire,monomorphic,VERIFICATION_TIMED_OUT,15427,4
ground_truth,Clover_linear_search3.dfy,smtlib,vampire,predicates,VERIFICATION_TIMED_OUT,15314,4
ground_truth,Clover_linear_search3.dfy,smtlib,vampire,arguments,VERIFICATION_TIMED_OUT,15337,4
ground_truth,Clover_linear_search3.dfy,smtlib,z3,monomorphic,VERIFIED,1550,0
ground_truth,Clover_linear_search3.dfy,smtlib,z3,predicates,VERIFIED,1535,0
ground_truth,Clover_linear_search3.dfy,smtlib,z3,arguments,VERIFIED,1485,0
ground_truth,dafny-synthesis_task_id_307.dfy,tptp,vampire,polymorphic,VERIFICATION_TIMED_OUT,15393,4
ground_truth,dafny-synthesis_task_id_307.dfy,tptp,vampire,monomorphic,VERIFIED,6952,0
ground_truth,dafny-synthesis_task_id_307.dfy,tptp,vampire,predicates,VERIFICATION_TIMED_OUT,15371,4
ground_truth,dafny-synthesis_task_id_307.dfy,tptp,vampire,arguments,VERIFICATION_TIMED_OUT,15437,4
ground_truth,dafny-synthesis_task_id_307.dfy,smtlib,vampire,monomorphic,VERIFIED,3427,0
ground_truth,dafny-synthesis_task_id_307.dfy,smtlib,vampire,predicates,VERIFICATION_TIMED_OUT,15251,4
ground_truth,dafny-synthesis_task_id_307.dfy,smtlib,vampire,arguments,VERIFIED,3370,0
ground_truth,dafny-synthesis_task_id_307.dfy,smtlib,z3,monomorphic,VERIFIED,1509,0
ground_truth,dafny-synthesis_task_id_307.dfy,smtlib,z3,predicates,VERIFIED,1444,0
ground_truth,dafny-synthesis_task_id_307.dfy,smtlib,z3,arguments,VERIFIED,1433,0
ground_truth,dafny-language-server_tmp_tmpkir0kenl_Test_triggers_loop-detection-looks-at-ranges-too.dfy,tptp,vampire,polymorphic,VERIFIED,1419,0
ground_truth,dafny-language-server_tmp_tmpkir0kenl_Test_triggers_loop-detection-looks-at-ranges-too.dfy,tptp,vampire,monomorphic,VERIFIED,1508,0
ground_truth,dafny-language-server_tmp_tmpkir0kenl_Test_triggers_loop-detection-looks-at-ranges-too.dfy,tptp,vampire,predicates,VERIFIED,1440,0
ground_truth,dafny-language-server_tmp_tmpkir0kenl_Test_triggers_loop-detection-looks-at-ranges-too.dfy,tptp,vampire,arguments,VERIFIED,1439,0
ground_truth,dafny-language-server_tmp_tmpkir0kenl_Test_triggers_loop-detection-looks-at-ranges-too.dfy,smtlib,vampire,monomorphic,VERIFIED,1439,0
ground_truth,dafny-language-server_tmp_tmpkir0kenl_Test_triggers_loop-detection-looks-at-ranges-too.dfy,smtlib,vampire,predicates,VERIFIED,1381,0
ground_truth,dafny-language-server_tmp_tmpkir0kenl_Test_triggers_loop-detection-looks-at-ranges-too.dfy,smtlib,vampire,arguments,VERIFIED,1370,0
ground_truth,dafny-language-server_tmp_tmpkir0kenl_Test_triggers_loop-detection-looks-at-ranges-too.dfy,smtlib,z3,monomorphic,VERIFIED,1420,0
ground_truth,dafny-language-server_tmp_tmpkir0kenl_Test_triggers_loop-detection-looks-at-ranges-too.dfy,smtlib,z3,predicates,VERIFIED,1371,0
ground_truth,dafny-language-server_tmp_tmpkir0kenl_Test_triggers_loop-detection-looks-at-ranges-too.dfy,smtlib,z3,arguments,VERIFIED,1397,0
ground_truth,Dafny-Exercises_tmp_tmpjm75muf__Session6Exercises_ExercisePeekSum.dfy,tptp,vampire,polymorphic,VERIFICATION_TIMED_OUT,15451,4
ground_truth,Dafny-Exercises_tmp_tmpjm75muf__Session6Exercises_ExercisePeekSum.dfy,tptp,vampire,monomorphic,VERIFICATION_TIMED_OUT,15571,4
ground_truth,Dafny-Exercises_tmp_tmpjm75muf__Session6Exercises_ExercisePeekSum.dfy,tptp,vampire,predicates,VERIFICATION_TIMED_OUT,15502,4
ground_truth,Dafny-Exercises_tmp_tmpjm75muf__Session6Exercises_ExercisePeekSum.dfy,tptp,vampire,arguments,VERIFICATION_TIMED_OUT,15550,4
ground_truth,Dafny-Exercises_tmp_tmpjm75muf__Session6Exercises_ExercisePeekSum.dfy,smtlib,vampire,monomorphic,VERIFICATION_TIMED_OUT,15496,4
ground_truth,Dafny-Exercises_tmp_tmpjm75muf__Session6Exercises_ExercisePeekSum.dfy,smtlib,vampire,predicates,VERIFICATION_TIMED_OUT,15367,4
ground_truth,Dafny-Exercises_tmp_tmpjm75muf__Session6Exercises_ExercisePeekSum.dfy,smtlib,vampire,arguments,VERIFICATION_TIMED_OUT,15320,4
ground_truth,Dafny-Exercises_tmp_tmpjm75muf__Session6Exercises_ExercisePeekSum.dfy,smtlib,z3,monomorphic,VERIFIED,1634,0
ground_truth,Dafny-Exercises_tmp_tmpjm75muf__Session6Exercises_ExercisePeekSum.dfy,smtlib,z3,predicates,VERIFIED,1597,0
ground_truth,Dafny-Exercises_tmp_tmpjm75muf__Session6Exercises_ExercisePeekSum.dfy,smtlib,z3,arguments,VERIFIED,1561,0
ground_truth,Program-Verification-Dataset_tmp_tmpgbdrlnu__Dafny_algorithms and leetcode_leetcode_ReverseLinkedList.dfy,tptp,vampire,polymorphic,VERIFICATION_TIMED_OUT,58391,4
ground_truth,Program-Verification-Dataset_tmp_tmpgbdrlnu__Dafny_algorithms and leetcode_leetcode_ReverseLinkedList.dfy,tptp,vampire,monomorphic,VERIFICATION_TIMED_OUT,58134,4
ground_truth,Program-Verification-Dataset_tmp_tmpgbdrlnu__Dafny_algorithms and leetcode_leetcode_ReverseLinkedList.dfy,tptp,vampire,predicates,VERIFICATION_TIMED_OUT,74641,4
ground_truth,Program-Verification-Dataset_tmp_tmpgbdrlnu__Dafny_algorithms and leetcode_leetcode_ReverseLinkedList.dfy,tptp,vampire,arguments,VERIFICATION_TIMED_OUT,59508,4
ground_truth,Program-Verification-Dataset_tmp_tmpgbdrlnu__Dafny_algorithms and leetcode_leetcode_ReverseLinkedList.dfy,smtlib,vampire,monomorphic,VERIFICATION_TIMED_OUT,32865,4
ground_truth,Program-Verification-Dataset_tmp_tmpgbdrlnu__Dafny_algorithms and leetcode_leetcode_ReverseLinkedList.dfy,smtlib,vampire,predicates,VERIFICATION_TIMED_OUT,71509,4
ground_truth,Program-Verification-Dataset_tmp_tmpgbdrlnu__Dafny_algorithms and leetcode_leetcode_ReverseLinkedList.dfy,smtlib,vampire,arguments,VERIFICATION_TIMED_OUT,57639,4
ground_truth,Program-Verification-Dataset_tmp_tmpgbdrlnu__Dafny_algorithms and leetcode_leetcode_ReverseLinkedList.dfy,smtlib,z3,monomorphic,VERIFICATION_TIMED_OUT,17176,4
ground_truth,Program-Verification-Dataset_tmp_tmpgbdrlnu__Dafny_algorithms and leetcode_leetcode_ReverseLinkedList.dfy,smtlib,z3,predicates,VERIFICATION_TIMED_OUT,17020,4
ground_truth,Program-Verification-Dataset_tmp_tmpgbdrlnu__Dafny_algorithms and leetcode_leetcode_ReverseLinkedList.dfy,smtlib,z3,arguments,VERIFICATION_TIMED_OUT,17010,4
ground_truth,dafny-language-server_tmp_tmpkir0kenl_Test_dafny4_git-issue133.dfy,tptp,vampire,polymorphic,VERIFIED,1664,0
ground_truth,dafny-language-server_tmp_tmpkir0kenl_Test_dafny4_git-issue133.dfy,tptp,vampire,monomorphic,VERIFIED,2310,0
ground_truth,dafny-language-server_tmp_tmpkir0kenl_Test_dafny4_git-issue133.dfy,tptp,vampire,predicates,VERIFICATION_TIMED_OUT,15578,4
ground_truth,dafny-language-server_tmp_tmpkir0kenl_Test_dafny4_git-issue133.dfy,tptp,vampire,arguments,VERIFICATION_TIMED_OUT,15573,4
ground_truth,dafny-language-server_tmp_tmpkir0kenl_Test_dafny4_git-issue133.dfy,smtlib,vampire,monomorphic,VERIFIED,1764,0
ground_truth,dafny-language-server_tmp_tmpkir0kenl_Test_dafny4_git-issue133.dfy,smtlib,vampire,predicates,VERIFICATION_TIMED_OUT,15561,4
ground_truth,dafny-language-server_tmp_tmpkir0kenl_Test_dafny4_git-issue133.dfy,smtlib,vampire,arguments,VERIFIED,2229,0
ground_truth,dafny-language-server_tmp_tmpkir0kenl_Test_dafny4_git-issue133.dfy,smtlib,z3,monomorphic,VERIFIED,1704,0
ground_truth,dafny-language-server_tmp_tmpkir0kenl_Test_dafny4_git-issue133.dfy,smtlib,z3,predicates,VERIFIED,1636,0
ground_truth,dafny-language-server_tmp_tmpkir0kenl_Test_dafny4_git-issue133.dfy,smtlib,z3,arguments,VERIFIED,1615,0
ground_truth,Dafny_Verify_tmp_tmphq7j0row_dataset_C_convert_examples_06_n.dfy,tptp,vampire,polymorphic,VERIFIED,1650,0
ground_truth,Dafny_Verify_tmp_tmphq7j0row_dataset_C_convert_examples_06_n.dfy,tptp,vampire,monomorphic,VERIFIED,1664,0
ground_truth,Dafny_Verify_tmp_tmphq7j0row_dataset_C_convert_examples_06_n.dfy,tptp,vampire,predicates,VERIFIED,2207,0
ground_truth,Dafny_Verify_tmp_tmphq7j0row_dataset_C_convert_examples_06_n.dfy,tptp,vampire,arguments,VERIFIED,1799,0
ground_truth,Dafny_Verify_tmp_tmphq7j0row_dataset_C_convert_examples_06_n.dfy,smtlib,vampire,monomorphic,VERIFIED,1582,0
ground_truth,Dafny_Verify_tmp_tmphq7j0row_dataset_C_convert_examples_06_n.dfy,smtlib,vampire,predicates,VERIFIED,2081,0
ground_truth,Dafny_Verify_tmp_tmphq7j0row_dataset_C_convert_examples_06_n.dfy,smtlib,vampire,arguments,VERIFIED,1666,0
ground_truth,Dafny_Verify_tmp_tmphq7j0row_dataset_C_convert_examples_06_n.dfy,smtlib,z3,monomorphic,VERIFIED,1528,0
ground_truth,Dafny_Verify_tmp_tmphq7j0row_dataset_C_convert_examples_06_n.dfy,smtlib,z3,predicates,VERIFIED,1457,0
ground_truth,Dafny_Verify_tmp_tmphq7j0row_dataset_C_convert_examples_06_n.dfy,smtlib,z3,arguments,VERIFIED,1431,0
ground_truth,Formal_Verification_With_Dafny_tmp_tmp5j79rq48_LimitedStack.dfy,tptp,vampire,polymorphic,VERIFICATION_TIMED_OUT,37250,4
ground_truth,Formal_Verification_With_Dafny_tmp_tmp5j79rq48_LimitedStack.dfy,tptp,vampire,monomorphic,VERIFICATION_TIMED_OUT,43672,4
ground_truth,Formal_Verification_With_Dafny_tmp_tmp5j79rq48_LimitedStack.dfy,tptp,vampire,predicates,VERIFICATION_TIMED_OUT,57746,4
ground_truth,Formal_Verification_With_Dafny_tmp_tmp5j79rq48_LimitedStack.dfy,tptp,vampire,arguments,VERIFICATION_TIMED_OUT,43706,4
ground_truth,Formal_Verification_With_Dafny_tmp_tmp5j79rq48_LimitedStack.dfy,smtlib,vampire,monomorphic,VERIFICATION_TIMED_OUT,23591,4
ground_truth,Formal_Verification_With_Dafny_tmp_tmp5j79rq48_LimitedStack.dfy,smtlib,vampire,predicates,VERIFICATION_TIMED_OUT,44547,4
ground_truth,Formal_Verification_With_Dafny_tmp_tmp5j79rq48_LimitedStack.dfy,smtlib,vampire,arguments,VERIFICATION_TIMED_OUT,43556,4
ground_truth,Formal_Verification_With_Dafny_tmp_tmp5j79rq48_LimitedStack.dfy,smtlib,z3,monomorphic,VERIFIED,2137,0
ground_truth,Formal_Verification_With_Dafny_tmp_tmp5j79rq48_LimitedStack.dfy,smtlib,z3,predicates,VERIFIED,2028,0
ground_truth,Formal_Verification_With_Dafny_tmp_tmp5j79rq48_LimitedStack.dfy,smtlib,z3,arguments,VERIFIED,1973,0
ground_truth,dafny-synthesis_task_id_457.dfy,tptp,vampire,polymorphic,VERIFICATION_TIMED_OUT,15450,4
ground_truth,dafny-synthesis_task_id_457.dfy,tptp,vampire,monomorphic,VERIFICATION_TIMED_OUT,15501,4
ground_truth,dafny-synthesis_task_id_457.dfy,tptp,vampire,predicates,VERIFICATION_TIMED_OUT,15512,4
ground_truth,dafny-synthesis_task_id_457.dfy,tptp,vampire,arguments,VERIFICATION_TIMED_OUT,15604,4
ground_truth,dafny-synthesis_task_id_457.dfy,smtlib,vampire,monomorphic,VERIFICATION_TIMED_OUT,15378,4
ground_truth,dafny-synthesis_task_id_457.dfy,smtlib,vampire,predicates,VERIFICATION_TIMED_OUT,15434,4
ground_truth,dafny-synthesis_task_id_457.dfy,smtlib,vampire,arguments,VERIFICATION_TIMED_OUT,15286,4
ground_truth,dafny-synthesis_task_id_457.dfy,smtlib,z3,monomorphic,VERIFIED,1562,0
ground_truth,dafny-synthesis_task_id_457.dfy,smtlib,z3,predicates,VERIFIED,1514,0
ground_truth,dafny-synthesis_task_id_457.dfy,smtlib,z3,arguments,VERIFIED,1477,0
ground_truth,Prog-Fun-Solutions_tmp_tmp7_gmnz5f_extra_pow.dfy,tptp,vampire,polymorphic,VERIFICATION_TIMED_OUT,15473,4
ground_truth,Prog-Fun-Solutions_tmp_tmp7_gmnz5f_extra_pow.dfy,tptp,vampire,monomorphic,VERIFICATION_TIMED_OUT,15593,4
ground_truth,Prog-Fun-Solutions_tmp_tmp7_gmnz5f_extra_pow.dfy,tptp,vampire,predicates,VERIFICATION_TIMED_OUT,15494,4
ground_truth,Prog-Fun-Solutions_tmp_tmp7_gmnz5f_extra_pow.dfy,tptp,vampire,arguments,VERIFICATION_TIMED_OUT,15432,4
ground_truth,Prog-Fun-Solutions_tmp_tmp7_gmnz5f_extra_pow.dfy,smtlib,vampire,monomorphic,VERIFIED,3382,0
ground_truth,Prog-Fun-Solutions_tmp_tmp7_gmnz5f_extra_pow.dfy,smtlib,vampire,predicates,VERIFICATION_TIMED_OUT,15368,4
ground_truth,Prog-Fun-Solutions_tmp_tmp7_gmnz5f_extra_pow.dfy,smtlib,vampire,arguments,VERIFIED,3536,0
ground_truth,Prog-Fun-Solutions_tmp_tmp7_gmnz5f_extra_pow.dfy,smtlib,z3,monomorphic,VERIFIED,1636,0
ground_truth,Prog-Fun-Solutions_tmp_tmp7_gmnz5f_extra_pow.dfy,smtlib,z3,predicates,VERIFIED,1614,0
ground_truth,Prog-Fun-Solutions_tmp_tmp7_gmnz5f_extra_pow.dfy,smtlib,z3,arguments,VERIFIED,1681,0
ground_truth,Program-Verification-Dataset_tmp_tmpgbdrlnu__Dafny_basic examples_BubbleSort_sol.dfy,tptp,vampire,polymorphic,VERIFICATION_TIMED_OUT,15529,4
ground_truth,Program-Verification-Dataset_tmp_tmpgbdrlnu__Dafny_basic examples_BubbleSort_sol.dfy,tptp,vampire,monomorphic,VERIFICATION_TIMED_OUT,15740,4
ground_truth,Program-Verification-Dataset_tmp_tmpgbdrlnu__Dafny_basic examples_BubbleSort_sol.dfy,tptp,vampire,predicates,VERIFICATION_TIMED_OUT,15632,4
ground_truth,Program-Verification-Dataset_tmp_tmpgbdrlnu__Dafny_basic examples_BubbleSort_sol.dfy,tptp,vampire,arguments,VERIFICATION_TIMED_OUT,15598,4
ground_truth,Program-Verification-Dataset_tmp_tmpgbdrlnu__Dafny_basic examples_BubbleSort_sol.dfy,smtlib,vampire,monomorphic,VERIFICATION_TIMED_OUT,15566,4
ground_truth,Program-Verification-Dataset_tmp_tmpgbdrlnu__Dafny_basic examples_BubbleSort_sol.dfy,smtlib,vampire,predicates,VERIFICATION_TIMED_OUT,15546,4
ground_truth,Program-Verification-Dataset_tmp_tmpgbdrlnu__Dafny_basic examples_BubbleSort_sol.dfy,smtlib,vampire,arguments,VERIFICATION_TIMED_OUT,15513,4
ground_truth,Program-Verification-Dataset_tmp_tmpgbdrlnu__Dafny_basic examples_BubbleSort_sol.dfy,smtlib,z3,monomorphic,VERIFIED,3285,0
ground_truth,Program-Verification-Dataset_tmp_tmpgbdrlnu__Dafny_basic examples_BubbleSort_sol.dfy,smtlib,z3,predicates,VERIFIED,2300,0
ground_truth,Program-Verification-Dataset_tmp_tmpgbdrlnu__Dafny_basic examples_BubbleSort_sol.dfy,smtlib,z3,arguments,VERIFIED,2935,0
ground_truth,dafny-synthesis_task_id_431.dfy,tptp,vampire,polymorphic,VERIFICATION_TIMED_OUT,15436,4
ground_truth,dafny-synthesis_task_id_431.dfy,tptp,vampire,monomorphic,VERIFIED,6956,0
ground_truth,dafny-synthesis_task_id_431.dfy,tptp,vampire,predicates,VERIFICATION_TIMED_OUT,15470,4
ground_truth,dafny-synthesis_task_id_431.dfy,tptp,vampire,arguments,VERIFIED,6824,0
ground_truth,dafny-synthesis_task_id_431.dfy,smtlib,vampire,monomorphic,VERIFICATION_TIMED_OUT,15479,4
ground_truth,dafny-synthesis_task_id_431.dfy,smtlib,vampire,predicates,VERIFICATION_TIMED_OUT,15390,4
ground_truth,dafny-synthesis_task_id_431.dfy,smtlib,vampire,arguments,VERIFICATION_TIMED_OUT,15404,4
ground_truth,dafny-synthesis_task_id_431.dfy,smtlib,z3,monomorphic,VERIFIED,1725,0
ground_truth,dafny-synthesis_task_id_431.dfy,smtlib,z3,predicates,VERIFIED,1700,0
ground_truth,dafny-synthesis_task_id_431.dfy,smtlib,z3,arguments,VERIFIED,1527,0
ground_truth,dafny-synthesis_task_id_412.dfy,tptp,vampire,polymorphic,VERIFICATION_TIMED_OUT,15493,4
ground_truth,dafny-synthesis_task_id_412.dfy,tptp,vampire,monomorphic,VERIFICATION_TIMED_OUT,15588,4
ground_truth,dafny-synthesis_task_id_412.dfy,tptp,vampire,predicates,VERIFICATION_TIMED_OUT,15588,4
ground_truth,dafny-synthesis_task_id_412.dfy,tptp,vampire,arguments,VERIFICATION_TIMED_OUT,15498,4
ground_truth,dafny-synthesis_task_id_412.dfy,smtlib,vampire,monomorphic,VERIFICATION_TIMED_OUT,15526,4
ground_truth,dafny-synthesis_task_id_412.dfy,smtlib,vampire,predicates,VERIFICATION_TIMED_OUT,15414,4
ground_truth,dafny-synthesis_task_id_412.dfy,smtlib,vampire,arguments,VERIFIED,3608,0
ground_truth,dafny-synthesis_task_id_412.dfy,smtlib,z3,monomorphic,VERIFIED,1706,0
ground_truth,dafny-synthesis_task_id_412.dfy,smtlib,z3,predicates,VERIFIED,1640,0
ground_truth,dafny-synthesis_task_id_412.dfy,smtlib,z3,arguments,VERIFIED,1639,0
ground_truth,dafny-synthesis_task_id_476.dfy,tptp,vampire,polymorphic,VERIFICATION_TIMED_OUT,15643,4
ground_truth,dafny-synthesis_task_id_476.dfy,tptp,vampire,monomorphic,VERIFICATION_TIMED_OUT,15720,4
ground_truth,dafny-synthesis_task_id_476.dfy,tptp,vampire,predicates,VERIFICATION_TIMED_OUT,15679,4
ground_truth,dafny-synthesis_task_id_476.dfy,tptp,vampire,arguments,VERIFICATION_TIMED_OUT,15614,4
ground_truth,dafny-synthesis_task_id_476.dfy,smtlib,vampire,monomorphic,VERIFICATION_TIMED_OUT,15573,4
ground_truth,dafny-synthesis_task_id_476.dfy,smtlib,vampire,predicates,VERIFICATION_TIMED_OUT,15480,4
ground_truth,dafny-synthesis_task_id_476.dfy,smtlib,vampire,arguments,VERIFICATION_TIMED_OUT,15496,4
ground_truth,dafny-synthesis_task_id_476.dfy,smtlib,z3,monomorphic,VERIFIED,1721,0
ground_truth,dafny-synthesis_task_id_476.dfy,smtlib,z3,predicates,VERIFIED,1690,0
ground_truth,dafny-synthesis_task_id_476.dfy,smtlib,z3,arguments,VERIFIED,1621,0
ground_truth,protocol-verification-fa2023_tmp_tmpw6hy3mjp_demos_dafny-internals_02-triggers_triggers2.dfy,tptp,vampire,polymorphic,VERIFIED,1565,0
ground_truth,protocol-verification-fa2023_tmp_tmpw6hy3mjp_demos_dafny-internals_02-triggers_triggers2.dfy,tptp,vampire,monomorphic,VERIFIED,1605,0
ground_truth,protocol-verification-fa2023_tmp_tmpw6hy3mjp_demos_dafny-internals_02-triggers_triggers2.dfy,tptp,vampire,predicates,VERIFIED,1555,0
ground_truth,protocol-verification-fa2023_tmp_tmpw6hy3mjp_demos_dafny-internals_02-triggers_triggers2.dfy,tptp,vampire,arguments,VERIFIED,1532,0
ground_truth,protocol-verification-fa2023_tmp_tmpw6hy3mjp_demos_dafny-internals_02-triggers_triggers2.dfy,smtlib,vampire,monomorphic,VERIFIED,1519,0
ground_truth,protocol-verification-fa2023_tmp_tmpw6hy3mjp_demos_dafny-internals_02-triggers_triggers2.dfy,smtlib,vampire,predicates,VERIFIED,1487,0
ground_truth,protocol-verification-fa2023_tmp_tmpw6hy3mjp_demos_dafny-internals_02-triggers_triggers2.dfy,smtlib,vampire,arguments,VERIFIED,1437,0
ground_truth,protocol-verification-fa2023_tmp_tmpw6hy3mjp_demos_dafny-internals_02-triggers_triggers2.dfy,smtlib,z3,monomorphic,VERIFIED,1531,0
ground_truth,protocol-verification-fa2023_tmp_tmpw6hy3mjp_demos_dafny-internals_02-triggers_triggers2.dfy,smtlib,z3,predicates,VERIFIED,1446,0
ground_truth,protocol-verification-fa2023_tmp_tmpw6hy3mjp_demos_dafny-internals_02-triggers_triggers2.dfy,smtlib,z3,arguments,VERIFIED,1458,0
ground_truth,dafny-learn_tmp_tmpn94ir40q_R01_functions.dfy,tptp,vampire,polymorphic,VERIFIED,1639,0
ground_truth,dafny-learn_tmp_tmpn94ir40q_R01_functions.dfy,tptp,vampire,monomorphic,VERIFIED,1709,0
ground_truth,dafny-learn_tmp_tmpn94ir40q_R01_functions.dfy,tptp,vampire,predicates,VERIFIED,1660,0
ground_truth,dafny-learn_tmp_tmpn94ir40q_R01_functions.dfy,tptp,vampire,arguments,VERIFIED,1629,0
ground_truth,dafny-learn_tmp_tmpn94ir40q_R01_functions.dfy,smtlib,vampire,monomorphic,VERIFIED,1650,0
ground_truth,dafny-learn_tmp_tmpn94ir40q_R01_functions.dfy,smtlib,vampire,predicates,VERIFIED,1781,0
ground_truth,dafny-learn_tmp_tmpn94ir40q_R01_functions.dfy,smtlib,vampire,arguments,VERIFIED,1618,0
ground_truth,dafny-learn_tmp_tmpn94ir40q_R01_functions.dfy,smtlib,z3,monomorphic,VERIFIED,1566,0
ground_truth,dafny-learn_tmp_tmpn94ir40q_R01_functions.dfy,smtlib,z3,predicates,VERIFIED,1492,0
ground_truth,dafny-learn_tmp_tmpn94ir40q_R01_functions.dfy,smtlib,z3,arguments,VERIFIED,1483,0
ground_truth,dafny-synthesis_task_id_581.dfy,tptp,vampire,polymorphic,VERIFIED,1415,0
ground_truth,dafny-synthesis_task_id_581.dfy,tptp,vampire,monomorphic,VERIFIED,1519,0
ground_truth,dafny-synthesis_task_id_581.dfy,tptp,vampire,predicates,VERIFIED,1427,0
ground_truth,dafny-synthesis_task_id_581.dfy,tptp,vampire,arguments,VERIFIED,1416,0
ground_truth,dafny-synthesis_task_id_581.dfy,smtlib,vampire,monomorphic,VERIFIED,1410,0
ground_truth,dafny-synthesis_task_id_581.dfy,smtlib,vampire,predicates,VERIFIED,1356,0
ground_truth,dafny-synthesis_task_id_581.dfy,smtlib,vampire,arguments,VERIFIED,1354,0
ground_truth,dafny-synthesis_task_id_581.dfy,smtlib,z3,monomorphic,VERIFIED,1410,0
ground_truth,dafny-synthesis_task_id_581.dfy,smtlib,z3,predicates,VERIFIED,1347,0
ground_truth,dafny-synthesis_task_id_581.dfy,smtlib,z3,arguments,VERIFIED,1378,0
ground_truth,Dafny_tmp_tmpj88zq5zt_2-Kontrakte_reverse3.dfy,tptp,vampire,polymorphic,VERIFIED,7476,0
ground_truth,Dafny_tmp_tmpj88zq5zt_2-Kontrakte_reverse3.dfy,tptp,vampire,monomorphic,VERIFICATION_TIMED_OUT,15584,4
ground_truth,Dafny_tmp_tmpj88zq5zt_2-Kontrakte_reverse3.dfy,tptp,vampire,predicates,VERIFICATION_TIMED_OUT,15556,4
ground_truth,Dafny_tmp_tmpj88zq5zt_2-Kontrakte_reverse3.dfy,tptp,vampire,arguments,VERIFIED,5700,0
ground_truth,Dafny_tmp_tmpj88zq5zt_2-Kontrakte_reverse3.dfy,smtlib,vampire,monomorphic,VERIFICATION_TIMED_OUT,15487,4
ground_truth,Dafny_tmp_tmpj88zq5zt_2-Kontrakte_reverse3.dfy,smtlib,vampire,predicates,VERIFICATION_TIMED_OUT,15388,4
ground_truth,Dafny_tmp_tmpj88zq5zt_2-Kontrakte_reverse3.dfy,smtlib,vampire,arguments,VERIFIED,5721,0
ground_truth,Dafny_tmp_tmpj88zq5zt_2-Kontrakte_reverse3.dfy,smtlib,z3,monomorphic,VERIFIED,1605,0
ground_truth,Dafny_tmp_tmpj88zq5zt_2-Kontrakte_reverse3.dfy,smtlib,z3,predicates,VERIFIED,1598,0
ground_truth,Dafny_tmp_tmpj88zq5zt_2-Kontrakte_reverse3.dfy,smtlib,z3,arguments,VERIFIED,1642,0
ground_truth,Program-Verification-Dataset_tmp_tmpgbdrlnu__Dafny_algorithms and leetcode_ProgramProofs_ch15.dfy,tptp,vampire,polymorphic,VERIFICATION_TIMED_OUT,16618,4
ground_truth,Program-Verification-Dataset_tmp_tmpgbdrlnu__Dafny_algorithms and leetcode_ProgramProofs_ch15.dfy,tptp,vampire,monomorphic,VERIFICATION_TIMED_OUT,16862,4
ground_truth,Program-Verification-Dataset_tmp_tmpgbdrlnu__Dafny_algorithms and leetcode_ProgramProofs_ch15.dfy,tptp,vampire,predicates,VERIFICATION_TIMED_OUT,29812,4
ground_truth,Program-Verification-Dataset_tmp_tmpgbdrlnu__Dafny_algorithms and leetcode_ProgramProofs_ch15.dfy,tptp,vampire,arguments,VERIFICATION_TIMED_OUT,16937,4
ground_truth,Program-Verification-Dataset_tmp_tmpgbdrlnu__Dafny_algorithms and leetcode_ProgramProofs_ch15.dfy,smtlib,vampire,monomorphic,VERIFICATION_TIMED_OUT,16847,4
ground_truth,Program-Verification-Dataset_tmp_tmpgbdrlnu__Dafny_algorithms and leetcode_ProgramProofs_ch15.dfy,smtlib,vampire,predicates,VERIFICATION_TIMED_OUT,17996,4
ground_truth,Program-Verification-Dataset_tmp_tmpgbdrlnu__Dafny_algorithms and leetcode_ProgramProofs_ch15.dfy,smtlib,vampire,arguments,VERIFICATION_TIMED_OUT,17161,4
ground_truth,Program-Verification-Dataset_tmp_tmpgbdrlnu__Dafny_algorithms and leetcode_ProgramProofs_ch15.dfy,smtlib,z3,monomorphic,VERIFICATION_TIMED_OUT,16929,4
ground_truth,Program-Verification-Dataset_tmp_tmpgbdrlnu__Dafny_algorithms and leetcode_ProgramProofs_ch15.dfy,smtlib,z3,predicates,VERIFIED,3292,0
ground_truth,Program-Verification-Dataset_tmp_tmpgbdrlnu__Dafny_algorithms and leetcode_ProgramProofs_ch15.dfy,smtlib,z3,arguments,VERIFIED,5907,0
ground_truth,t1_MF_tmp_tmpi_sqie4j_exemplos_colecoes_arrays_ex5.dfy,tptp,vampire,polymorphic,VERIFIED,2566,0
ground_truth,t1_MF_tmp_tmpi_sqie4j_exemplos_colecoes_arrays_ex5.dfy,tptp,vampire,monomorphic,VERIFIED,3540,0
ground_truth,t1_MF_tmp_tmpi_sqie4j_exemplos_colecoes_arrays_ex5.dfy,tptp,vampire,predicates,VERIFIED,3052,0
ground_truth,t1_MF_tmp_tmpi_sqie4j_exemplos_colecoes_arrays_ex5.dfy,tptp,vampire,arguments,VERIFIED,3655,0
ground_truth,t1_MF_tmp_tmpi_sqie4j_exemplos_colecoes_arrays_ex5.dfy,smtlib,vampire,monomorphic,VERIFIED,2794,0
ground_truth,t1_MF_tmp_tmpi_sqie4j_exemplos_colecoes_arrays_ex5.dfy,smtlib,vampire,predicates,VERIFIED,6983,0
ground_truth,t1_MF_tmp_tmpi_sqie4j_exemplos_colecoes_arrays_ex5.dfy,smtlib,vampire,arguments,VERIFIED,3477,0
ground_truth,t1_MF_tmp_tmpi_sqie4j_exemplos_colecoes_arrays_ex5.dfy,smtlib,z3,monomorphic,VERIFIED,1652,0
ground_truth,t1_MF_tmp_tmpi_sqie4j_exemplos_colecoes_arrays_ex5.dfy,smtlib,z3,predicates,VERIFIED,1638,0
ground_truth,t1_MF_tmp_tmpi_sqie4j_exemplos_colecoes_arrays_ex5.dfy,smtlib,z3,arguments,VERIFIED,1595,0
ground_truth,Clover_selectionsort.dfy,tptp,vampire,polymorphic,VERIFICATION_TIMED_OUT,15565,4
ground_truth,Clover_selectionsort.dfy,tptp,vampire,monomorphic,VERIFICATION_TIMED_OUT,15683,4
ground_truth,Clover_selectionsort.dfy,tptp,vampire,predicates,VERIFICATION_TIMED_OUT,15526,4
ground_truth,Clover_selectionsort.dfy,tptp,vampire,arguments,VERIFICATION_TIMED_OUT,15505,4
ground_truth,Clover_selectionsort.dfy,smtlib,vampire,monomorphic,VERIFICATION_TIMED_OUT,15521,4
ground_truth,Clover_selectionsort.dfy,smtlib,vampire,predicates,VERIFICATION_TIMED_OUT,15524,4
ground_truth,Clover_selectionsort.dfy,smtlib,vampire,arguments,VERIFICATION_TIMED_OUT,15353,4
ground_truth,Clover_selectionsort.dfy,smtlib,z3,monomorphic,VERIFIED,1821,0
ground_truth,Clover_selectionsort.dfy,smtlib,z3,predicates,VERIFIED,1683,0
ground_truth,Clover_selectionsort.dfy,smtlib,z3,arguments,VERIFIED,1707,0
ground_truth,dafny-synthesis_task_id_17.dfy,tptp,vampire,polymorphic,VERIFIED,1470,0
ground_truth,dafny-synthesis_task_id_17.dfy,tptp,vampire,monomorphic,VERIFIED,1491,0
ground_truth,dafny-synthesis_task_id_17.dfy,tptp,vampire,predicates,VERIFIED,1359,0
ground_truth,dafny-synthesis_task_id_17.dfy,tptp,vampire,arguments,VERIFIED,1341,0
ground_truth,dafny-synthesis_task_id_17.dfy,smtlib,vampire,monomorphic,VERIFIED,1345,0
ground_truth,dafny-synthesis_task_id_17.dfy,smtlib,vampire,predicates,VERIFIED,1317,0
ground_truth,dafny-synthesis_task_id_17.dfy,smtlib,vampire,arguments,VERIFIED,1296,0
ground_truth,dafny-synthesis_task_id_17.dfy,smtlib,z3,monomorphic,VERIFIED,1323,0
ground_truth,dafny-synthesis_task_id_17.dfy,smtlib,z3,predicates,VERIFIED,1286,0
ground_truth,dafny-synthesis_task_id_17.dfy,smtlib,z3,arguments,VERIFIED,1298,0
ground_truth,dafny-synthesis_task_id_477.dfy,tptp,vampire,polymorphic,VERIFICATION_TIMED_OUT,15481,4
ground_truth,dafny-synthesis_task_id_477.dfy,tptp,vampire,monomorphic,VERIFICATION_TIMED_OUT,15624,4
ground_truth,dafny-synthesis_task_id_477.dfy,tptp,vampire,predicates,VERIFICATION_TIMED_OUT,15485,4
ground_truth,dafny-synthesis_task_id_477.dfy,tptp,vampire,arguments,VERIFICATION_TIMED_OUT,15621,4
ground_truth,dafny-synthesis_task_id_477.dfy,smtlib,vampire,monomorphic,VERIFIED,3733,0
ground_truth,dafny-synthesis_task_id_477.dfy,smtlib,vampire,predicates,VERIFICATION_TIMED_OUT,15499,4
ground_truth,dafny-synthesis_task_id_477.dfy,smtlib,vampire,arguments,VERIFICATION_TIMED_OUT,15514,4
ground_truth,dafny-synthesis_task_id_477.dfy,smtlib,z3,monomorphic,VERIFIED,1722,0
ground_truth,dafny-synthesis_task_id_477.dfy,smtlib,z3,predicates,VERIFIED,1642,0
ground_truth,dafny-synthesis_task_id_477.dfy,smtlib,z3,arguments,VERIFIED,1590,0
ground_truth,dafny-workout_tmp_tmp0abkw6f8_starter_ex02.dfy,tptp,vampire,polymorphic,VERIFIED,1481,0
ground_truth,dafny-workout_tmp_tmp0abkw6f8_starter_ex02.dfy,tptp,vampire,monomorphic,VERIFIED,1622,0
ground_truth,dafny-workout_tmp_tmp0abkw6f8_starter_ex02.dfy,tptp,vampire,predicates,VERIFIED,1478,0
ground_truth,dafny-workout_tmp_tmp0abkw6f8_starter_ex02.dfy,tptp,vampire,arguments,VERIFIED,1470,0
ground_truth,dafny-workout_tmp_tmp0abkw6f8_starter_ex02.dfy,smtlib,vampire,monomorphic,VERIFIED,1477,0
ground_truth,dafny-workout_tmp_tmp0abkw6f8_starter_ex02.dfy,smtlib,vampire,predicates,VERIFIED,1455,0
ground_truth,dafny-workout_tmp_tmp0abkw6f8_starter_ex02.dfy,smtlib,vampire,arguments,VERIFIED,1436,0
ground_truth,dafny-workout_tmp_tmp0abkw6f8_starter_ex02.dfy,smtlib,z3,monomorphic,VERIFIED,1529,0
ground_truth,dafny-workout_tmp_tmp0abkw6f8_starter_ex02.dfy,smtlib,z3,predicates,VERIFIED,1461,0
ground_truth,dafny-workout_tmp_tmp0abkw6f8_starter_ex02.dfy,smtlib,z3,arguments,VERIFIED,1421,0
ground_truth,Program-Verification-Dataset_tmp_tmpgbdrlnu__Dafny_basic examples_sumto_sol.dfy,tptp,vampire,polymorphic,VERIFICATION_TIMED_OUT,15604,4
ground_truth,Program-Verification-Dataset_tmp_tmpgbdrlnu__Dafny_basic examples_sumto_sol.dfy,tptp,vampire,monomorphic,VERIFICATION_TIMED_OUT,15822,4
ground_truth,Program-Verification-Dataset_tmp_tmpgbdrlnu__Dafny_basic examples_sumto_sol.dfy,tptp,vampire,predicates,VERIFICATION_TIMED_OUT,18620,4
ground_truth,Program-Verification-Dataset_tmp_tmpgbdrlnu__Dafny_basic examples_sumto_sol.dfy,tptp,vampire,arguments,VERIFICATION_TIMED_OUT,17839,4
ground_truth,Program-Verification-Dataset_tmp_tmpgbdrlnu__Dafny_basic examples_sumto_sol.dfy,smtlib,vampire,monomorphic,VERIFICATION_TIMED_OUT,15631,4
ground_truth,Program-Verification-Dataset_tmp_tmpgbdrlnu__Dafny_basic examples_sumto_sol.dfy,smtlib,vampire,predicates,VERIFICATION_TIMED_OUT,15545,4
ground_truth,Program-Verification-Dataset_tmp_tmpgbdrlnu__Dafny_basic examples_sumto_sol.dfy,smtlib,vampire,arguments,VERIFICATION_TIMED_OUT,15565,4
ground_truth,Program-Verification-Dataset_tmp_tmpgbdrlnu__Dafny_basic examples_sumto_sol.dfy,smtlib,z3,monomorphic,VERIFIED,1737,0
ground_truth,Program-Verification-Dataset_tmp_tmpgbdrlnu__Dafny_basic examples_sumto_sol.dfy,smtlib,z3,predicates,VERIFIED,1657,0
ground_truth,Program-Verification-Dataset_tmp_tmpgbdrlnu__Dafny_basic examples_sumto_sol.dfy,smtlib,z3,arguments,VERIFIED,1642,0
ground_truth,Program-Verification-Dataset_tmp_tmpgbdrlnu__Dafny_algorithms and leetcode_lib_seq.dfy,tptp,vampire,polymorphic,VERIFICATION_TIMED_OUT,114037,4
ground_truth,Program-Verification-Dataset_tmp_tmpgbdrlnu__Dafny_algorithms and leetcode_lib_seq.dfy,tptp,vampire,monomorphic,VERIFICATION_TIMED_OUT,114319,4
ground_truth,Program-Verification-Dataset_tmp_tmpgbdrlnu__Dafny_algorithms and leetcode_lib_seq.dfy,tptp,vampire,predicates,VERIFICATION_TIMED_OUT,119976,4
ground_truth,Program-Verification-Dataset_tmp_tmpgbdrlnu__Dafny_algorithms and leetcode_lib_seq.dfy,tptp,vampire,arguments,VERIFICATION_TIMED_OUT,114020,4
ground_truth,Program-Verification-Dataset_tmp_tmpgbdrlnu__Dafny_algorithms and leetcode_lib_seq.dfy,smtlib,vampire,monomorphic,VERIFICATION_TIMED_OUT,66528,4
ground_truth,Program-Verification-Dataset_tmp_tmpgbdrlnu__Dafny_algorithms and leetcode_lib_seq.dfy,smtlib,vampire,predicates,VERIFICATION_TIMED_OUT,114028,4
ground_truth,Program-Verification-Dataset_tmp_tmpgbdrlnu__Dafny_algorithms and leetcode_lib_seq.dfy,smtlib,vampire,arguments,VERIFICATION_TIMED_OUT,82439,4
ground_truth,Program-Verification-Dataset_tmp_tmpgbdrlnu__Dafny_algorithms and leetcode_lib_seq.dfy,smtlib,z3,monomorphic,VERIFICATION_TIMED_OUT,17381,4
ground_truth,Program-Verification-Dataset_tmp_tmpgbdrlnu__Dafny_algorithms and leetcode_lib_seq.dfy,smtlib,z3,predicates,VERIFICATION_TIMED_OUT,17337,4
ground_truth,Program-Verification-Dataset_tmp_tmpgbdrlnu__Dafny_algorithms and leetcode_lib_seq.dfy,smtlib,z3,arguments,VERIFICATION_TIMED_OUT,17276,4
ground_truth,fv2020-tms_tmp_tmpnp85b47l_simple_tm.dfy,tptp,vampire,polymorphic,VERIFICATION_TIMED_OUT,29188,4
ground_truth,fv2020-tms_tmp_tmpnp85b47l_simple_tm.dfy,tptp,vampire,monomorphic,VERIFICATION_TIMED_OUT,22940,4
ground_truth,fv2020-tms_tmp_tmpnp85b47l_simple_tm.dfy,tptp,vampire,predicates,VERIFICATION_TIMED_OUT,58200,4
ground_truth,fv2020-tms_tmp_tmpnp85b47l_simple_tm.dfy,tptp,vampire,arguments,VERIFICATION_TIMED_OUT,48078,4
ground_truth,fv2020-tms_tmp_tmpnp85b47l_simple_tm.dfy,smtlib,vampire,monomorphic,VERIFICATION_TIMED_OUT,30469,4
ground_truth,fv2020-tms_tmp_tmpnp85b47l_simple_tm.dfy,smtlib,vampire,predicates,VERIFICATION_TIMED_OUT,61190,4
ground_truth,fv2020-tms_tmp_tmpnp85b47l_simple_tm.dfy,smtlib,vampire,arguments,VERIFICATION_TIMED_OUT,28485,4
ground_truth,fv2020-tms_tmp_tmpnp85b47l_simple_tm.dfy,smtlib,z3,monomorphic,VERIFIED,2338,0
ground_truth,fv2020-tms_tmp_tmpnp85b47l_simple_tm.dfy,smtlib,z3,predicates,NOT_VERIFIED,2500,4
ground_truth,fv2020-tms_tmp_tmpnp85b47l_simple_tm.dfy,smtlib,z3,arguments,VERIFIED,2342,0
ground_truth,Program-Verification-Dataset_tmp_tmpgbdrlnu__Dafny_variant examples_KatzManna.dfy,tptp,vampire,polymorphic,VERIFIED,3126,0
ground_truth,Program-Verification-Dataset_tmp_tmpgbdrlnu__Dafny_variant examples_KatzManna.dfy,tptp,vampire,monomorphic,VERIFIED,4254,0
ground_truth,Program-Verification-Dataset_tmp_tmpgbdrlnu__Dafny_variant examples_KatzManna.dfy,tptp,vampire,predicates,VERIFICATION_TIMED_OUT,15573,4
ground_truth,Program-Verification-Dataset_tmp_tmpgbdrlnu__Dafny_variant examples_KatzManna.dfy,tptp,vampire,arguments,VERIFIED,3899,0
ground_truth,Program-Verification-Dataset_tmp_tmpgbdrlnu__Dafny_variant examples_KatzManna.dfy,smtlib,vampire,monomorphic,VERIFIED,3871,0
ground_truth,Program-Verification-Dataset_tmp_tmpgbdrlnu__Dafny_variant examples_KatzManna.dfy,smtlib,vampire,predicates,VERIFICATION_TIMED_OUT,15350,4
ground_truth,Program-Verification-Dataset_tmp_tmpgbdrlnu__Dafny_variant examples_KatzManna.dfy,smtlib,vampire,arguments,VERIFICATION_TIMED_OUT,15327,4
ground_truth,Program-Verification-Dataset_tmp_tmpgbdrlnu__Dafny_variant examples_KatzManna.dfy,smtlib,z3,monomorphic,VERIFIED,1585,0
ground_truth,Program-Verification-Dataset_tmp_tmpgbdrlnu__Dafny_variant examples_KatzManna.dfy,smtlib,z3,predicates,VERIFIED,1476,0
ground_truth,Program-Verification-Dataset_tmp_tmpgbdrlnu__Dafny_variant examples_KatzManna.dfy,smtlib,z3,arguments,VERIFIED,1488,0
ground_truth,dafny-workout_tmp_tmp0abkw6f8_starter_ex03.dfy,tptp,vampire,polymorphic,VERIFIED,1448,0
ground_truth,dafny-workout_tmp_tmp0abkw6f8_starter_ex03.dfy,tptp,vampire,monomorphic,VERIFIED,1541,0
ground_truth,dafny-workout_tmp_tmp0abkw6f8_starter_ex03.dfy,tptp,vampire,predicates,VERIFIED,1517,0
ground_truth,dafny-workout_tmp_tmp0abkw6f8_starter_ex03.dfy,tptp,vampire,arguments,VERIFIED,1456,0
ground_truth,dafny-workout_tmp_tmp0abkw6f8_starter_ex03.dfy,smtlib,vampire,monomorphic,VERIFIED,1463,0
ground_truth,dafny-workout_tmp_tmp0abkw6f8_starter_ex03.dfy,smtlib,vampire,predicates,VERIFIED,1403,0
ground_truth,dafny-workout_tmp_tmp0abkw6f8_starter_ex03.dfy,smtlib,vampire,arguments,VERIFIED,1439,0
ground_truth,dafny-workout_tmp_tmp0abkw6f8_starter_ex03.dfy,smtlib,z3,monomorphic,VERIFIED,1519,0
ground_truth,dafny-workout_tmp_tmp0abkw6f8_starter_ex03.dfy,smtlib,z3,predicates,VERIFIED,1386,0
ground_truth,dafny-workout_tmp_tmp0abkw6f8_starter_ex03.dfy,smtlib,z3,arguments,VERIFIED,1422,0
ground_truth,test-generation-examples_tmp_tmptwyqofrp_ParamTests_dafny_Utils.dfy,tptp,vampire,polymorphic,VERIFIED,1116,0
ground_truth,test-generation-examples_tmp_tmptwyqofrp_ParamTests_dafny_Utils.dfy,tptp,vampire,monomorphic,VERIFIED,1179,0
ground_truth,test-generation-examples_tmp_tmptwyqofrp_ParamTests_dafny_Utils.dfy,tptp,vampire,predicates,VERIFIED,1079,0
ground_truth,test-generation-examples_tmp_tmptwyqofrp_ParamTests_dafny_Utils.dfy,tptp,vampire,arguments,VERIFIED,1059,0
ground_truth,test-generation-examples_tmp_tmptwyqofrp_ParamTests_dafny_Utils.dfy,smtlib,vampire,monomorphic,VERIFIED,1139,0
ground_truth,test-generation-examples_tmp_tmptwyqofrp_ParamTests_dafny_Utils.dfy,smtlib,vampire,predicates,VERIFIED,983,0
ground_truth,test-generation-examples_tmp_tmptwyqofrp_ParamTests_dafny_Utils.dfy,smtlib,vampire,arguments,VERIFIED,988,0
ground_truth,test-generation-examples_tmp_tmptwyqofrp_ParamTests_dafny_Utils.dfy,smtlib,z3,monomorphic,VERIFIED,1073,0
ground_truth,test-generation-examples_tmp_tmptwyqofrp_ParamTests_dafny_Utils.dfy,smtlib,z3,predicates,VERIFIED,1008,0
ground_truth,test-generation-examples_tmp_tmptwyqofrp_ParamTests_dafny_Utils.dfy,smtlib,z3,arguments,VERIFIED,955,0
ground_truth,dafny-synthesis_task_id_576.dfy,tptp,vampire,polymorphic,VERIFIED,2287,0
ground_truth,dafny-synthesis_task_id_576.dfy,tptp,vampire,monomorphic,VERIFIED,2446,0
ground_truth,dafny-synthesis_task_id_576.dfy,tptp,vampire,predicates,VERIFIED,2536,0
ground_truth,dafny-synthesis_task_id_576.dfy,tptp,vampire,arguments,VERIFIED,2521,0
ground_truth,dafny-synthesis_task_id_576.dfy,smtlib,vampire,monomorphic,VERIFIED,2501,0
ground_truth,dafny-synthesis_task_id_576.dfy,smtlib,vampire,predicates,VERIFIED,2416,0
ground_truth,dafny-synthesis_task_id_576.dfy,smtlib,vampire,arguments,VERIFICATION_TIMED_OUT,15386,4
ground_truth,dafny-synthesis_task_id_576.dfy,smtlib,z3,monomorphic,VERIFIED,1548,0
ground_truth,dafny-synthesis_task_id_576.dfy,smtlib,z3,predicates,VERIFIED,1479,0
ground_truth,dafny-synthesis_task_id_576.dfy,smtlib,z3,arguments,VERIFIED,1453,0
ground_truth,Program-Verification-Dataset_tmp_tmpgbdrlnu__Dafny_from dafny main repo_dafny2_Classics.dfy,tptp,vampire,polymorphic,VERIFICATION_TIMED_OUT,15569,4
ground_truth,Program-Verification-Dataset_tmp_tmpgbdrlnu__Dafny_from dafny main repo_dafny2_Classics.dfy,tptp,vampire,monomorphic,VERIFICATION_TIMED_OUT,15669,4
ground_truth,Program-Verification-Dataset_tmp_tmpgbdrlnu__Dafny_from dafny main repo_dafny2_Classics.dfy,tptp,vampire,predicates,VERIFICATION_TIMED_OUT,15637,4
ground_truth,Program-Verification-Dataset_tmp_tmpgbdrlnu__Dafny_from dafny main repo_dafny2_Classics.dfy,tptp,vampire,arguments,VERIFICATION_TIMED_OUT,15646,4
ground_truth,Program-Verification-Dataset_tmp_tmpgbdrlnu__Dafny_from dafny main repo_dafny2_Classics.dfy,smtlib,vampire,monomorphic,VERIFICATION_TIMED_OUT,15572,4
ground_truth,Program-Verification-Dataset_tmp_tmpgbdrlnu__Dafny_from dafny main repo_dafny2_Classics.dfy,smtlib,vampire,predicates,VERIFICATION_TIMED_OUT,15530,4
ground_truth,Program-Verification-Dataset_tmp_tmpgbdrlnu__Dafny_from dafny main repo_dafny2_Classics.dfy,smtlib,vampire,arguments,VERIFICATION_TIMED_OUT,15437,4
ground_truth,Program-Verification-Dataset_tmp_tmpgbdrlnu__Dafny_from dafny main repo_dafny2_Classics.dfy,smtlib,z3,monomorphic,VERIFIED,3319,0
ground_truth,Program-Verification-Dataset_tmp_tmpgbdrlnu__Dafny_from dafny main repo_dafny2_Classics.dfy,smtlib,z3,predicates,VERIFIED,2440,0
ground_truth,Program-Verification-Dataset_tmp_tmpgbdrlnu__Dafny_from dafny main repo_dafny2_Classics.dfy,smtlib,z3,arguments,VERIFIED,2029,0
ground_truth,Program-Verification-Dataset_tmp_tmpgbdrlnu__Dafny_basic examples_find_max.dfy,tptp,vampire,polymorphic,VERIFIED,3571,0
ground_truth,Program-Verification-Dataset_tmp_tmpgbdrlnu__Dafny_basic examples_find_max.dfy,tptp,vampire,monomorphic,VERIFICATION_TIMED_OUT,15532,4
ground_truth,Program-Verification-Dataset_tmp_tmpgbdrlnu__Dafny_basic examples_find_max.dfy,tptp,vampire,predicates,VERIFICATION_TIMED_OUT,15638,4
ground_truth,Program-Verification-Dataset_tmp_tmpgbdrlnu__Dafny_basic examples_find_max.dfy,tptp,vampire,arguments,VERIFIED,4590,0
ground_truth,Program-Verification-Dataset_tmp_tmpgbdrlnu__Dafny_basic examples_find_max.dfy,smtlib,vampire,monomorphic,VERIFIED,4271,0
ground_truth,Program-Verification-Dataset_tmp_tmpgbdrlnu__Dafny_basic examples_find_max.dfy,smtlib,vampire,predicates,VERIFICATION_TIMED_OUT,15674,4
ground_truth,Program-Verification-Dataset_tmp_tmpgbdrlnu__Dafny_basic examples_find_max.dfy,smtlib,vampire,arguments,VERIFIED,4049,0
ground_truth,Program-Verification-Dataset_tmp_tmpgbdrlnu__Dafny_basic examples_find_max.dfy,smtlib,z3,monomorphic,VERIFIED,2157,0
ground_truth,Program-Verification-Dataset_tmp_tmpgbdrlnu__Dafny_basic examples_find_max.dfy,smtlib,z3,predicates,VERIFIED,1613,0
ground_truth,Program-Verification-Dataset_tmp_tmpgbdrlnu__Dafny_basic examples_find_max.dfy,smtlib,z3,arguments,VERIFIED,1578,0
ground_truth,Dafny_Verify_tmp_tmphq7j0row_AI_agent_verify_examples_DoubleArray.dfy,tptp,vampire,polymorphic,VERIFICATION_TIMED_OUT,15943,4
ground_truth,Dafny_Verify_tmp_tmphq7j0row_AI_agent_verify_examples_DoubleArray.dfy,tptp,vampire,monomorphic,VERIFICATION_TIMED_OUT,15771,4
ground_truth,Dafny_Verify_tmp_tmphq7j0row_AI_agent_verify_examples_DoubleArray.dfy,tptp,vampire,predicates,VERIFICATION_TIMED_OUT,15650,4
ground_truth,Dafny_Verify_tmp_tmphq7j0row_AI_agent_verify_examples_DoubleArray.dfy,tptp,vampire,arguments,VERIFICATION_TIMED_OUT,15503,4
ground_truth,Dafny_Verify_tmp_tmphq7j0row_AI_agent_verify_examples_DoubleArray.dfy,smtlib,vampire,monomorphic,VERIFICATION_TIMED_OUT,15627,4
ground_truth,Dafny_Verify_tmp_tmphq7j0row_AI_agent_verify_examples_DoubleArray.dfy,smtlib,vampire,predicates,VERIFICATION_TIMED_OUT,15438,4
ground_truth,Dafny_Verify_tmp_tmphq7j0row_AI_agent_verify_examples_DoubleArray.dfy,smtlib,vampire,arguments,VERIFICATION_TIMED_OUT,16854,4
ground_truth,Dafny_Verify_tmp_tmphq7j0row_AI_agent_verify_examples_DoubleArray.dfy,smtlib,z3,monomorphic,VERIFIED,1641,0
ground_truth,Dafny_Verify_tmp_tmphq7j0row_AI_agent_verify_examples_DoubleArray.dfy,smtlib,z3,predicates,VERIFIED,1684,0
ground_truth,Dafny_Verify_tmp_tmphq7j0row_AI_agent_verify_examples_DoubleArray.dfy,smtlib,z3,arguments,VERIFIED,1613,0
ground_truth,Formal-Verification_tmp_tmpuyt21wjt_Dafny_strings3.dfy,tptp,vampire,polymorphic,VERIFICATION_TIMED_OUT,29678,4
ground_truth,Formal-Verification_tmp_tmpuyt21wjt_Dafny_strings3.dfy,tptp,vampire,monomorphic,VERIFICATION_TIMED_OUT,21873,4
ground_truth,Formal-Verification_tmp_tmpuyt21wjt_Dafny_strings3.dfy,tptp,vampire,predicates,VERIFICATION_TIMED_OUT,29989,4
ground_truth,Formal-Verification_tmp_tmpuyt21wjt_Dafny_strings3.dfy,tptp,vampire,arguments,VERIFICATION_TIMED_OUT,29971,4
ground_truth,Formal-Verification_tmp_tmpuyt21wjt_Dafny_strings3.dfy,smtlib,vampire,monomorphic,VERIFICATION_TIMED_OUT,18294,4
ground_truth,Formal-Verification_tmp_tmpuyt21wjt_Dafny_strings3.dfy,smtlib,vampire,predicates,VERIFICATION_TIMED_OUT,18646,4
ground_truth,Formal-Verification_tmp_tmpuyt21wjt_Dafny_strings3.dfy,smtlib,vampire,arguments,VERIFICATION_TIMED_OUT,18308,4
ground_truth,Formal-Verification_tmp_tmpuyt21wjt_Dafny_strings3.dfy,smtlib,z3,monomorphic,VERIFIED,1907,0
ground_truth,Formal-Verification_tmp_tmpuyt21wjt_Dafny_strings3.dfy,smtlib,z3,predicates,VERIFIED,1860,0
ground_truth,Formal-Verification_tmp_tmpuyt21wjt_Dafny_strings3.dfy,smtlib,z3,arguments,VERIFIED,1788,0
ground_truth,Program-Verification-Dataset_tmp_tmpgbdrlnu__Dafny_algorithms and leetcode_examples_bubblesort.dfy,tptp,vampire,polymorphic,VERIFICATION_TIMED_OUT,15701,4
ground_truth,Program-Verification-Dataset_tmp_tmpgbdrlnu__Dafny_algorithms and leetcode_examples_bubblesort.dfy,tptp,vampire,monomorphic,VERIFICATION_TIMED_OUT,15760,4
ground_truth,Program-Verification-Dataset_tmp_tmpgbdrlnu__Dafny_algorithms and leetcode_examples_bubblesort.dfy,tptp,vampire,predicates,VERIFICATION_TIMED_OUT,15729,4
ground_truth,Program-Verification-Dataset_tmp_tmpgbdrlnu__Dafny_algorithms and leetcode_examples_bubblesort.dfy,tptp,vampire,arguments,VERIFICATION_TIMED_OUT,15650,4
ground_truth,Program-Verification-Dataset_tmp_tmpgbdrlnu__Dafny_algorithms and leetcode_examples_bubblesort.dfy,smtlib,vampire,monomorphic,VERIFICATION_TIMED_OUT,15676,4
ground_truth,Program-Verification-Dataset_tmp_tmpgbdrlnu__Dafny_algorithms and leetcode_examples_bubblesort.dfy,smtlib,vampire,predicates,VERIFICATION_TIMED_OUT,15513,4
ground_truth,Program-Verification-Dataset_tmp_tmpgbdrlnu__Dafny_algorithms and leetcode_examples_bubblesort.dfy,smtlib,vampire,arguments,VERIFICATION_TIMED_OUT,15622,4
ground_truth,Program-Verification-Dataset_tmp_tmpgbdrlnu__Dafny_algorithms and leetcode_examples_bubblesort.dfy,smtlib,z3,monomorphic,NOT_VERIFIED,1677,4
ground_truth,Program-Verification-Dataset_tmp_tmpgbdrlnu__Dafny_algorithms and leetcode_examples_bubblesort.dfy,smtlib,z3,predicates,NOT_VERIFIED,1632,4
ground_truth,Program-Verification-Dataset_tmp_tmpgbdrlnu__Dafny_algorithms and leetcode_examples_bubblesort.dfy,smtlib,z3,arguments,NOT_VERIFIED,1595,4
ground_truth,Clover_find.dfy,tptp,vampire,polymorphic,VERIFIED,2499,0
ground_truth,Clover_find.dfy,tptp,vampire,monomorphic,VERIFIED,2652,0
ground_truth,Clover_find.dfy,tptp,vampire,predicates,VERIFIED,6458,0
ground_truth,Clover_find.dfy,tptp,vampire,arguments,VERIFIED,3568,0
ground_truth,Clover_find.dfy,smtlib,vampire,monomorphic,VERIFIED,2758,0
ground_truth,Clover_find.dfy,smtlib,vampire,predicates,VERIFICATION_TIMED_OUT,15454,4
ground_truth,Clover_find.dfy,smtlib,vampire,arguments,VERIFIED,3720,0
ground_truth,Clover_find.dfy,smtlib,z3,monomorphic,VERIFIED,1634,0
ground_truth,Clover_find.dfy,smtlib,z3,predicates,VERIFIED,1550,0
ground_truth,Clover_find.dfy,smtlib,z3,arguments,VERIFIED,1582,0
ground_truth,dafny-synthesis_task_id_610.dfy,tptp,vampire,polymorphic,VERIFICATION_TIMED_OUT,15480,4
ground_truth,dafny-synthesis_task_id_610.dfy,tptp,vampire,monomorphic,VERIFICATION_TIMED_OUT,15603,4
ground_truth,dafny-synthesis_task_id_610.dfy,tptp,vampire,predicates,VERIFICATION_TIMED_OUT,15714,4
ground_truth,dafny-synthesis_task_id_610.dfy,tptp,vampire,arguments,VERIFICATION_TIMED_OUT,15621,4
ground_truth,dafny-synthesis_task_id_610.dfy,smtlib,vampire,monomorphic,VERIFICATION_TIMED_OUT,15511,4
ground_truth,dafny-synthesis_task_id_610.dfy,smtlib,vampire,predicates,VERIFICATION_TIMED_OUT,15415,4
ground_truth,dafny-synthesis_task_id_610.dfy,smtlib,vampire,arguments,VERIFICATION_TIMED_OUT,15340,4
ground_truth,dafny-synthesis_task_id_610.dfy,smtlib,z3,monomorphic,VERIFIED,1731,0
ground_truth,dafny-synthesis_task_id_610.dfy,smtlib,z3,predicates,VERIFIED,1628,0
ground_truth,dafny-synthesis_task_id_610.dfy,smtlib,z3,arguments,VERIFIED,1633,0
ground_truth,llm-verified-eval_tmp_tmpd2deqn_i_dafny_161.dfy,tptp,vampire,polymorphic,VERIFICATION_TIMED_OUT,15754,4
ground_truth,llm-verified-eval_tmp_tmpd2deqn_i_dafny_161.dfy,tptp,vampire,monomorphic,VERIFICATION_TIMED_OUT,15887,4
ground_truth,llm-verified-eval_tmp_tmpd2deqn_i_dafny_161.dfy,tptp,vampire,predicates,VERIFICATION_TIMED_OUT,15872,4
ground_truth,llm-verified-eval_tmp_tmpd2deqn_i_dafny_161.dfy,tptp,vampire,arguments,VERIFICATION_TIMED_OUT,15797,4
ground_truth,llm-verified-eval_tmp_tmpd2deqn_i_dafny_161.dfy,smtlib,vampire,monomorphic,VERIFIED,6789,0
ground_truth,llm-verified-eval_tmp_tmpd2deqn_i_dafny_161.dfy,smtlib,vampire,predicates,VERIFICATION_TIMED_OUT,15707,4
ground_truth,llm-verified-eval_tmp_tmpd2deqn_i_dafny_161.dfy,smtlib,vampire,arguments,VERIFICATION_TIMED_OUT,15606,4
ground_truth,llm-verified-eval_tmp_tmpd2deqn_i_dafny_161.dfy,smtlib,z3,monomorphic,VERIFIED,1859,0
ground_truth,llm-verified-eval_tmp_tmpd2deqn_i_dafny_161.dfy,smtlib,z3,predicates,VERIFIED,1806,0
ground_truth,llm-verified-eval_tmp_tmpd2deqn_i_dafny_161.dfy,smtlib,z3,arguments,VERIFIED,1819,0
ground_truth,dafny-synthesis_task_id_426.dfy,tptp,vampire,polymorphic,VERIFICATION_TIMED_OUT,15586,4
ground_truth,dafny-synthesis_task_id_426.dfy,tptp,vampire,monomorphic,VERIFICATION_TIMED_OUT,15751,4
ground_truth,dafny-synthesis_task_id_426.dfy,tptp,vampire,predicates,VERIFICATION_TIMED_OUT,15731,4
ground_truth,dafny-synthesis_task_id_426.dfy,tptp,vampire,arguments,VERIFICATION_TIMED_OUT,15679,4
ground_truth,dafny-synthesis_task_id_426.dfy,smtlib,vampire,monomorphic,VERIFICATION_TIMED_OUT,15532,4
ground_truth,dafny-synthesis_task_id_426.dfy,smtlib,vampire,predicates,VERIFICATION_TIMED_OUT,15433,4
ground_truth,dafny-synthesis_task_id_426.dfy,smtlib,vampire,arguments,VERIFICATION_TIMED_OUT,15430,4
ground_truth,dafny-synthesis_task_id_426.dfy,smtlib,z3,monomorphic,VERIFIED,1675,0
ground_truth,dafny-synthesis_task_id_426.dfy,smtlib,z3,predicates,VERIFIED,1588,0
ground_truth,dafny-synthesis_task_id_426.dfy,smtlib,z3,arguments,VERIFIED,1553,0
ground_truth,FMSE-2022-2023_tmp_tmp6_x_ba46_Lab3_Lab3.dfy,tptp,vampire,polymorphic,VERIFICATION_TIMED_OUT,15548,4
ground_truth,FMSE-2022-2023_tmp_tmp6_x_ba46_Lab3_Lab3.dfy,tptp,vampire,monomorphic,VERIFICATION_TIMED_OUT,15765,4
ground_truth,FMSE-2022-2023_tmp_tmp6_x_ba46_Lab3_Lab3.dfy,tptp,vampire,predicates,VERIFICATION_TIMED_OUT,15691,4
ground_truth,FMSE-2022-2023_tmp_tmp6_x_ba46_Lab3_Lab3.dfy,tptp,vampire,arguments,VERIFICATION_TIMED_OUT,15562,4
ground_truth,FMSE-2022-2023_tmp_tmp6_x_ba46_Lab3_Lab3.dfy,smtlib,vampire,monomorphic,VERIFICATION_TIMED_OUT,15619,4
ground_truth,FMSE-2022-2023_tmp_tmp6_x_ba46_Lab3_Lab3.dfy,smtlib,vampire,predicates,VERIFICATION_TIMED_OUT,15536,4
ground_truth,FMSE-2022-2023_tmp_tmp6_x_ba46_Lab3_Lab3.dfy,smtlib,vampire,arguments,VERIFICATION_TIMED_OUT,15603,4
ground_truth,FMSE-2022-2023_tmp_tmp6_x_ba46_Lab3_Lab3.dfy,smtlib,z3,monomorphic,NOT_VERIFIED,1847,4
ground_truth,FMSE-2022-2023_tmp_tmp6_x_ba46_Lab3_Lab3.dfy,smtlib,z3,predicates,NOT_VERIFIED,1750,4
ground_truth,FMSE-2022-2023_tmp_tmp6_x_ba46_Lab3_Lab3.dfy,smtlib,z3,arguments,NOT_VERIFIED,1792,4
ground_truth,dafny-synthesis_task_id_618.dfy,tptp,vampire,polymorphic,VERIFICATION_TIMED_OUT,15463,4
ground_truth,dafny-synthesis_task_id_618.dfy,tptp,vampire,monomorphic,VERIFICATION_TIMED_OUT,15620,4
ground_truth,dafny-synthesis_task_id_618.dfy,tptp,vampire,predicates,VERIFICATION_TIMED_OUT,15510,4
ground_truth,dafny-synthesis_task_id_618.dfy,tptp,vampire,arguments,VERIFICATION_TIMED_OUT,15562,4
ground_truth,dafny-synthesis_task_id_618.dfy,smtlib,vampire,monomorphic,VERIFIED,3701,0
ground_truth,dafny-synthesis_task_id_618.dfy,smtlib,vampire,predicates,VERIFICATION_TIMED_OUT,15357,4
ground_truth,dafny-synthesis_task_id_618.dfy,smtlib,vampire,arguments,VERIFIED,3603,0
ground_truth,dafny-synthesis_task_id_618.dfy,smtlib,z3,monomorphic,VERIFIED,1698,0
ground_truth,dafny-synthesis_task_id_618.dfy,smtlib,z3,predicates,VERIFIED,1612,0
ground_truth,dafny-synthesis_task_id_618.dfy,smtlib,z3,arguments,VERIFIED,1553,0
ground_truth,dafny-synthesis_task_id_624.dfy,tptp,vampire,polymorphic,VERIFICATION_TIMED_OUT,15694,4
ground_truth,dafny-synthesis_task_id_624.dfy,tptp,vampire,monomorphic,VERIFICATION_TIMED_OUT,15699,4
ground_truth,dafny-synthesis_task_id_624.dfy,tptp,vampire,predicates,VERIFICATION_TIMED_OUT,15595,4
ground_truth,dafny-synthesis_task_id_624.dfy,tptp,vampire,arguments,VERIFICATION_TIMED_OUT,15621,4
ground_truth,dafny-synthesis_task_id_624.dfy,smtlib,vampire,monomorphic,VERIFICATION_TIMED_OUT,15596,4
ground_truth,dafny-synthesis_task_id_624.dfy,smtlib,vampire,predicates,VERIFICATION_TIMED_OUT,15456,4
ground_truth,dafny-synthesis_task_id_624.dfy,smtlib,vampire,arguments,VERIFIED,3577,0
ground_truth,dafny-synthesis_task_id_624.dfy,smtlib,z3,monomorphic,VERIFIED,1755,0
ground_truth,dafny-synthesis_task_id_624.dfy,smtlib,z3,predicates,VERIFIED,1606,0
ground_truth,dafny-synthesis_task_id_624.dfy,smtlib,z3,arguments,VERIFIED,1579,0
ground_truth,dafny-synthesis_task_id_801.dfy,tptp,vampire,polymorphic,VERIFIED,1571,0
ground_truth,dafny-synthesis_task_id_801.dfy,tptp,vampire,monomorphic,VERIFIED,1611,0
ground_truth,dafny-synthesis_task_id_801.dfy,tptp,vampire,predicates,VERIFIED,1828,0
ground_truth,dafny-synthesis_task_id_801.dfy,tptp,vampire,arguments,VERIFIED,1657,0
ground_truth,dafny-synthesis_task_id_801.dfy,smtlib,vampire,monomorphic,VERIFIED,1578,0
ground_truth,dafny-synthesis_task_id_801.dfy,smtlib,vampire,predicates,VERIFIED,1698,0
ground_truth,dafny-synthesis_task_id_801.dfy,smtlib,vampire,arguments,VERIFIED,1507,0
ground_truth,dafny-synthesis_task_id_801.dfy,smtlib,z3,monomorphic,VERIFIED,1464,0
ground_truth,dafny-synthesis_task_id_801.dfy,smtlib,z3,predicates,VERIFIED,1431,0
ground_truth,dafny-synthesis_task_id_801.dfy,smtlib,z3,arguments,VERIFIED,1416,0
ground_truth,dafny-synthesis_task_id_397.dfy,tptp,vampire,polymorphic,VERIFIED,1391,0
ground_truth,dafny-synthesis_task_id_397.dfy,tptp,vampire,monomorphic,VERIFIED,1551,0
ground_truth,dafny-synthesis_task_id_397.dfy,tptp,vampire,predicates,VERIFIED,1494,0
ground_truth,dafny-synthesis_task_id_397.dfy,tptp,vampire,arguments,VERIFIED,1448,0
ground_truth,dafny-synthesis_task_id_397.dfy,smtlib,vampire,monomorphic,VERIFIED,1497,0
ground_truth,dafny-synthesis_task_id_397.dfy,smtlib,vampire,predicates,VERIFIED,1400,0
ground_truth,dafny-synthesis_task_id_397.dfy,smtlib,vampire,arguments,VERIFIED,1395,0
ground_truth,dafny-synthesis_task_id_397.dfy,smtlib,z3,monomorphic,VERIFIED,1505,0
ground_truth,dafny-synthesis_task_id_397.dfy,smtlib,z3,predicates,VERIFIED,1387,0
ground_truth,dafny-synthesis_task_id_397.dfy,smtlib,z3,arguments,VERIFIED,1364,0
ground_truth,Clover_double_quadruple.dfy,tptp,vampire,polymorphic,VERIFIED,1412,0
ground_truth,Clover_double_quadruple.dfy,tptp,vampire,monomorphic,VERIFIED,1475,0
ground_truth,Clover_double_quadruple.dfy,tptp,vampire,predicates,VERIFIED,1450,0
ground_truth,Clover_double_quadruple.dfy,tptp,vampire,arguments,VERIFIED,1433,0
ground_truth,Clover_double_quadruple.dfy,smtlib,vampire,monomorphic,VERIFIED,1429,0
ground_truth,Clover_double_quadruple.dfy,smtlib,vampire,predicates,VERIFIED,1346,0
ground_truth,Clover_double_quadruple.dfy,smtlib,vampire,arguments,VERIFIED,1331,0
ground_truth,Clover_double_quadruple.dfy,smtlib,z3,monomorphic,VERIFIED,1383,0
ground_truth,Clover_double_quadruple.dfy,smtlib,z3,predicates,VERIFIED,1324,0
ground_truth,Clover_double_quadruple.dfy,smtlib,z3,arguments,VERIFIED,1408,0
ground_truth,Clover_only_once.dfy,tptp,vampire,polymorphic,VERIFICATION_TIMED_OUT,15453,4
ground_truth,Clover_only_once.dfy,tptp,vampire,monomorphic,VERIFICATION_TIMED_OUT,15603,4
ground_truth,Clover_only_once.dfy,tptp,vampire,predicates,VERIFICATION_TIMED_OUT,15527,4
ground_truth,Clover_only_once.dfy,tptp,vampire,arguments,VERIFICATION_TIMED_OUT,15427,4
ground_truth,Clover_only_once.dfy,smtlib,vampire,monomorphic,VERIFIED,3787,0
ground_truth,Clover_only_once.dfy,smtlib,vampire,predicates,VERIFICATION_TIMED_OUT,15460,4
ground_truth,Clover_only_once.dfy,smtlib,vampire,arguments,VERIFICATION_TIMED_OUT,15340,4
ground_truth,Clover_only_once.dfy,smtlib,z3,monomorphic,VERIFIED,1615,0
ground_truth,Clover_only_once.dfy,smtlib,z3,predicates,VERIFIED,1457,0
ground_truth,Clover_only_once.dfy,smtlib,z3,arguments,VERIFIED,1437,0
ground_truth,Dafny-VMC_tmp_tmpzgqv0i1u_src_Math_Exponential.dfy,tptp,vampire,polymorphic,VERIFIED,2171,0
ground_truth,Dafny-VMC_tmp_tmpzgqv0i1u_src_Math_Exponential.dfy,tptp,vampire,monomorphic,VERIFIED,2284,0
ground_truth,Dafny-VMC_tmp_tmpzgqv0i1u_src_Math_Exponential.dfy,tptp,vampire,predicates,VERIFIED,2189,0
ground_truth,Dafny-VMC_tmp_tmpzgqv0i1u_src_Math_Exponential.dfy,tptp,vampire,arguments,VERIFIED,2164,0
ground_truth,Dafny-VMC_tmp_tmpzgqv0i1u_src_Math_Exponential.dfy,smtlib,vampire,monomorphic,VERIFIED,1527,0
ground_truth,Dafny-VMC_tmp_tmpzgqv0i1u_src_Math_Exponential.dfy,smtlib,vampire,predicates,VERIFIED,1507,0
ground_truth,Dafny-VMC_tmp_tmpzgqv0i1u_src_Math_Exponential.dfy,smtlib,vampire,arguments,VERIFIED,1483,0
ground_truth,Dafny-VMC_tmp_tmpzgqv0i1u_src_Math_Exponential.dfy,smtlib,z3,monomorphic,NOT_VERIFIED,1533,4
ground_truth,Dafny-VMC_tmp_tmpzgqv0i1u_src_Math_Exponential.dfy,smtlib,z3,predicates,NOT_VERIFIED,1474,4
ground_truth,Dafny-VMC_tmp_tmpzgqv0i1u_src_Math_Exponential.dfy,smtlib,z3,arguments,NOT_VERIFIED,1465,4
ground_truth,dafny-language-server_tmp_tmpkir0kenl_Test_dafny4_git-issue40.dfy,tptp,vampire,polymorphic,VERIFIED,1553,0
ground_truth,dafny-language-server_tmp_tmpkir0kenl_Test_dafny4_git-issue40.dfy,tptp,vampire,monomorphic,VERIFIED,1654,0
ground_truth,dafny-language-server_tmp_tmpkir0kenl_Test_dafny4_git-issue40.dfy,tptp,vampire,predicates,VERIFIED,2227,0
ground_truth,dafny-language-server_tmp_tmpkir0kenl_Test_dafny4_git-issue40.dfy,tptp,vampire,arguments,VERIFIED,1575,0
ground_truth,dafny-language-server_tmp_tmpkir0kenl_Test_dafny4_git-issue40.dfy,smtlib,vampire,monomorphic,VERIFIED,1563,0
ground_truth,dafny-language-server_tmp_tmpkir0kenl_Test_dafny4_git-issue40.dfy,smtlib,vampire,predicates,VERIFIED,2888,0
ground_truth,dafny-language-server_tmp_tmpkir0kenl_Test_dafny4_git-issue40.dfy,smtlib,vampire,arguments,VERIFIED,1496,0
ground_truth,dafny-language-server_tmp_tmpkir0kenl_Test_dafny4_git-issue40.dfy,smtlib,z3,monomorphic,VERIFIED,1551,0
ground_truth,dafny-language-server_tmp_tmpkir0kenl_Test_dafny4_git-issue40.dfy,smtlib,z3,predicates,VERIFIED,1492,0
ground_truth,dafny-language-server_tmp_tmpkir0kenl_Test_dafny4_git-issue40.dfy,smtlib,z3,arguments,VERIFIED,1485,0
ground_truth,Clover_set_to_seq.dfy,tptp,vampire,polymorphic,VERIFICATION_TIMED_OUT,15342,4
ground_truth,Clover_set_to_seq.dfy,tptp,vampire,monomorphic,VERIFICATION_TIMED_OUT,15458,4
ground_truth,Clover_set_to_seq.dfy,tptp,vampire,predicates,VERIFICATION_TIMED_OUT,15364,4
ground_truth,Clover_set_to_seq.dfy,tptp,vampire,arguments,VERIFICATION_TIMED_OUT,15379,4
ground_truth,Clover_set_to_seq.dfy,smtlib,vampire,monomorphic,VERIFICATION_TIMED_OUT,15392,4
ground_truth,Clover_set_to_seq.dfy,smtlib,vampire,predicates,VERIFICATION_TIMED_OUT,15293,4
ground_truth,Clover_set_to_seq.dfy,smtlib,vampire,arguments,VERIFICATION_TIMED_OUT,15327,4
ground_truth,Clover_set_to_seq.dfy,smtlib,z3,monomorphic,VERIFIED,1536,0
ground_truth,Clover_set_to_seq.dfy,smtlib,z3,predicates,VERIFIED,1473,0
ground_truth,Clover_set_to_seq.dfy,smtlib,z3,arguments,VERIFIED,1462,0
ground_truth,bbfny_tmp_tmpw4m0jvl0_enjoying.dfy,tptp,vampire,polymorphic,VERIFICATION_TIMED_OUT,15687,4
ground_truth,bbfny_tmp_tmpw4m0jvl0_enjoying.dfy,tptp,vampire,monomorphic,VERIFICATION_TIMED_OUT,15883,4
ground_truth,bbfny_tmp_tmpw4m0jvl0_enjoying.dfy,tptp,vampire,predicates,VERIFICATION_TIMED_OUT,29814,4
ground_truth,bbfny_tmp_tmpw4m0jvl0_enjoying.dfy,tptp,vampire,arguments,VERIFICATION_TIMED_OUT,15746,4
ground_truth,bbfny_tmp_tmpw4m0jvl0_enjoying.dfy,smtlib,vampire,monomorphic,VERIFICATION_TIMED_OUT,15778,4
ground_truth,bbfny_tmp_tmpw4m0jvl0_enjoying.dfy,smtlib,vampire,predicates,VERIFICATION_TIMED_OUT,15782,4
ground_truth,bbfny_tmp_tmpw4m0jvl0_enjoying.dfy,smtlib,vampire,arguments,VERIFICATION_TIMED_OUT,15970,4
ground_truth,bbfny_tmp_tmpw4m0jvl0_enjoying.dfy,smtlib,z3,monomorphic,VERIFIED,2221,0
ground_truth,bbfny_tmp_tmpw4m0jvl0_enjoying.dfy,smtlib,z3,predicates,VERIFIED,2125,0
ground_truth,bbfny_tmp_tmpw4m0jvl0_enjoying.dfy,smtlib,z3,arguments,VERIFIED,2172,0
ground_truth,dafny-synthesis_task_id_279.dfy,tptp,vampire,polymorphic,VERIFIED,1842,0
ground_truth,dafny-synthesis_task_id_279.dfy,tptp,vampire,monomorphic,VERIFIED,1725,0
ground_truth,dafny-synthesis_task_id_279.dfy,tptp,vampire,predicates,VERIFIED,1862,0
ground_truth,dafny-synthesis_task_id_279.dfy,tptp,vampire,arguments,VERIFIED,2034,0
ground_truth,dafny-synthesis_task_id_279.dfy,smtlib,vampire,monomorphic,VERIFIED,2255,0
ground_truth,dafny-synthesis_task_id_279.dfy,smtlib,vampire,predicates,VERIFIED,2031,0
ground_truth,dafny-synthesis_task_id_279.dfy,smtlib,vampire,arguments,VERIFIED,1993,0
ground_truth,dafny-synthesis_task_id_279.dfy,smtlib,z3,monomorphic,VERIFIED,1863,0
ground_truth,dafny-synthesis_task_id_279.dfy,smtlib,z3,predicates,VERIFIED,1916,0
ground_truth,dafny-synthesis_task_id_279.dfy,smtlib,z3,arguments,VERIFIED,1585,0
ground_truth,se2011_tmp_tmp71eb82zt_ass1_ex6.dfy,tptp,vampire,polymorphic,VERIFIED,2024,0
ground_truth,se2011_tmp_tmp71eb82zt_ass1_ex6.dfy,tptp,vampire,monomorphic,VERIFIED,1842,0
ground_truth,se2011_tmp_tmp71eb82zt_ass1_ex6.dfy,tptp,vampire,predicates,VERIFIED,2384,0
ground_truth,se2011_tmp_tmp71eb82zt_ass1_ex6.dfy,tptp,vampire,arguments,VERIFIED,1786,0
ground_truth,se2011_tmp_tmp71eb82zt_ass1_ex6.dfy,smtlib,vampire,monomorphic,VERIFIED,1899,0
ground_truth,se2011_tmp_tmp71eb82zt_ass1_ex6.dfy,smtlib,vampire,predicates,VERIFIED,2423,0
ground_truth,se2011_tmp_tmp71eb82zt_ass1_ex6.dfy,smtlib,vampire,arguments,VERIFIED,2214,0
ground_truth,se2011_tmp_tmp71eb82zt_ass1_ex6.dfy,smtlib,z3,monomorphic,VERIFIED,1821,0
ground_truth,se2011_tmp_tmp71eb82zt_ass1_ex6.dfy,smtlib,z3,predicates,VERIFIED,1542,0
ground_truth,se2011_tmp_tmp71eb82zt_ass1_ex6.dfy,smtlib,z3,arguments,VERIFIED,1440,0
ground_truth,cs245-verification_tmp_tmp0h_nxhqp_A8_Q2.dfy,tptp,vampire,polymorphic,VERIFIED,1464,0
ground_truth,cs245-verification_tmp_tmp0h_nxhqp_A8_Q2.dfy,tptp,vampire,monomorphic,VERIFIED,1518,0
ground_truth,cs245-verification_tmp_tmp0h_nxhqp_A8_Q2.dfy,tptp,vampire,predicates,VERIFIED,1619,0
ground_truth,cs245-verification_tmp_tmp0h_nxhqp_A8_Q2.dfy,tptp,vampire,arguments,VERIFIED,1717,0
ground_truth,cs245-verification_tmp_tmp0h_nxhqp_A8_Q2.dfy,smtlib,vampire,monomorphic,VERIFIED,1474,0
ground_truth,cs245-verification_tmp_tmp0h_nxhqp_A8_Q2.dfy,smtlib,vampire,predicates,VERIFIED,1375,0
ground_truth,cs245-verification_tmp_tmp0h_nxhqp_A8_Q2.dfy,smtlib,vampire,arguments,VERIFIED,1375,0
ground_truth,cs245-verification_tmp_tmp0h_nxhqp_A8_Q2.dfy,smtlib,z3,monomorphic,VERIFIED,1407,0
ground_truth,cs245-verification_tmp_tmp0h_nxhqp_A8_Q2.dfy,smtlib,z3,predicates,VERIFIED,1417,0
ground_truth,cs245-verification_tmp_tmp0h_nxhqp_A8_Q2.dfy,smtlib,z3,arguments,VERIFIED,1466,0
ground_truth,dafny-synthesis_task_id_769.dfy,tptp,vampire,polymorphic,VERIFICATION_TIMED_OUT,15467,4
ground_truth,dafny-synthesis_task_id_769.dfy,tptp,vampire,monomorphic,VERIFICATION_TIMED_OUT,15522,4
ground_truth,dafny-synthesis_task_id_769.dfy,tptp,vampire,predicates,VERIFICATION_TIMED_OUT,15474,4
ground_truth,dafny-synthesis_task_id_769.dfy,tptp,vampire,arguments,VERIFICATION_TIMED_OUT,15958,4
ground_truth,dafny-synthesis_task_id_769.dfy,smtlib,vampire,monomorphic,VERIFIED,3794,0
ground_truth,dafny-synthesis_task_id_769.dfy,smtlib,vampire,predicates,VERIFICATION_TIMED_OUT,15378,4
ground_truth,dafny-synthesis_task_id_769.dfy,smtlib,vampire,arguments,VERIFIED,5273,0
ground_truth,dafny-synthesis_task_id_769.dfy,smtlib,z3,monomorphic,VERIFIED,2766,0
ground_truth,dafny-synthesis_task_id_769.dfy,smtlib,z3,predicates,VERIFIED,2408,0
ground_truth,dafny-synthesis_task_id_769.dfy,smtlib,z3,arguments,VERIFIED,1961,0
ground_truth,dafny-exercise_tmp_tmpouftptir_maxArray.dfy,tptp,vampire,polymorphic,VERIFICATION_TIMED_OUT,15550,4
ground_truth,dafny-exercise_tmp_tmpouftptir_maxArray.dfy,tptp,vampire,monomorphic,VERIFICATION_TIMED_OUT,15662,4
ground_truth,dafny-exercise_tmp_tmpouftptir_maxArray.dfy,tptp,vampire,predicates,VERIFICATION_TIMED_OUT,16485,4
ground_truth,dafny-exercise_tmp_tmpouftptir_maxArray.dfy,tptp,vampire,arguments,VERIFICATION_TIMED_OUT,15785,4
ground_truth,dafny-exercise_tmp_tmpouftptir_maxArray.dfy,smtlib,vampire,monomorphic,VERIFIED,11609,0
ground_truth,dafny-exercise_tmp_tmpouftptir_maxArray.dfy,smtlib,vampire,predicates,VERIFICATION_TIMED_OUT,15583,4
ground_truth,dafny-exercise_tmp_tmpouftptir_maxArray.dfy,smtlib,vampire,arguments,VERIFICATION_TIMED_OUT,15610,4
ground_truth,dafny-exercise_tmp_tmpouftptir_maxArray.dfy,smtlib,z3,monomorphic,VERIFIED,1964,0
ground_truth,dafny-exercise_tmp_tmpouftptir_maxArray.dfy,smtlib,z3,predicates,VERIFIED,1866,0
ground_truth,dafny-exercise_tmp_tmpouftptir_maxArray.dfy,smtlib,z3,arguments,VERIFIED,1906,0
ground_truth,dafny-language-server_tmp_tmpkir0kenl_Test_dafny4_Bug58.dfy,tptp,vampire,polymorphic,VERIFIED,1605,0
ground_truth,dafny-language-server_tmp_tmpkir0kenl_Test_dafny4_Bug58.dfy,tptp,vampire,monomorphic,VERIFIED,1732,0
ground_truth,dafny-language-server_tmp_tmpkir0kenl_Test_dafny4_Bug58.dfy,tptp,vampire,predicates,VERIFICATION_TIMED_OUT,15544,4
ground_truth,dafny-language-server_tmp_tmpkir0kenl_Test_dafny4_Bug58.dfy,tptp,vampire,arguments,VERIFIED,1603,0
ground_truth,dafny-language-server_tmp_tmpkir0kenl_Test_dafny4_Bug58.dfy,smtlib,vampire,monomorphic,VERIFIED,3961,0
ground_truth,dafny-language-server_tmp_tmpkir0kenl_Test_dafny4_Bug58.dfy,smtlib,vampire,predicates,VERIFICATION_TIMED_OUT,15439,4
ground_truth,dafny-language-server_tmp_tmpkir0kenl_Test_dafny4_Bug58.dfy,smtlib,vampire,arguments,VERIFIED,1495,0
ground_truth,dafny-language-server_tmp_tmpkir0kenl_Test_dafny4_Bug58.dfy,smtlib,z3,monomorphic,VERIFIED,1544,0
ground_truth,dafny-language-server_tmp_tmpkir0kenl_Test_dafny4_Bug58.dfy,smtlib,z3,predicates,VERIFIED,1507,0
ground_truth,dafny-language-server_tmp_tmpkir0kenl_Test_dafny4_Bug58.dfy,smtlib,z3,arguments,VERIFIED,1526,0
ground_truth,Final-Project-Dafny_tmp_tmpmcywuqox_Attempts_Exercise3_Increment_Array.dfy,tptp,vampire,polymorphic,VERIFIED,3466,0
ground_truth,Final-Project-Dafny_tmp_tmpmcywuqox_Attempts_Exercise3_Increment_Array.dfy,tptp,vampire,monomorphic,VERIFICATION_TIMED_OUT,15539,4
ground_truth,Final-Project-Dafny_tmp_tmpmcywuqox_Attempts_Exercise3_Increment_Array.dfy,tptp,vampire,predicates,VERIFICATION_TIMED_OUT,15455,4
ground_truth,Final-Project-Dafny_tmp_tmpmcywuqox_Attempts_Exercise3_Increment_Array.dfy,tptp,vampire,arguments,VERIFIED,3482,0
ground_truth,Final-Project-Dafny_tmp_tmpmcywuqox_Attempts_Exercise3_Increment_Array.dfy,smtlib,vampire,monomorphic,VERIFICATION_TIMED_OUT,15387,4
ground_truth,Final-Project-Dafny_tmp_tmpmcywuqox_Attempts_Exercise3_Increment_Array.dfy,smtlib,vampire,predicates,VERIFICATION_TIMED_OUT,15365,4
ground_truth,Final-Project-Dafny_tmp_tmpmcywuqox_Attempts_Exercise3_Increment_Array.dfy,smtlib,vampire,arguments,VERIFICATION_TIMED_OUT,15368,4
ground_truth,Final-Project-Dafny_tmp_tmpmcywuqox_Attempts_Exercise3_Increment_Array.dfy,smtlib,z3,monomorphic,VERIFIED,1557,0
ground_truth,Final-Project-Dafny_tmp_tmpmcywuqox_Attempts_Exercise3_Increment_Array.dfy,smtlib,z3,predicates,VERIFIED,1540,0
ground_truth,Final-Project-Dafny_tmp_tmpmcywuqox_Attempts_Exercise3_Increment_Array.dfy,smtlib,z3,arguments,VERIFIED,1493,0
ground_truth,dafny-synthesis_task_id_784.dfy,tptp,vampire,polymorphic,VERIFICATION_TIMED_OUT,15558,4
ground_truth,dafny-synthesis_task_id_784.dfy,tptp,vampire,monomorphic,VERIFIED,2823,0
ground_truth,dafny-synthesis_task_id_784.dfy,tptp,vampire,predicates,VERIFICATION_TIMED_OUT,15570,4
ground_truth,dafny-synthesis_task_id_784.dfy,tptp,vampire,arguments,VERIFICATION_TIMED_OUT,15612,4
ground_truth,dafny-synthesis_task_id_784.dfy,smtlib,vampire,monomorphic,VERIFICATION_TIMED_OUT,15624,4
ground_truth,dafny-synthesis_task_id_784.dfy,smtlib,vampire,predicates,VERIFICATION_TIMED_OUT,15594,4
ground_truth,dafny-synthesis_task_id_784.dfy,smtlib,vampire,arguments,VERIFICATION_TIMED_OUT,15520,4
ground_truth,dafny-synthesis_task_id_784.dfy,smtlib,z3,monomorphic,VERIFIED,1696,0
ground_truth,dafny-synthesis_task_id_784.dfy,smtlib,z3,predicates,VERIFIED,1660,0
ground_truth,dafny-synthesis_task_id_784.dfy,smtlib,z3,arguments,VERIFIED,1629,0
ground_truth,dafny-language-server_tmp_tmpkir0kenl_Test_dafny2_SegmentSum.dfy,tptp,vampire,polymorphic,VERIFICATION_TIMED_OUT,15463,4
ground_truth,dafny-language-server_tmp_tmpkir0kenl_Test_dafny2_SegmentSum.dfy,tptp,vampire,monomorphic,VERIFICATION_TIMED_OUT,15549,4
ground_truth,dafny-language-server_tmp_tmpkir0kenl_Test_dafny2_SegmentSum.dfy,tptp,vampire,predicates,VERIFICATION_TIMED_OUT,15542,4
ground_truth,dafny-language-server_tmp_tmpkir0kenl_Test_dafny2_SegmentSum.dfy,tptp,vampire,arguments,VERIFICATION_TIMED_OUT,15545,4
ground_truth,dafny-language-server_tmp_tmpkir0kenl_Test_dafny2_SegmentSum.dfy,smtlib,vampire,monomorphic,VERIFICATION_TIMED_OUT,15528,4
ground_truth,dafny-language-server_tmp_tmpkir0kenl_Test_dafny2_SegmentSum.dfy,smtlib,vampire,predicates,VERIFICATION_TIMED_OUT,15436,4
ground_truth,dafny-language-server_tmp_tmpkir0kenl_Test_dafny2_SegmentSum.dfy,smtlib,vampire,arguments,VERIFICATION_TIMED_OUT,15368,4
ground_truth,dafny-language-server_tmp_tmpkir0kenl_Test_dafny2_SegmentSum.dfy,smtlib,z3,monomorphic,VERIFIED,1616,0
ground_truth,dafny-language-server_tmp_tmpkir0kenl_Test_dafny2_SegmentSum.dfy,smtlib,z3,predicates,VERIFIED,1555,0
ground_truth,dafny-language-server_tmp_tmpkir0kenl_Test_dafny2_SegmentSum.dfy,smtlib,z3,arguments,VERIFIED,1538,0
ground_truth,FlexWeek_tmp_tmpc_tfdj_3_reverse.dfy,tptp,vampire,polymorphic,VERIFICATION_TIMED_OUT,15466,4
ground_truth,FlexWeek_tmp_tmpc_tfdj_3_reverse.dfy,tptp,vampire,monomorphic,VERIFICATION_TIMED_OUT,15564,4
ground_truth,FlexWeek_tmp_tmpc_tfdj_3_reverse.dfy,tptp,vampire,predicates,VERIFICATION_TIMED_OUT,15537,4
ground_truth,FlexWeek_tmp_tmpc_tfdj_3_reverse.dfy,tptp,vampire,arguments,VERIFICATION_TIMED_OUT,15513,4
ground_truth,FlexWeek_tmp_tmpc_tfdj_3_reverse.dfy,smtlib,vampire,monomorphic,VERIFICATION_TIMED_OUT,15535,4
ground_truth,FlexWeek_tmp_tmpc_tfdj_3_reverse.dfy,smtlib,vampire,predicates,VERIFICATION_TIMED_OUT,15356,4
ground_truth,FlexWeek_tmp_tmpc_tfdj_3_reverse.dfy,smtlib,vampire,arguments,VERIFICATION_TIMED_OUT,15488,4
ground_truth,FlexWeek_tmp_tmpc_tfdj_3_reverse.dfy,smtlib,z3,monomorphic,VERIFIED,1877,0
ground_truth,FlexWeek_tmp_tmpc_tfdj_3_reverse.dfy,smtlib,z3,predicates,VERIFIED,2446,0
ground_truth,FlexWeek_tmp_tmpc_tfdj_3_reverse.dfy,smtlib,z3,arguments,VERIFIED,1820,0
ground_truth,dafny_examples_tmp_tmp8qotd4ez_leetcode_0027-remove-element.dfy,tptp,vampire,polymorphic,VERIFICATION_TIMED_OUT,15885,4
ground_truth,dafny_examples_tmp_tmp8qotd4ez_leetcode_0027-remove-element.dfy,tptp,vampire,monomorphic,VERIFICATION_TIMED_OUT,15603,4
ground_truth,dafny_examples_tmp_tmp8qotd4ez_leetcode_0027-remove-element.dfy,tptp,vampire,predicates,VERIFICATION_TIMED_OUT,15522,4
ground_truth,dafny_examples_tmp_tmp8qotd4ez_leetcode_0027-remove-element.dfy,tptp,vampire,arguments,VERIFICATION_TIMED_OUT,15934,4
ground_truth,dafny_examples_tmp_tmp8qotd4ez_leetcode_0027-remove-element.dfy,smtlib,vampire,monomorphic,VERIFICATION_TIMED_OUT,15596,4
ground_truth,dafny_examples_tmp_tmp8qotd4ez_leetcode_0027-remove-element.dfy,smtlib,vampire,predicates,VERIFICATION_TIMED_OUT,15507,4
ground_truth,dafny_examples_tmp_tmp8qotd4ez_leetcode_0027-remove-element.dfy,smtlib,vampire,arguments,VERIFICATION_TIMED_OUT,16242,4
ground_truth,dafny_examples_tmp_tmp8qotd4ez_leetcode_0027-remove-element.dfy,smtlib,z3,monomorphic,NOT_VERIFIED,5702,4
ground_truth,dafny_examples_tmp_tmp8qotd4ez_leetcode_0027-remove-element.dfy,smtlib,z3,predicates,VERIFIED,4444,0
ground_truth,dafny_examples_tmp_tmp8qotd4ez_leetcode_0027-remove-element.dfy,smtlib,z3,arguments,NOT_VERIFIED,3439,4
ground_truth,dafny-language-server_tmp_tmpkir0kenl_Test_LanguageServerTest_DafnyFiles_symbolTable_15_array.dfy,tptp,vampire,polymorphic,VERIFICATION_TIMED_OUT,15901,4
ground_truth,dafny-language-server_tmp_tmpkir0kenl_Test_LanguageServerTest_DafnyFiles_symbolTable_15_array.dfy,tptp,vampire,monomorphic,VERIFICATION_TIMED_OUT,15472,4
ground_truth,dafny-language-server_tmp_tmpkir0kenl_Test_LanguageServerTest_DafnyFiles_symbolTable_15_array.dfy,tptp,vampire,predicates,VERIFICATION_TIMED_OUT,16068,4
ground_truth,dafny-language-server_tmp_tmpkir0kenl_Test_LanguageServerTest_DafnyFiles_symbolTable_15_array.dfy,tptp,vampire,arguments,VERIFICATION_TIMED_OUT,15841,4
ground_truth,dafny-language-server_tmp_tmpkir0kenl_Test_LanguageServerTest_DafnyFiles_symbolTable_15_array.dfy,smtlib,vampire,monomorphic,VERIFICATION_TIMED_OUT,15398,4
ground_truth,dafny-language-server_tmp_tmpkir0kenl_Test_LanguageServerTest_DafnyFiles_symbolTable_15_array.dfy,smtlib,vampire,predicates,VERIFICATION_TIMED_OUT,15479,4
ground_truth,dafny-language-server_tmp_tmpkir0kenl_Test_LanguageServerTest_DafnyFiles_symbolTable_15_array.dfy,smtlib,vampire,arguments,VERIFICATION_TIMED_OUT,15272,4
ground_truth,dafny-language-server_tmp_tmpkir0kenl_Test_LanguageServerTest_DafnyFiles_symbolTable_15_array.dfy,smtlib,z3,monomorphic,VERIFIED,1562,0
ground_truth,dafny-language-server_tmp_tmpkir0kenl_Test_LanguageServerTest_DafnyFiles_symbolTable_15_array.dfy,smtlib,z3,predicates,VERIFIED,1487,0
ground_truth,dafny-language-server_tmp_tmpkir0kenl_Test_LanguageServerTest_DafnyFiles_symbolTable_15_array.dfy,smtlib,z3,arguments,VERIFIED,1501,0
ground_truth,dafny-synthesis_task_id_406.dfy,tptp,vampire,polymorphic,VERIFIED,1762,0
ground_truth,dafny-synthesis_task_id_406.dfy,tptp,vampire,monomorphic,VERIFIED,1610,0
ground_truth,dafny-synthesis_task_id_406.dfy,tptp,vampire,predicates,VERIFIED,1560,0
ground_truth,dafny-synthesis_task_id_406.dfy,tptp,vampire,arguments,VERIFIED,1549,0
ground_truth,dafny-synthesis_task_id_406.dfy,smtlib,vampire,monomorphic,VERIFIED,1522,0
ground_truth,dafny-synthesis_task_id_406.dfy,smtlib,vampire,predicates,VERIFIED,1444,0
ground_truth,dafny-synthesis_task_id_406.dfy,smtlib,vampire,arguments,VERIFIED,1382,0
ground_truth,dafny-synthesis_task_id_406.dfy,smtlib,z3,monomorphic,VERIFIED,1562,0
ground_truth,dafny-synthesis_task_id_406.dfy,smtlib,z3,predicates,VERIFIED,1426,0
ground_truth,dafny-synthesis_task_id_406.dfy,smtlib,z3,arguments,VERIFIED,1404,0
ground_truth,dafny-synthesis_task_id_605.dfy,tptp,vampire,polymorphic,VERIFICATION_TIMED_OUT,15426,4
ground_truth,dafny-synthesis_task_id_605.dfy,tptp,vampire,monomorphic,VERIFICATION_TIMED_OUT,15558,4
ground_truth,dafny-synthesis_task_id_605.dfy,tptp,vampire,predicates,VERIFICATION_TIMED_OUT,15702,4
ground_truth,dafny-synthesis_task_id_605.dfy,tptp,vampire,arguments,VERIFICATION_TIMED_OUT,15508,4
ground_truth,dafny-synthesis_task_id_605.dfy,smtlib,vampire,monomorphic,VERIFICATION_TIMED_OUT,15975,4
ground_truth,dafny-synthesis_task_id_605.dfy,smtlib,vampire,predicates,VERIFICATION_TIMED_OUT,15483,4
ground_truth,dafny-synthesis_task_id_605.dfy,smtlib,vampire,arguments,VERIFICATION_TIMED_OUT,15468,4
ground_truth,dafny-synthesis_task_id_605.dfy,smtlib,z3,monomorphic,VERIFIED,1968,0
ground_truth,dafny-synthesis_task_id_605.dfy,smtlib,z3,predicates,VERIFIED,2589,0
ground_truth,dafny-synthesis_task_id_605.dfy,smtlib,z3,arguments,VERIFIED,2739,0
ground_truth,dafny-synthesis_task_id_227.dfy,tptp,vampire,polymorphic,VERIFIED,2082,0
ground_truth,dafny-synthesis_task_id_227.dfy,tptp,vampire,monomorphic,VERIFIED,2296,0
ground_truth,dafny-synthesis_task_id_227.dfy,tptp,vampire,predicates,VERIFIED,1967,0
ground_truth,dafny-synthesis_task_id_227.dfy,tptp,vampire,arguments,VERIFIED,2028,0
ground_truth,dafny-synthesis_task_id_227.dfy,smtlib,vampire,monomorphic,VERIFIED,1816,0
ground_truth,dafny-synthesis_task_id_227.dfy,smtlib,vampire,predicates,VERIFIED,1434,0
ground_truth,dafny-synthesis_task_id_227.dfy,smtlib,vampire,arguments,VERIFIED,1669,0
ground_truth,dafny-synthesis_task_id_227.dfy,smtlib,z3,monomorphic,VERIFIED,1546,0
ground_truth,dafny-synthesis_task_id_227.dfy,smtlib,z3,predicates,VERIFIED,1356,0
ground_truth,dafny-synthesis_task_id_227.dfy,smtlib,z3,arguments,VERIFIED,1463,0
ground_truth,dafny-language-server_tmp_tmpkir0kenl_Test_triggers_large-quantifiers-dont-break-dafny.dfy,tptp,vampire,polymorphic,VERIFIED,2641,0
ground_truth,dafny-language-server_tmp_tmpkir0kenl_Test_triggers_large-quantifiers-dont-break-dafny.dfy,tptp,vampire,monomorphic,VERIFIED,2885,0
ground_truth,dafny-language-server_tmp_tmpkir0kenl_Test_triggers_large-quantifiers-dont-break-dafny.dfy,tptp,vampire,predicates,VERIFIED,4588,0
ground_truth,dafny-language-server_tmp_tmpkir0kenl_Test_triggers_large-quantifiers-dont-break-dafny.dfy,tptp,vampire,arguments,VERIFIED,3192,0
ground_truth,dafny-language-server_tmp_tmpkir0kenl_Test_triggers_large-quantifiers-dont-break-dafny.dfy,smtlib,vampire,monomorphic,VERIFIED,4361,0
ground_truth,dafny-language-server_tmp_tmpkir0kenl_Test_triggers_large-quantifiers-dont-break-dafny.dfy,smtlib,vampire,predicates,VERIFIED,3497,0
ground_truth,dafny-language-server_tmp_tmpkir0kenl_Test_triggers_large-quantifiers-dont-break-dafny.dfy,smtlib,vampire,arguments,VERIFIED,3369,0
ground_truth,dafny-language-server_tmp_tmpkir0kenl_Test_triggers_large-quantifiers-dont-break-dafny.dfy,smtlib,z3,monomorphic,VERIFIED,2029,0
ground_truth,dafny-language-server_tmp_tmpkir0kenl_Test_triggers_large-quantifiers-dont-break-dafny.dfy,smtlib,z3,predicates,VERIFIED,1640,0
ground_truth,dafny-language-server_tmp_tmpkir0kenl_Test_triggers_large-quantifiers-dont-break-dafny.dfy,smtlib,z3,arguments,VERIFIED,1582,0
ground_truth,Clover_array_sum.dfy,tptp,vampire,polymorphic,VERIFICATION_TIMED_OUT,15439,4
ground_truth,Clover_array_sum.dfy,tptp,vampire,monomorphic,VERIFICATION_TIMED_OUT,15530,4
ground_truth,Clover_array_sum.dfy,tptp,vampire,predicates,VERIFICATION_TIMED_OUT,15471,4
ground_truth,Clover_array_sum.dfy,tptp,vampire,arguments,VERIFICATION_TIMED_OUT,15463,4
ground_truth,Clover_array_sum.dfy,smtlib,vampire,monomorphic,VERIFICATION_TIMED_OUT,15443,4
ground_truth,Clover_array_sum.dfy,smtlib,vampire,predicates,VERIFICATION_TIMED_OUT,15332,4
ground_truth,Clover_array_sum.dfy,smtlib,vampire,arguments,VERIFICATION_TIMED_OUT,15399,4
ground_truth,Clover_array_sum.dfy,smtlib,z3,monomorphic,VERIFIED,1568,0
ground_truth,Clover_array_sum.dfy,smtlib,z3,predicates,VERIFIED,1531,0
ground_truth,Clover_array_sum.dfy,smtlib,z3,arguments,VERIFIED,1516,0
ground_truth,Dafny_Learning_Experience_tmp_tmpuxvcet_u_week1_7_Week4__LinearSearch.dfy,tptp,vampire,polymorphic,VERIFIED,3577,0
ground_truth,Dafny_Learning_Experience_tmp_tmpuxvcet_u_week1_7_Week4__LinearSearch.dfy,tptp,vampire,monomorphic,VERIFIED,3753,0
ground_truth,Dafny_Learning_Experience_tmp_tmpuxvcet_u_week1_7_Week4__LinearSearch.dfy,tptp,vampire,predicates,VERIFIED,13386,0
ground_truth,Dafny_Learning_Experience_tmp_tmpuxvcet_u_week1_7_Week4__LinearSearch.dfy,tptp,vampire,arguments,VERIFIED,3585,0
ground_truth,Dafny_Learning_Experience_tmp_tmpuxvcet_u_week1_7_Week4__LinearSearch.dfy,smtlib,vampire,monomorphic,VERIFIED,6353,0
ground_truth,Dafny_Learning_Experience_tmp_tmpuxvcet_u_week1_7_Week4__LinearSearch.dfy,smtlib,vampire,predicates,VERIFICATION_TIMED_OUT,15568,4
ground_truth,Dafny_Learning_Experience_tmp_tmpuxvcet_u_week1_7_Week4__LinearSearch.dfy,smtlib,vampire,arguments,VERIFICATION_TIMED_OUT,15583,4
ground_truth,Dafny_Learning_Experience_tmp_tmpuxvcet_u_week1_7_Week4__LinearSearch.dfy,smtlib,z3,monomorphic,VERIFIED,1718,0
ground_truth,Dafny_Learning_Experience_tmp_tmpuxvcet_u_week1_7_Week4__LinearSearch.dfy,smtlib,z3,predicates,VERIFIED,1643,0
ground_truth,Dafny_Learning_Experience_tmp_tmpuxvcet_u_week1_7_Week4__LinearSearch.dfy,smtlib,z3,arguments,VERIFIED,1629,0
ground_truth,Clover_update_array.dfy,tptp,vampire,polymorphic,VERIFICATION_TIMED_OUT,15357,4
ground_truth,Clover_update_array.dfy,tptp,vampire,monomorphic,VERIFICATION_TIMED_OUT,15395,4
ground_truth,Clover_update_array.dfy,tptp,vampire,predicates,VERIFICATION_TIMED_OUT,15356,4
ground_truth,Clover_update_array.dfy,tptp,vampire,arguments,VERIFICATION_TIMED_OUT,15460,4
ground_truth,Clover_update_array.dfy,smtlib,vampire,monomorphic,VERIFIED,5326,0
ground_truth,Clover_update_array.dfy,smtlib,vampire,predicates,VERIFICATION_TIMED_OUT,15329,4
ground_truth,Clover_update_array.dfy,smtlib,vampire,arguments,VERIFIED,5304,0
ground_truth,Clover_update_array.dfy,smtlib,z3,monomorphic,VERIFIED,1486,0
ground_truth,Clover_update_array.dfy,smtlib,z3,predicates,VERIFIED,1447,0
ground_truth,Clover_update_array.dfy,smtlib,z3,arguments,VERIFIED,1448,0
ground_truth,vfag_tmp_tmpc29dxm1j_sumar_componentes.dfy,tptp,vampire,polymorphic,VERIFICATION_TIMED_OUT,15418,4
ground_truth,vfag_tmp_tmpc29dxm1j_sumar_componentes.dfy,tptp,vampire,monomorphic,VERIFICATION_TIMED_OUT,15532,4
ground_truth,vfag_tmp_tmpc29dxm1j_sumar_componentes.dfy,tptp,vampire,predicates,VERIFICATION_TIMED_OUT,15449,4
ground_truth,vfag_tmp_tmpc29dxm1j_sumar_componentes.dfy,tptp,vampire,arguments,VERIFICATION_TIMED_OUT,15498,4
ground_truth,vfag_tmp_tmpc29dxm1j_sumar_componentes.dfy,smtlib,vampire,monomorphic,VERIFICATION_TIMED_OUT,15456,4
ground_truth,vfag_tmp_tmpc29dxm1j_sumar_componentes.dfy,smtlib,vampire,predicates,VERIFICATION_TIMED_OUT,15359,4
ground_truth,vfag_tmp_tmpc29dxm1j_sumar_componentes.dfy,smtlib,vampire,arguments,VERIFICATION_TIMED_OUT,15395,4
ground_truth,vfag_tmp_tmpc29dxm1j_sumar_componentes.dfy,smtlib,z3,monomorphic,VERIFIED,1615,0
ground_truth,vfag_tmp_tmpc29dxm1j_sumar_componentes.dfy,smtlib,z3,predicates,VERIFIED,1561,0
ground_truth,vfag_tmp_tmpc29dxm1j_sumar_componentes.dfy,smtlib,z3,arguments,VERIFIED,1522,0
ground_truth,Clover_below_zero.dfy,tptp,vampire,polymorphic,VERIFICATION_TIMED_OUT,15483,4
ground_truth,Clover_below_zero.dfy,tptp,vampire,monomorphic,VERIFICATION_TIMED_OUT,15523,4
ground_truth,Clover_below_zero.dfy,tptp,vampire,predicates,VERIFICATION_TIMED_OUT,15441,4
ground_truth,Clover_below_zero.dfy,tptp,vampire,arguments,VERIFICATION_TIMED_OUT,15490,4
ground_truth,Clover_below_zero.dfy,smtlib,vampire,monomorphic,VERIFICATION_TIMED_OUT,15458,4
ground_truth,Clover_below_zero.dfy,smtlib,vampire,predicates,VERIFICATION_TIMED_OUT,15363,4
ground_truth,Clover_below_zero.dfy,smtlib,vampire,arguments,VERIFICATION_TIMED_OUT,15336,4
ground_truth,Clover_below_zero.dfy,smtlib,z3,monomorphic,VERIFIED,1623,0
ground_truth,Clover_below_zero.dfy,smtlib,z3,predicates,VERIFIED,1598,0
ground_truth,Clover_below_zero.dfy,smtlib,z3,arguments,VERIFIED,1599,0
ground_truth,dafny-synthesis_task_id_751.dfy,tptp,vampire,polymorphic,VERIFICATION_TIMED_OUT,15451,4
ground_truth,dafny-synthesis_task_id_751.dfy,tptp,vampire,monomorphic,VERIFICATION_TIMED_OUT,15526,4
ground_truth,dafny-synthesis_task_id_751.dfy,tptp,vampire,predicates,VERIFICATION_TIMED_OUT,15442,4
ground_truth,dafny-synthesis_task_id_751.dfy,tptp,vampire,arguments,VERIFICATION_TIMED_OUT,15487,4
ground_truth,dafny-synthesis_task_id_751.dfy,smtlib,vampire,monomorphic,VERIFIED,3498,0
ground_truth,dafny-synthesis_task_id_751.dfy,smtlib,vampire,predicates,VERIFICATION_TIMED_OUT,15420,4
ground_truth,dafny-synthesis_task_id_751.dfy,smtlib,vampire,arguments,VERIFIED,3580,0
ground_truth,dafny-synthesis_task_id_751.dfy,smtlib,z3,monomorphic,VERIFIED,1908,0
ground_truth,dafny-synthesis_task_id_751.dfy,smtlib,z3,predicates,VERIFIED,1606,0
ground_truth,dafny-synthesis_task_id_751.dfy,smtlib,z3,arguments,VERIFIED,1748,0
ground_truth,dafleet_tmp_tmpa2e4kb9v_0001-0050_0001-two-sum.dfy,tptp,vampire,polymorphic,VERIFICATION_TIMED_OUT,15695,4
ground_truth,dafleet_tmp_tmpa2e4kb9v_0001-0050_0001-two-sum.dfy,tptp,vampire,monomorphic,VERIFICATION_TIMED_OUT,15694,4
ground_truth,dafleet_tmp_tmpa2e4kb9v_0001-0050_0001-two-sum.dfy,tptp,vampire,predicates,VERIFICATION_TIMED_OUT,15841,4
ground_truth,dafleet_tmp_tmpa2e4kb9v_0001-0050_0001-two-sum.dfy,tptp,vampire,arguments,VERIFICATION_TIMED_OUT,15662,4
ground_truth,dafleet_tmp_tmpa2e4kb9v_0001-0050_0001-two-sum.dfy,smtlib,vampire,monomorphic,VERIFICATION_TIMED_OUT,15637,4
ground_truth,dafleet_tmp_tmpa2e4kb9v_0001-0050_0001-two-sum.dfy,smtlib,vampire,predicates,VERIFICATION_TIMED_OUT,15405,4
ground_truth,dafleet_tmp_tmpa2e4kb9v_0001-0050_0001-two-sum.dfy,smtlib,vampire,arguments,VERIFICATION_TIMED_OUT,15404,4
ground_truth,dafleet_tmp_tmpa2e4kb9v_0001-0050_0001-two-sum.dfy,smtlib,z3,monomorphic,VERIFIED,1700,0
ground_truth,dafleet_tmp_tmpa2e4kb9v_0001-0050_0001-two-sum.dfy,smtlib,z3,predicates,VERIFIED,1660,0
ground_truth,dafleet_tmp_tmpa2e4kb9v_0001-0050_0001-two-sum.dfy,smtlib,z3,arguments,VERIFIED,1742,0
ground_truth,Program-Verification-Dataset_tmp_tmpgbdrlnu__Dafny_advanced examples_Modules.dfy,tptp,vampire,polymorphic,VERIFIED,1755,0
ground_truth,Program-Verification-Dataset_tmp_tmpgbdrlnu__Dafny_advanced examples_Modules.dfy,tptp,vampire,monomorphic,VERIFIED,2122,0
ground_truth,Program-Verification-Dataset_tmp_tmpgbdrlnu__Dafny_advanced examples_Modules.dfy,tptp,vampire,predicates,VERIFIED,1915,0
ground_truth,Program-Verification-Dataset_tmp_tmpgbdrlnu__Dafny_advanced examples_Modules.dfy,tptp,vampire,arguments,VERIFIED,1933,0
ground_truth,Program-Verification-Dataset_tmp_tmpgbdrlnu__Dafny_advanced examples_Modules.dfy,smtlib,vampire,monomorphic,VERIFIED,2114,0
ground_truth,Program-Verification-Dataset_tmp_tmpgbdrlnu__Dafny_advanced examples_Modules.dfy,smtlib,vampire,predicates,VERIFIED,1824,0
ground_truth,Program-Verification-Dataset_tmp_tmpgbdrlnu__Dafny_advanced examples_Modules.dfy,smtlib,vampire,arguments,VERIFIED,1809,0
ground_truth,Program-Verification-Dataset_tmp_tmpgbdrlnu__Dafny_advanced examples_Modules.dfy,smtlib,z3,monomorphic,VERIFIED,2033,0
ground_truth,Program-Verification-Dataset_tmp_tmpgbdrlnu__Dafny_advanced examples_Modules.dfy,smtlib,z3,predicates,VERIFIED,1990,0
ground_truth,Program-Verification-Dataset_tmp_tmpgbdrlnu__Dafny_advanced examples_Modules.dfy,smtlib,z3,arguments,VERIFIED,1871,0
ground_truth,Program-Verification-Dataset_tmp_tmpgbdrlnu__Dafny_mathematical objects verification_examples_logic.dfy,tptp,vampire,polymorphic,VERIFIED,1778,0
ground_truth,Program-Verification-Dataset_tmp_tmpgbdrlnu__Dafny_mathematical objects verification_examples_logic.dfy,tptp,vampire,monomorphic,VERIFIED,1870,0
ground_truth,Program-Verification-Dataset_tmp_tmpgbdrlnu__Dafny_mathematical objects verification_examples_logic.dfy,tptp,vampire,predicates,VERIFICATION_TIMED_OUT,15692,4
ground_truth,Program-Verification-Dataset_tmp_tmpgbdrlnu__Dafny_mathematical objects verification_examples_logic.dfy,tptp,vampire,arguments,VERIFICATION_TIMED_OUT,15702,4
ground_truth,Program-Verification-Dataset_tmp_tmpgbdrlnu__Dafny_mathematical objects verification_examples_logic.dfy,smtlib,vampire,monomorphic,VERIFIED,1866,0
ground_truth,Program-Verification-Dataset_tmp_tmpgbdrlnu__Dafny_mathematical objects verification_examples_logic.dfy,smtlib,vampire,predicates,VERIFIED,1739,0
ground_truth,Program-Verification-Dataset_tmp_tmpgbdrlnu__Dafny_mathematical objects verification_examples_logic.dfy,smtlib,vampire,arguments,VERIFIED,1795,0
ground_truth,Program-Verification-Dataset_tmp_tmpgbdrlnu__Dafny_mathematical objects verification_examples_logic.dfy,smtlib,z3,monomorphic,VERIFIED,1700,0
ground_truth,Program-Verification-Dataset_tmp_tmpgbdrlnu__Dafny_mathematical objects verification_examples_logic.dfy,smtlib,z3,predicates,VERIFIED,1594,0
ground_truth,Program-Verification-Dataset_tmp_tmpgbdrlnu__Dafny_mathematical objects verification_examples_logic.dfy,smtlib,z3,arguments,VERIFIED,1663,0
ground_truth,dafny-synthesis_task_id_143.dfy,tptp,vampire,polymorphic,VERIFIED,1493,0
ground_truth,dafny-synthesis_task_id_143.dfy,tptp,vampire,monomorphic,VERIFIED,1584,0
ground_truth,dafny-synthesis_task_id_143.dfy,tptp,vampire,predicates,VERIFIED,1474,0
ground_truth,dafny-synthesis_task_id_143.dfy,tptp,vampire,arguments,VERIFIED,1471,0
ground_truth,dafny-synthesis_task_id_143.dfy,smtlib,vampire,monomorphic,VERIFIED,2034,0
ground_truth,dafny-synthesis_task_id_143.dfy,smtlib,vampire,predicates,VERIFIED,1559,0
ground_truth,dafny-synthesis_task_id_143.dfy,smtlib,vampire,arguments,VERIFIED,1404,0
ground_truth,dafny-synthesis_task_id_143.dfy,smtlib,z3,monomorphic,VERIFIED,1511,0
ground_truth,dafny-synthesis_task_id_143.dfy,smtlib,z3,predicates,VERIFIED,1468,0
ground_truth,dafny-synthesis_task_id_143.dfy,smtlib,z3,arguments,VERIFIED,1456,0
ground_truth,ironsync-osdi2023_tmp_tmpx80antoe_linear-dafny_Test_git-issues_git-issue-975.dfy,tptp,vampire,polymorphic,VERIFIED,1489,0
ground_truth,ironsync-osdi2023_tmp_tmpx80antoe_linear-dafny_Test_git-issues_git-issue-975.dfy,tptp,vampire,monomorphic,VERIFIED,2082,0
ground_truth,ironsync-osdi2023_tmp_tmpx80antoe_linear-dafny_Test_git-issues_git-issue-975.dfy,tptp,vampire,predicates,VERIFIED,1945,0
ground_truth,ironsync-osdi2023_tmp_tmpx80antoe_linear-dafny_Test_git-issues_git-issue-975.dfy,tptp,vampire,arguments,VERIFIED,1511,0
ground_truth,ironsync-osdi2023_tmp_tmpx80antoe_linear-dafny_Test_git-issues_git-issue-975.dfy,smtlib,vampire,monomorphic,VERIFIED,1664,0
ground_truth,ironsync-osdi2023_tmp_tmpx80antoe_linear-dafny_Test_git-issues_git-issue-975.dfy,smtlib,vampire,predicates,VERIFIED,1496,0
ground_truth,ironsync-osdi2023_tmp_tmpx80antoe_linear-dafny_Test_git-issues_git-issue-975.dfy,smtlib,vampire,arguments,VERIFIED,1384,0
ground_truth,ironsync-osdi2023_tmp_tmpx80antoe_linear-dafny_Test_git-issues_git-issue-975.dfy,smtlib,z3,monomorphic,VERIFIED,1550,0
ground_truth,ironsync-osdi2023_tmp_tmpx80antoe_linear-dafny_Test_git-issues_git-issue-975.dfy,smtlib,z3,predicates,VERIFIED,1474,0
ground_truth,ironsync-osdi2023_tmp_tmpx80antoe_linear-dafny_Test_git-issues_git-issue-975.dfy,smtlib,z3,arguments,VERIFIED,1471,0
ground_truth,Clover_triple.dfy,tptp,vampire,polymorphic,VERIFIED,1445,0
ground_truth,Clover_triple.dfy,tptp,vampire,monomorphic,VERIFIED,1576,0
ground_truth,Clover_triple.dfy,tptp,vampire,predicates,VERIFIED,1502,0
ground_truth,Clover_triple.dfy,tptp,vampire,arguments,VERIFIED,1510,0
ground_truth,Clover_triple.dfy,smtlib,vampire,monomorphic,VERIFIED,1417,0
ground_truth,Clover_triple.dfy,smtlib,vampire,predicates,VERIFIED,1351,0
ground_truth,Clover_triple.dfy,smtlib,vampire,arguments,VERIFIED,1508,0
ground_truth,Clover_triple.dfy,smtlib,z3,monomorphic,VERIFIED,1385,0
ground_truth,Clover_triple.dfy,smtlib,z3,predicates,VERIFIED,1374,0
ground_truth,Clover_triple.dfy,smtlib,z3,arguments,VERIFIED,1371,0
ground_truth,Correctness_tmp_tmpwqvg5q_4_MethodCalls_q1.dfy,tptp,vampire,polymorphic,VERIFICATION_TIMED_OUT,15709,4
ground_truth,Correctness_tmp_tmpwqvg5q_4_MethodCalls_q1.dfy,tptp,vampire,monomorphic,VERIFICATION_TIMED_OUT,16130,4
ground_truth,Correctness_tmp_tmpwqvg5q_4_MethodCalls_q1.dfy,tptp,vampire,predicates,VERIFICATION_TIMED_OUT,15820,4
ground_truth,Correctness_tmp_tmpwqvg5q_4_MethodCalls_q1.dfy,tptp,vampire,arguments,VERIFICATION_TIMED_OUT,15702,4
ground_truth,Correctness_tmp_tmpwqvg5q_4_MethodCalls_q1.dfy,smtlib,vampire,monomorphic,VERIFICATION_TIMED_OUT,15649,4
ground_truth,Correctness_tmp_tmpwqvg5q_4_MethodCalls_q1.dfy,smtlib,vampire,predicates,VERIFICATION_TIMED_OUT,15849,4
ground_truth,Correctness_tmp_tmpwqvg5q_4_MethodCalls_q1.dfy,smtlib,vampire,arguments,VERIFICATION_TIMED_OUT,15613,4
ground_truth,Correctness_tmp_tmpwqvg5q_4_MethodCalls_q1.dfy,smtlib,z3,monomorphic,VERIFIED,2735,0
ground_truth,Correctness_tmp_tmpwqvg5q_4_MethodCalls_q1.dfy,smtlib,z3,predicates,VERIFIED,2365,0
ground_truth,Correctness_tmp_tmpwqvg5q_4_MethodCalls_q1.dfy,smtlib,z3,arguments,VERIFICATION_TIMED_OUT,17146,4
ground_truth,Clover_multi_return.dfy,tptp,vampire,polymorphic,VERIFIED,2090,0
ground_truth,Clover_multi_return.dfy,tptp,vampire,monomorphic,VERIFIED,2170,0
ground_truth,Clover_multi_return.dfy,tptp,vampire,predicates,VERIFIED,2173,0
ground_truth,Clover_multi_return.dfy,tptp,vampire,arguments,VERIFIED,1909,0
ground_truth,Clover_multi_return.dfy,smtlib,vampire,monomorphic,VERIFIED,1558,0
ground_truth,Clover_multi_return.dfy,smtlib,vampire,predicates,VERIFIED,1503,0
ground_truth,Clover_multi_return.dfy,smtlib,vampire,arguments,VERIFIED,1440,0
ground_truth,Clover_multi_return.dfy,smtlib,z3,monomorphic,VERIFIED,1617,0
ground_truth,Clover_multi_return.dfy,smtlib,z3,predicates,VERIFIED,2129,0
ground_truth,Clover_multi_return.dfy,smtlib,z3,arguments,VERIFIED,2264,0
ground_truth,Program-Verification-Dataset_tmp_tmpgbdrlnu__Dafny_mathematical objects verification_examples_interval_example.dfy,tptp,vampire,polymorphic,VERIFIED,9208,0
ground_truth,Program-Verification-Dataset_tmp_tmpgbdrlnu__Dafny_mathematical objects verification_examples_interval_example.dfy,tptp,vampire,monomorphic,VERIFIED,6644,0
ground_truth,Program-Verification-Dataset_tmp_tmpgbdrlnu__Dafny_mathematical objects verification_examples_interval_example.dfy,tptp,vampire,predicates,VERIFICATION_TIMED_OUT,15829,4
ground_truth,Program-Verification-Dataset_tmp_tmpgbdrlnu__Dafny_mathematical objects verification_examples_interval_example.dfy,tptp,vampire,arguments,VERIFIED,6017,0
ground_truth,Program-Verification-Dataset_tmp_tmpgbdrlnu__Dafny_mathematical objects verification_examples_interval_example.dfy,smtlib,vampire,monomorphic,VERIFIED,6458,0
ground_truth,Program-Verification-Dataset_tmp_tmpgbdrlnu__Dafny_mathematical objects verification_examples_interval_example.dfy,smtlib,vampire,predicates,VERIFICATION_TIMED_OUT,16423,4
ground_truth,Program-Verification-Dataset_tmp_tmpgbdrlnu__Dafny_mathematical objects verification_examples_interval_example.dfy,smtlib,vampire,arguments,VERIFIED,7796,0
ground_truth,Program-Verification-Dataset_tmp_tmpgbdrlnu__Dafny_mathematical objects verification_examples_interval_example.dfy,smtlib,z3,monomorphic,VERIFIED,2198,0
ground_truth,Program-Verification-Dataset_tmp_tmpgbdrlnu__Dafny_mathematical objects verification_examples_interval_example.dfy,smtlib,z3,predicates,VERIFIED,1742,0
ground_truth,Program-Verification-Dataset_tmp_tmpgbdrlnu__Dafny_mathematical objects verification_examples_interval_example.dfy,smtlib,z3,arguments,VERIFIED,1743,0
ground_truth,Clover_reverse.dfy,tptp,vampire,polymorphic,VERIFICATION_TIMED_OUT,15907,4
ground_truth,Clover_reverse.dfy,tptp,vampire,monomorphic,VERIFICATION_TIMED_OUT,16597,4
ground_truth,Clover_reverse.dfy,tptp,vampire,predicates,VERIFICATION_TIMED_OUT,16363,4
ground_truth,Clover_reverse.dfy,tptp,vampire,arguments,VERIFICATION_TIMED_OUT,15663,4
ground_truth,Clover_reverse.dfy,smtlib,vampire,monomorphic,VERIFICATION_TIMED_OUT,15662,4
ground_truth,Clover_reverse.dfy,smtlib,vampire,predicates,VERIFICATION_TIMED_OUT,15621,4
ground_truth,Clover_reverse.dfy,smtlib,vampire,arguments,VERIFICATION_TIMED_OUT,15474,4
ground_truth,Clover_reverse.dfy,smtlib,z3,monomorphic,VERIFIED,1973,0
ground_truth,Clover_reverse.dfy,smtlib,z3,predicates,VERIFIED,1810,0
ground_truth,Clover_reverse.dfy,smtlib,z3,arguments,VERIFIED,1738,0
ground_truth,Prog-Fun-Solutions_tmp_tmp7_gmnz5f_mockExam2_p2.dfy,tptp,vampire,polymorphic,VERIFIED,1878,0
ground_truth,Prog-Fun-Solutions_tmp_tmp7_gmnz5f_mockExam2_p2.dfy,tptp,vampire,monomorphic,VERIFIED,1633,0
ground_truth,Prog-Fun-Solutions_tmp_tmp7_gmnz5f_mockExam2_p2.dfy,tptp,vampire,predicates,VERIFIED,1786,0
ground_truth,Prog-Fun-Solutions_tmp_tmp7_gmnz5f_mockExam2_p2.dfy,tptp,vampire,arguments,VERIFIED,1752,0
ground_truth,Prog-Fun-Solutions_tmp_tmp7_gmnz5f_mockExam2_p2.dfy,smtlib,vampire,monomorphic,VERIFIED,1618,0
ground_truth,Prog-Fun-Solutions_tmp_tmp7_gmnz5f_mockExam2_p2.dfy,smtlib,vampire,predicates,VERIFIED,1667,0
ground_truth,Prog-Fun-Solutions_tmp_tmp7_gmnz5f_mockExam2_p2.dfy,smtlib,vampire,arguments,VERIFIED,1503,0
ground_truth,Prog-Fun-Solutions_tmp_tmp7_gmnz5f_mockExam2_p2.dfy,smtlib,z3,monomorphic,VERIFIED,1934,0
ground_truth,Prog-Fun-Solutions_tmp_tmp7_gmnz5f_mockExam2_p2.dfy,smtlib,z3,predicates,VERIFIED,1621,0
ground_truth,Prog-Fun-Solutions_tmp_tmp7_gmnz5f_mockExam2_p2.dfy,smtlib,z3,arguments,VERIFIED,1475,0
ground_truth,Dafny_Verify_tmp_tmphq7j0row_dataset_error_data_real_error_IsEven_success_1.dfy,tptp,vampire,polymorphic,VERIFIED,2954,0
ground_truth,Dafny_Verify_tmp_tmphq7j0row_dataset_error_data_real_error_IsEven_success_1.dfy,tptp,vampire,monomorphic,VERIFIED,3279,0
ground_truth,Dafny_Verify_tmp_tmphq7j0row_dataset_error_data_real_error_IsEven_success_1.dfy,tptp,vampire,predicates,VERIFIED,7773,0
ground_truth,Dafny_Verify_tmp_tmphq7j0row_dataset_error_data_real_error_IsEven_success_1.dfy,tptp,vampire,arguments,VERIFIED,3739,0
ground_truth,Dafny_Verify_tmp_tmphq7j0row_dataset_error_data_real_error_IsEven_success_1.dfy,smtlib,vampire,monomorphic,VERIFIED,3127,0
ground_truth,Dafny_Verify_tmp_tmphq7j0row_dataset_error_data_real_error_IsEven_success_1.dfy,smtlib,vampire,predicates,VERIFIED,7493,0
ground_truth,Dafny_Verify_tmp_tmphq7j0row_dataset_error_data_real_error_IsEven_success_1.dfy,smtlib,vampire,arguments,VERIFIED,3885,0
ground_truth,Dafny_Verify_tmp_tmphq7j0row_dataset_error_data_real_error_IsEven_success_1.dfy,smtlib,z3,monomorphic,VERIFIED,1700,0
ground_truth,Dafny_Verify_tmp_tmphq7j0row_dataset_error_data_real_error_IsEven_success_1.dfy,smtlib,z3,predicates,VERIFIED,1689,0
ground_truth,Dafny_Verify_tmp_tmphq7j0row_dataset_error_data_real_error_IsEven_success_1.dfy,smtlib,z3,arguments,VERIFIED,1642,0
ground_truth,dafny-synthesis_task_id_623.dfy,tptp,vampire,polymorphic,VERIFICATION_TIMED_OUT,15675,4
ground_truth,dafny-synthesis_task_id_623.dfy,tptp,vampire,monomorphic,VERIFICATION_TIMED_OUT,15959,4
ground_truth,dafny-synthesis_task_id_623.dfy,tptp,vampire,predicates,VERIFICATION_TIMED_OUT,15886,4
ground_truth,dafny-synthesis_task_id_623.dfy,tptp,vampire,arguments,VERIFICATION_TIMED_OUT,15775,4
ground_truth,dafny-synthesis_task_id_623.dfy,smtlib,vampire,monomorphic,VERIFICATION_TIMED_OUT,15750,4
ground_truth,dafny-synthesis_task_id_623.dfy,smtlib,vampire,predicates,VERIFICATION_TIMED_OUT,15568,4
ground_truth,dafny-synthesis_task_id_623.dfy,smtlib,vampire,arguments,VERIFICATION_TIMED_OUT,15563,4
ground_truth,dafny-synthesis_task_id_623.dfy,smtlib,z3,monomorphic,VERIFIED,1790,0
ground_truth,dafny-synthesis_task_id_623.dfy,smtlib,z3,predicates,VERIFIED,1699,0
ground_truth,dafny-synthesis_task_id_623.dfy,smtlib,z3,arguments,VERIFIED,1670,0
ground_truth,Program-Verification-Dataset_tmp_tmpgbdrlnu__Dafny_mathematical objects verification_examples_library.dfy,tptp,vampire,polymorphic,VERIFIED,2410,0
ground_truth,Program-Verification-Dataset_tmp_tmpgbdrlnu__Dafny_mathematical objects verification_examples_library.dfy,tptp,vampire,monomorphic,VERIFIED,2776,0
ground_truth,Program-Verification-Dataset_tmp_tmpgbdrlnu__Dafny_mathematical objects verification_examples_library.dfy,tptp,vampire,predicates,VERIFICATION_TIMED_OUT,15917,4
ground_truth,Program-Verification-Dataset_tmp_tmpgbdrlnu__Dafny_mathematical objects verification_examples_library.dfy,tptp,vampire,arguments,VERIFIED,2498,0
ground_truth,Program-Verification-Dataset_tmp_tmpgbdrlnu__Dafny_mathematical objects verification_examples_library.dfy,smtlib,vampire,monomorphic,VERIFIED,2188,0
ground_truth,Program-Verification-Dataset_tmp_tmpgbdrlnu__Dafny_mathematical objects verification_examples_library.dfy,smtlib,vampire,predicates,VERIFICATION_TIMED_OUT,15906,4
ground_truth,Program-Verification-Dataset_tmp_tmpgbdrlnu__Dafny_mathematical objects verification_examples_library.dfy,smtlib,vampire,arguments,VERIFIED,2076,0
ground_truth,Program-Verification-Dataset_tmp_tmpgbdrlnu__Dafny_mathematical objects verification_examples_library.dfy,smtlib,z3,monomorphic,VERIFIED,2027,0
ground_truth,Program-Verification-Dataset_tmp_tmpgbdrlnu__Dafny_mathematical objects verification_examples_library.dfy,smtlib,z3,predicates,VERIFIED,2067,0
ground_truth,Program-Verification-Dataset_tmp_tmpgbdrlnu__Dafny_mathematical objects verification_examples_library.dfy,smtlib,z3,arguments,VERIFIED,1917,0
ground_truth,SENG2011_tmp_tmpgk5jq85q_exam_ex3.dfy,tptp,vampire,polymorphic,VERIFIED,3621,0
ground_truth,SENG2011_tmp_tmpgk5jq85q_exam_ex3.dfy,tptp,vampire,monomorphic,VERIFIED,6219,0
ground_truth,SENG2011_tmp_tmpgk5jq85q_exam_ex3.dfy,tptp,vampire,predicates,VERIFICATION_TIMED_OUT,15588,4
ground_truth,SENG2011_tmp_tmpgk5jq85q_exam_ex3.dfy,tptp,vampire,arguments,VERIFIED,6487,0
ground_truth,SENG2011_tmp_tmpgk5jq85q_exam_ex3.dfy,smtlib,vampire,monomorphic,VERIFIED,6517,0
ground_truth,SENG2011_tmp_tmpgk5jq85q_exam_ex3.dfy,smtlib,vampire,predicates,VERIFIED,6974,0
ground_truth,SENG2011_tmp_tmpgk5jq85q_exam_ex3.dfy,smtlib,vampire,arguments,VERIFIED,6467,0
ground_truth,SENG2011_tmp_tmpgk5jq85q_exam_ex3.dfy,smtlib,z3,monomorphic,VERIFIED,1665,0
ground_truth,SENG2011_tmp_tmpgk5jq85q_exam_ex3.dfy,smtlib,z3,predicates,VERIFIED,1635,0
ground_truth,SENG2011_tmp_tmpgk5jq85q_exam_ex3.dfy,smtlib,z3,arguments,VERIFIED,1594,0
ground_truth,summer-school-2020_tmp_tmpn8nf7zf0_chapter01_solutions_exercise04_solution.dfy,tptp,vampire,polymorphic,VERIFIED,1593,0
ground_truth,summer-school-2020_tmp_tmpn8nf7zf0_chapter01_solutions_exercise04_solution.dfy,tptp,vampire,monomorphic,VERIFIED,1737,0
ground_truth,summer-school-2020_tmp_tmpn8nf7zf0_chapter01_solutions_exercise04_solution.dfy,tptp,vampire,predicates,VERIFIED,1643,0
ground_truth,summer-school-2020_tmp_tmpn8nf7zf0_chapter01_solutions_exercise04_solution.dfy,tptp,vampire,arguments,VERIFIED,1626,0
ground_truth,summer-school-2020_tmp_tmpn8nf7zf0_chapter01_solutions_exercise04_solution.dfy,smtlib,vampire,monomorphic,VERIFIED,1685,0
ground_truth,summer-school-2020_tmp_tmpn8nf7zf0_chapter01_solutions_exercise04_solution.dfy,smtlib,vampire,predicates,VERIFIED,1565,0
ground_truth,summer-school-2020_tmp_tmpn8nf7zf0_chapter01_solutions_exercise04_solution.dfy,smtlib,vampire,arguments,VERIFIED,1575,0
ground_truth,summer-school-2020_tmp_tmpn8nf7zf0_chapter01_solutions_exercise04_solution.dfy,smtlib,z3,monomorphic,VERIFIED,1530,0
ground_truth,summer-school-2020_tmp_tmpn8nf7zf0_chapter01_solutions_exercise04_solution.dfy,smtlib,z3,predicates,VERIFIED,1471,0
ground_truth,summer-school-2020_tmp_tmpn8nf7zf0_chapter01_solutions_exercise04_solution.dfy,smtlib,z3,arguments,VERIFIED,1483,0
ground_truth,Dafny_ProgrammingLanguages_tmp_tmp82_e0kji_ExtraCredit.dfy,tptp,vampire,polymorphic,VERIFICATION_TIMED_OUT,15533,4
ground_truth,Dafny_ProgrammingLanguages_tmp_tmp82_e0kji_ExtraCredit.dfy,tptp,vampire,monomorphic,VERIFICATION_TIMED_OUT,15686,4
ground_truth,Dafny_ProgrammingLanguages_tmp_tmp82_e0kji_ExtraCredit.dfy,tptp,vampire,predicates,VERIFICATION_TIMED_OUT,15762,4
ground_truth,Dafny_ProgrammingLanguages_tmp_tmp82_e0kji_ExtraCredit.dfy,tptp,vampire,arguments,VERIFICATION_TIMED_OUT,16218,4
ground_truth,Dafny_ProgrammingLanguages_tmp_tmp82_e0kji_ExtraCredit.dfy,smtlib,vampire,monomorphic,VERIFICATION_TIMED_OUT,15634,4
ground_truth,Dafny_ProgrammingLanguages_tmp_tmp82_e0kji_ExtraCredit.dfy,smtlib,vampire,predicates,VERIFICATION_TIMED_OUT,15570,4
ground_truth,Dafny_ProgrammingLanguages_tmp_tmp82_e0kji_ExtraCredit.dfy,smtlib,vampire,arguments,VERIFICATION_TIMED_OUT,16370,4
ground_truth,Dafny_ProgrammingLanguages_tmp_tmp82_e0kji_ExtraCredit.dfy,smtlib,z3,monomorphic,VERIFIED,1909,0
ground_truth,Dafny_ProgrammingLanguages_tmp_tmp82_e0kji_ExtraCredit.dfy,smtlib,z3,predicates,VERIFIED,2007,0
ground_truth,Dafny_ProgrammingLanguages_tmp_tmp82_e0kji_ExtraCredit.dfy,smtlib,z3,arguments,VERIFIED,1876,0
ground_truth,dafny-synthesis_task_id_62.dfy,tptp,vampire,polymorphic,VERIFIED,3887,0
ground_truth,dafny-synthesis_task_id_62.dfy,tptp,vampire,monomorphic,VERIFIED,4795,0
ground_truth,dafny-synthesis_task_id_62.dfy,tptp,vampire,predicates,VERIFICATION_TIMED_OUT,15781,4
ground_truth,dafny-synthesis_task_id_62.dfy,tptp,vampire,arguments,VERIFICATION_TIMED_OUT,15679,4
ground_truth,dafny-synthesis_task_id_62.dfy,smtlib,vampire,monomorphic,VERIFIED,2826,0
ground_truth,dafny-synthesis_task_id_62.dfy,smtlib,vampire,predicates,VERIFICATION_TIMED_OUT,15569,4
ground_truth,dafny-synthesis_task_id_62.dfy,smtlib,vampire,arguments,VERIFIED,3919,0
ground_truth,dafny-synthesis_task_id_62.dfy,smtlib,z3,monomorphic,VERIFIED,1615,0
ground_truth,dafny-synthesis_task_id_62.dfy,smtlib,z3,predicates,VERIFIED,1602,0
ground_truth,dafny-synthesis_task_id_62.dfy,smtlib,z3,arguments,VERIFIED,1692,0
ground_truth,SENG2011_tmp_tmpgk5jq85q_exam_ex4.dfy,tptp,vampire,polymorphic,VERIFICATION_TIMED_OUT,15545,4
ground_truth,SENG2011_tmp_tmpgk5jq85q_exam_ex4.dfy,tptp,vampire,monomorphic,VERIFICATION_TIMED_OUT,15538,4
ground_truth,SENG2011_tmp_tmpgk5jq85q_exam_ex4.dfy,tptp,vampire,predicates,VERIFICATION_TIMED_OUT,15484,4
ground_truth,SENG2011_tmp_tmpgk5jq85q_exam_ex4.dfy,tptp,vampire,arguments,VERIFICATION_TIMED_OUT,15517,4
ground_truth,SENG2011_tmp_tmpgk5jq85q_exam_ex4.dfy,smtlib,vampire,monomorphic,VERIFICATION_TIMED_OUT,15343,4
ground_truth,SENG2011_tmp_tmpgk5jq85q_exam_ex4.dfy,smtlib,vampire,predicates,VERIFICATION_TIMED_OUT,15395,4
ground_truth,SENG2011_tmp_tmpgk5jq85q_exam_ex4.dfy,smtlib,vampire,arguments,VERIFIED,4589,0
ground_truth,SENG2011_tmp_tmpgk5jq85q_exam_ex4.dfy,smtlib,z3,monomorphic,VERIFIED,2291,0
ground_truth,SENG2011_tmp_tmpgk5jq85q_exam_ex4.dfy,smtlib,z3,predicates,VERIFIED,1783,0
ground_truth,SENG2011_tmp_tmpgk5jq85q_exam_ex4.dfy,smtlib,z3,arguments,VERIFIED,1506,0
ground_truth,dafny-synthesis_task_id_142.dfy,tptp,vampire,polymorphic,VERIFIED,1573,0
ground_truth,dafny-synthesis_task_id_142.dfy,tptp,vampire,monomorphic,VERIFIED,1757,0
ground_truth,dafny-synthesis_task_id_142.dfy,tptp,vampire,predicates,VERIFIED,1841,0
ground_truth,dafny-synthesis_task_id_142.dfy,tptp,vampire,arguments,VERIFIED,1637,0
ground_truth,dafny-synthesis_task_id_142.dfy,smtlib,vampire,monomorphic,VERIFIED,1939,0
ground_truth,dafny-synthesis_task_id_142.dfy,smtlib,vampire,predicates,VERIFIED,1534,0
ground_truth,dafny-synthesis_task_id_142.dfy,smtlib,vampire,arguments,VERIFIED,1783,0
ground_truth,dafny-synthesis_task_id_142.dfy,smtlib,z3,monomorphic,VERIFIED,1625,0
ground_truth,dafny-synthesis_task_id_142.dfy,smtlib,z3,predicates,VERIFIED,1610,0
ground_truth,dafny-synthesis_task_id_142.dfy,smtlib,z3,arguments,VERIFIED,1674,0
ground_truth,Metodos_Formais_tmp_tmpql2hwcsh_Arrays_somatorioArray.dfy,tptp,vampire,polymorphic,VERIFICATION_TIMED_OUT,15782,4
ground_truth,Metodos_Formais_tmp_tmpql2hwcsh_Arrays_somatorioArray.dfy,tptp,vampire,monomorphic,VERIFICATION_TIMED_OUT,16383,4
ground_truth,Metodos_Formais_tmp_tmpql2hwcsh_Arrays_somatorioArray.dfy,tptp,vampire,predicates,VERIFICATION_TIMED_OUT,15592,4
ground_truth,Metodos_Formais_tmp_tmpql2hwcsh_Arrays_somatorioArray.dfy,tptp,vampire,arguments,VERIFICATION_TIMED_OUT,15509,4
ground_truth,Metodos_Formais_tmp_tmpql2hwcsh_Arrays_somatorioArray.dfy,smtlib,vampire,monomorphic,VERIFIED,3715,0
ground_truth,Metodos_Formais_tmp_tmpql2hwcsh_Arrays_somatorioArray.dfy,smtlib,vampire,predicates,VERIFICATION_TIMED_OUT,15417,4
ground_truth,Metodos_Formais_tmp_tmpql2hwcsh_Arrays_somatorioArray.dfy,smtlib,vampire,arguments,VERIFICATION_TIMED_OUT,15414,4
ground_truth,Metodos_Formais_tmp_tmpql2hwcsh_Arrays_somatorioArray.dfy,smtlib,z3,monomorphic,VERIFIED,1580,0
ground_truth,Metodos_Formais_tmp_tmpql2hwcsh_Arrays_somatorioArray.dfy,smtlib,z3,predicates,VERIFIED,1636,0
ground_truth,Metodos_Formais_tmp_tmpql2hwcsh_Arrays_somatorioArray.dfy,smtlib,z3,arguments,VERIFIED,1523,0
ground_truth,protocol-verification-fa2023_tmp_tmpw6hy3mjp_demos_ch04_toy_consensus.dfy,tptp,vampire,polymorphic,VERIFIED,5716,0
ground_truth,protocol-verification-fa2023_tmp_tmpw6hy3mjp_demos_ch04_toy_consensus.dfy,tptp,vampire,monomorphic,VERIFIED,5991,0
ground_truth,protocol-verification-fa2023_tmp_tmpw6hy3mjp_demos_ch04_toy_consensus.dfy,tptp,vampire,predicates,VERIFICATION_TIMED_OUT,16690,4
ground_truth,protocol-verification-fa2023_tmp_tmpw6hy3mjp_demos_ch04_toy_consensus.dfy,tptp,vampire,arguments,VERIFICATION_TIMED_OUT,16072,4
ground_truth,protocol-verification-fa2023_tmp_tmpw6hy3mjp_demos_ch04_toy_consensus.dfy,smtlib,vampire,monomorphic,VERIFIED,5346,0
ground_truth,protocol-verification-fa2023_tmp_tmpw6hy3mjp_demos_ch04_toy_consensus.dfy,smtlib,vampire,predicates,VERIFICATION_TIMED_OUT,17226,4
ground_truth,protocol-verification-fa2023_tmp_tmpw6hy3mjp_demos_ch04_toy_consensus.dfy,smtlib,vampire,arguments,VERIFIED,6299,0
ground_truth,protocol-verification-fa2023_tmp_tmpw6hy3mjp_demos_ch04_toy_consensus.dfy,smtlib,z3,monomorphic,NOT_VERIFIED,2220,4
ground_truth,protocol-verification-fa2023_tmp_tmpw6hy3mjp_demos_ch04_toy_consensus.dfy,smtlib,z3,predicates,NOT_VERIFIED,2223,4
ground_truth,protocol-verification-fa2023_tmp_tmpw6hy3mjp_demos_ch04_toy_consensus.dfy,smtlib,z3,arguments,NOT_VERIFIED,2276,4
ground_truth,dafny-language-server_tmp_tmpkir0kenl_Test_dafny1_MatrixFun.dfy,tptp,vampire,polymorphic,VERIFICATION_TIMED_OUT,16116,4
ground_truth,dafny-language-server_tmp_tmpkir0kenl_Test_dafny1_MatrixFun.dfy,tptp,vampire,monomorphic,VERIFICATION_TIMED_OUT,16149,4
ground_truth,dafny-language-server_tmp_tmpkir0kenl_Test_dafny1_MatrixFun.dfy,tptp,vampire,predicates,VERIFICATION_TIMED_OUT,16979,4
ground_truth,dafny-language-server_tmp_tmpkir0kenl_Test_dafny1_MatrixFun.dfy,tptp,vampire,arguments,VERIFICATION_TIMED_OUT,16386,4
ground_truth,dafny-language-server_tmp_tmpkir0kenl_Test_dafny1_MatrixFun.dfy,smtlib,vampire,monomorphic,VERIFICATION_TIMED_OUT,16122,4
ground_truth,dafny-language-server_tmp_tmpkir0kenl_Test_dafny1_MatrixFun.dfy,smtlib,vampire,predicates,VERIFICATION_TIMED_OUT,16724,4
ground_truth,dafny-language-server_tmp_tmpkir0kenl_Test_dafny1_MatrixFun.dfy,smtlib,vampire,arguments,VERIFICATION_TIMED_OUT,16219,4
ground_truth,dafny-language-server_tmp_tmpkir0kenl_Test_dafny1_MatrixFun.dfy,smtlib,z3,monomorphic,VERIFIED,2219,0
ground_truth,dafny-language-server_tmp_tmpkir0kenl_Test_dafny1_MatrixFun.dfy,smtlib,z3,predicates,VERIFIED,2301,0
ground_truth,dafny-language-server_tmp_tmpkir0kenl_Test_dafny1_MatrixFun.dfy,smtlib,z3,arguments,VERIFIED,2280,0
ground_truth,DafnyProjects_tmp_tmp2acw_s4s_RawSort.dfy,tptp,vampire,polymorphic,VERIFICATION_TIMED_OUT,15900,4
ground_truth,DafnyProjects_tmp_tmp2acw_s4s_RawSort.dfy,tptp,vampire,monomorphic,VERIFICATION_TIMED_OUT,16001,4
ground_truth,DafnyProjects_tmp_tmp2acw_s4s_RawSort.dfy,tptp,vampire,predicates,VERIFICATION_TIMED_OUT,16490,4
ground_truth,DafnyProjects_tmp_tmp2acw_s4s_RawSort.dfy,tptp,vampire,arguments,VERIFICATION_TIMED_OUT,15991,4
ground_truth,DafnyProjects_tmp_tmp2acw_s4s_RawSort.dfy,smtlib,vampire,monomorphic,VERIFICATION_TIMED_OUT,15808,4
ground_truth,DafnyProjects_tmp_tmp2acw_s4s_RawSort.dfy,smtlib,vampire,predicates,VERIFICATION_TIMED_OUT,16579,4
ground_truth,DafnyProjects_tmp_tmp2acw_s4s_RawSort.dfy,smtlib,vampire,arguments,VERIFICATION_TIMED_OUT,15926,4
ground_truth,DafnyProjects_tmp_tmp2acw_s4s_RawSort.dfy,smtlib,z3,monomorphic,VERIFIED,5681,0
ground_truth,DafnyProjects_tmp_tmp2acw_s4s_RawSort.dfy,smtlib,z3,predicates,NOT_VERIFIED,2224,4
ground_truth,DafnyProjects_tmp_tmp2acw_s4s_RawSort.dfy,smtlib,z3,arguments,VERIFIED,5498,0
ground_truth,703FinalProject_tmp_tmpr_10rn4z_DP-GD.dfy,tptp,vampire,polymorphic,VERIFICATION_TIMED_OUT,15386,4
ground_truth,703FinalProject_tmp_tmpr_10rn4z_DP-GD.dfy,tptp,vampire,monomorphic,VERIFICATION_TIMED_OUT,15503,4
ground_truth,703FinalProject_tmp_tmpr_10rn4z_DP-GD.dfy,tptp,vampire,predicates,VERIFICATION_TIMED_OUT,15464,4
ground_truth,703FinalProject_tmp_tmpr_10rn4z_DP-GD.dfy,tptp,vampire,arguments,VERIFICATION_TIMED_OUT,15459,4
ground_truth,703FinalProject_tmp_tmpr_10rn4z_DP-GD.dfy,smtlib,vampire,monomorphic,VERIFICATION_TIMED_OUT,15494,4
ground_truth,703FinalProject_tmp_tmpr_10rn4z_DP-GD.dfy,smtlib,vampire,predicates,VERIFICATION_TIMED_OUT,15394,4
ground_truth,703FinalProject_tmp_tmpr_10rn4z_DP-GD.dfy,smtlib,vampire,arguments,VERIFICATION_TIMED_OUT,15442,4
ground_truth,703FinalProject_tmp_tmpr_10rn4z_DP-GD.dfy,smtlib,z3,monomorphic,VERIFIED,1747,0
ground_truth,703FinalProject_tmp_tmpr_10rn4z_DP-GD.dfy,smtlib,z3,predicates,VERIFIED,1593,0
ground_truth,703FinalProject_tmp_tmpr_10rn4z_DP-GD.dfy,smtlib,z3,arguments,VERIFIED,1635,0
ground_truth,dafny_examples_tmp_tmp8qotd4ez_leetcode_0001-two-sum.dfy,tptp,vampire,polymorphic,VERIFICATION_TIMED_OUT,15612,4
ground_truth,dafny_examples_tmp_tmp8qotd4ez_leetcode_0001-two-sum.dfy,tptp,vampire,monomorphic,VERIFICATION_TIMED_OUT,15773,4
ground_truth,dafny_examples_tmp_tmp8qotd4ez_leetcode_0001-two-sum.dfy,tptp,vampire,predicates,VERIFICATION_TIMED_OUT,15631,4
ground_truth,dafny_examples_tmp_tmp8qotd4ez_leetcode_0001-two-sum.dfy,tptp,vampire,arguments,VERIFICATION_TIMED_OUT,15688,4
ground_truth,dafny_examples_tmp_tmp8qotd4ez_leetcode_0001-two-sum.dfy,smtlib,vampire,monomorphic,VERIFICATION_TIMED_OUT,15762,4
ground_truth,dafny_examples_tmp_tmp8qotd4ez_leetcode_0001-two-sum.dfy,smtlib,vampire,predicates,VERIFICATION_TIMED_OUT,15700,4
ground_truth,dafny_examples_tmp_tmp8qotd4ez_leetcode_0001-two-sum.dfy,smtlib,vampire,arguments,VERIFICATION_TIMED_OUT,15550,4
ground_truth,dafny_examples_tmp_tmp8qotd4ez_leetcode_0001-two-sum.dfy,smtlib,z3,monomorphic,VERIFIED,3504,0
ground_truth,dafny_examples_tmp_tmp8qotd4ez_leetcode_0001-two-sum.dfy,smtlib,z3,predicates,VERIFIED,2764,0
ground_truth,dafny_examples_tmp_tmp8qotd4ez_leetcode_0001-two-sum.dfy,smtlib,z3,arguments,VERIFIED,2313,0
ground_truth,dafny-synthesis_task_id_424.dfy,tptp,vampire,polymorphic,VERIFICATION_TIMED_OUT,16339,4
ground_truth,dafny-synthesis_task_id_424.dfy,tptp,vampire,monomorphic,VERIFICATION_TIMED_OUT,15685,4
ground_truth,dafny-synthesis_task_id_424.dfy,tptp,vampire,predicates,VERIFICATION_TIMED_OUT,15605,4
ground_truth,dafny-synthesis_task_id_424.dfy,tptp,vampire,arguments,VERIFICATION_TIMED_OUT,15497,4
ground_truth,dafny-synthesis_task_id_424.dfy,smtlib,vampire,monomorphic,VERIFIED,3850,0
ground_truth,dafny-synthesis_task_id_424.dfy,smtlib,vampire,predicates,VERIFICATION_TIMED_OUT,15445,4
ground_truth,dafny-synthesis_task_id_424.dfy,smtlib,vampire,arguments,VERIFICATION_TIMED_OUT,15517,4
ground_truth,dafny-synthesis_task_id_424.dfy,smtlib,z3,monomorphic,VERIFIED,1595,0
ground_truth,dafny-synthesis_task_id_424.dfy,smtlib,z3,predicates,VERIFIED,1552,0
ground_truth,dafny-synthesis_task_id_424.dfy,smtlib,z3,arguments,VERIFIED,1590,0
ground_truth,lets-prove-blocking-queue_tmp_tmptd_aws1k_dafny_prod-cons.dfy,tptp,vampire,polymorphic,VERIFIED,3960,0
ground_truth,lets-prove-blocking-queue_tmp_tmptd_aws1k_dafny_prod-cons.dfy,tptp,vampire,monomorphic,VERIFIED,7260,0
ground_truth,lets-prove-blocking-queue_tmp_tmptd_aws1k_dafny_prod-cons.dfy,tptp,vampire,predicates,VERIFICATION_TIMED_OUT,16511,4
ground_truth,lets-prove-blocking-queue_tmp_tmptd_aws1k_dafny_prod-cons.dfy,tptp,vampire,arguments,VERIFICATION_TIMED_OUT,16078,4
ground_truth,lets-prove-blocking-queue_tmp_tmptd_aws1k_dafny_prod-cons.dfy,smtlib,vampire,monomorphic,VERIFIED,3743,0
ground_truth,lets-prove-blocking-queue_tmp_tmptd_aws1k_dafny_prod-cons.dfy,smtlib,vampire,predicates,VERIFICATION_TIMED_OUT,16354,4
ground_truth,lets-prove-blocking-queue_tmp_tmptd_aws1k_dafny_prod-cons.dfy,smtlib,vampire,arguments,VERIFIED,11135,0
ground_truth,lets-prove-blocking-queue_tmp_tmptd_aws1k_dafny_prod-cons.dfy,smtlib,z3,monomorphic,VERIFIED,1845,0
ground_truth,lets-prove-blocking-queue_tmp_tmptd_aws1k_dafny_prod-cons.dfy,smtlib,z3,predicates,VERIFIED,1932,0
ground_truth,lets-prove-blocking-queue_tmp_tmptd_aws1k_dafny_prod-cons.dfy,smtlib,z3,arguments,VERIFIED,1898,0
ground_truth,dafny-workout_tmp_tmp0abkw6f8_starter_ex09.dfy,tptp,vampire,polymorphic,VERIFICATION_TIMED_OUT,15681,4
ground_truth,dafny-workout_tmp_tmp0abkw6f8_starter_ex09.dfy,tptp,vampire,monomorphic,VERIFICATION_TIMED_OUT,15692,4
ground_truth,dafny-workout_tmp_tmp0abkw6f8_starter_ex09.dfy,tptp,vampire,predicates,VERIFICATION_TIMED_OUT,15925,4
ground_truth,dafny-workout_tmp_tmp0abkw6f8_starter_ex09.dfy,tptp,vampire,arguments,VERIFICATION_TIMED_OUT,15855,4
ground_truth,dafny-workout_tmp_tmp0abkw6f8_starter_ex09.dfy,smtlib,vampire,monomorphic,VERIFICATION_TIMED_OUT,15582,4
ground_truth,dafny-workout_tmp_tmp0abkw6f8_starter_ex09.dfy,smtlib,vampire,predicates,VERIFICATION_TIMED_OUT,16198,4
ground_truth,dafny-workout_tmp_tmp0abkw6f8_starter_ex09.dfy,smtlib,vampire,arguments,VERIFICATION_TIMED_OUT,15546,4
ground_truth,dafny-workout_tmp_tmp0abkw6f8_starter_ex09.dfy,smtlib,z3,monomorphic,VERIFIED,2052,0
ground_truth,dafny-workout_tmp_tmp0abkw6f8_starter_ex09.dfy,smtlib,z3,predicates,VERIFIED,1765,0
ground_truth,dafny-workout_tmp_tmp0abkw6f8_starter_ex09.dfy,smtlib,z3,arguments,VERIFIED,1908,0
ground_truth,CVS-handout1_tmp_tmptm52no3k_1.dfy,tptp,vampire,polymorphic,VERIFICATION_TIMED_OUT,17087,4
ground_truth,CVS-handout1_tmp_tmptm52no3k_1.dfy,tptp,vampire,monomorphic,VERIFICATION_TIMED_OUT,17921,4
ground_truth,CVS-handout1_tmp_tmptm52no3k_1.dfy,tptp,vampire,predicates,VERIFICATION_TIMED_OUT,29825,4
ground_truth,CVS-handout1_tmp_tmptm52no3k_1.dfy,tptp,vampire,arguments,VERIFICATION_TIMED_OUT,15937,4
ground_truth,CVS-handout1_tmp_tmptm52no3k_1.dfy,smtlib,vampire,monomorphic,VERIFICATION_TIMED_OUT,16897,4
ground_truth,CVS-handout1_tmp_tmptm52no3k_1.dfy,smtlib,vampire,predicates,VERIFICATION_TIMED_OUT,19974,4
ground_truth,CVS-handout1_tmp_tmptm52no3k_1.dfy,smtlib,vampire,arguments,VERIFICATION_TIMED_OUT,18063,4
ground_truth,CVS-handout1_tmp_tmptm52no3k_1.dfy,smtlib,z3,monomorphic,VERIFIED,1980,0
ground_truth,CVS-handout1_tmp_tmptm52no3k_1.dfy,smtlib,z3,predicates,VERIFIED,1878,0
ground_truth,CVS-handout1_tmp_tmptm52no3k_1.dfy,smtlib,z3,arguments,VERIFIED,1914,0
ground_truth,630-dafny_tmp_tmpz2kokaiq_Solution.dfy,tptp,vampire,polymorphic,VERIFICATION_TIMED_OUT,15537,4
ground_truth,630-dafny_tmp_tmpz2kokaiq_Solution.dfy,tptp,vampire,monomorphic,VERIFICATION_TIMED_OUT,15852,4
ground_truth,630-dafny_tmp_tmpz2kokaiq_Solution.dfy,tptp,vampire,predicates,VERIFICATION_TIMED_OUT,15985,4
ground_truth,630-dafny_tmp_tmpz2kokaiq_Solution.dfy,tptp,vampire,arguments,VERIFICATION_TIMED_OUT,15897,4
ground_truth,630-dafny_tmp_tmpz2kokaiq_Solution.dfy,smtlib,vampire,monomorphic,VERIFICATION_TIMED_OUT,15449,4
ground_truth,630-dafny_tmp_tmpz2kokaiq_Solution.dfy,smtlib,vampire,predicates,VERIFICATION_TIMED_OUT,15403,4
ground_truth,630-dafny_tmp_tmpz2kokaiq_Solution.dfy,smtlib,vampire,arguments,VERIFICATION_TIMED_OUT,15449,4
ground_truth,630-dafny_tmp_tmpz2kokaiq_Solution.dfy,smtlib,z3,monomorphic,VERIFIED,1794,0
ground_truth,630-dafny_tmp_tmpz2kokaiq_Solution.dfy,smtlib,z3,predicates,VERIFIED,1870,0
ground_truth,630-dafny_tmp_tmpz2kokaiq_Solution.dfy,smtlib,z3,arguments,VERIFIED,1639,0
ground_truth,Metodos_Formais_tmp_tmpbez22nnn_Aula_4_ex1.dfy,tptp,vampire,polymorphic,VERIFICATION_TIMED_OUT,15386,4
ground_truth,Metodos_Formais_tmp_tmpbez22nnn_Aula_4_ex1.dfy,tptp,vampire,monomorphic,VERIFICATION_TIMED_OUT,15412,4
ground_truth,Metodos_Formais_tmp_tmpbez22nnn_Aula_4_ex1.dfy,tptp,vampire,predicates,VERIFICATION_TIMED_OUT,15349,4
ground_truth,Metodos_Formais_tmp_tmpbez22nnn_Aula_4_ex1.dfy,tptp,vampire,arguments,VERIFICATION_TIMED_OUT,15395,4
ground_truth,Metodos_Formais_tmp_tmpbez22nnn_Aula_4_ex1.dfy,smtlib,vampire,monomorphic,VERIFIED,1762,0
ground_truth,Metodos_Formais_tmp_tmpbez22nnn_Aula_4_ex1.dfy,smtlib,vampire,predicates,VERIFIED,1727,0
ground_truth,Metodos_Formais_tmp_tmpbez22nnn_Aula_4_ex1.dfy,smtlib,vampire,arguments,VERIFIED,1822,0
ground_truth,Metodos_Formais_tmp_tmpbez22nnn_Aula_4_ex1.dfy,smtlib,z3,monomorphic,VERIFIED,1508,0
ground_truth,Metodos_Formais_tmp_tmpbez22nnn_Aula_4_ex1.dfy,smtlib,z3,predicates,VERIFIED,1458,0
ground_truth,Metodos_Formais_tmp_tmpbez22nnn_Aula_4_ex1.dfy,smtlib,z3,arguments,VERIFIED,1583,0
ground_truth,dafny-synthesis_task_id_762.dfy,tptp,vampire,polymorphic,VERIFIED,1604,0
ground_truth,dafny-synthesis_task_id_762.dfy,tptp,vampire,monomorphic,VERIFIED,1634,0
ground_truth,dafny-synthesis_task_id_762.dfy,tptp,vampire,predicates,VERIFIED,1479,0
ground_truth,dafny-synthesis_task_id_762.dfy,tptp,vampire,arguments,VERIFIED,1411,0
ground_truth,dafny-synthesis_task_id_762.dfy,smtlib,vampire,monomorphic,VERIFIED,1507,0
ground_truth,dafny-synthesis_task_id_762.dfy,smtlib,vampire,predicates,VERIFIED,1485,0
ground_truth,dafny-synthesis_task_id_762.dfy,smtlib,vampire,arguments,VERIFIED,1553,0
ground_truth,dafny-synthesis_task_id_762.dfy,smtlib,z3,monomorphic,VERIFIED,1517,0
ground_truth,dafny-synthesis_task_id_762.dfy,smtlib,z3,predicates,VERIFIED,1433,0
ground_truth,dafny-synthesis_task_id_762.dfy,smtlib,z3,arguments,VERIFIED,1346,0
ground_truth,Dafny_Learning_Experience_tmp_tmpuxvcet_u_week8_12_week8_CheckSumCalculator.dfy,tptp,vampire,polymorphic,VERIFICATION_TIMED_OUT,15679,4
ground_truth,Dafny_Learning_Experience_tmp_tmpuxvcet_u_week8_12_week8_CheckSumCalculator.dfy,tptp,vampire,monomorphic,VERIFICATION_TIMED_OUT,15759,4
ground_truth,Dafny_Learning_Experience_tmp_tmpuxvcet_u_week8_12_week8_CheckSumCalculator.dfy,tptp,vampire,predicates,VERIFICATION_TIMED_OUT,29517,4
ground_truth,Dafny_Learning_Experience_tmp_tmpuxvcet_u_week8_12_week8_CheckSumCalculator.dfy,tptp,vampire,arguments,VERIFICATION_TIMED_OUT,15831,4
ground_truth,Dafny_Learning_Experience_tmp_tmpuxvcet_u_week8_12_week8_CheckSumCalculator.dfy,smtlib,vampire,monomorphic,VERIFIED,4252,0
ground_truth,Dafny_Learning_Experience_tmp_tmpuxvcet_u_week8_12_week8_CheckSumCalculator.dfy,smtlib,vampire,predicates,VERIFICATION_TIMED_OUT,18310,4
ground_truth,Dafny_Learning_Experience_tmp_tmpuxvcet_u_week8_12_week8_CheckSumCalculator.dfy,smtlib,vampire,arguments,VERIFICATION_TIMED_OUT,16109,4
ground_truth,Dafny_Learning_Experience_tmp_tmpuxvcet_u_week8_12_week8_CheckSumCalculator.dfy,smtlib,z3,monomorphic,VERIFIED,2655,0
ground_truth,Dafny_Learning_Experience_tmp_tmpuxvcet_u_week8_12_week8_CheckSumCalculator.dfy,smtlib,z3,predicates,VERIFIED,2661,0
ground_truth,Dafny_Learning_Experience_tmp_tmpuxvcet_u_week8_12_week8_CheckSumCalculator.dfy,smtlib,z3,arguments,VERIFIED,2369,0
ground_truth,Program-Verification-Dataset_tmp_tmpgbdrlnu__Dafny_from dafny main repo_dafny4_Primes.dfy,tptp,vampire,polymorphic,VERIFICATION_TIMED_OUT,31791,4
ground_truth,Program-Verification-Dataset_tmp_tmpgbdrlnu__Dafny_from dafny main repo_dafny4_Primes.dfy,tptp,vampire,monomorphic,VERIFICATION_TIMED_OUT,30890,4
ground_truth,Program-Verification-Dataset_tmp_tmpgbdrlnu__Dafny_from dafny main repo_dafny4_Primes.dfy,tptp,vampire,predicates,VERIFICATION_TIMED_OUT,44100,4
ground_truth,Program-Verification-Dataset_tmp_tmpgbdrlnu__Dafny_from dafny main repo_dafny4_Primes.dfy,tptp,vampire,arguments,VERIFICATION_TIMED_OUT,33933,4
ground_truth,Program-Verification-Dataset_tmp_tmpgbdrlnu__Dafny_from dafny main repo_dafny4_Primes.dfy,smtlib,vampire,monomorphic,VERIFICATION_TIMED_OUT,30798,4
ground_truth,Program-Verification-Dataset_tmp_tmpgbdrlnu__Dafny_from dafny main repo_dafny4_Primes.dfy,smtlib,vampire,predicates,VERIFICATION_TIMED_OUT,34870,4
ground_truth,Program-Verification-Dataset_tmp_tmpgbdrlnu__Dafny_from dafny main repo_dafny4_Primes.dfy,smtlib,vampire,arguments,VERIFICATION_TIMED_OUT,29909,4
ground_truth,Program-Verification-Dataset_tmp_tmpgbdrlnu__Dafny_from dafny main repo_dafny4_Primes.dfy,smtlib,z3,monomorphic,VERIFICATION_TIMED_OUT,17245,4
ground_truth,Program-Verification-Dataset_tmp_tmpgbdrlnu__Dafny_from dafny main repo_dafny4_Primes.dfy,smtlib,z3,predicates,VERIFICATION_TIMED_OUT,16877,4
ground_truth,Program-Verification-Dataset_tmp_tmpgbdrlnu__Dafny_from dafny main repo_dafny4_Primes.dfy,smtlib,z3,arguments,VERIFICATION_TIMED_OUT,16894,4
ground_truth,Software-Verification_tmp_tmpv4ueky2d_Valid Anagram_valid_anagram.dfy,tptp,vampire,polymorphic,VERIFICATION_TIMED_OUT,15463,4
ground_truth,Software-Verification_tmp_tmpv4ueky2d_Valid Anagram_valid_anagram.dfy,tptp,vampire,monomorphic,VERIFICATION_TIMED_OUT,15579,4
ground_truth,Software-Verification_tmp_tmpv4ueky2d_Valid Anagram_valid_anagram.dfy,tptp,vampire,predicates,VERIFICATION_TIMED_OUT,15634,4
ground_truth,Software-Verification_tmp_tmpv4ueky2d_Valid Anagram_valid_anagram.dfy,tptp,vampire,arguments,VERIFICATION_TIMED_OUT,15658,4
ground_truth,Software-Verification_tmp_tmpv4ueky2d_Valid Anagram_valid_anagram.dfy,smtlib,vampire,monomorphic,VERIFICATION_TIMED_OUT,16540,4
ground_truth,Software-Verification_tmp_tmpv4ueky2d_Valid Anagram_valid_anagram.dfy,smtlib,vampire,predicates,VERIFICATION_TIMED_OUT,15788,4
ground_truth,Software-Verification_tmp_tmpv4ueky2d_Valid Anagram_valid_anagram.dfy,smtlib,vampire,arguments,VERIFICATION_TIMED_OUT,15759,4
ground_truth,Software-Verification_tmp_tmpv4ueky2d_Valid Anagram_valid_anagram.dfy,smtlib,z3,monomorphic,VERIFIED,3610,0
ground_truth,Software-Verification_tmp_tmpv4ueky2d_Valid Anagram_valid_anagram.dfy,smtlib,z3,predicates,VERIFIED,9633,0
ground_truth,Software-Verification_tmp_tmpv4ueky2d_Valid Anagram_valid_anagram.dfy,smtlib,z3,arguments,VERIFIED,3797,0
ground_truth,specTesting_tmp_tmpueam35lx_examples_max_max.dfy,tptp,vampire,polymorphic,VERIFICATION_TIMED_OUT,15671,4
ground_truth,specTesting_tmp_tmpueam35lx_examples_max_max.dfy,tptp,vampire,monomorphic,VERIFICATION_TIMED_OUT,15808,4
ground_truth,specTesting_tmp_tmpueam35lx_examples_max_max.dfy,tptp,vampire,predicates,VERIFICATION_TIMED_OUT,16192,4
ground_truth,specTesting_tmp_tmpueam35lx_examples_max_max.dfy,tptp,vampire,arguments,VERIFICATION_TIMED_OUT,15717,4
ground_truth,specTesting_tmp_tmpueam35lx_examples_max_max.dfy,smtlib,vampire,monomorphic,VERIFICATION_TIMED_OUT,15931,4
ground_truth,specTesting_tmp_tmpueam35lx_examples_max_max.dfy,smtlib,vampire,predicates,VERIFICATION_TIMED_OUT,16038,4
ground_truth,specTesting_tmp_tmpueam35lx_examples_max_max.dfy,smtlib,vampire,arguments,VERIFIED,5352,0
ground_truth,specTesting_tmp_tmpueam35lx_examples_max_max.dfy,smtlib,z3,monomorphic,VERIFIED,2004,0
ground_truth,specTesting_tmp_tmpueam35lx_examples_max_max.dfy,smtlib,z3,predicates,VERIFIED,2439,0
ground_truth,specTesting_tmp_tmpueam35lx_examples_max_max.dfy,smtlib,z3,arguments,VERIFIED,2407,0
ground_truth,FlexWeek_tmp_tmpc_tfdj_3_ex4.dfy,tptp,vampire,polymorphic,VERIFICATION_TIMED_OUT,17109,4
ground_truth,FlexWeek_tmp_tmpc_tfdj_3_ex4.dfy,tptp,vampire,monomorphic,VERIFICATION_TIMED_OUT,15692,4
ground_truth,FlexWeek_tmp_tmpc_tfdj_3_ex4.dfy,tptp,vampire,predicates,VERIFICATION_TIMED_OUT,15749,4
ground_truth,FlexWeek_tmp_tmpc_tfdj_3_ex4.dfy,tptp,vampire,arguments,VERIFICATION_TIMED_OUT,15588,4
ground_truth,FlexWeek_tmp_tmpc_tfdj_3_ex4.dfy,smtlib,vampire,monomorphic,VERIFICATION_TIMED_OUT,15539,4
ground_truth,FlexWeek_tmp_tmpc_tfdj_3_ex4.dfy,smtlib,vampire,predicates,VERIFICATION_TIMED_OUT,15535,4
ground_truth,FlexWeek_tmp_tmpc_tfdj_3_ex4.dfy,smtlib,vampire,arguments,VERIFICATION_TIMED_OUT,15456,4
ground_truth,FlexWeek_tmp_tmpc_tfdj_3_ex4.dfy,smtlib,z3,monomorphic,VERIFIED,7866,0
ground_truth,FlexWeek_tmp_tmpc_tfdj_3_ex4.dfy,smtlib,z3,predicates,VERIFICATION_TIMED_OUT,16785,4
ground_truth,FlexWeek_tmp_tmpc_tfdj_3_ex4.dfy,smtlib,z3,arguments,VERIFICATION_TIMED_OUT,16692,4
ground_truth,Dafny_Verify_tmp_tmphq7j0row_Generated_Code_Count.dfy,tptp,vampire,polymorphic,VERIFICATION_TIMED_OUT,15539,4
ground_truth,Dafny_Verify_tmp_tmphq7j0row_Generated_Code_Count.dfy,tptp,vampire,monomorphic,VERIFICATION_TIMED_OUT,15627,4
ground_truth,Dafny_Verify_tmp_tmphq7j0row_Generated_Code_Count.dfy,tptp,vampire,predicates,VERIFICATION_TIMED_OUT,15525,4
ground_truth,Dafny_Verify_tmp_tmphq7j0row_Generated_Code_Count.dfy,tptp,vampire,arguments,VERIFICATION_TIMED_OUT,15492,4
ground_truth,Dafny_Verify_tmp_tmphq7j0row_Generated_Code_Count.dfy,smtlib,vampire,monomorphic,VERIFICATION_TIMED_OUT,15412,4
ground_truth,Dafny_Verify_tmp_tmphq7j0row_Generated_Code_Count.dfy,smtlib,vampire,predicates,VERIFICATION_TIMED_OUT,15402,4
ground_truth,Dafny_Verify_tmp_tmphq7j0row_Generated_Code_Count.dfy,smtlib,vampire,arguments,VERIFICATION_TIMED_OUT,15401,4
ground_truth,Dafny_Verify_tmp_tmphq7j0row_Generated_Code_Count.dfy,smtlib,z3,monomorphic,VERIFIED,1649,0
ground_truth,Dafny_Verify_tmp_tmphq7j0row_Generated_Code_Count.dfy,smtlib,z3,predicates,VERIFIED,1723,0
ground_truth,Dafny_Verify_tmp_tmphq7j0row_Generated_Code_Count.dfy,smtlib,z3,arguments,VERIFIED,1623,0
ground_truth,Dafny_Learning_Experience_tmp_tmpuxvcet_u_week1_7_MaxSum.dfy,tptp,vampire,polymorphic,VERIFIED,1469,0
ground_truth,Dafny_Learning_Experience_tmp_tmpuxvcet_u_week1_7_MaxSum.dfy,tptp,vampire,monomorphic,VERIFIED,1648,0
ground_truth,Dafny_Learning_Experience_tmp_tmpuxvcet_u_week1_7_MaxSum.dfy,tptp,vampire,predicates,VERIFIED,1617,0
ground_truth,Dafny_Learning_Experience_tmp_tmpuxvcet_u_week1_7_MaxSum.dfy,tptp,vampire,arguments,VERIFIED,1631,0
ground_truth,Dafny_Learning_Experience_tmp_tmpuxvcet_u_week1_7_MaxSum.dfy,smtlib,vampire,monomorphic,VERIFIED,1584,0
ground_truth,Dafny_Learning_Experience_tmp_tmpuxvcet_u_week1_7_MaxSum.dfy,smtlib,vampire,predicates,VERIFIED,1456,0
ground_truth,Dafny_Learning_Experience_tmp_tmpuxvcet_u_week1_7_MaxSum.dfy,smtlib,vampire,arguments,VERIFIED,1441,0
ground_truth,Dafny_Learning_Experience_tmp_tmpuxvcet_u_week1_7_MaxSum.dfy,smtlib,z3,monomorphic,VERIFIED,1595,0
ground_truth,Dafny_Learning_Experience_tmp_tmpuxvcet_u_week1_7_MaxSum.dfy,smtlib,z3,predicates,VERIFIED,1459,0
ground_truth,Dafny_Learning_Experience_tmp_tmpuxvcet_u_week1_7_MaxSum.dfy,smtlib,z3,arguments,VERIFIED,1401,0
ground_truth,Dafny_Verify_tmp_tmphq7j0row_Generated_Code_rand.dfy,tptp,vampire,polymorphic,VERIFIED,1462,0
ground_truth,Dafny_Verify_tmp_tmphq7j0row_Generated_Code_rand.dfy,tptp,vampire,monomorphic,VERIFIED,1566,0
ground_truth,Dafny_Verify_tmp_tmphq7j0row_Generated_Code_rand.dfy,tptp,vampire,predicates,VERIFIED,1475,0
ground_truth,Dafny_Verify_tmp_tmphq7j0row_Generated_Code_rand.dfy,tptp,vampire,arguments,VERIFIED,1482,0
ground_truth,Dafny_Verify_tmp_tmphq7j0row_Generated_Code_rand.dfy,smtlib,vampire,monomorphic,VERIFIED,1504,0
ground_truth,Dafny_Verify_tmp_tmphq7j0row_Generated_Code_rand.dfy,smtlib,vampire,predicates,VERIFIED,1418,0
ground_truth,Dafny_Verify_tmp_tmphq7j0row_Generated_Code_rand.dfy,smtlib,vampire,arguments,VERIFIED,1393,0
ground_truth,Dafny_Verify_tmp_tmphq7j0row_Generated_Code_rand.dfy,smtlib,z3,monomorphic,VERIFIED,1454,0
ground_truth,Dafny_Verify_tmp_tmphq7j0row_Generated_Code_rand.dfy,smtlib,z3,predicates,VERIFIED,1343,0
ground_truth,Dafny_Verify_tmp_tmphq7j0row_Generated_Code_rand.dfy,smtlib,z3,arguments,VERIFIED,1405,0
ground_truth,t1_MF_tmp_tmpi_sqie4j_exemplos_colecoes_sequences_ex3.dfy,tptp,vampire,polymorphic,VERIFICATION_TIMED_OUT,15492,4
ground_truth,t1_MF_tmp_tmpi_sqie4j_exemplos_colecoes_sequences_ex3.dfy,tptp,vampire,monomorphic,VERIFICATION_TIMED_OUT,15631,4
ground_truth,t1_MF_tmp_tmpi_sqie4j_exemplos_colecoes_sequences_ex3.dfy,tptp,vampire,predicates,VERIFICATION_TIMED_OUT,15435,4
ground_truth,t1_MF_tmp_tmpi_sqie4j_exemplos_colecoes_sequences_ex3.dfy,tptp,vampire,arguments,VERIFICATION_TIMED_OUT,15525,4
ground_truth,t1_MF_tmp_tmpi_sqie4j_exemplos_colecoes_sequences_ex3.dfy,smtlib,vampire,monomorphic,VERIFICATION_TIMED_OUT,15563,4
ground_truth,t1_MF_tmp_tmpi_sqie4j_exemplos_colecoes_sequences_ex3.dfy,smtlib,vampire,predicates,VERIFICATION_TIMED_OUT,15679,4
ground_truth,t1_MF_tmp_tmpi_sqie4j_exemplos_colecoes_sequences_ex3.dfy,smtlib,vampire,arguments,VERIFICATION_TIMED_OUT,15765,4
ground_truth,t1_MF_tmp_tmpi_sqie4j_exemplos_colecoes_sequences_ex3.dfy,smtlib,z3,monomorphic,VERIFIED,1835,0
ground_truth,t1_MF_tmp_tmpi_sqie4j_exemplos_colecoes_sequences_ex3.dfy,smtlib,z3,predicates,VERIFIED,1927,0
ground_truth,t1_MF_tmp_tmpi_sqie4j_exemplos_colecoes_sequences_ex3.dfy,smtlib,z3,arguments,VERIFIED,1673,0
ground_truth,Clover_update_map.dfy,tptp,vampire,polymorphic,VERIFIED,2272,0
ground_truth,Clover_update_map.dfy,tptp,vampire,monomorphic,VERIFIED,1839,0
ground_truth,Clover_update_map.dfy,tptp,vampire,predicates,VERIFICATION_TIMED_OUT,15767,4
ground_truth,Clover_update_map.dfy,tptp,vampire,arguments,VERIFIED,3154,0
ground_truth,Clover_update_map.dfy,smtlib,vampire,monomorphic,VERIFIED,9364,0
ground_truth,Clover_update_map.dfy,smtlib,vampire,predicates,VERIFICATION_TIMED_OUT,16181,4
ground_truth,Clover_update_map.dfy,smtlib,vampire,arguments,VERIFIED,1594,0
ground_truth,Clover_update_map.dfy,smtlib,z3,monomorphic,VERIFIED,1701,0
ground_truth,Clover_update_map.dfy,smtlib,z3,predicates,VERIFIED,1592,0
ground_truth,Clover_update_map.dfy,smtlib,z3,arguments,VERIFIED,1602,0
ground_truth,Software-Verification_tmp_tmpv4ueky2d_Longest Increasing Subsequence_longest_increasing_subsequence.dfy,tptp,vampire,polymorphic,VERIFICATION_TIMED_OUT,15682,4
ground_truth,Software-Verification_tmp_tmpv4ueky2d_Longest Increasing Subsequence_longest_increasing_subsequence.dfy,tptp,vampire,monomorphic,VERIFICATION_TIMED_OUT,15904,4
ground_truth,Software-Verification_tmp_tmpv4ueky2d_Longest Increasing Subsequence_longest_increasing_subsequence.dfy,tptp,vampire,predicates,VERIFICATION_TIMED_OUT,15692,4
ground_truth,Software-Verification_tmp_tmpv4ueky2d_Longest Increasing Subsequence_longest_increasing_subsequence.dfy,tptp,vampire,arguments,VERIFICATION_TIMED_OUT,15630,4
ground_truth,Software-Verification_tmp_tmpv4ueky2d_Longest Increasing Subsequence_longest_increasing_subsequence.dfy,smtlib,vampire,monomorphic,VERIFICATION_TIMED_OUT,15798,4
ground_truth,Software-Verification_tmp_tmpv4ueky2d_Longest Increasing Subsequence_longest_increasing_subsequence.dfy,smtlib,vampire,predicates,VERIFICATION_TIMED_OUT,15627,4
ground_truth,Software-Verification_tmp_tmpv4ueky2d_Longest Increasing Subsequence_longest_increasing_subsequence.dfy,smtlib,vampire,arguments,VERIFICATION_TIMED_OUT,15606,4
ground_truth,Software-Verification_tmp_tmpv4ueky2d_Longest Increasing Subsequence_longest_increasing_subsequence.dfy,smtlib,z3,monomorphic,VERIFIED,1849,0
ground_truth,Software-Verification_tmp_tmpv4ueky2d_Longest Increasing Subsequence_longest_increasing_subsequence.dfy,smtlib,z3,predicates,VERIFIED,1795,0
ground_truth,Software-Verification_tmp_tmpv4ueky2d_Longest Increasing Subsequence_longest_increasing_subsequence.dfy,smtlib,z3,arguments,VERIFIED,1690,0
ground_truth,groupTheory_tmp_tmppmmxvu8h_assignment1.dfy,tptp,vampire,polymorphic,VERIFIED,3925,0
ground_truth,groupTheory_tmp_tmppmmxvu8h_assignment1.dfy,tptp,vampire,monomorphic,VERIFIED,5388,0
ground_truth,groupTheory_tmp_tmppmmxvu8h_assignment1.dfy,tptp,vampire,predicates,VERIFICATION_TIMED_OUT,15726,4
ground_truth,groupTheory_tmp_tmppmmxvu8h_assignment1.dfy,tptp,vampire,arguments,VERIFICATION_TIMED_OUT,15732,4
ground_truth,groupTheory_tmp_tmppmmxvu8h_assignment1.dfy,smtlib,vampire,monomorphic,VERIFIED,6182,0
ground_truth,groupTheory_tmp_tmppmmxvu8h_assignment1.dfy,smtlib,vampire,predicates,VERIFICATION_TIMED_OUT,15680,4
ground_truth,groupTheory_tmp_tmppmmxvu8h_assignment1.dfy,smtlib,vampire,arguments,VERIFICATION_TIMED_OUT,15575,4
ground_truth,groupTheory_tmp_tmppmmxvu8h_assignment1.dfy,smtlib,z3,monomorphic,VERIFIED,1810,0
ground_truth,groupTheory_tmp_tmppmmxvu8h_assignment1.dfy,smtlib,z3,predicates,VERIFIED,1747,0
ground_truth,groupTheory_tmp_tmppmmxvu8h_assignment1.dfy,smtlib,z3,arguments,VERIFIED,1671,0
ground_truth,dafny-exercise_tmp_tmpouftptir_reverse.dfy,tptp,vampire,polymorphic,VERIFICATION_TIMED_OUT,15638,4
ground_truth,dafny-exercise_tmp_tmpouftptir_reverse.dfy,tptp,vampire,monomorphic,VERIFICATION_TIMED_OUT,15702,4
ground_truth,dafny-exercise_tmp_tmpouftptir_reverse.dfy,tptp,vampire,predicates,VERIFICATION_TIMED_OUT,15642,4
ground_truth,dafny-exercise_tmp_tmpouftptir_reverse.dfy,tptp,vampire,arguments,VERIFICATION_TIMED_OUT,15695,4
ground_truth,dafny-exercise_tmp_tmpouftptir_reverse.dfy,smtlib,vampire,monomorphic,VERIFICATION_TIMED_OUT,15556,4
ground_truth,dafny-exercise_tmp_tmpouftptir_reverse.dfy,smtlib,vampire,predicates,VERIFICATION_TIMED_OUT,15485,4
ground_truth,dafny-exercise_tmp_tmpouftptir_reverse.dfy,smtlib,vampire,arguments,VERIFICATION_TIMED_OUT,15511,4
ground_truth,dafny-exercise_tmp_tmpouftptir_reverse.dfy,smtlib,z3,monomorphic,VERIFIED,1967,0
ground_truth,dafny-exercise_tmp_tmpouftptir_reverse.dfy,smtlib,z3,predicates,VERIFIED,1961,0
ground_truth,dafny-exercise_tmp_tmpouftptir_reverse.dfy,smtlib,z3,arguments,VERIFIED,1788,0
ground_truth,dafny-synthesis_task_id_809.dfy,tptp,vampire,polymorphic,VERIFIED,2690,0
ground_truth,dafny-synthesis_task_id_809.dfy,tptp,vampire,monomorphic,VERIFIED,2958,0
ground_truth,dafny-synthesis_task_id_809.dfy,tptp,vampire,predicates,VERIFICATION_TIMED_OUT,15735,4
ground_truth,dafny-synthesis_task_id_809.dfy,tptp,vampire,arguments,VERIFIED,3862,0
ground_truth,dafny-synthesis_task_id_809.dfy,smtlib,vampire,monomorphic,VERIFIED,2706,0
ground_truth,dafny-synthesis_task_id_809.dfy,smtlib,vampire,predicates,VERIFIED,3800,0
ground_truth,dafny-synthesis_task_id_809.dfy,smtlib,vampire,arguments,VERIFIED,4564,0
ground_truth,dafny-synthesis_task_id_809.dfy,smtlib,z3,monomorphic,VERIFIED,1749,0
ground_truth,dafny-synthesis_task_id_809.dfy,smtlib,z3,predicates,VERIFIED,1665,0
ground_truth,dafny-synthesis_task_id_809.dfy,smtlib,z3,arguments,VERIFIED,1607,0
ground_truth,dafny-duck_tmp_tmplawbgxjo_p3.dfy,tptp,vampire,polymorphic,VERIFICATION_TIMED_OUT,15636,4
ground_truth,dafny-duck_tmp_tmplawbgxjo_p3.dfy,tptp,vampire,monomorphic,VERIFICATION_TIMED_OUT,15722,4
ground_truth,dafny-duck_tmp_tmplawbgxjo_p3.dfy,tptp,vampire,predicates,VERIFICATION_TIMED_OUT,15850,4
ground_truth,dafny-duck_tmp_tmplawbgxjo_p3.dfy,tptp,vampire,arguments,VERIFICATION_TIMED_OUT,15796,4
ground_truth,dafny-duck_tmp_tmplawbgxjo_p3.dfy,smtlib,vampire,monomorphic,VERIFICATION_TIMED_OUT,15627,4
ground_truth,dafny-duck_tmp_tmplawbgxjo_p3.dfy,smtlib,vampire,predicates,VERIFICATION_TIMED_OUT,15529,4
ground_truth,dafny-duck_tmp_tmplawbgxjo_p3.dfy,smtlib,vampire,arguments,VERIFICATION_TIMED_OUT,15447,4
ground_truth,dafny-duck_tmp_tmplawbgxjo_p3.dfy,smtlib,z3,monomorphic,VERIFIED,1758,0
ground_truth,dafny-duck_tmp_tmplawbgxjo_p3.dfy,smtlib,z3,predicates,VERIFIED,1776,0
ground_truth,dafny-duck_tmp_tmplawbgxjo_p3.dfy,smtlib,z3,arguments,VERIFIED,1764,0
ground_truth,Software-Verification_tmp_tmpv4ueky2d_Contains Duplicate_contains_duplicate.dfy,tptp,vampire,polymorphic,VERIFICATION_TIMED_OUT,15749,4
ground_truth,Software-Verification_tmp_tmpv4ueky2d_Contains Duplicate_contains_duplicate.dfy,tptp,vampire,monomorphic,VERIFICATION_TIMED_OUT,15668,4
ground_truth,Software-Verification_tmp_tmpv4ueky2d_Contains Duplicate_contains_duplicate.dfy,tptp,vampire,predicates,VERIFICATION_TIMED_OUT,15600,4
ground_truth,Software-Verification_tmp_tmpv4ueky2d_Contains Duplicate_contains_duplicate.dfy,tptp,vampire,arguments,VERIFICATION_TIMED_OUT,15625,4
ground_truth,Software-Verification_tmp_tmpv4ueky2d_Contains Duplicate_contains_duplicate.dfy,smtlib,vampire,monomorphic,VERIFIED,3806,0
ground_truth,Software-Verification_tmp_tmpv4ueky2d_Contains Duplicate_contains_duplicate.dfy,smtlib,vampire,predicates,VERIFICATION_TIMED_OUT,15468,4
ground_truth,Software-Verification_tmp_tmpv4ueky2d_Contains Duplicate_contains_duplicate.dfy,smtlib,vampire,arguments,VERIFICATION_TIMED_OUT,15498,4
ground_truth,Software-Verification_tmp_tmpv4ueky2d_Contains Duplicate_contains_duplicate.dfy,smtlib,z3,monomorphic,VERIFIED,1752,0
ground_truth,Software-Verification_tmp_tmpv4ueky2d_Contains Duplicate_contains_duplicate.dfy,smtlib,z3,predicates,VERIFIED,1702,0
ground_truth,Software-Verification_tmp_tmpv4ueky2d_Contains Duplicate_contains_duplicate.dfy,smtlib,z3,arguments,VERIFIED,1676,0
ground_truth,Dafny-VMC_tmp_tmpzgqv0i1u_src_Math_Helper.dfy,tptp,vampire,polymorphic,VERIFICATION_TIMED_OUT,36977,4
ground_truth,Dafny-VMC_tmp_tmpzgqv0i1u_src_Math_Helper.dfy,tptp,vampire,monomorphic,VERIFICATION_TIMED_OUT,33914,4
ground_truth,Dafny-VMC_tmp_tmpzgqv0i1u_src_Math_Helper.dfy,tptp,vampire,predicates,VERIFICATION_TIMED_OUT,57791,4
ground_truth,Dafny-VMC_tmp_tmpzgqv0i1u_src_Math_Helper.dfy,tptp,vampire,arguments,VERIFICATION_TIMED_OUT,46479,4
ground_truth,Dafny-VMC_tmp_tmpzgqv0i1u_src_Math_Helper.dfy,smtlib,vampire,monomorphic,VERIFICATION_TIMED_OUT,25010,4
ground_truth,Dafny-VMC_tmp_tmpzgqv0i1u_src_Math_Helper.dfy,smtlib,vampire,predicates,VERIFICATION_TIMED_OUT,33343,4
ground_truth,Dafny-VMC_tmp_tmpzgqv0i1u_src_Math_Helper.dfy,smtlib,vampire,arguments,VERIFICATION_TIMED_OUT,29994,4
ground_truth,Dafny-VMC_tmp_tmpzgqv0i1u_src_Math_Helper.dfy,smtlib,z3,monomorphic,VERIFIED,2711,0
ground_truth,Dafny-VMC_tmp_tmpzgqv0i1u_src_Math_Helper.dfy,smtlib,z3,predicates,VERIFIED,1939,0
ground_truth,Dafny-VMC_tmp_tmpzgqv0i1u_src_Math_Helper.dfy,smtlib,z3,arguments,VERIFIED,1909,0
ground_truth,dafny-synthesis_task_id_587.dfy,tptp,vampire,polymorphic,VERIFIED,7458,0
ground_truth,dafny-synthesis_task_id_587.dfy,tptp,vampire,monomorphic,VERIFICATION_TIMED_OUT,15822,4
ground_truth,dafny-synthesis_task_id_587.dfy,tptp,vampire,predicates,VERIFICATION_TIMED_OUT,15748,4
ground_truth,dafny-synthesis_task_id_587.dfy,tptp,vampire,arguments,VERIFICATION_TIMED_OUT,15532,4
ground_truth,dafny-synthesis_task_id_587.dfy,smtlib,vampire,monomorphic,VERIFIED,3765,0
ground_truth,dafny-synthesis_task_id_587.dfy,smtlib,vampire,predicates,VERIFICATION_TIMED_OUT,15454,4
ground_truth,dafny-synthesis_task_id_587.dfy,smtlib,vampire,arguments,VERIFIED,3544,0
ground_truth,dafny-synthesis_task_id_587.dfy,smtlib,z3,monomorphic,VERIFIED,1619,0
ground_truth,dafny-synthesis_task_id_587.dfy,smtlib,z3,predicates,VERIFIED,1627,0
ground_truth,dafny-synthesis_task_id_587.dfy,smtlib,z3,arguments,VERIFIED,1538,0
ground_truth,dafny-synthesis_task_id_257.dfy,tptp,vampire,polymorphic,VERIFIED,1473,0
ground_truth,dafny-synthesis_task_id_257.dfy,tptp,vampire,monomorphic,VERIFIED,1620,0
ground_truth,dafny-synthesis_task_id_257.dfy,tptp,vampire,predicates,VERIFIED,3029,0
ground_truth,dafny-synthesis_task_id_257.dfy,tptp,vampire,arguments,VERIFIED,1509,0
ground_truth,dafny-synthesis_task_id_257.dfy,smtlib,vampire,monomorphic,VERIFIED,1483,0
ground_truth,dafny-synthesis_task_id_257.dfy,smtlib,vampire,predicates,VERIFIED,2953,0
ground_truth,dafny-synthesis_task_id_257.dfy,smtlib,vampire,arguments,VERIFIED,1401,0
ground_truth,dafny-synthesis_task_id_257.dfy,smtlib,z3,monomorphic,VERIFIED,1458,0
ground_truth,dafny-synthesis_task_id_257.dfy,smtlib,z3,predicates,VERIFIED,1428,0
ground_truth,dafny-synthesis_task_id_257.dfy,smtlib,z3,arguments,VERIFIED,1395,0
ground_truth,CS494-final-project_tmp_tmp7nof55uq_bubblesort.dfy,tptp,vampire,polymorphic,VERIFICATION_TIMED_OUT,15627,4
ground_truth,CS494-final-project_tmp_tmp7nof55uq_bubblesort.dfy,tptp,vampire,monomorphic,VERIFICATION_TIMED_OUT,15838,4
ground_truth,CS494-final-project_tmp_tmp7nof55uq_bubblesort.dfy,tptp,vampire,predicates,VERIFICATION_TIMED_OUT,15717,4
ground_truth,CS494-final-project_tmp_tmp7nof55uq_bubblesort.dfy,tptp,vampire,arguments,VERIFICATION_TIMED_OUT,15643,4
ground_truth,CS494-final-project_tmp_tmp7nof55uq_bubblesort.dfy,smtlib,vampire,monomorphic,VERIFICATION_TIMED_OUT,15617,4
ground_truth,CS494-final-project_tmp_tmp7nof55uq_bubblesort.dfy,smtlib,vampire,predicates,VERIFICATION_TIMED_OUT,15521,4
ground_truth,CS494-final-project_tmp_tmp7nof55uq_bubblesort.dfy,smtlib,vampire,arguments,VERIFICATION_TIMED_OUT,15500,4
ground_truth,CS494-final-project_tmp_tmp7nof55uq_bubblesort.dfy,smtlib,z3,monomorphic,VERIFIED,5439,0
ground_truth,CS494-final-project_tmp_tmp7nof55uq_bubblesort.dfy,smtlib,z3,predicates,VERIFIED,3687,0
ground_truth,CS494-final-project_tmp_tmp7nof55uq_bubblesort.dfy,smtlib,z3,arguments,VERIFIED,2445,0
ground_truth,dafny-synthesis_task_id_441.dfy,tptp,vampire,polymorphic,VERIFIED,1426,0
ground_truth,dafny-synthesis_task_id_441.dfy,tptp,vampire,monomorphic,VERIFIED,1517,0
ground_truth,dafny-synthesis_task_id_441.dfy,tptp,vampire,predicates,VERIFIED,1445,0
ground_truth,dafny-synthesis_task_id_441.dfy,tptp,vampire,arguments,VERIFIED,1472,0
ground_truth,dafny-synthesis_task_id_441.dfy,smtlib,vampire,monomorphic,VERIFIED,1445,0
ground_truth,dafny-synthesis_task_id_441.dfy,smtlib,vampire,predicates,VERIFIED,1385,0
ground_truth,dafny-synthesis_task_id_441.dfy,smtlib,vampire,arguments,VERIFIED,1395,0
ground_truth,dafny-synthesis_task_id_441.dfy,smtlib,z3,monomorphic,VERIFIED,1486,0
ground_truth,dafny-synthesis_task_id_441.dfy,smtlib,z3,predicates,VERIFIED,1362,0
ground_truth,dafny-synthesis_task_id_441.dfy,smtlib,z3,arguments,VERIFIED,1356,0
ground_truth,FlexWeek_tmp_tmpc_tfdj_3_ex3.dfy,tptp,vampire,polymorphic,VERIFICATION_TIMED_OUT,15569,4
ground_truth,FlexWeek_tmp_tmpc_tfdj_3_ex3.dfy,tptp,vampire,monomorphic,VERIFICATION_TIMED_OUT,15958,4
ground_truth,FlexWeek_tmp_tmpc_tfdj_3_ex3.dfy,tptp,vampire,predicates,VERIFICATION_TIMED_OUT,15625,4
ground_truth,FlexWeek_tmp_tmpc_tfdj_3_ex3.dfy,tptp,vampire,arguments,VERIFICATION_TIMED_OUT,15724,4
ground_truth,FlexWeek_tmp_tmpc_tfdj_3_ex3.dfy,smtlib,vampire,monomorphic,VERIFICATION_TIMED_OUT,15634,4
ground_truth,FlexWeek_tmp_tmpc_tfdj_3_ex3.dfy,smtlib,vampire,predicates,VERIFICATION_TIMED_OUT,15417,4
ground_truth,FlexWeek_tmp_tmpc_tfdj_3_ex3.dfy,smtlib,vampire,arguments,VERIFICATION_TIMED_OUT,15454,4
ground_truth,FlexWeek_tmp_tmpc_tfdj_3_ex3.dfy,smtlib,z3,monomorphic,VERIFIED,1683,0
ground_truth,FlexWeek_tmp_tmpc_tfdj_3_ex3.dfy,smtlib,z3,predicates,VERIFIED,1707,0
ground_truth,FlexWeek_tmp_tmpc_tfdj_3_ex3.dfy,smtlib,z3,arguments,VERIFIED,1652,0
ground_truth,verified-isort_tmp_tmp7hhb8ei__dafny_isort.dfy,tptp,vampire,polymorphic,VERIFIED,3214,0
ground_truth,verified-isort_tmp_tmp7hhb8ei__dafny_isort.dfy,tptp,vampire,monomorphic,VERIFIED,2603,0
ground_truth,verified-isort_tmp_tmp7hhb8ei__dafny_isort.dfy,tptp,vampire,predicates,VERIFICATION_TIMED_OUT,15630,4
ground_truth,verified-isort_tmp_tmp7hhb8ei__dafny_isort.dfy,tptp,vampire,arguments,VERIFIED,3352,0
ground_truth,verified-isort_tmp_tmp7hhb8ei__dafny_isort.dfy,smtlib,vampire,monomorphic,VERIFIED,3378,0
ground_truth,verified-isort_tmp_tmp7hhb8ei__dafny_isort.dfy,smtlib,vampire,predicates,VERIFICATION_TIMED_OUT,15367,4
ground_truth,verified-isort_tmp_tmp7hhb8ei__dafny_isort.dfy,smtlib,vampire,arguments,VERIFIED,3422,0
ground_truth,verified-isort_tmp_tmp7hhb8ei__dafny_isort.dfy,smtlib,z3,monomorphic,VERIFIED,1666,0
ground_truth,verified-isort_tmp_tmp7hhb8ei__dafny_isort.dfy,smtlib,z3,predicates,VERIFIED,2088,0
ground_truth,verified-isort_tmp_tmp7hhb8ei__dafny_isort.dfy,smtlib,z3,arguments,VERIFIED,1788,0
ground_truth,dafny_examples_tmp_tmp8qotd4ez_test_shuffle.dfy,tptp,vampire,polymorphic,VERIFICATION_TIMED_OUT,16149,4
ground_truth,dafny_examples_tmp_tmp8qotd4ez_test_shuffle.dfy,tptp,vampire,monomorphic,VERIFICATION_TIMED_OUT,16747,4
ground_truth,dafny_examples_tmp_tmp8qotd4ez_test_shuffle.dfy,tptp,vampire,predicates,VERIFICATION_TIMED_OUT,15983,4
ground_truth,dafny_examples_tmp_tmp8qotd4ez_test_shuffle.dfy,tptp,vampire,arguments,VERIFICATION_TIMED_OUT,16305,4
ground_truth,dafny_examples_tmp_tmp8qotd4ez_test_shuffle.dfy,smtlib,vampire,monomorphic,VERIFICATION_TIMED_OUT,16444,4
ground_truth,dafny_examples_tmp_tmp8qotd4ez_test_shuffle.dfy,smtlib,vampire,predicates,VERIFICATION_TIMED_OUT,16587,4
ground_truth,dafny_examples_tmp_tmp8qotd4ez_test_shuffle.dfy,smtlib,vampire,arguments,VERIFICATION_TIMED_OUT,16917,4
ground_truth,dafny_examples_tmp_tmp8qotd4ez_test_shuffle.dfy,smtlib,z3,monomorphic,VERIFIED,1827,0
ground_truth,dafny_examples_tmp_tmp8qotd4ez_test_shuffle.dfy,smtlib,z3,predicates,VERIFIED,1819,0
ground_truth,dafny_examples_tmp_tmp8qotd4ez_test_shuffle.dfy,smtlib,z3,arguments,VERIFIED,1871,0
ground_truth,CSC8204-Dafny_tmp_tmp11yhjb53_stack.dfy,tptp,vampire,polymorphic,VERIFICATION_TIMED_OUT,15675,4
ground_truth,CSC8204-Dafny_tmp_tmp11yhjb53_stack.dfy,tptp,vampire,monomorphic,VERIFICATION_TIMED_OUT,15687,4
ground_truth,CSC8204-Dafny_tmp_tmp11yhjb53_stack.dfy,tptp,vampire,predicates,VERIFICATION_TIMED_OUT,16327,4
ground_truth,CSC8204-Dafny_tmp_tmp11yhjb53_stack.dfy,tptp,vampire,arguments,VERIFICATION_TIMED_OUT,15547,4
ground_truth,CSC8204-Dafny_tmp_tmp11yhjb53_stack.dfy,smtlib,vampire,monomorphic,VERIFICATION_TIMED_OUT,15539,4
ground_truth,CSC8204-Dafny_tmp_tmp11yhjb53_stack.dfy,smtlib,vampire,predicates,VERIFICATION_TIMED_OUT,15503,4
ground_truth,CSC8204-Dafny_tmp_tmp11yhjb53_stack.dfy,smtlib,vampire,arguments,VERIFIED,3845,0
ground_truth,CSC8204-Dafny_tmp_tmp11yhjb53_stack.dfy,smtlib,z3,monomorphic,VERIFIED,1598,0
ground_truth,CSC8204-Dafny_tmp_tmp11yhjb53_stack.dfy,smtlib,z3,predicates,VERIFIED,1593,0
ground_truth,CSC8204-Dafny_tmp_tmp11yhjb53_stack.dfy,smtlib,z3,arguments,VERIFIED,1681,0
ground_truth,dafny-synthesis_task_id_461.dfy,tptp,vampire,polymorphic,VERIFIED,1679,0
ground_truth,dafny-synthesis_task_id_461.dfy,tptp,vampire,monomorphic,VERIFIED,1812,0
ground_truth,dafny-synthesis_task_id_461.dfy,tptp,vampire,predicates,VERIFIED,1732,0
ground_truth,dafny-synthesis_task_id_461.dfy,tptp,vampire,arguments,VERIFIED,1744,0
ground_truth,dafny-synthesis_task_id_461.dfy,smtlib,vampire,monomorphic,VERIFIED,1656,0
ground_truth,dafny-synthesis_task_id_461.dfy,smtlib,vampire,predicates,VERIFIED,1564,0
ground_truth,dafny-synthesis_task_id_461.dfy,smtlib,vampire,arguments,VERIFIED,1681,0
ground_truth,dafny-synthesis_task_id_461.dfy,smtlib,z3,monomorphic,VERIFIED,1716,0
ground_truth,dafny-synthesis_task_id_461.dfy,smtlib,z3,predicates,VERIFIED,1633,0
ground_truth,dafny-synthesis_task_id_461.dfy,smtlib,z3,arguments,VERIFIED,1722,0
ground_truth,Dafny_tmp_tmpmvs2dmry_examples2.dfy,tptp,vampire,polymorphic,VERIFICATION_TIMED_OUT,15748,4
ground_truth,Dafny_tmp_tmpmvs2dmry_examples2.dfy,tptp,vampire,monomorphic,VERIFICATION_TIMED_OUT,16548,4
ground_truth,Dafny_tmp_tmpmvs2dmry_examples2.dfy,tptp,vampire,predicates,VERIFICATION_TIMED_OUT,29966,4
ground_truth,Dafny_tmp_tmpmvs2dmry_examples2.dfy,tptp,vampire,arguments,VERIFICATION_TIMED_OUT,18187,4
ground_truth,Dafny_tmp_tmpmvs2dmry_examples2.dfy,smtlib,vampire,monomorphic,VERIFICATION_TIMED_OUT,16482,4
ground_truth,Dafny_tmp_tmpmvs2dmry_examples2.dfy,smtlib,vampire,predicates,VERIFICATION_TIMED_OUT,15712,4
ground_truth,Dafny_tmp_tmpmvs2dmry_examples2.dfy,smtlib,vampire,arguments,VERIFICATION_TIMED_OUT,15608,4
ground_truth,Dafny_tmp_tmpmvs2dmry_examples2.dfy,smtlib,z3,monomorphic,VERIFIED,1769,0
ground_truth,Dafny_tmp_tmpmvs2dmry_examples2.dfy,smtlib,z3,predicates,VERIFIED,1775,0
ground_truth,Dafny_tmp_tmpmvs2dmry_examples2.dfy,smtlib,z3,arguments,VERIFIED,2275,0
ground_truth,dafny_misc_tmp_tmpg4vzlnm1_rosetta_code_fibonacci_sequence.dfy,tptp,vampire,polymorphic,VERIFICATION_TIMED_OUT,15570,4
ground_truth,dafny_misc_tmp_tmpg4vzlnm1_rosetta_code_fibonacci_sequence.dfy,tptp,vampire,monomorphic,VERIFICATION_TIMED_OUT,16411,4
ground_truth,dafny_misc_tmp_tmpg4vzlnm1_rosetta_code_fibonacci_sequence.dfy,tptp,vampire,predicates,VERIFICATION_TIMED_OUT,15966,4
ground_truth,dafny_misc_tmp_tmpg4vzlnm1_rosetta_code_fibonacci_sequence.dfy,tptp,vampire,arguments,VERIFICATION_TIMED_OUT,15617,4
ground_truth,dafny_misc_tmp_tmpg4vzlnm1_rosetta_code_fibonacci_sequence.dfy,smtlib,vampire,monomorphic,VERIFICATION_TIMED_OUT,15634,4
ground_truth,dafny_misc_tmp_tmpg4vzlnm1_rosetta_code_fibonacci_sequence.dfy,smtlib,vampire,predicates,VERIFICATION_TIMED_OUT,16664,4
ground_truth,dafny_misc_tmp_tmpg4vzlnm1_rosetta_code_fibonacci_sequence.dfy,smtlib,vampire,arguments,VERIFICATION_TIMED_OUT,15668,4
ground_truth,dafny_misc_tmp_tmpg4vzlnm1_rosetta_code_fibonacci_sequence.dfy,smtlib,z3,monomorphic,VERIFIED,1742,0
ground_truth,dafny_misc_tmp_tmpg4vzlnm1_rosetta_code_fibonacci_sequence.dfy,smtlib,z3,predicates,VERIFIED,1860,0
ground_truth,dafny_misc_tmp_tmpg4vzlnm1_rosetta_code_fibonacci_sequence.dfy,smtlib,z3,arguments,VERIFIED,2533,0
ground_truth,dafny-synthesis_task_id_284.dfy,tptp,vampire,polymorphic,VERIFIED,4000,0
ground_truth,dafny-synthesis_task_id_284.dfy,tptp,vampire,monomorphic,VERIFIED,3831,0
ground_truth,dafny-synthesis_task_id_284.dfy,tptp,vampire,predicates,VERIFIED,5097,0
ground_truth,dafny-synthesis_task_id_284.dfy,tptp,vampire,arguments,VERIFIED,3427,0
ground_truth,dafny-synthesis_task_id_284.dfy,smtlib,vampire,monomorphic,VERIFIED,3453,0
ground_truth,dafny-synthesis_task_id_284.dfy,smtlib,vampire,predicates,VERIFIED,7205,0
ground_truth,dafny-synthesis_task_id_284.dfy,smtlib,vampire,arguments,VERIFIED,3287,0
ground_truth,dafny-synthesis_task_id_284.dfy,smtlib,z3,monomorphic,VERIFIED,1685,0
ground_truth,dafny-synthesis_task_id_284.dfy,smtlib,z3,predicates,VERIFIED,1543,0
ground_truth,dafny-synthesis_task_id_284.dfy,smtlib,z3,arguments,VERIFIED,1511,0
ground_truth,summer-school-2020_tmp_tmpn8nf7zf0_chapter01_solutions_exercise11_solution.dfy,tptp,vampire,polymorphic,VERIFICATION_TIMED_OUT,15536,4
ground_truth,summer-school-2020_tmp_tmpn8nf7zf0_chapter01_solutions_exercise11_solution.dfy,tptp,vampire,monomorphic,VERIFICATION_TIMED_OUT,16553,4
ground_truth,summer-school-2020_tmp_tmpn8nf7zf0_chapter01_solutions_exercise11_solution.dfy,tptp,vampire,predicates,VERIFICATION_TIMED_OUT,15766,4
ground_truth,summer-school-2020_tmp_tmpn8nf7zf0_chapter01_solutions_exercise11_solution.dfy,tptp,vampire,arguments,VERIFICATION_TIMED_OUT,15499,4
ground_truth,summer-school-2020_tmp_tmpn8nf7zf0_chapter01_solutions_exercise11_solution.dfy,smtlib,vampire,monomorphic,VERIFIED,5837,0
ground_truth,summer-school-2020_tmp_tmpn8nf7zf0_chapter01_solutions_exercise11_solution.dfy,smtlib,vampire,predicates,VERIFICATION_TIMED_OUT,15435,4
ground_truth,summer-school-2020_tmp_tmpn8nf7zf0_chapter01_solutions_exercise11_solution.dfy,smtlib,vampire,arguments,VERIFICATION_TIMED_OUT,15355,4
ground_truth,summer-school-2020_tmp_tmpn8nf7zf0_chapter01_solutions_exercise11_solution.dfy,smtlib,z3,monomorphic,VERIFIED,1645,0
ground_truth,summer-school-2020_tmp_tmpn8nf7zf0_chapter01_solutions_exercise11_solution.dfy,smtlib,z3,predicates,VERIFIED,1586,0
ground_truth,summer-school-2020_tmp_tmpn8nf7zf0_chapter01_solutions_exercise11_solution.dfy,smtlib,z3,arguments,VERIFIED,1627,0
ground_truth,dafny-synthesis_task_id_430.dfy,tptp,vampire,polymorphic,VERIFIED,1495,0
ground_truth,dafny-synthesis_task_id_430.dfy,tptp,vampire,monomorphic,VERIFIED,1523,0
ground_truth,dafny-synthesis_task_id_430.dfy,tptp,vampire,predicates,VERIFIED,1401,0
ground_truth,dafny-synthesis_task_id_430.dfy,tptp,vampire,arguments,VERIFIED,1468,0
ground_truth,dafny-synthesis_task_id_430.dfy,smtlib,vampire,monomorphic,VERIFIED,1450,0
ground_truth,dafny-synthesis_task_id_430.dfy,smtlib,vampire,predicates,VERIFIED,1407,0
ground_truth,dafny-synthesis_task_id_430.dfy,smtlib,vampire,arguments,VERIFIED,1486,0
ground_truth,dafny-synthesis_task_id_430.dfy,smtlib,z3,monomorphic,VERIFIED,1413,0
ground_truth,dafny-synthesis_task_id_430.dfy,smtlib,z3,predicates,VERIFIED,1375,0
ground_truth,dafny-synthesis_task_id_430.dfy,smtlib,z3,arguments,VERIFIED,1486,0
ground_truth,Program-Verification-Dataset_tmp_tmpgbdrlnu__Dafny_advanced examples_ArrayMap.dfy,tptp,vampire,polymorphic,VERIFIED,7339,0
ground_truth,Program-Verification-Dataset_tmp_tmpgbdrlnu__Dafny_advanced examples_ArrayMap.dfy,tptp,vampire,monomorphic,VERIFICATION_TIMED_OUT,15534,4
ground_truth,Program-Verification-Dataset_tmp_tmpgbdrlnu__Dafny_advanced examples_ArrayMap.dfy,tptp,vampire,predicates,VERIFICATION_TIMED_OUT,15634,4
ground_truth,Program-Verification-Dataset_tmp_tmpgbdrlnu__Dafny_advanced examples_ArrayMap.dfy,tptp,vampire,arguments,VERIFICATION_TIMED_OUT,15962,4
ground_truth,Program-Verification-Dataset_tmp_tmpgbdrlnu__Dafny_advanced examples_ArrayMap.dfy,smtlib,vampire,monomorphic,VERIFICATION_TIMED_OUT,15690,4
ground_truth,Program-Verification-Dataset_tmp_tmpgbdrlnu__Dafny_advanced examples_ArrayMap.dfy,smtlib,vampire,predicates,VERIFICATION_TIMED_OUT,15383,4
ground_truth,Program-Verification-Dataset_tmp_tmpgbdrlnu__Dafny_advanced examples_ArrayMap.dfy,smtlib,vampire,arguments,VERIFICATION_TIMED_OUT,15722,4
ground_truth,Program-Verification-Dataset_tmp_tmpgbdrlnu__Dafny_advanced examples_ArrayMap.dfy,smtlib,z3,monomorphic,VERIFIED,1765,0
ground_truth,Program-Verification-Dataset_tmp_tmpgbdrlnu__Dafny_advanced examples_ArrayMap.dfy,smtlib,z3,predicates,VERIFIED,1761,0
ground_truth,Program-Verification-Dataset_tmp_tmpgbdrlnu__Dafny_advanced examples_ArrayMap.dfy,smtlib,z3,arguments,VERIFIED,1903,0
ground_truth,stunning-palm-tree_tmp_tmpr84c2iwh_ch5.dfy,tptp,vampire,polymorphic,VERIFICATION_TIMED_OUT,58714,4
ground_truth,stunning-palm-tree_tmp_tmpr84c2iwh_ch5.dfy,tptp,vampire,monomorphic,VERIFICATION_TIMED_OUT,59621,4
ground_truth,stunning-palm-tree_tmp_tmpr84c2iwh_ch5.dfy,tptp,vampire,predicates,VERIFICATION_TIMED_OUT,100916,4
ground_truth,stunning-palm-tree_tmp_tmpr84c2iwh_ch5.dfy,tptp,vampire,arguments,VERIFICATION_TIMED_OUT,87067,4
ground_truth,stunning-palm-tree_tmp_tmpr84c2iwh_ch5.dfy,smtlib,vampire,monomorphic,VERIFICATION_TIMED_OUT,58663,4
ground_truth,stunning-palm-tree_tmp_tmpr84c2iwh_ch5.dfy,smtlib,vampire,predicates,VERIFICATION_TIMED_OUT,62127,4
ground_truth,stunning-palm-tree_tmp_tmpr84c2iwh_ch5.dfy,smtlib,vampire,arguments,VERIFICATION_TIMED_OUT,62094,4
ground_truth,stunning-palm-tree_tmp_tmpr84c2iwh_ch5.dfy,smtlib,z3,monomorphic,VERIFIED,3161,0
ground_truth,stunning-palm-tree_tmp_tmpr84c2iwh_ch5.dfy,smtlib,z3,predicates,VERIFIED,2895,0
ground_truth,stunning-palm-tree_tmp_tmpr84c2iwh_ch5.dfy,smtlib,z3,arguments,VERIFIED,3505,0
ground_truth,Clover_array_product.dfy,tptp,vampire,polymorphic,VERIFICATION_TIMED_OUT,15503,4
ground_truth,Clover_array_product.dfy,tptp,vampire,monomorphic,VERIFICATION_TIMED_OUT,15776,4
ground_truth,Clover_array_product.dfy,tptp,vampire,predicates,VERIFICATION_TIMED_OUT,15673,4
ground_truth,Clover_array_product.dfy,tptp,vampire,arguments,VERIFICATION_TIMED_OUT,15659,4
ground_truth,Clover_array_product.dfy,smtlib,vampire,monomorphic,VERIFICATION_TIMED_OUT,15585,4
ground_truth,Clover_array_product.dfy,smtlib,vampire,predicates,VERIFICATION_TIMED_OUT,15537,4
ground_truth,Clover_array_product.dfy,smtlib,vampire,arguments,VERIFICATION_TIMED_OUT,15608,4
ground_truth,Clover_array_product.dfy,smtlib,z3,monomorphic,VERIFIED,2082,0
ground_truth,Clover_array_product.dfy,smtlib,z3,predicates,VERIFIED,1924,0
ground_truth,Clover_array_product.dfy,smtlib,z3,arguments,VERIFIED,2393,0
ground_truth,AssertivePrograming_tmp_tmpwf43uz0e_DivMode_Unary.dfy,tptp,vampire,polymorphic,VERIFICATION_TIMED_OUT,33386,4
ground_truth,AssertivePrograming_tmp_tmpwf43uz0e_DivMode_Unary.dfy,tptp,vampire,monomorphic,VERIFICATION_TIMED_OUT,33402,4
ground_truth,AssertivePrograming_tmp_tmpwf43uz0e_DivMode_Unary.dfy,tptp,vampire,predicates,VERIFICATION_TIMED_OUT,73529,4
ground_truth,AssertivePrograming_tmp_tmpwf43uz0e_DivMode_Unary.dfy,tptp,vampire,arguments,VERIFICATION_TIMED_OUT,26809,4
ground_truth,AssertivePrograming_tmp_tmpwf43uz0e_DivMode_Unary.dfy,smtlib,vampire,monomorphic,VERIFICATION_TIMED_OUT,31758,4
ground_truth,AssertivePrograming_tmp_tmpwf43uz0e_DivMode_Unary.dfy,smtlib,vampire,predicates,VERIFICATION_TIMED_OUT,59340,4
ground_truth,AssertivePrograming_tmp_tmpwf43uz0e_DivMode_Unary.dfy,smtlib,vampire,arguments,VERIFICATION_TIMED_OUT,31335,4
ground_truth,AssertivePrograming_tmp_tmpwf43uz0e_DivMode_Unary.dfy,smtlib,z3,monomorphic,VERIFIED,4083,0
ground_truth,AssertivePrograming_tmp_tmpwf43uz0e_DivMode_Unary.dfy,smtlib,z3,predicates,VERIFIED,4105,0
ground_truth,AssertivePrograming_tmp_tmpwf43uz0e_DivMode_Unary.dfy,smtlib,z3,arguments,VERIFIED,3940,0
ground_truth,Dafny_tmp_tmpv_d3qi10_3_cumsum.dfy,tptp,vampire,polymorphic,VERIFICATION_TIMED_OUT,15750,4
ground_truth,Dafny_tmp_tmpv_d3qi10_3_cumsum.dfy,tptp,vampire,monomorphic,VERIFICATION_TIMED_OUT,15743,4
ground_truth,Dafny_tmp_tmpv_d3qi10_3_cumsum.dfy,tptp,vampire,predicates,VERIFICATION_TIMED_OUT,15652,4
ground_truth,Dafny_tmp_tmpv_d3qi10_3_cumsum.dfy,tptp,vampire,arguments,VERIFICATION_TIMED_OUT,15542,4
ground_truth,Dafny_tmp_tmpv_d3qi10_3_cumsum.dfy,smtlib,vampire,monomorphic,VERIFICATION_TIMED_OUT,15691,4
ground_truth,Dafny_tmp_tmpv_d3qi10_3_cumsum.dfy,smtlib,vampire,predicates,VERIFICATION_TIMED_OUT,15611,4
ground_truth,Dafny_tmp_tmpv_d3qi10_3_cumsum.dfy,smtlib,vampire,arguments,VERIFICATION_TIMED_OUT,15517,4
ground_truth,Dafny_tmp_tmpv_d3qi10_3_cumsum.dfy,smtlib,z3,monomorphic,VERIFIED,1785,0
ground_truth,Dafny_tmp_tmpv_d3qi10_3_cumsum.dfy,smtlib,z3,predicates,VERIFIED,1799,0
ground_truth,Dafny_tmp_tmpv_d3qi10_3_cumsum.dfy,smtlib,z3,arguments,VERIFIED,1718,0
ground_truth,Dafny_Verify_tmp_tmphq7j0row_AI_agent_verify_examples_ComputePower.dfy,tptp,vampire,polymorphic,VERIFICATION_TIMED_OUT,15575,4
ground_truth,Dafny_Verify_tmp_tmphq7j0row_AI_agent_verify_examples_ComputePower.dfy,tptp,vampire,monomorphic,VERIFICATION_TIMED_OUT,15579,4
ground_truth,Dafny_Verify_tmp_tmphq7j0row_AI_agent_verify_examples_ComputePower.dfy,tptp,vampire,predicates,VERIFICATION_TIMED_OUT,15556,4
ground_truth,Dafny_Verify_tmp_tmphq7j0row_AI_agent_verify_examples_ComputePower.dfy,tptp,vampire,arguments,VERIFICATION_TIMED_OUT,15501,4
ground_truth,Dafny_Verify_tmp_tmphq7j0row_AI_agent_verify_examples_ComputePower.dfy,smtlib,vampire,monomorphic,VERIFICATION_TIMED_OUT,15506,4
ground_truth,Dafny_Verify_tmp_tmphq7j0row_AI_agent_verify_examples_ComputePower.dfy,smtlib,vampire,predicates,VERIFICATION_TIMED_OUT,15443,4
ground_truth,Dafny_Verify_tmp_tmphq7j0row_AI_agent_verify_examples_ComputePower.dfy,smtlib,vampire,arguments,VERIFICATION_TIMED_OUT,15409,4
ground_truth,Dafny_Verify_tmp_tmphq7j0row_AI_agent_verify_examples_ComputePower.dfy,smtlib,z3,monomorphic,VERIFIED,1633,0
ground_truth,Dafny_Verify_tmp_tmphq7j0row_AI_agent_verify_examples_ComputePower.dfy,smtlib,z3,predicates,VERIFIED,1604,0
ground_truth,Dafny_Verify_tmp_tmphq7j0row_AI_agent_verify_examples_ComputePower.dfy,smtlib,z3,arguments,VERIFIED,1576,0
ground_truth,Program-Verification-Dataset_tmp_tmpgbdrlnu__Dafny_from dafny main repo_dafny1_Queue.dfy,tptp,vampire,polymorphic,VERIFICATION_TIMED_OUT,45350,4
ground_truth,Program-Verification-Dataset_tmp_tmpgbdrlnu__Dafny_from dafny main repo_dafny1_Queue.dfy,tptp,vampire,monomorphic,VERIFICATION_TIMED_OUT,45555,4
ground_truth,Program-Verification-Dataset_tmp_tmpgbdrlnu__Dafny_from dafny main repo_dafny1_Queue.dfy,tptp,vampire,predicates,VERIFICATION_TIMED_OUT,46716,4
ground_truth,Program-Verification-Dataset_tmp_tmpgbdrlnu__Dafny_from dafny main repo_dafny1_Queue.dfy,tptp,vampire,arguments,VERIFICATION_TIMED_OUT,45018,4
ground_truth,Program-Verification-Dataset_tmp_tmpgbdrlnu__Dafny_from dafny main repo_dafny1_Queue.dfy,smtlib,vampire,monomorphic,VERIFICATION_TIMED_OUT,34772,4
ground_truth,Program-Verification-Dataset_tmp_tmpgbdrlnu__Dafny_from dafny main repo_dafny1_Queue.dfy,smtlib,vampire,predicates,VERIFICATION_TIMED_OUT,57853,4
ground_truth,Program-Verification-Dataset_tmp_tmpgbdrlnu__Dafny_from dafny main repo_dafny1_Queue.dfy,smtlib,vampire,arguments,VERIFICATION_TIMED_OUT,45576,4
ground_truth,Program-Verification-Dataset_tmp_tmpgbdrlnu__Dafny_from dafny main repo_dafny1_Queue.dfy,smtlib,z3,monomorphic,VERIFIED,15820,0
ground_truth,Program-Verification-Dataset_tmp_tmpgbdrlnu__Dafny_from dafny main repo_dafny1_Queue.dfy,smtlib,z3,predicates,VERIFIED,5873,0
ground_truth,Program-Verification-Dataset_tmp_tmpgbdrlnu__Dafny_from dafny main repo_dafny1_Queue.dfy,smtlib,z3,arguments,VERIFIED,3574,0
ground_truth,Program-Verification-Dataset_tmp_tmpgbdrlnu__Dafny_basic examples_BubbleSort.dfy,tptp,vampire,polymorphic,VERIFICATION_TIMED_OUT,16275,4
ground_truth,Program-Verification-Dataset_tmp_tmpgbdrlnu__Dafny_basic examples_BubbleSort.dfy,tptp,vampire,monomorphic,VERIFICATION_TIMED_OUT,17210,4
ground_truth,Program-Verification-Dataset_tmp_tmpgbdrlnu__Dafny_basic examples_BubbleSort.dfy,tptp,vampire,predicates,VERIFICATION_TIMED_OUT,15725,4
ground_truth,Program-Verification-Dataset_tmp_tmpgbdrlnu__Dafny_basic examples_BubbleSort.dfy,tptp,vampire,arguments,VERIFICATION_TIMED_OUT,16390,4
ground_truth,Program-Verification-Dataset_tmp_tmpgbdrlnu__Dafny_basic examples_BubbleSort.dfy,smtlib,vampire,monomorphic,VERIFICATION_TIMED_OUT,15855,4
ground_truth,Program-Verification-Dataset_tmp_tmpgbdrlnu__Dafny_basic examples_BubbleSort.dfy,smtlib,vampire,predicates,VERIFICATION_TIMED_OUT,15939,4
ground_truth,Program-Verification-Dataset_tmp_tmpgbdrlnu__Dafny_basic examples_BubbleSort.dfy,smtlib,vampire,arguments,VERIFICATION_TIMED_OUT,16306,4
ground_truth,Program-Verification-Dataset_tmp_tmpgbdrlnu__Dafny_basic examples_BubbleSort.dfy,smtlib,z3,monomorphic,VERIFIED,13060,0
ground_truth,Program-Verification-Dataset_tmp_tmpgbdrlnu__Dafny_basic examples_BubbleSort.dfy,smtlib,z3,predicates,VERIFIED,3557,0
ground_truth,Program-Verification-Dataset_tmp_tmpgbdrlnu__Dafny_basic examples_BubbleSort.dfy,smtlib,z3,arguments,VERIFIED,4924,0
ground_truth,tangent-finder_tmp_tmpgyzf44ve_circles.dfy,tptp,vampire,polymorphic,VERIFICATION_TIMED_OUT,15893,4
ground_truth,tangent-finder_tmp_tmpgyzf44ve_circles.dfy,tptp,vampire,monomorphic,VERIFICATION_TIMED_OUT,16171,4
ground_truth,tangent-finder_tmp_tmpgyzf44ve_circles.dfy,tptp,vampire,predicates,VERIFICATION_TIMED_OUT,16292,4
ground_truth,tangent-finder_tmp_tmpgyzf44ve_circles.dfy,tptp,vampire,arguments,VERIFICATION_TIMED_OUT,17001,4
ground_truth,tangent-finder_tmp_tmpgyzf44ve_circles.dfy,smtlib,vampire,monomorphic,VERIFICATION_TIMED_OUT,15676,4
ground_truth,tangent-finder_tmp_tmpgyzf44ve_circles.dfy,smtlib,vampire,predicates,VERIFICATION_TIMED_OUT,15347,4
ground_truth,tangent-finder_tmp_tmpgyzf44ve_circles.dfy,smtlib,vampire,arguments,VERIFIED,3446,0
ground_truth,tangent-finder_tmp_tmpgyzf44ve_circles.dfy,smtlib,z3,monomorphic,VERIFIED,1601,0
ground_truth,tangent-finder_tmp_tmpgyzf44ve_circles.dfy,smtlib,z3,predicates,VERIFIED,1634,0
ground_truth,tangent-finder_tmp_tmpgyzf44ve_circles.dfy,smtlib,z3,arguments,VERIFIED,1688,0
ground_truth,ironsync-osdi2023_tmp_tmpx80antoe_linear-dafny_Test_c++_sets.dfy,tptp,vampire,polymorphic,VERIFICATION_TIMED_OUT,17060,4
ground_truth,ironsync-osdi2023_tmp_tmpx80antoe_linear-dafny_Test_c++_sets.dfy,tptp,vampire,monomorphic,VERIFICATION_TIMED_OUT,19802,4
ground_truth,ironsync-osdi2023_tmp_tmpx80antoe_linear-dafny_Test_c++_sets.dfy,tptp,vampire,predicates,VERIFICATION_TIMED_OUT,29663,4
ground_truth,ironsync-osdi2023_tmp_tmpx80antoe_linear-dafny_Test_c++_sets.dfy,tptp,vampire,arguments,VERIFICATION_TIMED_OUT,26117,4
ground_truth,ironsync-osdi2023_tmp_tmpx80antoe_linear-dafny_Test_c++_sets.dfy,smtlib,vampire,monomorphic,VERIFICATION_TIMED_OUT,17619,4
ground_truth,ironsync-osdi2023_tmp_tmpx80antoe_linear-dafny_Test_c++_sets.dfy,smtlib,vampire,predicates,VERIFICATION_TIMED_OUT,29784,4
ground_truth,ironsync-osdi2023_tmp_tmpx80antoe_linear-dafny_Test_c++_sets.dfy,smtlib,vampire,arguments,VERIFICATION_TIMED_OUT,19940,4
ground_truth,ironsync-osdi2023_tmp_tmpx80antoe_linear-dafny_Test_c++_sets.dfy,smtlib,z3,monomorphic,VERIFIED,2558,0
ground_truth,ironsync-osdi2023_tmp_tmpx80antoe_linear-dafny_Test_c++_sets.dfy,smtlib,z3,predicates,VERIFIED,2480,0
ground_truth,ironsync-osdi2023_tmp_tmpx80antoe_linear-dafny_Test_c++_sets.dfy,smtlib,z3,arguments,VERIFIED,2701,0
ground_truth,MFS_tmp_tmpmmnu354t_Praticas_TP9_Power.dfy,tptp,vampire,polymorphic,VERIFICATION_TIMED_OUT,24717,4
ground_truth,MFS_tmp_tmpmmnu354t_Praticas_TP9_Power.dfy,tptp,vampire,monomorphic,VERIFICATION_TIMED_OUT,22358,4
ground_truth,MFS_tmp_tmpmmnu354t_Praticas_TP9_Power.dfy,tptp,vampire,predicates,VERIFICATION_TIMED_OUT,29665,4
ground_truth,MFS_tmp_tmpmmnu354t_Praticas_TP9_Power.dfy,tptp,vampire,arguments,VERIFICATION_TIMED_OUT,29817,4
ground_truth,MFS_tmp_tmpmmnu354t_Praticas_TP9_Power.dfy,smtlib,vampire,monomorphic,VERIFICATION_TIMED_OUT,15896,4
ground_truth,MFS_tmp_tmpmmnu354t_Praticas_TP9_Power.dfy,smtlib,vampire,predicates,VERIFICATION_TIMED_OUT,30485,4
ground_truth,MFS_tmp_tmpmmnu354t_Praticas_TP9_Power.dfy,smtlib,vampire,arguments,VERIFICATION_TIMED_OUT,19811,4
ground_truth,MFS_tmp_tmpmmnu354t_Praticas_TP9_Power.dfy,smtlib,z3,monomorphic,NOT_VERIFIED,8001,4
ground_truth,MFS_tmp_tmpmmnu354t_Praticas_TP9_Power.dfy,smtlib,z3,predicates,NOT_VERIFIED,2223,4
ground_truth,MFS_tmp_tmpmmnu354t_Praticas_TP9_Power.dfy,smtlib,z3,arguments,NOT_VERIFIED,1855,4
ground_truth,Dafny_tmp_tmp0wu8wmfr_Heimaverkefni 3_InsertionSortMultiset.dfy,tptp,vampire,polymorphic,VERIFICATION_TIMED_OUT,15579,4
ground_truth,Dafny_tmp_tmp0wu8wmfr_Heimaverkefni 3_InsertionSortMultiset.dfy,tptp,vampire,monomorphic,VERIFICATION_TIMED_OUT,15869,4
ground_truth,Dafny_tmp_tmp0wu8wmfr_Heimaverkefni 3_InsertionSortMultiset.dfy,tptp,vampire,predicates,VERIFICATION_TIMED_OUT,15867,4
ground_truth,Dafny_tmp_tmp0wu8wmfr_Heimaverkefni 3_InsertionSortMultiset.dfy,tptp,vampire,arguments,VERIFICATION_TIMED_OUT,15920,4
ground_truth,Dafny_tmp_tmp0wu8wmfr_Heimaverkefni 3_InsertionSortMultiset.dfy,smtlib,vampire,monomorphic,VERIFICATION_TIMED_OUT,16429,4
ground_truth,Dafny_tmp_tmp0wu8wmfr_Heimaverkefni 3_InsertionSortMultiset.dfy,smtlib,vampire,predicates,VERIFICATION_TIMED_OUT,15658,4
ground_truth,Dafny_tmp_tmp0wu8wmfr_Heimaverkefni 3_InsertionSortMultiset.dfy,smtlib,vampire,arguments,VERIFICATION_TIMED_OUT,15487,4
ground_truth,Dafny_tmp_tmp0wu8wmfr_Heimaverkefni 3_InsertionSortMultiset.dfy,smtlib,z3,monomorphic,VERIFIED,2885,0
ground_truth,Dafny_tmp_tmp0wu8wmfr_Heimaverkefni 3_InsertionSortMultiset.dfy,smtlib,z3,predicates,VERIFIED,2830,0
ground_truth,Dafny_tmp_tmp0wu8wmfr_Heimaverkefni 3_InsertionSortMultiset.dfy,smtlib,z3,arguments,VERIFIED,2882,0
ground_truth,Clover_double_array_elements.dfy,tptp,vampire,polymorphic,VERIFICATION_TIMED_OUT,16118,4
ground_truth,Clover_double_array_elements.dfy,tptp,vampire,monomorphic,VERIFICATION_TIMED_OUT,15883,4
ground_truth,Clover_double_array_elements.dfy,tptp,vampire,predicates,VERIFICATION_TIMED_OUT,15417,4
ground_truth,Clover_double_array_elements.dfy,tptp,vampire,arguments,VERIFICATION_TIMED_OUT,15936,4
ground_truth,Clover_double_array_elements.dfy,smtlib,vampire,monomorphic,VERIFIED,3696,0
ground_truth,Clover_double_array_elements.dfy,smtlib,vampire,predicates,VERIFICATION_TIMED_OUT,15387,4
ground_truth,Clover_double_array_elements.dfy,smtlib,vampire,arguments,VERIFIED,3384,0
ground_truth,Clover_double_array_elements.dfy,smtlib,z3,monomorphic,VERIFIED,1520,0
ground_truth,Clover_double_array_elements.dfy,smtlib,z3,predicates,VERIFIED,1658,0
ground_truth,Clover_double_array_elements.dfy,smtlib,z3,arguments,VERIFIED,1892,0
ground_truth,DafnyPrograms_tmp_tmp74_f9k_c_invertarray.dfy,tptp,vampire,polymorphic,VERIFICATION_TIMED_OUT,16027,4
ground_truth,DafnyPrograms_tmp_tmp74_f9k_c_invertarray.dfy,tptp,vampire,monomorphic,VERIFICATION_TIMED_OUT,16444,4
ground_truth,DafnyPrograms_tmp_tmp74_f9k_c_invertarray.dfy,tptp,vampire,predicates,VERIFICATION_TIMED_OUT,16201,4
ground_truth,DafnyPrograms_tmp_tmp74_f9k_c_invertarray.dfy,tptp,vampire,arguments,VERIFICATION_TIMED_OUT,15463,4
ground_truth,DafnyPrograms_tmp_tmp74_f9k_c_invertarray.dfy,smtlib,vampire,monomorphic,VERIFIED,4867,0
ground_truth,DafnyPrograms_tmp_tmp74_f9k_c_invertarray.dfy,smtlib,vampire,predicates,VERIFICATION_TIMED_OUT,15619,4
ground_truth,DafnyPrograms_tmp_tmp74_f9k_c_invertarray.dfy,smtlib,vampire,arguments,VERIFIED,6172,0
ground_truth,DafnyPrograms_tmp_tmp74_f9k_c_invertarray.dfy,smtlib,z3,monomorphic,VERIFIED,2079,0
ground_truth,DafnyPrograms_tmp_tmp74_f9k_c_invertarray.dfy,smtlib,z3,predicates,VERIFIED,2358,0
ground_truth,DafnyPrograms_tmp_tmp74_f9k_c_invertarray.dfy,smtlib,z3,arguments,VERIFIED,1706,0
ground_truth,dafny-synthesis_task_id_414.dfy,tptp,vampire,polymorphic,VERIFIED,1808,0
ground_truth,dafny-synthesis_task_id_414.dfy,tptp,vampire,monomorphic,VERIFIED,2097,0
ground_truth,dafny-synthesis_task_id_414.dfy,tptp,vampire,predicates,VERIFIED,3609,0
ground_truth,dafny-synthesis_task_id_414.dfy,tptp,vampire,arguments,VERIFIED,3929,0
ground_truth,dafny-synthesis_task_id_414.dfy,smtlib,vampire,monomorphic,VERIFIED,1653,0
ground_truth,dafny-synthesis_task_id_414.dfy,smtlib,vampire,predicates,VERIFIED,3315,0
ground_truth,dafny-synthesis_task_id_414.dfy,smtlib,vampire,arguments,VERIFIED,4321,0
ground_truth,dafny-synthesis_task_id_414.dfy,smtlib,z3,monomorphic,VERIFIED,1643,0
ground_truth,dafny-synthesis_task_id_414.dfy,smtlib,z3,predicates,VERIFIED,1933,0
ground_truth,dafny-synthesis_task_id_414.dfy,smtlib,z3,arguments,VERIFIED,1550,0
ground_truth,Program-Verification-Dataset_tmp_tmpgbdrlnu__Dafny_from dafny main repo_dafny2_MajorityVote.dfy,tptp,vampire,polymorphic,VERIFICATION_TIMED_OUT,30870,4
ground_truth,Program-Verification-Dataset_tmp_tmpgbdrlnu__Dafny_from dafny main repo_dafny2_MajorityVote.dfy,tptp,vampire,monomorphic,VERIFICATION_TIMED_OUT,31212,4
ground_truth,Program-Verification-Dataset_tmp_tmpgbdrlnu__Dafny_from dafny main repo_dafny2_MajorityVote.dfy,tptp,vampire,predicates,VERIFICATION_TIMED_OUT,31041,4
ground_truth,Program-Verification-Dataset_tmp_tmpgbdrlnu__Dafny_from dafny main repo_dafny2_MajorityVote.dfy,tptp,vampire,arguments,VERIFICATION_TIMED_OUT,31244,4
ground_truth,Program-Verification-Dataset_tmp_tmpgbdrlnu__Dafny_from dafny main repo_dafny2_MajorityVote.dfy,smtlib,vampire,monomorphic,VERIFICATION_TIMED_OUT,22425,4
ground_truth,Program-Verification-Dataset_tmp_tmpgbdrlnu__Dafny_from dafny main repo_dafny2_MajorityVote.dfy,smtlib,vampire,predicates,VERIFICATION_TIMED_OUT,30186,4
ground_truth,Program-Verification-Dataset_tmp_tmpgbdrlnu__Dafny_from dafny main repo_dafny2_MajorityVote.dfy,smtlib,vampire,arguments,VERIFICATION_TIMED_OUT,30823,4
ground_truth,Program-Verification-Dataset_tmp_tmpgbdrlnu__Dafny_from dafny main repo_dafny2_MajorityVote.dfy,smtlib,z3,monomorphic,VERIFIED,3466,0
ground_truth,Program-Verification-Dataset_tmp_tmpgbdrlnu__Dafny_from dafny main repo_dafny2_MajorityVote.dfy,smtlib,z3,predicates,VERIFIED,3043,0
ground_truth,Program-Verification-Dataset_tmp_tmpgbdrlnu__Dafny_from dafny main repo_dafny2_MajorityVote.dfy,smtlib,z3,arguments,VERIFIED,2955,0
ground_truth,dafny-synthesis_task_id_793.dfy,tptp,vampire,polymorphic,VERIFIED,3377,0
ground_truth,dafny-synthesis_task_id_793.dfy,tptp,vampire,monomorphic,VERIFIED,2534,0
ground_truth,dafny-synthesis_task_id_793.dfy,tptp,vampire,predicates,VERIFICATION_TIMED_OUT,15553,4
ground_truth,dafny-synthesis_task_id_793.dfy,tptp,vampire,arguments,VERIFIED,2521,0
ground_truth,dafny-synthesis_task_id_793.dfy,smtlib,vampire,monomorphic,VERIFIED,3601,0
ground_truth,dafny-synthesis_task_id_793.dfy,smtlib,vampire,predicates,VERIFICATION_TIMED_OUT,15714,4
ground_truth,dafny-synthesis_task_id_793.dfy,smtlib,vampire,arguments,VERIFIED,9182,0
ground_truth,dafny-synthesis_task_id_793.dfy,smtlib,z3,monomorphic,VERIFIED,2602,0
ground_truth,dafny-synthesis_task_id_793.dfy,smtlib,z3,predicates,VERIFIED,2355,0
ground_truth,dafny-synthesis_task_id_793.dfy,smtlib,z3,arguments,VERIFIED,2304,0
ground_truth,dafny-language-server_tmp_tmpkir0kenl_Test_dafny4_git-issue41.dfy,tptp,vampire,polymorphic,VERIFICATION_TIMED_OUT,16135,4
ground_truth,dafny-language-server_tmp_tmpkir0kenl_Test_dafny4_git-issue41.dfy,tptp,vampire,monomorphic,VERIFICATION_TIMED_OUT,15742,4
ground_truth,dafny-language-server_tmp_tmpkir0kenl_Test_dafny4_git-issue41.dfy,tptp,vampire,predicates,VERIFICATION_TIMED_OUT,15909,4
ground_truth,dafny-language-server_tmp_tmpkir0kenl_Test_dafny4_git-issue41.dfy,tptp,vampire,arguments,VERIFICATION_TIMED_OUT,15590,4
ground_truth,dafny-language-server_tmp_tmpkir0kenl_Test_dafny4_git-issue41.dfy,smtlib,vampire,monomorphic,VERIFICATION_TIMED_OUT,16196,4
ground_truth,dafny-language-server_tmp_tmpkir0kenl_Test_dafny4_git-issue41.dfy,smtlib,vampire,predicates,VERIFICATION_TIMED_OUT,15734,4
ground_truth,dafny-language-server_tmp_tmpkir0kenl_Test_dafny4_git-issue41.dfy,smtlib,vampire,arguments,VERIFIED,4208,0
ground_truth,dafny-language-server_tmp_tmpkir0kenl_Test_dafny4_git-issue41.dfy,smtlib,z3,monomorphic,VERIFIED,1780,0
ground_truth,dafny-language-server_tmp_tmpkir0kenl_Test_dafny4_git-issue41.dfy,smtlib,z3,predicates,VERIFIED,1765,0
ground_truth,dafny-language-server_tmp_tmpkir0kenl_Test_dafny4_git-issue41.dfy,smtlib,z3,arguments,VERIFIED,1836,0
ground_truth,Program-Verification-Dataset_tmp_tmpgbdrlnu__Dafny_pregel algorithms_skeleton_nondet-permutation.dfy,tptp,vampire,polymorphic,VERIFICATION_TIMED_OUT,15873,4
ground_truth,Program-Verification-Dataset_tmp_tmpgbdrlnu__Dafny_pregel algorithms_skeleton_nondet-permutation.dfy,tptp,vampire,monomorphic,VERIFICATION_TIMED_OUT,15869,4
ground_truth,Program-Verification-Dataset_tmp_tmpgbdrlnu__Dafny_pregel algorithms_skeleton_nondet-permutation.dfy,tptp,vampire,predicates,VERIFICATION_TIMED_OUT,30507,4
ground_truth,Program-Verification-Dataset_tmp_tmpgbdrlnu__Dafny_pregel algorithms_skeleton_nondet-permutation.dfy,tptp,vampire,arguments,VERIFICATION_TIMED_OUT,15970,4
ground_truth,Program-Verification-Dataset_tmp_tmpgbdrlnu__Dafny_pregel algorithms_skeleton_nondet-permutation.dfy,smtlib,vampire,monomorphic,VERIFICATION_TIMED_OUT,15825,4
ground_truth,Program-Verification-Dataset_tmp_tmpgbdrlnu__Dafny_pregel algorithms_skeleton_nondet-permutation.dfy,smtlib,vampire,predicates,VERIFICATION_TIMED_OUT,18320,4
ground_truth,Program-Verification-Dataset_tmp_tmpgbdrlnu__Dafny_pregel algorithms_skeleton_nondet-permutation.dfy,smtlib,vampire,arguments,VERIFICATION_TIMED_OUT,15772,4
ground_truth,Program-Verification-Dataset_tmp_tmpgbdrlnu__Dafny_pregel algorithms_skeleton_nondet-permutation.dfy,smtlib,z3,monomorphic,NOT_VERIFIED,2660,4
ground_truth,Program-Verification-Dataset_tmp_tmpgbdrlnu__Dafny_pregel algorithms_skeleton_nondet-permutation.dfy,smtlib,z3,predicates,NOT_VERIFIED,3454,4
ground_truth,Program-Verification-Dataset_tmp_tmpgbdrlnu__Dafny_pregel algorithms_skeleton_nondet-permutation.dfy,smtlib,z3,arguments,NOT_VERIFIED,2995,4
ground_truth,dafny-exercise_tmp_tmpouftptir_prac1_ex1.dfy,tptp,vampire,polymorphic,VERIFICATION_TIMED_OUT,16175,4
ground_truth,dafny-exercise_tmp_tmpouftptir_prac1_ex1.dfy,tptp,vampire,monomorphic,VERIFICATION_TIMED_OUT,16585,4
ground_truth,dafny-exercise_tmp_tmpouftptir_prac1_ex1.dfy,tptp,vampire,predicates,VERIFICATION_TIMED_OUT,16636,4
ground_truth,dafny-exercise_tmp_tmpouftptir_prac1_ex1.dfy,tptp,vampire,arguments,VERIFICATION_TIMED_OUT,16359,4
ground_truth,dafny-exercise_tmp_tmpouftptir_prac1_ex1.dfy,smtlib,vampire,monomorphic,VERIFICATION_TIMED_OUT,15646,4
ground_truth,dafny-exercise_tmp_tmpouftptir_prac1_ex1.dfy,smtlib,vampire,predicates,VERIFICATION_TIMED_OUT,16314,4
ground_truth,dafny-exercise_tmp_tmpouftptir_prac1_ex1.dfy,smtlib,vampire,arguments,VERIFICATION_TIMED_OUT,15416,4
ground_truth,dafny-exercise_tmp_tmpouftptir_prac1_ex1.dfy,smtlib,z3,monomorphic,VERIFIED,1585,0
ground_truth,dafny-exercise_tmp_tmpouftptir_prac1_ex1.dfy,smtlib,z3,predicates,VERIFIED,1532,0
ground_truth,dafny-exercise_tmp_tmpouftptir_prac1_ex1.dfy,smtlib,z3,arguments,VERIFIED,1507,0
ground_truth,SENG2011_tmp_tmpgk5jq85q_ass2_ex5.dfy,tptp,vampire,polymorphic,VERIFICATION_TIMED_OUT,15449,4
ground_truth,SENG2011_tmp_tmpgk5jq85q_ass2_ex5.dfy,tptp,vampire,monomorphic,VERIFICATION_TIMED_OUT,15627,4
ground_truth,SENG2011_tmp_tmpgk5jq85q_ass2_ex5.dfy,tptp,vampire,predicates,VERIFICATION_TIMED_OUT,15522,4
ground_truth,SENG2011_tmp_tmpgk5jq85q_ass2_ex5.dfy,tptp,vampire,arguments,VERIFICATION_TIMED_OUT,15590,4
ground_truth,SENG2011_tmp_tmpgk5jq85q_ass2_ex5.dfy,smtlib,vampire,monomorphic,VERIFIED,3543,0
ground_truth,SENG2011_tmp_tmpgk5jq85q_ass2_ex5.dfy,smtlib,vampire,predicates,VERIFICATION_TIMED_OUT,15354,4
ground_truth,SENG2011_tmp_tmpgk5jq85q_ass2_ex5.dfy,smtlib,vampire,arguments,VERIFICATION_TIMED_OUT,15348,4
ground_truth,SENG2011_tmp_tmpgk5jq85q_ass2_ex5.dfy,smtlib,z3,monomorphic,VERIFIED,2141,0
ground_truth,SENG2011_tmp_tmpgk5jq85q_ass2_ex5.dfy,smtlib,z3,predicates,VERIFIED,3141,0
ground_truth,SENG2011_tmp_tmpgk5jq85q_ass2_ex5.dfy,smtlib,z3,arguments,VERIFICATION_TIMED_OUT,16528,4
ground_truth,dafny-synthesis_task_id_309.dfy,tptp,vampire,polymorphic,VERIFIED,1330,0
ground_truth,dafny-synthesis_task_id_309.dfy,tptp,vampire,monomorphic,VERIFIED,1422,0
ground_truth,dafny-synthesis_task_id_309.dfy,tptp,vampire,predicates,VERIFIED,1358,0
ground_truth,dafny-synthesis_task_id_309.dfy,tptp,vampire,arguments,VERIFIED,1347,0
ground_truth,dafny-synthesis_task_id_309.dfy,smtlib,vampire,monomorphic,VERIFIED,1341,0
ground_truth,dafny-synthesis_task_id_309.dfy,smtlib,vampire,predicates,VERIFIED,1287,0
ground_truth,dafny-synthesis_task_id_309.dfy,smtlib,vampire,arguments,VERIFIED,1277,0
ground_truth,dafny-synthesis_task_id_309.dfy,smtlib,z3,monomorphic,VERIFIED,1340,0
ground_truth,dafny-synthesis_task_id_309.dfy,smtlib,z3,predicates,VERIFIED,1296,0
ground_truth,dafny-synthesis_task_id_309.dfy,smtlib,z3,arguments,VERIFIED,1309,0
ground_truth,dafny-synthesis_task_id_452.dfy,tptp,vampire,polymorphic,VERIFIED,1334,0
ground_truth,dafny-synthesis_task_id_452.dfy,tptp,vampire,monomorphic,VERIFIED,1461,0
ground_truth,dafny-synthesis_task_id_452.dfy,tptp,vampire,predicates,VERIFIED,1370,0
ground_truth,dafny-synthesis_task_id_452.dfy,tptp,vampire,arguments,VERIFIED,1366,0
ground_truth,dafny-synthesis_task_id_452.dfy,smtlib,vampire,monomorphic,VERIFIED,1382,0
ground_truth,dafny-synthesis_task_id_452.dfy,smtlib,vampire,predicates,VERIFIED,1302,0
ground_truth,dafny-synthesis_task_id_452.dfy,smtlib,vampire,arguments,VERIFIED,1295,0
ground_truth,dafny-synthesis_task_id_452.dfy,smtlib,z3,monomorphic,VERIFIED,1364,0
ground_truth,dafny-synthesis_task_id_452.dfy,smtlib,z3,predicates,VERIFIED,1311,0
ground_truth,dafny-synthesis_task_id_452.dfy,smtlib,z3,arguments,VERIFIED,1281,0
ground_truth,dafny-synthesis_task_id_304.dfy,tptp,vampire,polymorphic,VERIFICATION_TIMED_OUT,15300,4
ground_truth,dafny-synthesis_task_id_304.dfy,tptp,vampire,monomorphic,VERIFICATION_TIMED_OUT,15326,4
ground_truth,dafny-synthesis_task_id_304.dfy,tptp,vampire,predicates,VERIFICATION_TIMED_OUT,15353,4
ground_truth,dafny-synthesis_task_id_304.dfy,tptp,vampire,arguments,VERIFICATION_TIMED_OUT,15301,4
ground_truth,dafny-synthesis_task_id_304.dfy,smtlib,vampire,monomorphic,VERIFIED,1365,0
ground_truth,dafny-synthesis_task_id_304.dfy,smtlib,vampire,predicates,VERIFIED,1336,0
ground_truth,dafny-synthesis_task_id_304.dfy,smtlib,vampire,arguments,VERIFIED,1330,0
ground_truth,dafny-synthesis_task_id_304.dfy,smtlib,z3,monomorphic,VERIFIED,1378,0
ground_truth,dafny-synthesis_task_id_304.dfy,smtlib,z3,predicates,VERIFIED,1326,0
ground_truth,dafny-synthesis_task_id_304.dfy,smtlib,z3,arguments,VERIFIED,1343,0
ground_truth,dafny-language-server_tmp_tmpkir0kenl_Test_dafny4_Fstar-QuickSort.dfy,tptp,vampire,polymorphic,VERIFICATION_TIMED_OUT,15654,4
ground_truth,dafny-language-server_tmp_tmpkir0kenl_Test_dafny4_Fstar-QuickSort.dfy,tptp,vampire,monomorphic,VERIFICATION_TIMED_OUT,16681,4
ground_truth,dafny-language-server_tmp_tmpkir0kenl_Test_dafny4_Fstar-QuickSort.dfy,tptp,vampire,predicates,VERIFICATION_TIMED_OUT,21365,4
ground_truth,dafny-language-server_tmp_tmpkir0kenl_Test_dafny4_Fstar-QuickSort.dfy,tptp,vampire,arguments,VERIFICATION_TIMED_OUT,15708,4
ground_truth,dafny-language-server_tmp_tmpkir0kenl_Test_dafny4_Fstar-QuickSort.dfy,smtlib,vampire,monomorphic,VERIFICATION_TIMED_OUT,15941,4
ground_truth,dafny-language-server_tmp_tmpkir0kenl_Test_dafny4_Fstar-QuickSort.dfy,smtlib,vampire,predicates,VERIFICATION_TIMED_OUT,18816,4
ground_truth,dafny-language-server_tmp_tmpkir0kenl_Test_dafny4_Fstar-QuickSort.dfy,smtlib,vampire,arguments,VERIFICATION_TIMED_OUT,15619,4
ground_truth,dafny-language-server_tmp_tmpkir0kenl_Test_dafny4_Fstar-QuickSort.dfy,smtlib,z3,monomorphic,VERIFIED,1802,0
ground_truth,dafny-language-server_tmp_tmpkir0kenl_Test_dafny4_Fstar-QuickSort.dfy,smtlib,z3,predicates,NOT_VERIFIED,1833,4
ground_truth,dafny-language-server_tmp_tmpkir0kenl_Test_dafny4_Fstar-QuickSort.dfy,smtlib,z3,arguments,VERIFIED,1759,0
ground_truth,Program-Verification-Dataset_tmp_tmpgbdrlnu__Dafny_from dafny main repo_dafny0_GhostITECompilation.dfy,tptp,vampire,polymorphic,VERIFICATION_TIMED_OUT,15456,4
ground_truth,Program-Verification-Dataset_tmp_tmpgbdrlnu__Dafny_from dafny main repo_dafny0_GhostITECompilation.dfy,tptp,vampire,monomorphic,VERIFICATION_TIMED_OUT,15587,4
ground_truth,Program-Verification-Dataset_tmp_tmpgbdrlnu__Dafny_from dafny main repo_dafny0_GhostITECompilation.dfy,tptp,vampire,predicates,VERIFICATION_TIMED_OUT,29403,4
ground_truth,Program-Verification-Dataset_tmp_tmpgbdrlnu__Dafny_from dafny main repo_dafny0_GhostITECompilation.dfy,tptp,vampire,arguments,VERIFICATION_TIMED_OUT,29303,4
ground_truth,Program-Verification-Dataset_tmp_tmpgbdrlnu__Dafny_from dafny main repo_dafny0_GhostITECompilation.dfy,smtlib,vampire,monomorphic,VERIFICATION_TIMED_OUT,15473,4
ground_truth,Program-Verification-Dataset_tmp_tmpgbdrlnu__Dafny_from dafny main repo_dafny0_GhostITECompilation.dfy,smtlib,vampire,predicates,VERIFICATION_TIMED_OUT,15364,4
ground_truth,Program-Verification-Dataset_tmp_tmpgbdrlnu__Dafny_from dafny main repo_dafny0_GhostITECompilation.dfy,smtlib,vampire,arguments,VERIFICATION_TIMED_OUT,15349,4
ground_truth,Program-Verification-Dataset_tmp_tmpgbdrlnu__Dafny_from dafny main repo_dafny0_GhostITECompilation.dfy,smtlib,z3,monomorphic,VERIFIED,1550,0
ground_truth,Program-Verification-Dataset_tmp_tmpgbdrlnu__Dafny_from dafny main repo_dafny0_GhostITECompilation.dfy,smtlib,z3,predicates,VERIFIED,1504,0
ground_truth,Program-Verification-Dataset_tmp_tmpgbdrlnu__Dafny_from dafny main repo_dafny0_GhostITECompilation.dfy,smtlib,z3,arguments,VERIFIED,1488,0
ground_truth,Dafny-Exercises_tmp_tmpjm75muf__Session6Exercises_ExerciseCountEven.dfy,tptp,vampire,polymorphic,VERIFICATION_TIMED_OUT,16352,4
ground_truth,Dafny-Exercises_tmp_tmpjm75muf__Session6Exercises_ExerciseCountEven.dfy,tptp,vampire,monomorphic,VERIFICATION_TIMED_OUT,16378,4
ground_truth,Dafny-Exercises_tmp_tmpjm75muf__Session6Exercises_ExerciseCountEven.dfy,tptp,vampire,predicates,VERIFICATION_TIMED_OUT,21281,4
ground_truth,Dafny-Exercises_tmp_tmpjm75muf__Session6Exercises_ExerciseCountEven.dfy,tptp,vampire,arguments,VERIFICATION_TIMED_OUT,16445,4
ground_truth,Dafny-Exercises_tmp_tmpjm75muf__Session6Exercises_ExerciseCountEven.dfy,smtlib,vampire,monomorphic,VERIFICATION_TIMED_OUT,15785,4
ground_truth,Dafny-Exercises_tmp_tmpjm75muf__Session6Exercises_ExerciseCountEven.dfy,smtlib,vampire,predicates,VERIFICATION_TIMED_OUT,17930,4
ground_truth,Dafny-Exercises_tmp_tmpjm75muf__Session6Exercises_ExerciseCountEven.dfy,smtlib,vampire,arguments,VERIFICATION_TIMED_OUT,16538,4
ground_truth,Dafny-Exercises_tmp_tmpjm75muf__Session6Exercises_ExerciseCountEven.dfy,smtlib,z3,monomorphic,VERIFIED,1768,0
ground_truth,Dafny-Exercises_tmp_tmpjm75muf__Session6Exercises_ExerciseCountEven.dfy,smtlib,z3,predicates,VERIFIED,1652,0
ground_truth,Dafny-Exercises_tmp_tmpjm75muf__Session6Exercises_ExerciseCountEven.dfy,smtlib,z3,arguments,VERIFIED,1683,0
ground_truth,verification-class_tmp_tmpz9ik148s_2022_chapter05-distributed-state-machines_exercises_UtilitiesLibrary.dfy,tptp,vampire,polymorphic,VERIFICATION_TIMED_OUT,15786,4
ground_truth,verification-class_tmp_tmpz9ik148s_2022_chapter05-distributed-state-machines_exercises_UtilitiesLibrary.dfy,tptp,vampire,monomorphic,VERIFICATION_TIMED_OUT,15846,4
ground_truth,verification-class_tmp_tmpz9ik148s_2022_chapter05-distributed-state-machines_exercises_UtilitiesLibrary.dfy,tptp,vampire,predicates,VERIFICATION_TIMED_OUT,21231,4
ground_truth,verification-class_tmp_tmpz9ik148s_2022_chapter05-distributed-state-machines_exercises_UtilitiesLibrary.dfy,tptp,vampire,arguments,VERIFICATION_TIMED_OUT,15770,4
ground_truth,verification-class_tmp_tmpz9ik148s_2022_chapter05-distributed-state-machines_exercises_UtilitiesLibrary.dfy,smtlib,vampire,monomorphic,VERIFICATION_TIMED_OUT,16515,4
ground_truth,verification-class_tmp_tmpz9ik148s_2022_chapter05-distributed-state-machines_exercises_UtilitiesLibrary.dfy,smtlib,vampire,predicates,VERIFICATION_TIMED_OUT,16401,4
ground_truth,verification-class_tmp_tmpz9ik148s_2022_chapter05-distributed-state-machines_exercises_UtilitiesLibrary.dfy,smtlib,vampire,arguments,VERIFICATION_TIMED_OUT,15603,4
ground_truth,verification-class_tmp_tmpz9ik148s_2022_chapter05-distributed-state-machines_exercises_UtilitiesLibrary.dfy,smtlib,z3,monomorphic,VERIFIED,1767,0
ground_truth,verification-class_tmp_tmpz9ik148s_2022_chapter05-distributed-state-machines_exercises_UtilitiesLibrary.dfy,smtlib,z3,predicates,VERIFIED,1726,0
ground_truth,verification-class_tmp_tmpz9ik148s_2022_chapter05-distributed-state-machines_exercises_UtilitiesLibrary.dfy,smtlib,z3,arguments,VERIFIED,1684,0
ground_truth,stunning-palm-tree_tmp_tmpr84c2iwh_ch8.dfy,tptp,vampire,polymorphic,VERIFICATION_TIMED_OUT,29562,4
ground_truth,stunning-palm-tree_tmp_tmpr84c2iwh_ch8.dfy,tptp,vampire,monomorphic,VERIFICATION_TIMED_OUT,29824,4
ground_truth,stunning-palm-tree_tmp_tmpr84c2iwh_ch8.dfy,tptp,vampire,predicates,VERIFICATION_TIMED_OUT,43668,4
ground_truth,stunning-palm-tree_tmp_tmpr84c2iwh_ch8.dfy,tptp,vampire,arguments,VERIFICATION_TIMED_OUT,32106,4
ground_truth,stunning-palm-tree_tmp_tmpr84c2iwh_ch8.dfy,smtlib,vampire,monomorphic,VERIFICATION_TIMED_OUT,29683,4
ground_truth,stunning-palm-tree_tmp_tmpr84c2iwh_ch8.dfy,smtlib,vampire,predicates,VERIFICATION_TIMED_OUT,35517,4
ground_truth,stunning-palm-tree_tmp_tmpr84c2iwh_ch8.dfy,smtlib,vampire,arguments,VERIFICATION_TIMED_OUT,29712,4
ground_truth,stunning-palm-tree_tmp_tmpr84c2iwh_ch8.dfy,smtlib,z3,monomorphic,VERIFIED,1842,0
ground_truth,stunning-palm-tree_tmp_tmpr84c2iwh_ch8.dfy,smtlib,z3,predicates,NOT_VERIFIED,1916,4
ground_truth,stunning-palm-tree_tmp_tmpr84c2iwh_ch8.dfy,smtlib,z3,arguments,VERIFIED,1912,0
ground_truth,ironsync-osdi2023_tmp_tmpx80antoe_linear-dafny_Test_git-issues_git-issue-506.dfy,tptp,vampire,polymorphic,VERIFICATION_TIMED_OUT,15490,4
ground_truth,ironsync-osdi2023_tmp_tmpx80antoe_linear-dafny_Test_git-issues_git-issue-506.dfy,tptp,vampire,monomorphic,VERIFICATION_TIMED_OUT,15561,4
ground_truth,ironsync-osdi2023_tmp_tmpx80antoe_linear-dafny_Test_git-issues_git-issue-506.dfy,tptp,vampire,predicates,VERIFICATION_TIMED_OUT,15488,4
ground_truth,ironsync-osdi2023_tmp_tmpx80antoe_linear-dafny_Test_git-issues_git-issue-506.dfy,tptp,vampire,arguments,VERIFICATION_TIMED_OUT,15448,4
ground_truth,ironsync-osdi2023_tmp_tmpx80antoe_linear-dafny_Test_git-issues_git-issue-506.dfy,smtlib,vampire,monomorphic,VERIFIED,15190,0
ground_truth,ironsync-osdi2023_tmp_tmpx80antoe_linear-dafny_Test_git-issues_git-issue-506.dfy,smtlib,vampire,predicates,VERIFICATION_TIMED_OUT,15376,4
ground_truth,ironsync-osdi2023_tmp_tmpx80antoe_linear-dafny_Test_git-issues_git-issue-506.dfy,smtlib,vampire,arguments,VERIFICATION_TIMED_OUT,15377,4
ground_truth,ironsync-osdi2023_tmp_tmpx80antoe_linear-dafny_Test_git-issues_git-issue-506.dfy,smtlib,z3,monomorphic,VERIFIED,1857,0
ground_truth,ironsync-osdi2023_tmp_tmpx80antoe_linear-dafny_Test_git-issues_git-issue-506.dfy,smtlib,z3,predicates,VERIFIED,1898,0
ground_truth,ironsync-osdi2023_tmp_tmpx80antoe_linear-dafny_Test_git-issues_git-issue-506.dfy,smtlib,z3,arguments,VERIFIED,1716,0
ground_truth,Clover_array_append.dfy,tptp,vampire,polymorphic,VERIFICATION_TIMED_OUT,15452,4
ground_truth,Clover_array_append.dfy,tptp,vampire,monomorphic,VERIFICATION_TIMED_OUT,15751,4
ground_truth,Clover_array_append.dfy,tptp,vampire,predicates,VERIFICATION_TIMED_OUT,15482,4
ground_truth,Clover_array_append.dfy,tptp,vampire,arguments,VERIFICATION_TIMED_OUT,15425,4
ground_truth,Clover_array_append.dfy,smtlib,vampire,monomorphic,VERIFIED,3620,0
ground_truth,Clover_array_append.dfy,smtlib,vampire,predicates,VERIFICATION_TIMED_OUT,15303,4
ground_truth,Clover_array_append.dfy,smtlib,vampire,arguments,VERIFIED,3333,0
ground_truth,Clover_array_append.dfy,smtlib,z3,monomorphic,VERIFIED,1556,0
ground_truth,Clover_array_append.dfy,smtlib,z3,predicates,VERIFIED,1509,0
ground_truth,Clover_array_append.dfy,smtlib,z3,arguments,VERIFIED,1483,0
ground_truth,dafny_examples_tmp_tmp8qotd4ez_leetcode_0277-find-the-celebrity.dfy,tptp,vampire,polymorphic,VERIFICATION_TIMED_OUT,15599,4
ground_truth,dafny_examples_tmp_tmp8qotd4ez_leetcode_0277-find-the-celebrity.dfy,tptp,vampire,monomorphic,VERIFICATION_TIMED_OUT,15777,4
ground_truth,dafny_examples_tmp_tmp8qotd4ez_leetcode_0277-find-the-celebrity.dfy,tptp,vampire,predicates,VERIFICATION_TIMED_OUT,15574,4
ground_truth,dafny_examples_tmp_tmp8qotd4ez_leetcode_0277-find-the-celebrity.dfy,tptp,vampire,arguments,VERIFICATION_TIMED_OUT,15494,4
ground_truth,dafny_examples_tmp_tmp8qotd4ez_leetcode_0277-find-the-celebrity.dfy,smtlib,vampire,monomorphic,VERIFIED,3538,0
ground_truth,dafny_examples_tmp_tmp8qotd4ez_leetcode_0277-find-the-celebrity.dfy,smtlib,vampire,predicates,VERIFICATION_TIMED_OUT,15559,4
ground_truth,dafny_examples_tmp_tmp8qotd4ez_leetcode_0277-find-the-celebrity.dfy,smtlib,vampire,arguments,VERIFICATION_TIMED_OUT,15351,4
ground_truth,dafny_examples_tmp_tmp8qotd4ez_leetcode_0277-find-the-celebrity.dfy,smtlib,z3,monomorphic,VERIFIED,1614,0
ground_truth,dafny_examples_tmp_tmp8qotd4ez_leetcode_0277-find-the-celebrity.dfy,smtlib,z3,predicates,VERIFIED,1558,0
ground_truth,dafny_examples_tmp_tmp8qotd4ez_leetcode_0277-find-the-celebrity.dfy,smtlib,z3,arguments,VERIFIED,1576,0
ground_truth,HATRA-2022-Paper_tmp_tmp5texxy8l_copilot_verification_Binary Search_binary_search.dfy,tptp,vampire,polymorphic,VERIFIED,1730,0
ground_truth,HATRA-2022-Paper_tmp_tmp5texxy8l_copilot_verification_Binary Search_binary_search.dfy,tptp,vampire,monomorphic,VERIFIED,3117,0
ground_truth,HATRA-2022-Paper_tmp_tmp5texxy8l_copilot_verification_Binary Search_binary_search.dfy,tptp,vampire,predicates,VERIFICATION_TIMED_OUT,16184,4
ground_truth,HATRA-2022-Paper_tmp_tmp5texxy8l_copilot_verification_Binary Search_binary_search.dfy,tptp,vampire,arguments,VERIFIED,4573,0
ground_truth,HATRA-2022-Paper_tmp_tmp5texxy8l_copilot_verification_Binary Search_binary_search.dfy,smtlib,vampire,monomorphic,VERIFIED,1895,0
ground_truth,HATRA-2022-Paper_tmp_tmp5texxy8l_copilot_verification_Binary Search_binary_search.dfy,smtlib,vampire,predicates,VERIFIED,5811,0
ground_truth,HATRA-2022-Paper_tmp_tmp5texxy8l_copilot_verification_Binary Search_binary_search.dfy,smtlib,vampire,arguments,VERIFIED,4675,0
ground_truth,HATRA-2022-Paper_tmp_tmp5texxy8l_copilot_verification_Binary Search_binary_search.dfy,smtlib,z3,monomorphic,VERIFIED,1804,0
ground_truth,HATRA-2022-Paper_tmp_tmp5texxy8l_copilot_verification_Binary Search_binary_search.dfy,smtlib,z3,predicates,VERIFIED,1728,0
ground_truth,HATRA-2022-Paper_tmp_tmp5texxy8l_copilot_verification_Binary Search_binary_search.dfy,smtlib,z3,arguments,VERIFIED,1713,0
ground_truth,dafl_tmp_tmp_r3_8w3y_dafny_examples_uiowa_find.dfy,tptp,vampire,polymorphic,VERIFIED,2647,0
ground_truth,dafl_tmp_tmp_r3_8w3y_dafny_examples_uiowa_find.dfy,tptp,vampire,monomorphic,VERIFIED,2788,0
ground_truth,dafl_tmp_tmp_r3_8w3y_dafny_examples_uiowa_find.dfy,tptp,vampire,predicates,VERIFIED,6510,0
ground_truth,dafl_tmp_tmp_r3_8w3y_dafny_examples_uiowa_find.dfy,tptp,vampire,arguments,VERIFIED,3540,0
ground_truth,dafl_tmp_tmp_r3_8w3y_dafny_examples_uiowa_find.dfy,smtlib,vampire,monomorphic,VERIFIED,2643,0
ground_truth,dafl_tmp_tmp_r3_8w3y_dafny_examples_uiowa_find.dfy,smtlib,vampire,predicates,VERIFICATION_TIMED_OUT,15313,4
ground_truth,dafl_tmp_tmp_r3_8w3y_dafny_examples_uiowa_find.dfy,smtlib,vampire,arguments,VERIFIED,3539,0
ground_truth,dafl_tmp_tmp_r3_8w3y_dafny_examples_uiowa_find.dfy,smtlib,z3,monomorphic,VERIFIED,1538,0
ground_truth,dafl_tmp_tmp_r3_8w3y_dafny_examples_uiowa_find.dfy,smtlib,z3,predicates,VERIFIED,1492,0
ground_truth,dafl_tmp_tmp_r3_8w3y_dafny_examples_uiowa_find.dfy,smtlib,z3,arguments,VERIFIED,1455,0
ground_truth,llm-verified-eval_tmp_tmpd2deqn_i_dafny_3.dfy,tptp,vampire,polymorphic,VERIFICATION_TIMED_OUT,15419,4
ground_truth,llm-verified-eval_tmp_tmpd2deqn_i_dafny_3.dfy,tptp,vampire,monomorphic,VERIFICATION_TIMED_OUT,15574,4
ground_truth,llm-verified-eval_tmp_tmpd2deqn_i_dafny_3.dfy,tptp,vampire,predicates,VERIFICATION_TIMED_OUT,15525,4
ground_truth,llm-verified-eval_tmp_tmpd2deqn_i_dafny_3.dfy,tptp,vampire,arguments,VERIFICATION_TIMED_OUT,15591,4
ground_truth,llm-verified-eval_tmp_tmpd2deqn_i_dafny_3.dfy,smtlib,vampire,monomorphic,VERIFICATION_TIMED_OUT,15440,4
ground_truth,llm-verified-eval_tmp_tmpd2deqn_i_dafny_3.dfy,smtlib,vampire,predicates,VERIFIED,3719,0
ground_truth,llm-verified-eval_tmp_tmpd2deqn_i_dafny_3.dfy,smtlib,vampire,arguments,VERIFICATION_TIMED_OUT,15308,4
ground_truth,llm-verified-eval_tmp_tmpd2deqn_i_dafny_3.dfy,smtlib,z3,monomorphic,NOT_VERIFIED,1660,4
ground_truth,llm-verified-eval_tmp_tmpd2deqn_i_dafny_3.dfy,smtlib,z3,predicates,NOT_VERIFIED,1596,4
ground_truth,llm-verified-eval_tmp_tmpd2deqn_i_dafny_3.dfy,smtlib,z3,arguments,NOT_VERIFIED,1575,4
ground_truth,dafny-language-server_tmp_tmpkir0kenl_Test_VSComp2010_Problem1-SumMax.dfy,tptp,vampire,polymorphic,VERIFICATION_TIMED_OUT,15482,4
ground_truth,dafny-language-server_tmp_tmpkir0kenl_Test_VSComp2010_Problem1-SumMax.dfy,tptp,vampire,monomorphic,VERIFICATION_TIMED_OUT,15501,4
ground_truth,dafny-language-server_tmp_tmpkir0kenl_Test_VSComp2010_Problem1-SumMax.dfy,tptp,vampire,predicates,VERIFICATION_TIMED_OUT,15476,4
ground_truth,dafny-language-server_tmp_tmpkir0kenl_Test_VSComp2010_Problem1-SumMax.dfy,tptp,vampire,arguments,VERIFICATION_TIMED_OUT,15504,4
ground_truth,dafny-language-server_tmp_tmpkir0kenl_Test_VSComp2010_Problem1-SumMax.dfy,smtlib,vampire,monomorphic,VERIFICATION_TIMED_OUT,15432,4
ground_truth,dafny-language-server_tmp_tmpkir0kenl_Test_VSComp2010_Problem1-SumMax.dfy,smtlib,vampire,predicates,VERIFICATION_TIMED_OUT,15386,4
ground_truth,dafny-language-server_tmp_tmpkir0kenl_Test_VSComp2010_Problem1-SumMax.dfy,smtlib,vampire,arguments,VERIFICATION_TIMED_OUT,15283,4
ground_truth,dafny-language-server_tmp_tmpkir0kenl_Test_VSComp2010_Problem1-SumMax.dfy,smtlib,z3,monomorphic,VERIFIED,1610,0
ground_truth,dafny-language-server_tmp_tmpkir0kenl_Test_VSComp2010_Problem1-SumMax.dfy,smtlib,z3,predicates,VERIFIED,1590,0
ground_truth,dafny-language-server_tmp_tmpkir0kenl_Test_VSComp2010_Problem1-SumMax.dfy,smtlib,z3,arguments,VERIFIED,1562,0
ground_truth,dafny-synthesis_task_id_591.dfy,tptp,vampire,polymorphic,VERIFICATION_TIMED_OUT,15314,4
ground_truth,dafny-synthesis_task_id_591.dfy,tptp,vampire,monomorphic,VERIFICATION_TIMED_OUT,15414,4
ground_truth,dafny-synthesis_task_id_591.dfy,tptp,vampire,predicates,VERIFICATION_TIMED_OUT,15385,4
ground_truth,dafny-synthesis_task_id_591.dfy,tptp,vampire,arguments,VERIFICATION_TIMED_OUT,15355,4
ground_truth,dafny-synthesis_task_id_591.dfy,smtlib,vampire,monomorphic,VERIFIED,5204,0
ground_truth,dafny-synthesis_task_id_591.dfy,smtlib,vampire,predicates,VERIFICATION_TIMED_OUT,15241,4
ground_truth,dafny-synthesis_task_id_591.dfy,smtlib,vampire,arguments,VERIFICATION_TIMED_OUT,15286,4
ground_truth,dafny-synthesis_task_id_591.dfy,smtlib,z3,monomorphic,VERIFIED,1495,0
ground_truth,dafny-synthesis_task_id_591.dfy,smtlib,z3,predicates,VERIFIED,1446,0
ground_truth,dafny-synthesis_task_id_591.dfy,smtlib,z3,arguments,VERIFIED,1410,0
ground_truth,SENG2011_tmp_tmpgk5jq85q_ass2_ex1.dfy,tptp,vampire,polymorphic,VERIFICATION_TIMED_OUT,15423,4
ground_truth,SENG2011_tmp_tmpgk5jq85q_ass2_ex1.dfy,tptp,vampire,monomorphic,VERIFICATION_TIMED_OUT,15511,4
ground_truth,SENG2011_tmp_tmpgk5jq85q_ass2_ex1.dfy,tptp,vampire,predicates,VERIFICATION_TIMED_OUT,15460,4
ground_truth,SENG2011_tmp_tmpgk5jq85q_ass2_ex1.dfy,tptp,vampire,arguments,VERIFICATION_TIMED_OUT,15475,4
ground_truth,SENG2011_tmp_tmpgk5jq85q_ass2_ex1.dfy,smtlib,vampire,monomorphic,VERIFICATION_TIMED_OUT,15394,4
ground_truth,SENG2011_tmp_tmpgk5jq85q_ass2_ex1.dfy,smtlib,vampire,predicates,VERIFICATION_TIMED_OUT,15341,4
ground_truth,SENG2011_tmp_tmpgk5jq85q_ass2_ex1.dfy,smtlib,vampire,arguments,VERIFICATION_TIMED_OUT,15348,4
ground_truth,SENG2011_tmp_tmpgk5jq85q_ass2_ex1.dfy,smtlib,z3,monomorphic,VERIFIED,1726,0
ground_truth,SENG2011_tmp_tmpgk5jq85q_ass2_ex1.dfy,smtlib,z3,predicates,VERIFIED,1603,0
ground_truth,SENG2011_tmp_tmpgk5jq85q_ass2_ex1.dfy,smtlib,z3,arguments,VERIFIED,1635,0
ground_truth,dafny-language-server_tmp_tmpkir0kenl_Test_dafny4_git-issue67.dfy,tptp,vampire,polymorphic,VERIFIED,1520,0
ground_truth,dafny-language-server_tmp_tmpkir0kenl_Test_dafny4_git-issue67.dfy,tptp,vampire,monomorphic,VERIFIED,1554,0
ground_truth,dafny-language-server_tmp_tmpkir0kenl_Test_dafny4_git-issue67.dfy,tptp,vampire,predicates,VERIFIED,1543,0
ground_truth,dafny-language-server_tmp_tmpkir0kenl_Test_dafny4_git-issue67.dfy,tptp,vampire,arguments,VERIFIED,1531,0
ground_truth,dafny-language-server_tmp_tmpkir0kenl_Test_dafny4_git-issue67.dfy,smtlib,vampire,monomorphic,VERIFIED,1538,0
ground_truth,dafny-language-server_tmp_tmpkir0kenl_Test_dafny4_git-issue67.dfy,smtlib,vampire,predicates,VERIFIED,1463,0
ground_truth,dafny-language-server_tmp_tmpkir0kenl_Test_dafny4_git-issue67.dfy,smtlib,vampire,arguments,VERIFIED,1428,0
ground_truth,dafny-language-server_tmp_tmpkir0kenl_Test_dafny4_git-issue67.dfy,smtlib,z3,monomorphic,VERIFIED,1520,0
ground_truth,dafny-language-server_tmp_tmpkir0kenl_Test_dafny4_git-issue67.dfy,smtlib,z3,predicates,VERIFIED,1460,0
ground_truth,dafny-language-server_tmp_tmpkir0kenl_Test_dafny4_git-issue67.dfy,smtlib,z3,arguments,VERIFIED,1437,0
ground_truth,dafny-synthesis_task_id_474.dfy,tptp,vampire,polymorphic,VERIFICATION_TIMED_OUT,15407,4
ground_truth,dafny-synthesis_task_id_474.dfy,tptp,vampire,monomorphic,VERIFICATION_TIMED_OUT,15465,4
ground_truth,dafny-synthesis_task_id_474.dfy,tptp,vampire,predicates,VERIFICATION_TIMED_OUT,15466,4
ground_truth,dafny-synthesis_task_id_474.dfy,tptp,vampire,arguments,VERIFICATION_TIMED_OUT,15621,4
ground_truth,dafny-synthesis_task_id_474.dfy,smtlib,vampire,monomorphic,VERIFIED,3552,0
ground_truth,dafny-synthesis_task_id_474.dfy,smtlib,vampire,predicates,VERIFICATION_TIMED_OUT,15417,4
ground_truth,dafny-synthesis_task_id_474.dfy,smtlib,vampire,arguments,VERIFICATION_TIMED_OUT,15420,4
ground_truth,dafny-synthesis_task_id_474.dfy,smtlib,z3,monomorphic,VERIFIED,1673,0
ground_truth,dafny-synthesis_task_id_474.dfy,smtlib,z3,predicates,VERIFIED,1593,0
ground_truth,dafny-synthesis_task_id_474.dfy,smtlib,z3,arguments,VERIFIED,1570,0
ground_truth,Clover_copy_part.dfy,tptp,vampire,polymorphic,VERIFICATION_TIMED_OUT,15426,4
ground_truth,Clover_copy_part.dfy,tptp,vampire,monomorphic,VERIFICATION_TIMED_OUT,15587,4
ground_truth,Clover_copy_part.dfy,tptp,vampire,predicates,VERIFICATION_TIMED_OUT,15586,4
ground_truth,Clover_copy_part.dfy,tptp,vampire,arguments,VERIFICATION_TIMED_OUT,15449,4
ground_truth,Clover_copy_part.dfy,smtlib,vampire,monomorphic,VERIFICATION_TIMED_OUT,15397,4
ground_truth,Clover_copy_part.dfy,smtlib,vampire,predicates,VERIFICATION_TIMED_OUT,15397,4
ground_truth,Clover_copy_part.dfy,smtlib,vampire,arguments,VERIFICATION_TIMED_OUT,15369,4
ground_truth,Clover_copy_part.dfy,smtlib,z3,monomorphic,VERIFIED,1644,0
ground_truth,Clover_copy_part.dfy,smtlib,z3,predicates,VERIFIED,1583,0
ground_truth,Clover_copy_part.dfy,smtlib,z3,arguments,VERIFIED,1518,0
ground_truth,dafl_tmp_tmp_r3_8w3y_dafny_examples_dafny0_ForallCompilationNewSyntax.dfy,tptp,vampire,polymorphic,VERIFIED,6618,0
ground_truth,dafl_tmp_tmp_r3_8w3y_dafny_examples_dafny0_ForallCompilationNewSyntax.dfy,tptp,vampire,monomorphic,VERIFICATION_TIMED_OUT,15662,4
ground_truth,dafl_tmp_tmp_r3_8w3y_dafny_examples_dafny0_ForallCompilationNewSyntax.dfy,tptp,vampire,predicates,VERIFICATION_TIMED_OUT,44232,4
ground_truth,dafl_tmp_tmp_r3_8w3y_dafny_examples_dafny0_ForallCompilationNewSyntax.dfy,tptp,vampire,arguments,VERIFICATION_TIMED_OUT,16381,4
ground_truth,dafl_tmp_tmp_r3_8w3y_dafny_examples_dafny0_ForallCompilationNewSyntax.dfy,smtlib,vampire,monomorphic,VERIFIED,6906,0
ground_truth,dafl_tmp_tmp_r3_8w3y_dafny_examples_dafny0_ForallCompilationNewSyntax.dfy,smtlib,vampire,predicates,VERIFICATION_TIMED_OUT,31546,4
ground_truth,dafl_tmp_tmp_r3_8w3y_dafny_examples_dafny0_ForallCompilationNewSyntax.dfy,smtlib,vampire,arguments,VERIFICATION_TIMED_OUT,16619,4
ground_truth,dafl_tmp_tmp_r3_8w3y_dafny_examples_dafny0_ForallCompilationNewSyntax.dfy,smtlib,z3,monomorphic,VERIFIED,1782,0
ground_truth,dafl_tmp_tmp_r3_8w3y_dafny_examples_dafny0_ForallCompilationNewSyntax.dfy,smtlib,z3,predicates,VERIFIED,1800,0
ground_truth,dafl_tmp_tmp_r3_8w3y_dafny_examples_dafny0_ForallCompilationNewSyntax.dfy,smtlib,z3,arguments,VERIFIED,1729,0
ground_truth,DafnyProjects_tmp_tmp2acw_s4s_CombNK.dfy,tptp,vampire,polymorphic,VERIFICATION_TIMED_OUT,29530,4
ground_truth,DafnyProjects_tmp_tmp2acw_s4s_CombNK.dfy,tptp,vampire,monomorphic,VERIFICATION_TIMED_OUT,29583,4
ground_truth,DafnyProjects_tmp_tmp2acw_s4s_CombNK.dfy,tptp,vampire,predicates,VERIFICATION_TIMED_OUT,29555,4
ground_truth,DafnyProjects_tmp_tmp2acw_s4s_CombNK.dfy,tptp,vampire,arguments,VERIFICATION_TIMED_OUT,29545,4
ground_truth,DafnyProjects_tmp_tmp2acw_s4s_CombNK.dfy,smtlib,vampire,monomorphic,VERIFICATION_TIMED_OUT,29205,4
ground_truth,DafnyProjects_tmp_tmp2acw_s4s_CombNK.dfy,smtlib,vampire,predicates,VERIFICATION_TIMED_OUT,29465,4
ground_truth,DafnyProjects_tmp_tmp2acw_s4s_CombNK.dfy,smtlib,vampire,arguments,VERIFICATION_TIMED_OUT,19183,4
ground_truth,DafnyProjects_tmp_tmp2acw_s4s_CombNK.dfy,smtlib,z3,monomorphic,NOT_VERIFIED,1809,4
ground_truth,DafnyProjects_tmp_tmp2acw_s4s_CombNK.dfy,smtlib,z3,predicates,NOT_VERIFIED,1870,4
ground_truth,DafnyProjects_tmp_tmp2acw_s4s_CombNK.dfy,smtlib,z3,arguments,NOT_VERIFIED,1726,4
ground_truth,dafny-synthesis_task_id_113.dfy,tptp,vampire,polymorphic,VERIFIED,2630,0
ground_truth,dafny-synthesis_task_id_113.dfy,tptp,vampire,monomorphic,VERIFIED,3732,0
ground_truth,dafny-synthesis_task_id_113.dfy,tptp,vampire,predicates,VERIFIED,3871,0
ground_truth,dafny-synthesis_task_id_113.dfy,tptp,vampire,arguments,VERIFIED,3987,0
ground_truth,dafny-synthesis_task_id_113.dfy,smtlib,vampire,monomorphic,VERIFIED,3812,0
ground_truth,dafny-synthesis_task_id_113.dfy,smtlib,vampire,predicates,VERIFIED,3575,0
ground_truth,dafny-synthesis_task_id_113.dfy,smtlib,vampire,arguments,VERIFIED,3715,0
ground_truth,dafny-synthesis_task_id_113.dfy,smtlib,z3,monomorphic,VERIFIED,1593,0
ground_truth,dafny-synthesis_task_id_113.dfy,smtlib,z3,predicates,VERIFIED,1548,0
ground_truth,dafny-synthesis_task_id_113.dfy,smtlib,z3,arguments,VERIFIED,1595,0
ground_truth,CVS-Projto1_tmp_tmpb1o0bu8z_fact.dfy,tptp,vampire,polymorphic,VERIFICATION_TIMED_OUT,15641,4
ground_truth,CVS-Projto1_tmp_tmpb1o0bu8z_fact.dfy,tptp,vampire,monomorphic,VERIFICATION_TIMED_OUT,16624,4
ground_truth,CVS-Projto1_tmp_tmpb1o0bu8z_fact.dfy,tptp,vampire,predicates,VERIFICATION_TIMED_OUT,29793,4
ground_truth,CVS-Projto1_tmp_tmpb1o0bu8z_fact.dfy,tptp,vampire,arguments,VERIFICATION_TIMED_OUT,29768,4
ground_truth,CVS-Projto1_tmp_tmpb1o0bu8z_fact.dfy,smtlib,vampire,monomorphic,VERIFICATION_TIMED_OUT,16283,4
ground_truth,CVS-Projto1_tmp_tmpb1o0bu8z_fact.dfy,smtlib,vampire,predicates,VERIFICATION_TIMED_OUT,18712,4
ground_truth,CVS-Projto1_tmp_tmpb1o0bu8z_fact.dfy,smtlib,vampire,arguments,VERIFICATION_TIMED_OUT,15459,4
ground_truth,CVS-Projto1_tmp_tmpb1o0bu8z_fact.dfy,smtlib,z3,monomorphic,VERIFIED,1770,0
ground_truth,CVS-Projto1_tmp_tmpb1o0bu8z_fact.dfy,smtlib,z3,predicates,VERIFIED,1672,0
ground_truth,CVS-Projto1_tmp_tmpb1o0bu8z_fact.dfy,smtlib,z3,arguments,VERIFIED,1725,0
ground_truth,Dafny_Verify_tmp_tmphq7j0row_Generated_Code_Minimum.dfy,tptp,vampire,polymorphic,VERIFICATION_TIMED_OUT,15554,4
ground_truth,Dafny_Verify_tmp_tmphq7j0row_Generated_Code_Minimum.dfy,tptp,vampire,monomorphic,VERIFICATION_TIMED_OUT,15671,4
ground_truth,Dafny_Verify_tmp_tmphq7j0row_Generated_Code_Minimum.dfy,tptp,vampire,predicates,VERIFICATION_TIMED_OUT,15596,4
ground_truth,Dafny_Verify_tmp_tmphq7j0row_Generated_Code_Minimum.dfy,tptp,vampire,arguments,VERIFICATION_TIMED_OUT,15519,4
ground_truth,Dafny_Verify_tmp_tmphq7j0row_Generated_Code_Minimum.dfy,smtlib,vampire,monomorphic,VERIFICATION_TIMED_OUT,15582,4
ground_truth,Dafny_Verify_tmp_tmphq7j0row_Generated_Code_Minimum.dfy,smtlib,vampire,predicates,VERIFICATION_TIMED_OUT,15419,4
ground_truth,Dafny_Verify_tmp_tmphq7j0row_Generated_Code_Minimum.dfy,smtlib,vampire,arguments,VERIFICATION_TIMED_OUT,15447,4
ground_truth,Dafny_Verify_tmp_tmphq7j0row_Generated_Code_Minimum.dfy,smtlib,z3,monomorphic,VERIFIED,1652,0
ground_truth,Dafny_Verify_tmp_tmphq7j0row_Generated_Code_Minimum.dfy,smtlib,z3,predicates,VERIFIED,1627,0
ground_truth,Dafny_Verify_tmp_tmphq7j0row_Generated_Code_Minimum.dfy,smtlib,z3,arguments,VERIFIED,1611,0
ground_truth,dafny-synthesis_task_id_240.dfy,tptp,vampire,polymorphic,VERIFICATION_TIMED_OUT,15352,4
ground_truth,dafny-synthesis_task_id_240.dfy,tptp,vampire,monomorphic,VERIFICATION_TIMED_OUT,15488,4
ground_truth,dafny-synthesis_task_id_240.dfy,tptp,vampire,predicates,VERIFICATION_TIMED_OUT,15480,4
ground_truth,dafny-synthesis_task_id_240.dfy,tptp,vampire,arguments,VERIFICATION_TIMED_OUT,15390,4
ground_truth,dafny-synthesis_task_id_240.dfy,smtlib,vampire,monomorphic,VERIFICATION_TIMED_OUT,15401,4
ground_truth,dafny-synthesis_task_id_240.dfy,smtlib,vampire,predicates,VERIFICATION_TIMED_OUT,15342,4
ground_truth,dafny-synthesis_task_id_240.dfy,smtlib,vampire,arguments,VERIFIED,3815,0
ground_truth,dafny-synthesis_task_id_240.dfy,smtlib,z3,monomorphic,VERIFIED,1562,0
ground_truth,dafny-synthesis_task_id_240.dfy,smtlib,z3,predicates,VERIFIED,1553,0
ground_truth,dafny-synthesis_task_id_240.dfy,smtlib,z3,arguments,VERIFIED,1515,0
ground_truth,dafny-synthesis_task_id_401.dfy,tptp,vampire,polymorphic,VERIFICATION_TIMED_OUT,15564,4
ground_truth,dafny-synthesis_task_id_401.dfy,tptp,vampire,monomorphic,VERIFICATION_TIMED_OUT,15671,4
ground_truth,dafny-synthesis_task_id_401.dfy,tptp,vampire,predicates,VERIFICATION_TIMED_OUT,15453,4
ground_truth,dafny-synthesis_task_id_401.dfy,tptp,vampire,arguments,VERIFICATION_TIMED_OUT,15501,4
ground_truth,dafny-synthesis_task_id_401.dfy,smtlib,vampire,monomorphic,VERIFIED,3608,0
ground_truth,dafny-synthesis_task_id_401.dfy,smtlib,vampire,predicates,VERIFICATION_TIMED_OUT,15414,4
ground_truth,dafny-synthesis_task_id_401.dfy,smtlib,vampire,arguments,VERIFIED,3464,0
ground_truth,dafny-synthesis_task_id_401.dfy,smtlib,z3,monomorphic,VERIFIED,1624,0
ground_truth,dafny-synthesis_task_id_401.dfy,smtlib,z3,predicates,VERIFIED,1580,0
ground_truth,dafny-synthesis_task_id_401.dfy,smtlib,z3,arguments,VERIFIED,1588,0
ground_truth,Software-building-and-verification-Projects_tmp_tmp5tm1srrn_CVS-projeto_aula1.dfy,tptp,vampire,polymorphic,VERIFIED,3441,0
ground_truth,Software-building-and-verification-Projects_tmp_tmp5tm1srrn_CVS-projeto_aula1.dfy,tptp,vampire,monomorphic,VERIFIED,4933,0
ground_truth,Software-building-and-verification-Projects_tmp_tmp5tm1srrn_CVS-projeto_aula1.dfy,tptp,vampire,predicates,VERIFICATION_TIMED_OUT,29651,4
ground_truth,Software-building-and-verification-Projects_tmp_tmp5tm1srrn_CVS-projeto_aula1.dfy,tptp,vampire,arguments,VERIFICATION_TIMED_OUT,29615,4
ground_truth,Software-building-and-verification-Projects_tmp_tmp5tm1srrn_CVS-projeto_aula1.dfy,smtlib,vampire,monomorphic,VERIFIED,5110,0
ground_truth,Software-building-and-verification-Projects_tmp_tmp5tm1srrn_CVS-projeto_aula1.dfy,smtlib,vampire,predicates,VERIFICATION_TIMED_OUT,16331,4
ground_truth,Software-building-and-verification-Projects_tmp_tmp5tm1srrn_CVS-projeto_aula1.dfy,smtlib,vampire,arguments,VERIFIED,9004,0
ground_truth,Software-building-and-verification-Projects_tmp_tmp5tm1srrn_CVS-projeto_aula1.dfy,smtlib,z3,monomorphic,VERIFIED,1753,0
ground_truth,Software-building-and-verification-Projects_tmp_tmp5tm1srrn_CVS-projeto_aula1.dfy,smtlib,z3,predicates,VERIFIED,1736,0
ground_truth,Software-building-and-verification-Projects_tmp_tmp5tm1srrn_CVS-projeto_aula1.dfy,smtlib,z3,arguments,VERIFIED,1594,0
ground_truth,t1_MF_tmp_tmpi_sqie4j_exemplos_classes_parte1_contadorV1b.dfy,tptp,vampire,polymorphic,VERIFIED,4985,0
ground_truth,t1_MF_tmp_tmpi_sqie4j_exemplos_classes_parte1_contadorV1b.dfy,tptp,vampire,monomorphic,VERIFIED,2713,0
ground_truth,t1_MF_tmp_tmpi_sqie4j_exemplos_classes_parte1_contadorV1b.dfy,tptp,vampire,predicates,VERIFICATION_TIMED_OUT,16044,4
ground_truth,t1_MF_tmp_tmpi_sqie4j_exemplos_classes_parte1_contadorV1b.dfy,tptp,vampire,arguments,VERIFICATION_TIMED_OUT,15530,4
ground_truth,t1_MF_tmp_tmpi_sqie4j_exemplos_classes_parte1_contadorV1b.dfy,smtlib,vampire,monomorphic,VERIFIED,2647,0
ground_truth,t1_MF_tmp_tmpi_sqie4j_exemplos_classes_parte1_contadorV1b.dfy,smtlib,vampire,predicates,VERIFICATION_TIMED_OUT,17243,4
ground_truth,t1_MF_tmp_tmpi_sqie4j_exemplos_classes_parte1_contadorV1b.dfy,smtlib,vampire,arguments,VERIFIED,2810,0
ground_truth,t1_MF_tmp_tmpi_sqie4j_exemplos_classes_parte1_contadorV1b.dfy,smtlib,z3,monomorphic,VERIFIED,1567,0
ground_truth,t1_MF_tmp_tmpi_sqie4j_exemplos_classes_parte1_contadorV1b.dfy,smtlib,z3,predicates,VERIFIED,1495,0
ground_truth,t1_MF_tmp_tmpi_sqie4j_exemplos_classes_parte1_contadorV1b.dfy,smtlib,z3,arguments,VERIFIED,1452,0
ground_truth,assertive-programming-assignment-1_tmp_tmp3h_cj44u_FindRange.dfy,tptp,vampire,polymorphic,VERIFICATION_TIMED_OUT,15840,4
ground_truth,assertive-programming-assignment-1_tmp_tmp3h_cj44u_FindRange.dfy,tptp,vampire,monomorphic,VERIFICATION_TIMED_OUT,16095,4
ground_truth,assertive-programming-assignment-1_tmp_tmp3h_cj44u_FindRange.dfy,tptp,vampire,predicates,VERIFICATION_TIMED_OUT,15958,4
ground_truth,assertive-programming-assignment-1_tmp_tmp3h_cj44u_FindRange.dfy,tptp,vampire,arguments,VERIFICATION_TIMED_OUT,15943,4
ground_truth,assertive-programming-assignment-1_tmp_tmp3h_cj44u_FindRange.dfy,smtlib,vampire,monomorphic,VERIFICATION_TIMED_OUT,15883,4
ground_truth,assertive-programming-assignment-1_tmp_tmp3h_cj44u_FindRange.dfy,smtlib,vampire,predicates,VERIFICATION_TIMED_OUT,15910,4
ground_truth,assertive-programming-assignment-1_tmp_tmp3h_cj44u_FindRange.dfy,smtlib,vampire,arguments,VERIFICATION_TIMED_OUT,15840,4
ground_truth,assertive-programming-assignment-1_tmp_tmp3h_cj44u_FindRange.dfy,smtlib,z3,monomorphic,VERIFIED,2094,0
ground_truth,assertive-programming-assignment-1_tmp_tmp3h_cj44u_FindRange.dfy,smtlib,z3,predicates,VERIFIED,2071,0
ground_truth,assertive-programming-assignment-1_tmp_tmp3h_cj44u_FindRange.dfy,smtlib,z3,arguments,VERIFIED,2016,0
ground_truth,dafny-exercises_tmp_tmp5mvrowrx_leetcode_26-remove-duplicates-from-sorted-array.dfy,tptp,vampire,polymorphic,VERIFICATION_TIMED_OUT,15515,4
ground_truth,dafny-exercises_tmp_tmp5mvrowrx_leetcode_26-remove-duplicates-from-sorted-array.dfy,tptp,vampire,monomorphic,VERIFICATION_TIMED_OUT,15590,4
ground_truth,dafny-exercises_tmp_tmp5mvrowrx_leetcode_26-remove-duplicates-from-sorted-array.dfy,tptp,vampire,predicates,VERIFICATION_TIMED_OUT,15559,4
ground_truth,dafny-exercises_tmp_tmp5mvrowrx_leetcode_26-remove-duplicates-from-sorted-array.dfy,tptp,vampire,arguments,VERIFICATION_TIMED_OUT,15558,4
ground_truth,dafny-exercises_tmp_tmp5mvrowrx_leetcode_26-remove-duplicates-from-sorted-array.dfy,smtlib,vampire,monomorphic,VERIFICATION_TIMED_OUT,15560,4
ground_truth,dafny-exercises_tmp_tmp5mvrowrx_leetcode_26-remove-duplicates-from-sorted-array.dfy,smtlib,vampire,predicates,VERIFICATION_TIMED_OUT,15425,4
ground_truth,dafny-exercises_tmp_tmp5mvrowrx_leetcode_26-remove-duplicates-from-sorted-array.dfy,smtlib,vampire,arguments,VERIFICATION_TIMED_OUT,15418,4
ground_truth,dafny-exercises_tmp_tmp5mvrowrx_leetcode_26-remove-duplicates-from-sorted-array.dfy,smtlib,z3,monomorphic,VERIFICATION_TIMED_OUT,16659,4
ground_truth,dafny-exercises_tmp_tmp5mvrowrx_leetcode_26-remove-duplicates-from-sorted-array.dfy,smtlib,z3,predicates,NOT_VERIFIED,16771,4
ground_truth,dafny-exercises_tmp_tmp5mvrowrx_leetcode_26-remove-duplicates-from-sorted-array.dfy,smtlib,z3,arguments,VERIFICATION_TIMED_OUT,16609,4
ground_truth,protocol-verification-fa2023_tmp_tmpw6hy3mjp_demos_ch04_leader_election.dfy,tptp,vampire,polymorphic,VERIFIED,6781,0
ground_truth,protocol-verification-fa2023_tmp_tmpw6hy3mjp_demos_ch04_leader_election.dfy,tptp,vampire,monomorphic,VERIFIED,6927,0
ground_truth,protocol-verification-fa2023_tmp_tmpw6hy3mjp_demos_ch04_leader_election.dfy,tptp,vampire,predicates,VERIFICATION_TIMED_OUT,30596,4
ground_truth,protocol-verification-fa2023_tmp_tmpw6hy3mjp_demos_ch04_leader_election.dfy,tptp,vampire,arguments,VERIFICATION_TIMED_OUT,29879,4
ground_truth,protocol-verification-fa2023_tmp_tmpw6hy3mjp_demos_ch04_leader_election.dfy,smtlib,vampire,monomorphic,VERIFIED,6671,0
ground_truth,protocol-verification-fa2023_tmp_tmpw6hy3mjp_demos_ch04_leader_election.dfy,smtlib,vampire,predicates,VERIFICATION_TIMED_OUT,29857,4
ground_truth,protocol-verification-fa2023_tmp_tmpw6hy3mjp_demos_ch04_leader_election.dfy,smtlib,vampire,arguments,VERIFIED,7655,0
ground_truth,protocol-verification-fa2023_tmp_tmpw6hy3mjp_demos_ch04_leader_election.dfy,smtlib,z3,monomorphic,VERIFIED,2112,0
ground_truth,protocol-verification-fa2023_tmp_tmpw6hy3mjp_demos_ch04_leader_election.dfy,smtlib,z3,predicates,NOT_VERIFIED,2296,4
ground_truth,protocol-verification-fa2023_tmp_tmpw6hy3mjp_demos_ch04_leader_election.dfy,smtlib,z3,arguments,VERIFIED,2054,0
ground_truth,BelowZero.dfy,tptp,vampire,polymorphic,VERIFICATION_TIMED_OUT,15407,4
ground_truth,BelowZero.dfy,tptp,vampire,monomorphic,VERIFICATION_TIMED_OUT,15540,4
ground_truth,BelowZero.dfy,tptp,vampire,predicates,VERIFICATION_TIMED_OUT,15598,4
ground_truth,BelowZero.dfy,tptp,vampire,arguments,VERIFICATION_TIMED_OUT,15525,4
ground_truth,BelowZero.dfy,smtlib,vampire,monomorphic,VERIFICATION_TIMED_OUT,15604,4
ground_truth,BelowZero.dfy,smtlib,vampire,predicates,VERIFIED,3875,0
ground_truth,BelowZero.dfy,smtlib,vampire,arguments,VERIFICATION_TIMED_OUT,15376,4
ground_truth,BelowZero.dfy,smtlib,z3,monomorphic,NOT_VERIFIED,1668,4
ground_truth,BelowZero.dfy,smtlib,z3,predicates,NOT_VERIFIED,1616,4
ground_truth,BelowZero.dfy,smtlib,z3,arguments,NOT_VERIFIED,1745,4
ground_truth,Dafny_Verify_tmp_tmphq7j0row_Generated_Code_LinearSearch.dfy,tptp,vampire,polymorphic,VERIFIED,3581,0
ground_truth,Dafny_Verify_tmp_tmphq7j0row_Generated_Code_LinearSearch.dfy,tptp,vampire,monomorphic,VERIFIED,3627,0
ground_truth,Dafny_Verify_tmp_tmphq7j0row_Generated_Code_LinearSearch.dfy,tptp,vampire,predicates,VERIFICATION_TIMED_OUT,15473,4
ground_truth,Dafny_Verify_tmp_tmphq7j0row_Generated_Code_LinearSearch.dfy,tptp,vampire,arguments,VERIFIED,6537,0
ground_truth,Dafny_Verify_tmp_tmphq7j0row_Generated_Code_LinearSearch.dfy,smtlib,vampire,monomorphic,VERIFIED,4009,0
ground_truth,Dafny_Verify_tmp_tmphq7j0row_Generated_Code_LinearSearch.dfy,smtlib,vampire,predicates,VERIFICATION_TIMED_OUT,15476,4
ground_truth,Dafny_Verify_tmp_tmphq7j0row_Generated_Code_LinearSearch.dfy,smtlib,vampire,arguments,VERIFIED,6883,0
ground_truth,Dafny_Verify_tmp_tmphq7j0row_Generated_Code_LinearSearch.dfy,smtlib,z3,monomorphic,VERIFIED,1581,0
ground_truth,Dafny_Verify_tmp_tmphq7j0row_Generated_Code_LinearSearch.dfy,smtlib,z3,predicates,VERIFIED,1537,0
ground_truth,Dafny_Verify_tmp_tmphq7j0row_Generated_Code_LinearSearch.dfy,smtlib,z3,arguments,VERIFIED,1501,0
ground_truth,se2011_tmp_tmp71eb82zt_ass1_ex4.dfy,tptp,vampire,polymorphic,VERIFIED,1419,0
ground_truth,se2011_tmp_tmp71eb82zt_ass1_ex4.dfy,tptp,vampire,monomorphic,VERIFIED,1511,0
ground_truth,se2011_tmp_tmp71eb82zt_ass1_ex4.dfy,tptp,vampire,predicates,VERIFIED,1537,0
ground_truth,se2011_tmp_tmp71eb82zt_ass1_ex4.dfy,tptp,vampire,arguments,VERIFIED,1514,0
ground_truth,se2011_tmp_tmp71eb82zt_ass1_ex4.dfy,smtlib,vampire,monomorphic,VERIFIED,1511,0
ground_truth,se2011_tmp_tmp71eb82zt_ass1_ex4.dfy,smtlib,vampire,predicates,VERIFIED,1447,0
ground_truth,se2011_tmp_tmp71eb82zt_ass1_ex4.dfy,smtlib,vampire,arguments,VERIFIED,1378,0
ground_truth,se2011_tmp_tmp71eb82zt_ass1_ex4.dfy,smtlib,z3,monomorphic,VERIFIED,1398,0
ground_truth,se2011_tmp_tmp71eb82zt_ass1_ex4.dfy,smtlib,z3,predicates,VERIFIED,1410,0
ground_truth,se2011_tmp_tmp71eb82zt_ass1_ex4.dfy,smtlib,z3,arguments,VERIFIED,1433,0
ground_truth,t1_MF_tmp_tmpi_sqie4j_exemplos_colecoes_arrays_ex4.dfy,tptp,vampire,polymorphic,VERIFICATION_TIMED_OUT,15647,4
ground_truth,t1_MF_tmp_tmpi_sqie4j_exemplos_colecoes_arrays_ex4.dfy,tptp,vampire,monomorphic,VERIFICATION_TIMED_OUT,15543,4
ground_truth,t1_MF_tmp_tmpi_sqie4j_exemplos_colecoes_arrays_ex4.dfy,tptp,vampire,predicates,VERIFICATION_TIMED_OUT,15493,4
ground_truth,t1_MF_tmp_tmpi_sqie4j_exemplos_colecoes_arrays_ex4.dfy,tptp,vampire,arguments,VERIFICATION_TIMED_OUT,15633,4
ground_truth,t1_MF_tmp_tmpi_sqie4j_exemplos_colecoes_arrays_ex4.dfy,smtlib,vampire,monomorphic,VERIFICATION_TIMED_OUT,15515,4
ground_truth,t1_MF_tmp_tmpi_sqie4j_exemplos_colecoes_arrays_ex4.dfy,smtlib,vampire,predicates,VERIFICATION_TIMED_OUT,15393,4
ground_truth,t1_MF_tmp_tmpi_sqie4j_exemplos_colecoes_arrays_ex4.dfy,smtlib,vampire,arguments,VERIFICATION_TIMED_OUT,15454,4
ground_truth,t1_MF_tmp_tmpi_sqie4j_exemplos_colecoes_arrays_ex4.dfy,smtlib,z3,monomorphic,VERIFIED,1576,0
ground_truth,t1_MF_tmp_tmpi_sqie4j_exemplos_colecoes_arrays_ex4.dfy,smtlib,z3,predicates,VERIFIED,1578,0
ground_truth,t1_MF_tmp_tmpi_sqie4j_exemplos_colecoes_arrays_ex4.dfy,smtlib,z3,arguments,VERIFIED,1521,0
ground_truth,iron-sync_tmp_tmps49o3tyz_Impl_CommitterCommitModel.dfy,tptp,vampire,polymorphic,VERIFIED,621,0
ground_truth,iron-sync_tmp_tmps49o3tyz_Impl_CommitterCommitModel.dfy,tptp,vampire,monomorphic,VERIFIED,633,0
ground_truth,iron-sync_tmp_tmps49o3tyz_Impl_CommitterCommitModel.dfy,tptp,vampire,predicates,VERIFIED,614,0
ground_truth,iron-sync_tmp_tmps49o3tyz_Impl_CommitterCommitModel.dfy,tptp,vampire,arguments,VERIFIED,626,0
ground_truth,iron-sync_tmp_tmps49o3tyz_Impl_CommitterCommitModel.dfy,smtlib,vampire,monomorphic,VERIFIED,562,0
ground_truth,iron-sync_tmp_tmps49o3tyz_Impl_CommitterCommitModel.dfy,smtlib,vampire,predicates,VERIFIED,571,0
ground_truth,iron-sync_tmp_tmps49o3tyz_Impl_CommitterCommitModel.dfy,smtlib,vampire,arguments,VERIFIED,598,0
ground_truth,iron-sync_tmp_tmps49o3tyz_Impl_CommitterCommitModel.dfy,smtlib,z3,monomorphic,VERIFIED,587,0
ground_truth,iron-sync_tmp_tmps49o3tyz_Impl_CommitterCommitModel.dfy,smtlib,z3,predicates,VERIFIED,645,0
ground_truth,iron-sync_tmp_tmps49o3tyz_Impl_CommitterCommitModel.dfy,smtlib,z3,arguments,VERIFIED,622,0
ground_truth,dafny-synthesis_task_id_804.dfy,tptp,vampire,polymorphic,VERIFIED,2669,0
ground_truth,dafny-synthesis_task_id_804.dfy,tptp,vampire,monomorphic,VERIFIED,2722,0
ground_truth,dafny-synthesis_task_id_804.dfy,tptp,vampire,predicates,VERIFIED,6457,0
ground_truth,dafny-synthesis_task_id_804.dfy,tptp,vampire,arguments,VERIFIED,3580,0
ground_truth,dafny-synthesis_task_id_804.dfy,smtlib,vampire,monomorphic,VERIFIED,3866,0
ground_truth,dafny-synthesis_task_id_804.dfy,smtlib,vampire,predicates,VERIFIED,7659,0
ground_truth,dafny-synthesis_task_id_804.dfy,smtlib,vampire,arguments,VERIFIED,3494,0
ground_truth,dafny-synthesis_task_id_804.dfy,smtlib,z3,monomorphic,VERIFIED,1629,0
ground_truth,dafny-synthesis_task_id_804.dfy,smtlib,z3,predicates,VERIFIED,1538,0
ground_truth,dafny-synthesis_task_id_804.dfy,smtlib,z3,arguments,VERIFIED,1508,0
ground_truth,Correctness_tmp_tmpwqvg5q_4_Sorting_Tangent.dfy,tptp,vampire,polymorphic,VERIFICATION_TIMED_OUT,15579,4
ground_truth,Correctness_tmp_tmpwqvg5q_4_Sorting_Tangent.dfy,tptp,vampire,monomorphic,VERIFICATION_TIMED_OUT,15904,4
ground_truth,Correctness_tmp_tmpwqvg5q_4_Sorting_Tangent.dfy,tptp,vampire,predicates,VERIFICATION_TIMED_OUT,15632,4
ground_truth,Correctness_tmp_tmpwqvg5q_4_Sorting_Tangent.dfy,tptp,vampire,arguments,VERIFICATION_TIMED_OUT,15626,4
ground_truth,Correctness_tmp_tmpwqvg5q_4_Sorting_Tangent.dfy,smtlib,vampire,monomorphic,VERIFICATION_TIMED_OUT,15585,4
ground_truth,Correctness_tmp_tmpwqvg5q_4_Sorting_Tangent.dfy,smtlib,vampire,predicates,VERIFICATION_TIMED_OUT,15541,4
ground_truth,Correctness_tmp_tmpwqvg5q_4_Sorting_Tangent.dfy,smtlib,vampire,arguments,VERIFICATION_TIMED_OUT,15589,4
ground_truth,Correctness_tmp_tmpwqvg5q_4_Sorting_Tangent.dfy,smtlib,z3,monomorphic,VERIFIED,1803,0
ground_truth,Correctness_tmp_tmpwqvg5q_4_Sorting_Tangent.dfy,smtlib,z3,predicates,VERIFIED,1753,0
ground_truth,Correctness_tmp_tmpwqvg5q_4_Sorting_Tangent.dfy,smtlib,z3,arguments,VERIFIED,1703,0
ground_truth,Clover_swap.dfy,tptp,vampire,polymorphic,VERIFIED,1443,0
ground_truth,Clover_swap.dfy,tptp,vampire,monomorphic,VERIFIED,1508,0
ground_truth,Clover_swap.dfy,tptp,vampire,predicates,VERIFIED,1455,0
ground_truth,Clover_swap.dfy,tptp,vampire,arguments,VERIFIED,1360,0
ground_truth,Clover_swap.dfy,smtlib,vampire,monomorphic,VERIFIED,1355,0
ground_truth,Clover_swap.dfy,smtlib,vampire,predicates,VERIFIED,1315,0
ground_truth,Clover_swap.dfy,smtlib,vampire,arguments,VERIFIED,1310,0
ground_truth,Clover_swap.dfy,smtlib,z3,monomorphic,VERIFIED,1370,0
ground_truth,Clover_swap.dfy,smtlib,z3,predicates,VERIFIED,1318,0
ground_truth,Clover_swap.dfy,smtlib,z3,arguments,VERIFIED,1290,0
ground_truth,Dafny-Exercises_tmp_tmpjm75muf__Session7Exercises_ExerciseBinarySearch.dfy,tptp,vampire,polymorphic,VERIFICATION_TIMED_OUT,15971,4
ground_truth,Dafny-Exercises_tmp_tmpjm75muf__Session7Exercises_ExerciseBinarySearch.dfy,tptp,vampire,monomorphic,VERIFICATION_TIMED_OUT,16130,4
ground_truth,Dafny-Exercises_tmp_tmpjm75muf__Session7Exercises_ExerciseBinarySearch.dfy,tptp,vampire,predicates,VERIFICATION_TIMED_OUT,29717,4
ground_truth,Dafny-Exercises_tmp_tmpjm75muf__Session7Exercises_ExerciseBinarySearch.dfy,tptp,vampire,arguments,VERIFICATION_TIMED_OUT,16245,4
ground_truth,Dafny-Exercises_tmp_tmpjm75muf__Session7Exercises_ExerciseBinarySearch.dfy,smtlib,vampire,monomorphic,VERIFICATION_TIMED_OUT,15964,4
ground_truth,Dafny-Exercises_tmp_tmpjm75muf__Session7Exercises_ExerciseBinarySearch.dfy,smtlib,vampire,predicates,VERIFICATION_TIMED_OUT,18182,4
ground_truth,Dafny-Exercises_tmp_tmpjm75muf__Session7Exercises_ExerciseBinarySearch.dfy,smtlib,vampire,arguments,VERIFICATION_TIMED_OUT,16618,4
ground_truth,Dafny-Exercises_tmp_tmpjm75muf__Session7Exercises_ExerciseBinarySearch.dfy,smtlib,z3,monomorphic,VERIFIED,1752,0
ground_truth,Dafny-Exercises_tmp_tmpjm75muf__Session7Exercises_ExerciseBinarySearch.dfy,smtlib,z3,predicates,VERIFIED,1756,0
ground_truth,Dafny-Exercises_tmp_tmpjm75muf__Session7Exercises_ExerciseBinarySearch.dfy,smtlib,z3,arguments,VERIFIED,1770,0
ground_truth,DafnyProjects_tmp_tmp2acw_s4s_partitionOddEven.dfy,tptp,vampire,polymorphic,VERIFICATION_TIMED_OUT,15623,4
ground_truth,DafnyProjects_tmp_tmp2acw_s4s_partitionOddEven.dfy,tptp,vampire,monomorphic,VERIFICATION_TIMED_OUT,15744,4
ground_truth,DafnyProjects_tmp_tmp2acw_s4s_partitionOddEven.dfy,tptp,vampire,predicates,VERIFICATION_TIMED_OUT,15838,4
ground_truth,DafnyProjects_tmp_tmp2acw_s4s_partitionOddEven.dfy,tptp,vampire,arguments,VERIFICATION_TIMED_OUT,15747,4
ground_truth,DafnyProjects_tmp_tmp2acw_s4s_partitionOddEven.dfy,smtlib,vampire,monomorphic,VERIFICATION_TIMED_OUT,15588,4
ground_truth,DafnyProjects_tmp_tmp2acw_s4s_partitionOddEven.dfy,smtlib,vampire,predicates,VERIFICATION_TIMED_OUT,15630,4
ground_truth,DafnyProjects_tmp_tmp2acw_s4s_partitionOddEven.dfy,smtlib,vampire,arguments,VERIFICATION_TIMED_OUT,15577,4
ground_truth,DafnyProjects_tmp_tmp2acw_s4s_partitionOddEven.dfy,smtlib,z3,monomorphic,VERIFIED,2702,0
ground_truth,DafnyProjects_tmp_tmp2acw_s4s_partitionOddEven.dfy,smtlib,z3,predicates,VERIFIED,1850,0
ground_truth,DafnyProjects_tmp_tmp2acw_s4s_partitionOddEven.dfy,smtlib,z3,arguments,VERIFIED,2055,0
ground_truth,Clover_triple4.dfy,tptp,vampire,polymorphic,VERIFIED,1527,0
ground_truth,Clover_triple4.dfy,tptp,vampire,monomorphic,VERIFIED,1435,0
ground_truth,Clover_triple4.dfy,tptp,vampire,predicates,VERIFIED,1433,0
ground_truth,Clover_triple4.dfy,tptp,vampire,arguments,VERIFIED,1390,0
ground_truth,Clover_triple4.dfy,smtlib,vampire,monomorphic,VERIFIED,1337,0
ground_truth,Clover_triple4.dfy,smtlib,vampire,predicates,VERIFIED,1321,0
ground_truth,Clover_triple4.dfy,smtlib,vampire,arguments,VERIFIED,1355,0
ground_truth,Clover_triple4.dfy,smtlib,z3,monomorphic,VERIFIED,1385,0
ground_truth,Clover_triple4.dfy,smtlib,z3,predicates,VERIFIED,1320,0
ground_truth,Clover_triple4.dfy,smtlib,z3,arguments,VERIFIED,1282,0
ground_truth,dafny-synthesis_task_id_764.dfy,tptp,vampire,polymorphic,VERIFIED,1488,0
ground_truth,dafny-synthesis_task_id_764.dfy,tptp,vampire,monomorphic,VERIFIED,1573,0
ground_truth,dafny-synthesis_task_id_764.dfy,tptp,vampire,predicates,VERIFIED,1532,0
ground_truth,dafny-synthesis_task_id_764.dfy,tptp,vampire,arguments,VERIFIED,1520,0
ground_truth,dafny-synthesis_task_id_764.dfy,smtlib,vampire,monomorphic,VERIFIED,1495,0
ground_truth,dafny-synthesis_task_id_764.dfy,smtlib,vampire,predicates,VERIFIED,1464,0
ground_truth,dafny-synthesis_task_id_764.dfy,smtlib,vampire,arguments,VERIFIED,1478,0
ground_truth,dafny-synthesis_task_id_764.dfy,smtlib,z3,monomorphic,VERIFIED,1517,0
ground_truth,dafny-synthesis_task_id_764.dfy,smtlib,z3,predicates,VERIFIED,1470,0
ground_truth,dafny-synthesis_task_id_764.dfy,smtlib,z3,arguments,VERIFIED,1468,0
ground_truth,llm-verified-eval_tmp_tmpd2deqn_i_dafny_0.dfy,tptp,vampire,polymorphic,VERIFIED,15479,0
ground_truth,llm-verified-eval_tmp_tmpd2deqn_i_dafny_0.dfy,tptp,vampire,monomorphic,VERIFIED,15421,0
ground_truth,llm-verified-eval_tmp_tmpd2deqn_i_dafny_0.dfy,tptp,vampire,predicates,VERIFICATION_TIMED_OUT,15600,4
ground_truth,llm-verified-eval_tmp_tmpd2deqn_i_dafny_0.dfy,tptp,vampire,arguments,VERIFICATION_TIMED_OUT,15619,4
ground_truth,llm-verified-eval_tmp_tmpd2deqn_i_dafny_0.dfy,smtlib,vampire,monomorphic,VERIFICATION_TIMED_OUT,15634,4
ground_truth,llm-verified-eval_tmp_tmpd2deqn_i_dafny_0.dfy,smtlib,vampire,predicates,VERIFICATION_TIMED_OUT,15506,4
ground_truth,llm-verified-eval_tmp_tmpd2deqn_i_dafny_0.dfy,smtlib,vampire,arguments,VERIFICATION_TIMED_OUT,15479,4
ground_truth,llm-verified-eval_tmp_tmpd2deqn_i_dafny_0.dfy,smtlib,z3,monomorphic,VERIFIED,1659,0
ground_truth,llm-verified-eval_tmp_tmpd2deqn_i_dafny_0.dfy,smtlib,z3,predicates,VERIFIED,1684,0
ground_truth,llm-verified-eval_tmp_tmpd2deqn_i_dafny_0.dfy,smtlib,z3,arguments,VERIFIED,1634,0
ground_truth,dafny-synthesis_task_id_555.dfy,tptp,vampire,polymorphic,VERIFICATION_TIMED_OUT,15290,4
ground_truth,dafny-synthesis_task_id_555.dfy,tptp,vampire,monomorphic,VERIFICATION_TIMED_OUT,15443,4
ground_truth,dafny-synthesis_task_id_555.dfy,tptp,vampire,predicates,VERIFICATION_TIMED_OUT,15416,4
ground_truth,dafny-synthesis_task_id_555.dfy,tptp,vampire,arguments,VERIFICATION_TIMED_OUT,15339,4
ground_truth,dafny-synthesis_task_id_555.dfy,smtlib,vampire,monomorphic,VERIFICATION_TIMED_OUT,15313,4
ground_truth,dafny-synthesis_task_id_555.dfy,smtlib,vampire,predicates,VERIFICATION_TIMED_OUT,15215,4
ground_truth,dafny-synthesis_task_id_555.dfy,smtlib,vampire,arguments,VERIFICATION_TIMED_OUT,15389,4
ground_truth,dafny-synthesis_task_id_555.dfy,smtlib,z3,monomorphic,VERIFIED,1553,0
ground_truth,dafny-synthesis_task_id_555.dfy,smtlib,z3,predicates,VERIFIED,1473,0
ground_truth,dafny-synthesis_task_id_555.dfy,smtlib,z3,arguments,VERIFIED,1398,0
ground_truth,SENG2011_tmp_tmpgk5jq85q_flex_ex1.dfy,tptp,vampire,polymorphic,VERIFICATION_TIMED_OUT,15454,4
ground_truth,SENG2011_tmp_tmpgk5jq85q_flex_ex1.dfy,tptp,vampire,monomorphic,VERIFICATION_TIMED_OUT,15577,4
ground_truth,SENG2011_tmp_tmpgk5jq85q_flex_ex1.dfy,tptp,vampire,predicates,VERIFICATION_TIMED_OUT,15475,4
ground_truth,SENG2011_tmp_tmpgk5jq85q_flex_ex1.dfy,tptp,vampire,arguments,VERIFICATION_TIMED_OUT,15529,4
ground_truth,SENG2011_tmp_tmpgk5jq85q_flex_ex1.dfy,smtlib,vampire,monomorphic,VERIFICATION_TIMED_OUT,15573,4
ground_truth,SENG2011_tmp_tmpgk5jq85q_flex_ex1.dfy,smtlib,vampire,predicates,VERIFICATION_TIMED_OUT,15445,4
ground_truth,SENG2011_tmp_tmpgk5jq85q_flex_ex1.dfy,smtlib,vampire,arguments,VERIFICATION_TIMED_OUT,15445,4
ground_truth,SENG2011_tmp_tmpgk5jq85q_flex_ex1.dfy,smtlib,z3,monomorphic,VERIFIED,1694,0
ground_truth,SENG2011_tmp_tmpgk5jq85q_flex_ex1.dfy,smtlib,z3,predicates,VERIFIED,1729,0
ground_truth,SENG2011_tmp_tmpgk5jq85q_flex_ex1.dfy,smtlib,z3,arguments,VERIFIED,1570,0
ground_truth,software_analysis_tmp_tmpmt6bo9sf_ss.dfy,tptp,vampire,polymorphic,VERIFICATION_TIMED_OUT,15842,4
ground_truth,software_analysis_tmp_tmpmt6bo9sf_ss.dfy,tptp,vampire,monomorphic,VERIFICATION_TIMED_OUT,15798,4
ground_truth,software_analysis_tmp_tmpmt6bo9sf_ss.dfy,tptp,vampire,predicates,VERIFICATION_TIMED_OUT,15866,4
ground_truth,software_analysis_tmp_tmpmt6bo9sf_ss.dfy,tptp,vampire,arguments,VERIFICATION_TIMED_OUT,15810,4
ground_truth,software_analysis_tmp_tmpmt6bo9sf_ss.dfy,smtlib,vampire,monomorphic,VERIFICATION_TIMED_OUT,15778,4
ground_truth,software_analysis_tmp_tmpmt6bo9sf_ss.dfy,smtlib,vampire,predicates,VERIFICATION_TIMED_OUT,15647,4
ground_truth,software_analysis_tmp_tmpmt6bo9sf_ss.dfy,smtlib,vampire,arguments,VERIFICATION_TIMED_OUT,15577,4
ground_truth,software_analysis_tmp_tmpmt6bo9sf_ss.dfy,smtlib,z3,monomorphic,VERIFIED,2224,0
ground_truth,software_analysis_tmp_tmpmt6bo9sf_ss.dfy,smtlib,z3,predicates,VERIFIED,2326,0
ground_truth,software_analysis_tmp_tmpmt6bo9sf_ss.dfy,smtlib,z3,arguments,VERIFIED,2232,0
ground_truth,formal-methods-in-software-engineering_tmp_tmpe7fjnek6_Labs4_gr2.dfy,tptp,vampire,polymorphic,VERIFICATION_TIMED_OUT,15731,4
ground_truth,formal-methods-in-software-engineering_tmp_tmpe7fjnek6_Labs4_gr2.dfy,tptp,vampire,monomorphic,VERIFICATION_TIMED_OUT,15776,4
ground_truth,formal-methods-in-software-engineering_tmp_tmpe7fjnek6_Labs4_gr2.dfy,tptp,vampire,predicates,VERIFICATION_TIMED_OUT,15756,4
ground_truth,formal-methods-in-software-engineering_tmp_tmpe7fjnek6_Labs4_gr2.dfy,tptp,vampire,arguments,VERIFICATION_TIMED_OUT,15657,4
ground_truth,formal-methods-in-software-engineering_tmp_tmpe7fjnek6_Labs4_gr2.dfy,smtlib,vampire,monomorphic,VERIFICATION_TIMED_OUT,15867,4
ground_truth,formal-methods-in-software-engineering_tmp_tmpe7fjnek6_Labs4_gr2.dfy,smtlib,vampire,predicates,VERIFIED,4165,0
ground_truth,formal-methods-in-software-engineering_tmp_tmpe7fjnek6_Labs4_gr2.dfy,smtlib,vampire,arguments,VERIFICATION_TIMED_OUT,15632,4
ground_truth,formal-methods-in-software-engineering_tmp_tmpe7fjnek6_Labs4_gr2.dfy,smtlib,z3,monomorphic,VERIFIED,1676,0
ground_truth,formal-methods-in-software-engineering_tmp_tmpe7fjnek6_Labs4_gr2.dfy,smtlib,z3,predicates,VERIFIED,1754,0
ground_truth,formal-methods-in-software-engineering_tmp_tmpe7fjnek6_Labs4_gr2.dfy,smtlib,z3,arguments,VERIFIED,1639,0
ground_truth,veri-sparse_tmp_tmp15fywna6_dafny_concurrent_poc_6.dfy,tptp,vampire,polymorphic,VERIFICATION_TIMED_OUT,17647,4
ground_truth,veri-sparse_tmp_tmp15fywna6_dafny_concurrent_poc_6.dfy,tptp,vampire,monomorphic,VERIFICATION_TIMED_OUT,20365,4
ground_truth,veri-sparse_tmp_tmp15fywna6_dafny_concurrent_poc_6.dfy,tptp,vampire,predicates,VERIFICATION_TIMED_OUT,50003,4
ground_truth,veri-sparse_tmp_tmp15fywna6_dafny_concurrent_poc_6.dfy,tptp,vampire,arguments,VERIFICATION_TIMED_OUT,29991,4
ground_truth,veri-sparse_tmp_tmp15fywna6_dafny_concurrent_poc_6.dfy,smtlib,vampire,monomorphic,VERIFICATION_TIMED_OUT,19122,4
ground_truth,veri-sparse_tmp_tmp15fywna6_dafny_concurrent_poc_6.dfy,smtlib,vampire,predicates,VERIFICATION_TIMED_OUT,37261,4
ground_truth,veri-sparse_tmp_tmp15fywna6_dafny_concurrent_poc_6.dfy,smtlib,vampire,arguments,VERIFICATION_TIMED_OUT,22386,4
ground_truth,veri-sparse_tmp_tmp15fywna6_dafny_concurrent_poc_6.dfy,smtlib,z3,monomorphic,VERIFIED,2505,0
ground_truth,veri-sparse_tmp_tmp15fywna6_dafny_concurrent_poc_6.dfy,smtlib,z3,predicates,VERIFIED,2508,0
ground_truth,veri-sparse_tmp_tmp15fywna6_dafny_concurrent_poc_6.dfy,smtlib,z3,arguments,VERIFIED,2456,0
ground_truth,M2_tmp_tmp2laaavvl_Software Verification_Exercices_Exo9-Carre.dfy,tptp,vampire,polymorphic,VERIFIED,2163,0
ground_truth,M2_tmp_tmp2laaavvl_Software Verification_Exercices_Exo9-Carre.dfy,tptp,vampire,monomorphic,VERIFIED,2398,0
ground_truth,M2_tmp_tmp2laaavvl_Software Verification_Exercices_Exo9-Carre.dfy,tptp,vampire,predicates,VERIFIED,3095,0
ground_truth,M2_tmp_tmp2laaavvl_Software Verification_Exercices_Exo9-Carre.dfy,tptp,vampire,arguments,VERIFIED,2202,0
ground_truth,M2_tmp_tmp2laaavvl_Software Verification_Exercices_Exo9-Carre.dfy,smtlib,vampire,monomorphic,VERIFIED,2297,0
ground_truth,M2_tmp_tmp2laaavvl_Software Verification_Exercices_Exo9-Carre.dfy,smtlib,vampire,predicates,VERIFIED,3030,0
ground_truth,M2_tmp_tmp2laaavvl_Software Verification_Exercices_Exo9-Carre.dfy,smtlib,vampire,arguments,VERIFIED,2235,0
ground_truth,M2_tmp_tmp2laaavvl_Software Verification_Exercices_Exo9-Carre.dfy,smtlib,z3,monomorphic,VERIFIED,1420,0
ground_truth,M2_tmp_tmp2laaavvl_Software Verification_Exercices_Exo9-Carre.dfy,smtlib,z3,predicates,VERIFIED,1356,0
ground_truth,M2_tmp_tmp2laaavvl_Software Verification_Exercices_Exo9-Carre.dfy,smtlib,z3,arguments,VERIFIED,1357,0
ground_truth,dafny-synthesis_task_id_94.dfy,tptp,vampire,polymorphic,VERIFICATION_TIMED_OUT,15419,4
ground_truth,dafny-synthesis_task_id_94.dfy,tptp,vampire,monomorphic,VERIFICATION_TIMED_OUT,15615,4
ground_truth,dafny-synthesis_task_id_94.dfy,tptp,vampire,predicates,VERIFICATION_TIMED_OUT,15441,4
ground_truth,dafny-synthesis_task_id_94.dfy,tptp,vampire,arguments,VERIFICATION_TIMED_OUT,15375,4
ground_truth,dafny-synthesis_task_id_94.dfy,smtlib,vampire,monomorphic,VERIFICATION_TIMED_OUT,15359,4
ground_truth,dafny-synthesis_task_id_94.dfy,smtlib,vampire,predicates,VERIFICATION_TIMED_OUT,15283,4
ground_truth,dafny-synthesis_task_id_94.dfy,smtlib,vampire,arguments,VERIFICATION_TIMED_OUT,15331,4
ground_truth,dafny-synthesis_task_id_94.dfy,smtlib,z3,monomorphic,VERIFIED,1539,0
ground_truth,dafny-synthesis_task_id_94.dfy,smtlib,z3,predicates,VERIFIED,1478,0
ground_truth,dafny-synthesis_task_id_94.dfy,smtlib,z3,arguments,VERIFIED,1453,0
ground_truth,groupTheory_tmp_tmppmmxvu8h_yair_yair2.dfy,tptp,vampire,polymorphic,VERIFIED,1454,0
ground_truth,groupTheory_tmp_tmppmmxvu8h_yair_yair2.dfy,tptp,vampire,monomorphic,VERIFIED,1552,0
ground_truth,groupTheory_tmp_tmppmmxvu8h_yair_yair2.dfy,tptp,vampire,predicates,VERIFIED,1503,0
ground_truth,groupTheory_tmp_tmppmmxvu8h_yair_yair2.dfy,tptp,vampire,arguments,VERIFIED,1467,0
ground_truth,groupTheory_tmp_tmppmmxvu8h_yair_yair2.dfy,smtlib,vampire,monomorphic,VERIFIED,1492,0
ground_truth,groupTheory_tmp_tmppmmxvu8h_yair_yair2.dfy,smtlib,vampire,predicates,VERIFIED,1437,0
ground_truth,groupTheory_tmp_tmppmmxvu8h_yair_yair2.dfy,smtlib,vampire,arguments,VERIFIED,1396,0
ground_truth,groupTheory_tmp_tmppmmxvu8h_yair_yair2.dfy,smtlib,z3,monomorphic,VERIFIED,1471,0
ground_truth,groupTheory_tmp_tmppmmxvu8h_yair_yair2.dfy,smtlib,z3,predicates,VERIFIED,1402,0
ground_truth,groupTheory_tmp_tmppmmxvu8h_yair_yair2.dfy,smtlib,z3,arguments,VERIFIED,1407,0
ground_truth,CVS-handout1_tmp_tmptm52no3k_2.dfy,tptp,vampire,polymorphic,VERIFICATION_TIMED_OUT,15668,4
ground_truth,CVS-handout1_tmp_tmptm52no3k_2.dfy,tptp,vampire,monomorphic,VERIFICATION_TIMED_OUT,15818,4
ground_truth,CVS-handout1_tmp_tmptm52no3k_2.dfy,tptp,vampire,predicates,VERIFICATION_TIMED_OUT,16361,4
ground_truth,CVS-handout1_tmp_tmptm52no3k_2.dfy,tptp,vampire,arguments,VERIFICATION_TIMED_OUT,15745,4
ground_truth,CVS-handout1_tmp_tmptm52no3k_2.dfy,smtlib,vampire,monomorphic,VERIFIED,4168,0
ground_truth,CVS-handout1_tmp_tmptm52no3k_2.dfy,smtlib,vampire,predicates,VERIFICATION_TIMED_OUT,16271,4
ground_truth,CVS-handout1_tmp_tmptm52no3k_2.dfy,smtlib,vampire,arguments,VERIFICATION_TIMED_OUT,15568,4
ground_truth,CVS-handout1_tmp_tmptm52no3k_2.dfy,smtlib,z3,monomorphic,VERIFIED,1756,0
ground_truth,CVS-handout1_tmp_tmptm52no3k_2.dfy,smtlib,z3,predicates,VERIFIED,1739,0
ground_truth,CVS-handout1_tmp_tmptm52no3k_2.dfy,smtlib,z3,arguments,VERIFIED,1689,0
ground_truth,Program-Verification-Dataset_tmp_tmpgbdrlnu__Dafny_mathematical objects verification_examples_fast_exp.dfy,tptp,vampire,polymorphic,VERIFICATION_TIMED_OUT,32238,4
ground_truth,Program-Verification-Dataset_tmp_tmpgbdrlnu__Dafny_mathematical objects verification_examples_fast_exp.dfy,tptp,vampire,monomorphic,VERIFICATION_TIMED_OUT,36876,4
ground_truth,Program-Verification-Dataset_tmp_tmpgbdrlnu__Dafny_mathematical objects verification_examples_fast_exp.dfy,tptp,vampire,predicates,VERIFICATION_TIMED_OUT,57502,4
ground_truth,Program-Verification-Dataset_tmp_tmpgbdrlnu__Dafny_mathematical objects verification_examples_fast_exp.dfy,tptp,vampire,arguments,VERIFICATION_TIMED_OUT,50806,4
ground_truth,Program-Verification-Dataset_tmp_tmpgbdrlnu__Dafny_mathematical objects verification_examples_fast_exp.dfy,smtlib,vampire,monomorphic,VERIFICATION_TIMED_OUT,31785,4
ground_truth,Program-Verification-Dataset_tmp_tmpgbdrlnu__Dafny_mathematical objects verification_examples_fast_exp.dfy,smtlib,vampire,predicates,VERIFICATION_TIMED_OUT,43460,4
ground_truth,Program-Verification-Dataset_tmp_tmpgbdrlnu__Dafny_mathematical objects verification_examples_fast_exp.dfy,smtlib,vampire,arguments,VERIFICATION_TIMED_OUT,31633,4
ground_truth,Program-Verification-Dataset_tmp_tmpgbdrlnu__Dafny_mathematical objects verification_examples_fast_exp.dfy,smtlib,z3,monomorphic,VERIFIED,1873,0
ground_truth,Program-Verification-Dataset_tmp_tmpgbdrlnu__Dafny_mathematical objects verification_examples_fast_exp.dfy,smtlib,z3,predicates,VERIFIED,1798,0
ground_truth,Program-Verification-Dataset_tmp_tmpgbdrlnu__Dafny_mathematical objects verification_examples_fast_exp.dfy,smtlib,z3,arguments,VERIFIED,1850,0
ground_truth,Dafny_Verify_tmp_tmphq7j0row_Fine_Tune_Examples_error_data_completion_07.dfy,tptp,vampire,polymorphic,VERIFIED,1433,0
ground_truth,Dafny_Verify_tmp_tmphq7j0row_Fine_Tune_Examples_error_data_completion_07.dfy,tptp,vampire,monomorphic,VERIFIED,1652,0
ground_truth,Dafny_Verify_tmp_tmphq7j0row_Fine_Tune_Examples_error_data_completion_07.dfy,tptp,vampire,predicates,VERIFIED,1718,0
ground_truth,Dafny_Verify_tmp_tmphq7j0row_Fine_Tune_Examples_error_data_completion_07.dfy,tptp,vampire,arguments,VERIFIED,1457,0
ground_truth,Dafny_Verify_tmp_tmphq7j0row_Fine_Tune_Examples_error_data_completion_07.dfy,smtlib,vampire,monomorphic,VERIFIED,1450,0
ground_truth,Dafny_Verify_tmp_tmphq7j0row_Fine_Tune_Examples_error_data_completion_07.dfy,smtlib,vampire,predicates,VERIFIED,1508,0
ground_truth,Dafny_Verify_tmp_tmphq7j0row_Fine_Tune_Examples_error_data_completion_07.dfy,smtlib,vampire,arguments,VERIFIED,1409,0
ground_truth,Dafny_Verify_tmp_tmphq7j0row_Fine_Tune_Examples_error_data_completion_07.dfy,smtlib,z3,monomorphic,VERIFIED,1408,0
ground_truth,Dafny_Verify_tmp_tmphq7j0row_Fine_Tune_Examples_error_data_completion_07.dfy,smtlib,z3,predicates,VERIFIED,1361,0
ground_truth,Dafny_Verify_tmp_tmphq7j0row_Fine_Tune_Examples_error_data_completion_07.dfy,smtlib,z3,arguments,VERIFIED,1358,0
ground_truth,ironsync-osdi2023_tmp_tmpx80antoe_linear-dafny_docs_DafnyRef_examples_Example-Old2.dfy,tptp,vampire,polymorphic,VERIFICATION_TIMED_OUT,15349,4
ground_truth,ironsync-osdi2023_tmp_tmpx80antoe_linear-dafny_docs_DafnyRef_examples_Example-Old2.dfy,tptp,vampire,monomorphic,VERIFICATION_TIMED_OUT,15482,4
ground_truth,ironsync-osdi2023_tmp_tmpx80antoe_linear-dafny_docs_DafnyRef_examples_Example-Old2.dfy,tptp,vampire,predicates,VERIFICATION_TIMED_OUT,15281,4
ground_truth,ironsync-osdi2023_tmp_tmpx80antoe_linear-dafny_docs_DafnyRef_examples_Example-Old2.dfy,tptp,vampire,arguments,VERIFICATION_TIMED_OUT,15409,4
ground_truth,ironsync-osdi2023_tmp_tmpx80antoe_linear-dafny_docs_DafnyRef_examples_Example-Old2.dfy,smtlib,vampire,monomorphic,VERIFICATION_TIMED_OUT,15387,4
ground_truth,ironsync-osdi2023_tmp_tmpx80antoe_linear-dafny_docs_DafnyRef_examples_Example-Old2.dfy,smtlib,vampire,predicates,VERIFICATION_TIMED_OUT,15566,4
ground_truth,ironsync-osdi2023_tmp_tmpx80antoe_linear-dafny_docs_DafnyRef_examples_Example-Old2.dfy,smtlib,vampire,arguments,VERIFICATION_TIMED_OUT,15316,4
ground_truth,ironsync-osdi2023_tmp_tmpx80antoe_linear-dafny_docs_DafnyRef_examples_Example-Old2.dfy,smtlib,z3,monomorphic,VERIFIED,1441,0
ground_truth,ironsync-osdi2023_tmp_tmpx80antoe_linear-dafny_docs_DafnyRef_examples_Example-Old2.dfy,smtlib,z3,predicates,VERIFIED,1389,0
ground_truth,ironsync-osdi2023_tmp_tmpx80antoe_linear-dafny_docs_DafnyRef_examples_Example-Old2.dfy,smtlib,z3,arguments,VERIFIED,1373,0
ground_truth,Final-Project-Dafny_tmp_tmpmcywuqox_Attempts_Selection_Sort_Standard.dfy,tptp,vampire,polymorphic,VERIFICATION_TIMED_OUT,15358,4
ground_truth,Final-Project-Dafny_tmp_tmpmcywuqox_Attempts_Selection_Sort_Standard.dfy,tptp,vampire,monomorphic,VERIFICATION_TIMED_OUT,15510,4
ground_truth,Final-Project-Dafny_tmp_tmpmcywuqox_Attempts_Selection_Sort_Standard.dfy,tptp,vampire,predicates,VERIFICATION_TIMED_OUT,15482,4
ground_truth,Final-Project-Dafny_tmp_tmpmcywuqox_Attempts_Selection_Sort_Standard.dfy,tptp,vampire,arguments,VERIFICATION_TIMED_OUT,15423,4
ground_truth,Final-Project-Dafny_tmp_tmpmcywuqox_Attempts_Selection_Sort_Standard.dfy,smtlib,vampire,monomorphic,VERIFICATION_TIMED_OUT,15438,4
ground_truth,Final-Project-Dafny_tmp_tmpmcywuqox_Attempts_Selection_Sort_Standard.dfy,smtlib,vampire,predicates,VERIFICATION_TIMED_OUT,15295,4
ground_truth,Final-Project-Dafny_tmp_tmpmcywuqox_Attempts_Selection_Sort_Standard.dfy,smtlib,vampire,arguments,VERIFICATION_TIMED_OUT,15317,4
ground_truth,Final-Project-Dafny_tmp_tmpmcywuqox_Attempts_Selection_Sort_Standard.dfy,smtlib,z3,monomorphic,VERIFIED,1800,0
ground_truth,Final-Project-Dafny_tmp_tmpmcywuqox_Attempts_Selection_Sort_Standard.dfy,smtlib,z3,predicates,VERIFIED,2115,0
ground_truth,Final-Project-Dafny_tmp_tmpmcywuqox_Attempts_Selection_Sort_Standard.dfy,smtlib,z3,arguments,VERIFIED,1729,0
ground_truth,dafny-synthesis_task_id_249.dfy,tptp,vampire,polymorphic,VERIFICATION_TIMED_OUT,15417,4
ground_truth,dafny-synthesis_task_id_249.dfy,tptp,vampire,monomorphic,VERIFICATION_TIMED_OUT,15531,4
ground_truth,dafny-synthesis_task_id_249.dfy,tptp,vampire,predicates,VERIFICATION_TIMED_OUT,15483,4
ground_truth,dafny-synthesis_task_id_249.dfy,tptp,vampire,arguments,VERIFICATION_TIMED_OUT,15493,4
ground_truth,dafny-synthesis_task_id_249.dfy,smtlib,vampire,monomorphic,VERIFIED,3462,0
ground_truth,dafny-synthesis_task_id_249.dfy,smtlib,vampire,predicates,VERIFICATION_TIMED_OUT,15383,4
ground_truth,dafny-synthesis_task_id_249.dfy,smtlib,vampire,arguments,VERIFICATION_TIMED_OUT,15302,4
ground_truth,dafny-synthesis_task_id_249.dfy,smtlib,z3,monomorphic,VERIFIED,1579,0
ground_truth,dafny-synthesis_task_id_249.dfy,smtlib,z3,predicates,VERIFIED,1537,0
ground_truth,dafny-synthesis_task_id_249.dfy,smtlib,z3,arguments,VERIFIED,1519,0
ground_truth,Dafny-experiences_tmp_tmp150sm9qy_dafny_started_tutorial_dafny_tutorial_array.dfy,tptp,vampire,polymorphic,VERIFIED,3492,0
ground_truth,Dafny-experiences_tmp_tmp150sm9qy_dafny_started_tutorial_dafny_tutorial_array.dfy,tptp,vampire,monomorphic,VERIFIED,3368,0
ground_truth,Dafny-experiences_tmp_tmp150sm9qy_dafny_started_tutorial_dafny_tutorial_array.dfy,tptp,vampire,predicates,VERIFICATION_TIMED_OUT,15422,4
ground_truth,Dafny-experiences_tmp_tmp150sm9qy_dafny_started_tutorial_dafny_tutorial_array.dfy,tptp,vampire,arguments,VERIFIED,3266,0
ground_truth,Dafny-experiences_tmp_tmp150sm9qy_dafny_started_tutorial_dafny_tutorial_array.dfy,smtlib,vampire,monomorphic,VERIFIED,3521,0
ground_truth,Dafny-experiences_tmp_tmp150sm9qy_dafny_started_tutorial_dafny_tutorial_array.dfy,smtlib,vampire,predicates,VERIFICATION_TIMED_OUT,15264,4
ground_truth,Dafny-experiences_tmp_tmp150sm9qy_dafny_started_tutorial_dafny_tutorial_array.dfy,smtlib,vampire,arguments,VERIFIED,3460,0
ground_truth,Dafny-experiences_tmp_tmp150sm9qy_dafny_started_tutorial_dafny_tutorial_array.dfy,smtlib,z3,monomorphic,VERIFIED,1500,0
ground_truth,Dafny-experiences_tmp_tmp150sm9qy_dafny_started_tutorial_dafny_tutorial_array.dfy,smtlib,z3,predicates,VERIFIED,1451,0
ground_truth,Dafny-experiences_tmp_tmp150sm9qy_dafny_started_tutorial_dafny_tutorial_array.dfy,smtlib,z3,arguments,VERIFIED,1441,0
ground_truth,MFS_tmp_tmpmmnu354t_Testes anteriores_T2_ex5_2020_2.dfy,tptp,vampire,polymorphic,VERIFICATION_TIMED_OUT,15393,4
ground_truth,MFS_tmp_tmpmmnu354t_Testes anteriores_T2_ex5_2020_2.dfy,tptp,vampire,monomorphic,VERIFICATION_TIMED_OUT,15509,4
ground_truth,MFS_tmp_tmpmmnu354t_Testes anteriores_T2_ex5_2020_2.dfy,tptp,vampire,predicates,VERIFICATION_TIMED_OUT,15480,4
ground_truth,MFS_tmp_tmpmmnu354t_Testes anteriores_T2_ex5_2020_2.dfy,tptp,vampire,arguments,VERIFICATION_TIMED_OUT,15464,4
ground_truth,MFS_tmp_tmpmmnu354t_Testes anteriores_T2_ex5_2020_2.dfy,smtlib,vampire,monomorphic,VERIFICATION_TIMED_OUT,15486,4
ground_truth,MFS_tmp_tmpmmnu354t_Testes anteriores_T2_ex5_2020_2.dfy,smtlib,vampire,predicates,VERIFICATION_TIMED_OUT,15437,4
ground_truth,MFS_tmp_tmpmmnu354t_Testes anteriores_T2_ex5_2020_2.dfy,smtlib,vampire,arguments,VERIFICATION_TIMED_OUT,15379,4
ground_truth,MFS_tmp_tmpmmnu354t_Testes anteriores_T2_ex5_2020_2.dfy,smtlib,z3,monomorphic,VERIFIED,1989,0
ground_truth,MFS_tmp_tmpmmnu354t_Testes anteriores_T2_ex5_2020_2.dfy,smtlib,z3,predicates,VERIFIED,2492,0
ground_truth,MFS_tmp_tmpmmnu354t_Testes anteriores_T2_ex5_2020_2.dfy,smtlib,z3,arguments,VERIFIED,2473,0
ground_truth,Software-building-and-verification-Projects_tmp_tmp5tm1srrn_CVS-projeto_aula2.dfy,tptp,vampire,polymorphic,VERIFIED,1569,0
ground_truth,Software-building-and-verification-Projects_tmp_tmp5tm1srrn_CVS-projeto_aula2.dfy,tptp,vampire,monomorphic,VERIFIED,1803,0
ground_truth,Software-building-and-verification-Projects_tmp_tmp5tm1srrn_CVS-projeto_aula2.dfy,tptp,vampire,predicates,VERIFICATION_TIMED_OUT,15455,4
ground_truth,Software-building-and-verification-Projects_tmp_tmp5tm1srrn_CVS-projeto_aula2.dfy,tptp,vampire,arguments,VERIFICATION_TIMED_OUT,15481,4
ground_truth,Software-building-and-verification-Projects_tmp_tmp5tm1srrn_CVS-projeto_aula2.dfy,smtlib,vampire,monomorphic,VERIFIED,1577,0
ground_truth,Software-building-and-verification-Projects_tmp_tmp5tm1srrn_CVS-projeto_aula2.dfy,smtlib,vampire,predicates,VERIFIED,2027,0
ground_truth,Software-building-and-verification-Projects_tmp_tmp5tm1srrn_CVS-projeto_aula2.dfy,smtlib,vampire,arguments,VERIFIED,1871,0
ground_truth,Software-building-and-verification-Projects_tmp_tmp5tm1srrn_CVS-projeto_aula2.dfy,smtlib,z3,monomorphic,VERIFIED,1459,0
ground_truth,Software-building-and-verification-Projects_tmp_tmp5tm1srrn_CVS-projeto_aula2.dfy,smtlib,z3,predicates,VERIFIED,1394,0
ground_truth,Software-building-and-verification-Projects_tmp_tmp5tm1srrn_CVS-projeto_aula2.dfy,smtlib,z3,arguments,VERIFIED,1406,0
ground_truth,nitwit_tmp_tmplm098gxz_nit.dfy,tptp,vampire,polymorphic,VERIFICATION_TIMED_OUT,29730,4
ground_truth,nitwit_tmp_tmplm098gxz_nit.dfy,tptp,vampire,monomorphic,VERIFICATION_TIMED_OUT,30068,4
ground_truth,nitwit_tmp_tmplm098gxz_nit.dfy,tptp,vampire,predicates,VERIFICATION_TIMED_OUT,29986,4
ground_truth,nitwit_tmp_tmplm098gxz_nit.dfy,tptp,vampire,arguments,VERIFICATION_TIMED_OUT,30021,4
ground_truth,nitwit_tmp_tmplm098gxz_nit.dfy,smtlib,vampire,monomorphic,VERIFICATION_TIMED_OUT,16587,4
ground_truth,nitwit_tmp_tmplm098gxz_nit.dfy,smtlib,vampire,predicates,VERIFICATION_TIMED_OUT,18425,4
ground_truth,nitwit_tmp_tmplm098gxz_nit.dfy,smtlib,vampire,arguments,VERIFICATION_TIMED_OUT,18373,4
ground_truth,nitwit_tmp_tmplm098gxz_nit.dfy,smtlib,z3,monomorphic,VERIFIED,1921,0
ground_truth,nitwit_tmp_tmplm098gxz_nit.dfy,smtlib,z3,predicates,VERIFIED,1830,0
ground_truth,nitwit_tmp_tmplm098gxz_nit.dfy,smtlib,z3,arguments,VERIFIED,1892,0
ground_truth,Dafny-Exercises_tmp_tmpjm75muf__Session3Exercises_ExerciseMaximum.dfy,tptp,vampire,polymorphic,VERIFICATION_TIMED_OUT,15706,4
ground_truth,Dafny-Exercises_tmp_tmpjm75muf__Session3Exercises_ExerciseMaximum.dfy,tptp,vampire,monomorphic,VERIFICATION_TIMED_OUT,15803,4
ground_truth,Dafny-Exercises_tmp_tmpjm75muf__Session3Exercises_ExerciseMaximum.dfy,tptp,vampire,predicates,VERIFICATION_TIMED_OUT,43523,4
ground_truth,Dafny-Exercises_tmp_tmpjm75muf__Session3Exercises_ExerciseMaximum.dfy,tptp,vampire,arguments,VERIFICATION_TIMED_OUT,29481,4
ground_truth,Dafny-Exercises_tmp_tmpjm75muf__Session3Exercises_ExerciseMaximum.dfy,smtlib,vampire,monomorphic,VERIFICATION_TIMED_OUT,15587,4
ground_truth,Dafny-Exercises_tmp_tmpjm75muf__Session3Exercises_ExerciseMaximum.dfy,smtlib,vampire,predicates,VERIFICATION_TIMED_OUT,29554,4
ground_truth,Dafny-Exercises_tmp_tmpjm75muf__Session3Exercises_ExerciseMaximum.dfy,smtlib,vampire,arguments,VERIFICATION_TIMED_OUT,18565,4
ground_truth,Dafny-Exercises_tmp_tmpjm75muf__Session3Exercises_ExerciseMaximum.dfy,smtlib,z3,monomorphic,VERIFIED,1713,0
ground_truth,Dafny-Exercises_tmp_tmpjm75muf__Session3Exercises_ExerciseMaximum.dfy,smtlib,z3,predicates,VERIFIED,1672,0
ground_truth,Dafny-Exercises_tmp_tmpjm75muf__Session3Exercises_ExerciseMaximum.dfy,smtlib,z3,arguments,VERIFIED,1646,0
ground_truth,Clover_two_sum.dfy,tptp,vampire,polymorphic,VERIFICATION_TIMED_OUT,15363,4
ground_truth,Clover_two_sum.dfy,tptp,vampire,monomorphic,VERIFICATION_TIMED_OUT,15485,4
ground_truth,Clover_two_sum.dfy,tptp,vampire,predicates,VERIFICATION_TIMED_OUT,15441,4
ground_truth,Clover_two_sum.dfy,tptp,vampire,arguments,VERIFICATION_TIMED_OUT,15481,4
ground_truth,Clover_two_sum.dfy,smtlib,vampire,monomorphic,VERIFICATION_TIMED_OUT,15463,4
ground_truth,Clover_two_sum.dfy,smtlib,vampire,predicates,VERIFICATION_TIMED_OUT,15311,4
ground_truth,Clover_two_sum.dfy,smtlib,vampire,arguments,VERIFICATION_TIMED_OUT,15308,4
ground_truth,Clover_two_sum.dfy,smtlib,z3,monomorphic,VERIFIED,1581,0
ground_truth,Clover_two_sum.dfy,smtlib,z3,predicates,VERIFIED,1520,0
ground_truth,Clover_two_sum.dfy,smtlib,z3,arguments,VERIFIED,1533,0
ground_truth,vfag_tmp_tmpc29dxm1j_mergesort.dfy,tptp,vampire,polymorphic,VERIFICATION_TIMED_OUT,15517,4
ground_truth,vfag_tmp_tmpc29dxm1j_mergesort.dfy,tptp,vampire,monomorphic,VERIFICATION_TIMED_OUT,15568,4
ground_truth,vfag_tmp_tmpc29dxm1j_mergesort.dfy,tptp,vampire,predicates,VERIFICATION_TIMED_OUT,15507,4
ground_truth,vfag_tmp_tmpc29dxm1j_mergesort.dfy,tptp,vampire,arguments,VERIFICATION_TIMED_OUT,15472,4
ground_truth,vfag_tmp_tmpc29dxm1j_mergesort.dfy,smtlib,vampire,monomorphic,VERIFICATION_TIMED_OUT,15493,4
ground_truth,vfag_tmp_tmpc29dxm1j_mergesort.dfy,smtlib,vampire,predicates,VERIFICATION_TIMED_OUT,15503,4
ground_truth,vfag_tmp_tmpc29dxm1j_mergesort.dfy,smtlib,vampire,arguments,VERIFICATION_TIMED_OUT,15408,4
ground_truth,vfag_tmp_tmpc29dxm1j_mergesort.dfy,smtlib,z3,monomorphic,VERIFIED,1586,0
ground_truth,vfag_tmp_tmpc29dxm1j_mergesort.dfy,smtlib,z3,predicates,VERIFIED,1548,0
ground_truth,vfag_tmp_tmpc29dxm1j_mergesort.dfy,smtlib,z3,arguments,VERIFIED,1515,0
ground_truth,dafny-synthesis_task_id_574.dfy,tptp,vampire,polymorphic,VERIFIED,1317,0
ground_truth,dafny-synthesis_task_id_574.dfy,tptp,vampire,monomorphic,VERIFIED,1411,0
ground_truth,dafny-synthesis_task_id_574.dfy,tptp,vampire,predicates,VERIFIED,1338,0
ground_truth,dafny-synthesis_task_id_574.dfy,tptp,vampire,arguments,VERIFIED,1335,0
ground_truth,dafny-synthesis_task_id_574.dfy,smtlib,vampire,monomorphic,VERIFIED,1338,0
ground_truth,dafny-synthesis_task_id_574.dfy,smtlib,vampire,predicates,VERIFIED,1297,0
ground_truth,dafny-synthesis_task_id_574.dfy,smtlib,vampire,arguments,VERIFIED,1281,0
ground_truth,dafny-synthesis_task_id_574.dfy,smtlib,z3,monomorphic,VERIFIED,1347,0
ground_truth,dafny-synthesis_task_id_574.dfy,smtlib,z3,predicates,VERIFIED,1278,0
ground_truth,dafny-synthesis_task_id_574.dfy,smtlib,z3,arguments,VERIFIED,1282,0
ground_truth,Clover_convert_map_key.dfy,tptp,vampire,polymorphic,VERIFIED,2624,0
ground_truth,Clover_convert_map_key.dfy,tptp,vampire,monomorphic,VERIFIED,1767,0
ground_truth,Clover_convert_map_key.dfy,tptp,vampire,predicates,VERIFICATION_TIMED_OUT,15409,4
ground_truth,Clover_convert_map_key.dfy,tptp,vampire,arguments,VERIFIED,1588,0
ground_truth,Clover_convert_map_key.dfy,smtlib,vampire,monomorphic,VERIFICATION_TIMED_OUT,15341,4
ground_truth,Clover_convert_map_key.dfy,smtlib,vampire,predicates,VERIFICATION_TIMED_OUT,15274,4
ground_truth,Clover_convert_map_key.dfy,smtlib,vampire,arguments,VERIFIED,1522,0
ground_truth,Clover_convert_map_key.dfy,smtlib,z3,monomorphic,VERIFIED,1484,0
ground_truth,Clover_convert_map_key.dfy,smtlib,z3,predicates,VERIFIED,1480,0
ground_truth,Clover_convert_map_key.dfy,smtlib,z3,arguments,VERIFIED,1450,0
ground_truth,dafny-synthesis_task_id_577.dfy,tptp,vampire,polymorphic,VERIFIED,1998,0
ground_truth,dafny-synthesis_task_id_577.dfy,tptp,vampire,monomorphic,VERIFIED,2113,0
ground_truth,dafny-synthesis_task_id_577.dfy,tptp,vampire,predicates,VERIFIED,3564,0
ground_truth,dafny-synthesis_task_id_577.dfy,tptp,vampire,arguments,VERIFIED,7660,0
ground_truth,dafny-synthesis_task_id_577.dfy,smtlib,vampire,monomorphic,VERIFIED,2060,0
ground_truth,dafny-synthesis_task_id_577.dfy,smtlib,vampire,predicates,VERIFIED,3721,0
ground_truth,dafny-synthesis_task_id_577.dfy,smtlib,vampire,arguments,VERIFIED,8215,0
ground_truth,dafny-synthesis_task_id_577.dfy,smtlib,z3,monomorphic,VERIFIED,1472,0
ground_truth,dafny-synthesis_task_id_577.dfy,smtlib,z3,predicates,VERIFIED,1418,0
ground_truth,dafny-synthesis_task_id_577.dfy,smtlib,z3,arguments,VERIFIED,1418,0
ground_truth,vfag_tmp_tmpc29dxm1j_Verificacion_torneo.dfy,tptp,vampire,polymorphic,VERIFICATION_TIMED_OUT,15608,4
ground_truth,vfag_tmp_tmpc29dxm1j_Verificacion_torneo.dfy,tptp,vampire,monomorphic,VERIFICATION_TIMED_OUT,15806,4
ground_truth,vfag_tmp_tmpc29dxm1j_Verificacion_torneo.dfy,tptp,vampire,predicates,VERIFICATION_TIMED_OUT,15662,4
ground_truth,vfag_tmp_tmpc29dxm1j_Verificacion_torneo.dfy,tptp,vampire,arguments,VERIFICATION_TIMED_OUT,15636,4
ground_truth,vfag_tmp_tmpc29dxm1j_Verificacion_torneo.dfy,smtlib,vampire,monomorphic,VERIFICATION_TIMED_OUT,15647,4
ground_truth,vfag_tmp_tmpc29dxm1j_Verificacion_torneo.dfy,smtlib,vampire,predicates,VERIFICATION_TIMED_OUT,15551,4
ground_truth,vfag_tmp_tmpc29dxm1j_Verificacion_torneo.dfy,smtlib,vampire,arguments,VERIFICATION_TIMED_OUT,15503,4
ground_truth,vfag_tmp_tmpc29dxm1j_Verificacion_torneo.dfy,smtlib,z3,monomorphic,VERIFIED,2784,0
ground_truth,vfag_tmp_tmpc29dxm1j_Verificacion_torneo.dfy,smtlib,z3,predicates,VERIFIED,2659,0
ground_truth,vfag_tmp_tmpc29dxm1j_Verificacion_torneo.dfy,smtlib,z3,arguments,VERIFIED,2718,0
ground_truth,protocol-verification-fa2023_tmp_tmpw6hy3mjp_exercises_chapter04-invariants_ch03exercise03.dfy,tptp,vampire,polymorphic,VERIFICATION_TIMED_OUT,15735,4
ground_truth,protocol-verification-fa2023_tmp_tmpw6hy3mjp_exercises_chapter04-invariants_ch03exercise03.dfy,tptp,vampire,monomorphic,VERIFICATION_TIMED_OUT,15947,4
ground_truth,protocol-verification-fa2023_tmp_tmpw6hy3mjp_exercises_chapter04-invariants_ch03exercise03.dfy,tptp,vampire,predicates,VERIFICATION_TIMED_OUT,16328,4
ground_truth,protocol-verification-fa2023_tmp_tmpw6hy3mjp_exercises_chapter04-invariants_ch03exercise03.dfy,tptp,vampire,arguments,VERIFICATION_TIMED_OUT,15939,4
ground_truth,protocol-verification-fa2023_tmp_tmpw6hy3mjp_exercises_chapter04-invariants_ch03exercise03.dfy,smtlib,vampire,monomorphic,VERIFICATION_TIMED_OUT,15767,4
ground_truth,protocol-verification-fa2023_tmp_tmpw6hy3mjp_exercises_chapter04-invariants_ch03exercise03.dfy,smtlib,vampire,predicates,VERIFICATION_TIMED_OUT,16305,4
ground_truth,protocol-verification-fa2023_tmp_tmpw6hy3mjp_exercises_chapter04-invariants_ch03exercise03.dfy,smtlib,vampire,arguments,VERIFICATION_TIMED_OUT,15695,4
ground_truth,protocol-verification-fa2023_tmp_tmpw6hy3mjp_exercises_chapter04-invariants_ch03exercise03.dfy,smtlib,z3,monomorphic,NOT_VERIFIED,1850,4
ground_truth,protocol-verification-fa2023_tmp_tmpw6hy3mjp_exercises_chapter04-invariants_ch03exercise03.dfy,smtlib,z3,predicates,NOT_VERIFIED,1866,4
ground_truth,protocol-verification-fa2023_tmp_tmpw6hy3mjp_exercises_chapter04-invariants_ch03exercise03.dfy,smtlib,z3,arguments,NOT_VERIFIED,1743,4
ground_truth,dafny-synthesis_task_id_105.dfy,tptp,vampire,polymorphic,VERIFICATION_TIMED_OUT,15361,4
ground_truth,dafny-synthesis_task_id_105.dfy,tptp,vampire,monomorphic,VERIFICATION_TIMED_OUT,15492,4
ground_truth,dafny-synthesis_task_id_105.dfy,tptp,vampire,predicates,VERIFICATION_TIMED_OUT,15456,4
ground_truth,dafny-synthesis_task_id_105.dfy,tptp,vampire,arguments,VERIFIED,3611,0
ground_truth,dafny-synthesis_task_id_105.dfy,smtlib,vampire,monomorphic,VERIFIED,3819,0
ground_truth,dafny-synthesis_task_id_105.dfy,smtlib,vampire,predicates,VERIFICATION_TIMED_OUT,15297,4
ground_truth,dafny-synthesis_task_id_105.dfy,smtlib,vampire,arguments,VERIFICATION_TIMED_OUT,15258,4
ground_truth,dafny-synthesis_task_id_105.dfy,smtlib,z3,monomorphic,VERIFIED,1567,0
ground_truth,dafny-synthesis_task_id_105.dfy,smtlib,z3,predicates,VERIFIED,1499,0
ground_truth,dafny-synthesis_task_id_105.dfy,smtlib,z3,arguments,VERIFIED,1451,0
ground_truth,MFES_2021_tmp_tmpuljn8zd9_TheoreticalClasses_Power.dfy,tptp,vampire,polymorphic,VERIFICATION_TIMED_OUT,15544,4
ground_truth,MFES_2021_tmp_tmpuljn8zd9_TheoreticalClasses_Power.dfy,tptp,vampire,monomorphic,VERIFICATION_TIMED_OUT,18211,4
ground_truth,MFES_2021_tmp_tmpuljn8zd9_TheoreticalClasses_Power.dfy,tptp,vampire,predicates,VERIFICATION_TIMED_OUT,29451,4
ground_truth,MFES_2021_tmp_tmpuljn8zd9_TheoreticalClasses_Power.dfy,tptp,vampire,arguments,VERIFICATION_TIMED_OUT,17668,4
ground_truth,MFES_2021_tmp_tmpuljn8zd9_TheoreticalClasses_Power.dfy,smtlib,vampire,monomorphic,VERIFICATION_TIMED_OUT,15766,4
ground_truth,MFES_2021_tmp_tmpuljn8zd9_TheoreticalClasses_Power.dfy,smtlib,vampire,predicates,VERIFICATION_TIMED_OUT,29310,4
ground_truth,MFES_2021_tmp_tmpuljn8zd9_TheoreticalClasses_Power.dfy,smtlib,vampire,arguments,VERIFICATION_TIMED_OUT,15498,4
ground_truth,MFES_2021_tmp_tmpuljn8zd9_TheoreticalClasses_Power.dfy,smtlib,z3,monomorphic,NOT_VERIFIED,1707,4
ground_truth,MFES_2021_tmp_tmpuljn8zd9_TheoreticalClasses_Power.dfy,smtlib,z3,predicates,NOT_VERIFIED,1593,4
ground_truth,MFES_2021_tmp_tmpuljn8zd9_TheoreticalClasses_Power.dfy,smtlib,z3,arguments,NOT_VERIFIED,1764,4
ground_truth,Formal-methods-of-software-development_tmp_tmppryvbyty_Bloque 2_Lab6.dfy,tptp,vampire,polymorphic,VERIFICATION_TIMED_OUT,15539,4
ground_truth,Formal-methods-of-software-development_tmp_tmppryvbyty_Bloque 2_Lab6.dfy,tptp,vampire,monomorphic,VERIFICATION_TIMED_OUT,15609,4
ground_truth,Formal-methods-of-software-development_tmp_tmppryvbyty_Bloque 2_Lab6.dfy,tptp,vampire,predicates,VERIFICATION_TIMED_OUT,15490,4
ground_truth,Formal-methods-of-software-development_tmp_tmppryvbyty_Bloque 2_Lab6.dfy,tptp,vampire,arguments,VERIFICATION_TIMED_OUT,15494,4
ground_truth,Formal-methods-of-software-development_tmp_tmppryvbyty_Bloque 2_Lab6.dfy,smtlib,vampire,monomorphic,VERIFICATION_TIMED_OUT,15471,4
ground_truth,Formal-methods-of-software-development_tmp_tmppryvbyty_Bloque 2_Lab6.dfy,smtlib,vampire,predicates,VERIFICATION_TIMED_OUT,15386,4
ground_truth,Formal-methods-of-software-development_tmp_tmppryvbyty_Bloque 2_Lab6.dfy,smtlib,vampire,arguments,VERIFICATION_TIMED_OUT,15408,4
ground_truth,Formal-methods-of-software-development_tmp_tmppryvbyty_Bloque 2_Lab6.dfy,smtlib,z3,monomorphic,VERIFIED,1644,0
ground_truth,Formal-methods-of-software-development_tmp_tmppryvbyty_Bloque 2_Lab6.dfy,smtlib,z3,predicates,VERIFIED,1597,0
ground_truth,Formal-methods-of-software-development_tmp_tmppryvbyty_Bloque 2_Lab6.dfy,smtlib,z3,arguments,VERIFIED,1563,0
ground_truth,dafny-synthesis_task_id_170.dfy,tptp,vampire,polymorphic,VERIFICATION_TIMED_OUT,15392,4
ground_truth,dafny-synthesis_task_id_170.dfy,tptp,vampire,monomorphic,VERIFICATION_TIMED_OUT,15466,4
ground_truth,dafny-synthesis_task_id_170.dfy,tptp,vampire,predicates,VERIFICATION_TIMED_OUT,15381,4
ground_truth,dafny-synthesis_task_id_170.dfy,tptp,vampire,arguments,VERIFICATION_TIMED_OUT,15355,4
ground_truth,dafny-synthesis_task_id_170.dfy,smtlib,vampire,monomorphic,VERIFICATION_TIMED_OUT,15380,4
ground_truth,dafny-synthesis_task_id_170.dfy,smtlib,vampire,predicates,VERIFICATION_TIMED_OUT,15303,4
ground_truth,dafny-synthesis_task_id_170.dfy,smtlib,vampire,arguments,VERIFICATION_TIMED_OUT,15258,4
ground_truth,dafny-synthesis_task_id_170.dfy,smtlib,z3,monomorphic,VERIFIED,1557,0
ground_truth,dafny-synthesis_task_id_170.dfy,smtlib,z3,predicates,VERIFIED,1474,0
ground_truth,dafny-synthesis_task_id_170.dfy,smtlib,z3,arguments,VERIFIED,1454,0
ground_truth,Dafny-Exercises_tmp_tmpjm75muf__Session2Exercises_ExerciseSquare_root.dfy,tptp,vampire,polymorphic,VERIFICATION_TIMED_OUT,15331,4
ground_truth,Dafny-Exercises_tmp_tmpjm75muf__Session2Exercises_ExerciseSquare_root.dfy,tptp,vampire,monomorphic,VERIFICATION_TIMED_OUT,15372,4
ground_truth,Dafny-Exercises_tmp_tmpjm75muf__Session2Exercises_ExerciseSquare_root.dfy,tptp,vampire,predicates,VERIFICATION_TIMED_OUT,15262,4
ground_truth,Dafny-Exercises_tmp_tmpjm75muf__Session2Exercises_ExerciseSquare_root.dfy,tptp,vampire,arguments,VERIFICATION_TIMED_OUT,15266,4
ground_truth,Dafny-Exercises_tmp_tmpjm75muf__Session2Exercises_ExerciseSquare_root.dfy,smtlib,vampire,monomorphic,VERIFIED,2863,0
ground_truth,Dafny-Exercises_tmp_tmpjm75muf__Session2Exercises_ExerciseSquare_root.dfy,smtlib,vampire,predicates,VERIFIED,2976,0
ground_truth,Dafny-Exercises_tmp_tmpjm75muf__Session2Exercises_ExerciseSquare_root.dfy,smtlib,vampire,arguments,VERIFIED,3632,0
ground_truth,Dafny-Exercises_tmp_tmpjm75muf__Session2Exercises_ExerciseSquare_root.dfy,smtlib,z3,monomorphic,VERIFIED,1451,0
ground_truth,Dafny-Exercises_tmp_tmpjm75muf__Session2Exercises_ExerciseSquare_root.dfy,smtlib,z3,predicates,VERIFIED,1419,0
ground_truth,Dafny-Exercises_tmp_tmpjm75muf__Session2Exercises_ExerciseSquare_root.dfy,smtlib,z3,arguments,VERIFIED,1406,0
ground_truth,dafny-exercise_tmp_tmpouftptir_prac1_ex2.dfy,tptp,vampire,polymorphic,VERIFICATION_TIMED_OUT,15465,4
ground_truth,dafny-exercise_tmp_tmpouftptir_prac1_ex2.dfy,tptp,vampire,monomorphic,VERIFICATION_TIMED_OUT,15549,4
ground_truth,dafny-exercise_tmp_tmpouftptir_prac1_ex2.dfy,tptp,vampire,predicates,VERIFICATION_TIMED_OUT,15533,4
ground_truth,dafny-exercise_tmp_tmpouftptir_prac1_ex2.dfy,tptp,vampire,arguments,VERIFICATION_TIMED_OUT,15456,4
ground_truth,dafny-exercise_tmp_tmpouftptir_prac1_ex2.dfy,smtlib,vampire,monomorphic,VERIFICATION_TIMED_OUT,15481,4
ground_truth,dafny-exercise_tmp_tmpouftptir_prac1_ex2.dfy,smtlib,vampire,predicates,VERIFICATION_TIMED_OUT,15366,4
ground_truth,dafny-exercise_tmp_tmpouftptir_prac1_ex2.dfy,smtlib,vampire,arguments,VERIFICATION_TIMED_OUT,15392,4
ground_truth,dafny-exercise_tmp_tmpouftptir_prac1_ex2.dfy,smtlib,z3,monomorphic,VERIFIED,1684,0
ground_truth,dafny-exercise_tmp_tmpouftptir_prac1_ex2.dfy,smtlib,z3,predicates,VERIFIED,1689,0
ground_truth,dafny-exercise_tmp_tmpouftptir_prac1_ex2.dfy,smtlib,z3,arguments,VERIFIED,1641,0
ground_truth,dafny-synthesis_task_id_82.dfy,tptp,vampire,polymorphic,VERIFIED,1331,0
ground_truth,dafny-synthesis_task_id_82.dfy,tptp,vampire,monomorphic,VERIFIED,1448,0
ground_truth,dafny-synthesis_task_id_82.dfy,tptp,vampire,predicates,VERIFIED,1372,0
ground_truth,dafny-synthesis_task_id_82.dfy,tptp,vampire,arguments,VERIFIED,1378,0
ground_truth,dafny-synthesis_task_id_82.dfy,smtlib,vampire,monomorphic,VERIFIED,1374,0
ground_truth,dafny-synthesis_task_id_82.dfy,smtlib,vampire,predicates,VERIFIED,1294,0
ground_truth,dafny-synthesis_task_id_82.dfy,smtlib,vampire,arguments,VERIFIED,1293,0
ground_truth,dafny-synthesis_task_id_82.dfy,smtlib,z3,monomorphic,VERIFIED,1375,0
ground_truth,dafny-synthesis_task_id_82.dfy,smtlib,z3,predicates,VERIFIED,1284,0
ground_truth,dafny-synthesis_task_id_82.dfy,smtlib,z3,arguments,VERIFIED,1293,0
ground_truth,Dafny_tmp_tmpmvs2dmry_SlowMax.dfy,tptp,vampire,polymorphic,VERIFIED,2219,0
ground_truth,Dafny_tmp_tmpmvs2dmry_SlowMax.dfy,tptp,vampire,monomorphic,VERIFIED,2345,0
ground_truth,Dafny_tmp_tmpmvs2dmry_SlowMax.dfy,tptp,vampire,predicates,VERIFIED,2921,0
ground_truth,Dafny_tmp_tmpmvs2dmry_SlowMax.dfy,tptp,vampire,arguments,VERIFIED,2927,0
ground_truth,Dafny_tmp_tmpmvs2dmry_SlowMax.dfy,smtlib,vampire,monomorphic,VERIFIED,2302,0
ground_truth,Dafny_tmp_tmpmvs2dmry_SlowMax.dfy,smtlib,vampire,predicates,VERIFIED,2972,0
ground_truth,Dafny_tmp_tmpmvs2dmry_SlowMax.dfy,smtlib,vampire,arguments,VERIFIED,2997,0
ground_truth,Dafny_tmp_tmpmvs2dmry_SlowMax.dfy,smtlib,z3,monomorphic,VERIFIED,1515,0
ground_truth,Dafny_tmp_tmpmvs2dmry_SlowMax.dfy,smtlib,z3,predicates,VERIFIED,1468,0
ground_truth,Dafny_tmp_tmpmvs2dmry_SlowMax.dfy,smtlib,z3,arguments,VERIFIED,1429,0
ground_truth,Program-Verification-Dataset_tmp_tmpgbdrlnu__Dafny_advanced examples_demo.dfy,tptp,vampire,polymorphic,VERIFICATION_TIMED_OUT,15413,4
ground_truth,Program-Verification-Dataset_tmp_tmpgbdrlnu__Dafny_advanced examples_demo.dfy,tptp,vampire,monomorphic,VERIFICATION_TIMED_OUT,15533,4
ground_truth,Program-Verification-Dataset_tmp_tmpgbdrlnu__Dafny_advanced examples_demo.dfy,tptp,vampire,predicates,VERIFICATION_TIMED_OUT,15437,4
ground_truth,Program-Verification-Dataset_tmp_tmpgbdrlnu__Dafny_advanced examples_demo.dfy,tptp,vampire,arguments,VERIFICATION_TIMED_OUT,15434,4
ground_truth,Program-Verification-Dataset_tmp_tmpgbdrlnu__Dafny_advanced examples_demo.dfy,smtlib,vampire,monomorphic,VERIFIED,3531,0
ground_truth,Program-Verification-Dataset_tmp_tmpgbdrlnu__Dafny_advanced examples_demo.dfy,smtlib,vampire,predicates,VERIFICATION_TIMED_OUT,15324,4
ground_truth,Program-Verification-Dataset_tmp_tmpgbdrlnu__Dafny_advanced examples_demo.dfy,smtlib,vampire,arguments,VERIFICATION_TIMED_OUT,15312,4
ground_truth,Program-Verification-Dataset_tmp_tmpgbdrlnu__Dafny_advanced examples_demo.dfy,smtlib,z3,monomorphic,VERIFIED,1604,0
ground_truth,Program-Verification-Dataset_tmp_tmpgbdrlnu__Dafny_advanced examples_demo.dfy,smtlib,z3,predicates,VERIFIED,1554,0
ground_truth,Program-Verification-Dataset_tmp_tmpgbdrlnu__Dafny_advanced examples_demo.dfy,smtlib,z3,arguments,VERIFIED,1532,0
ground_truth,dafl_tmp_tmp_r3_8w3y_dafny_examples_dafny0_InSetComprehension.dfy,tptp,vampire,polymorphic,VERIFICATION_TIMED_OUT,16730,4
ground_truth,dafl_tmp_tmp_r3_8w3y_dafny_examples_dafny0_InSetComprehension.dfy,tptp,vampire,monomorphic,VERIFICATION_TIMED_OUT,16753,4
ground_truth,dafl_tmp_tmp_r3_8w3y_dafny_examples_dafny0_InSetComprehension.dfy,tptp,vampire,predicates,VERIFICATION_TIMED_OUT,29441,4
ground_truth,dafl_tmp_tmp_r3_8w3y_dafny_examples_dafny0_InSetComprehension.dfy,tptp,vampire,arguments,VERIFICATION_TIMED_OUT,18110,4
ground_truth,dafl_tmp_tmp_r3_8w3y_dafny_examples_dafny0_InSetComprehension.dfy,smtlib,vampire,monomorphic,VERIFICATION_TIMED_OUT,15657,4
ground_truth,dafl_tmp_tmp_r3_8w3y_dafny_examples_dafny0_InSetComprehension.dfy,smtlib,vampire,predicates,VERIFICATION_TIMED_OUT,18652,4
ground_truth,dafl_tmp_tmp_r3_8w3y_dafny_examples_dafny0_InSetComprehension.dfy,smtlib,vampire,arguments,VERIFICATION_TIMED_OUT,15585,4
ground_truth,dafl_tmp_tmp_r3_8w3y_dafny_examples_dafny0_InSetComprehension.dfy,smtlib,z3,monomorphic,VERIFIED,1639,0
ground_truth,dafl_tmp_tmp_r3_8w3y_dafny_examples_dafny0_InSetComprehension.dfy,smtlib,z3,predicates,VERIFIED,1647,0
ground_truth,dafl_tmp_tmp_r3_8w3y_dafny_examples_dafny0_InSetComprehension.dfy,smtlib,z3,arguments,VERIFIED,1632,0
ground_truth,formal_verication_dafny_tmp_tmpwgl2qz28_Challenges_ex7.dfy,tptp,vampire,polymorphic,VERIFICATION_TIMED_OUT,15681,4
ground_truth,formal_verication_dafny_tmp_tmpwgl2qz28_Challenges_ex7.dfy,tptp,vampire,monomorphic,VERIFICATION_TIMED_OUT,15848,4
ground_truth,formal_verication_dafny_tmp_tmpwgl2qz28_Challenges_ex7.dfy,tptp,vampire,predicates,VERIFICATION_TIMED_OUT,15731,4
ground_truth,formal_verication_dafny_tmp_tmpwgl2qz28_Challenges_ex7.dfy,tptp,vampire,arguments,VERIFICATION_TIMED_OUT,15770,4
ground_truth,formal_verication_dafny_tmp_tmpwgl2qz28_Challenges_ex7.dfy,smtlib,vampire,monomorphic,VERIFICATION_TIMED_OUT,15767,4
ground_truth,formal_verication_dafny_tmp_tmpwgl2qz28_Challenges_ex7.dfy,smtlib,vampire,predicates,VERIFICATION_TIMED_OUT,15688,4
ground_truth,formal_verication_dafny_tmp_tmpwgl2qz28_Challenges_ex7.dfy,smtlib,vampire,arguments,VERIFICATION_TIMED_OUT,15651,4
ground_truth,formal_verication_dafny_tmp_tmpwgl2qz28_Challenges_ex7.dfy,smtlib,z3,monomorphic,VERIFIED,4209,0
ground_truth,formal_verication_dafny_tmp_tmpwgl2qz28_Challenges_ex7.dfy,smtlib,z3,predicates,VERIFIED,3617,0
ground_truth,formal_verication_dafny_tmp_tmpwgl2qz28_Challenges_ex7.dfy,smtlib,z3,arguments,VERIFIED,2419,0
ground_truth,test-generation-examples_tmp_tmptwyqofrp_RussianMultiplication_dafny_RussianMultiplication.dfy,tptp,vampire,polymorphic,VERIFIED,1421,0
ground_truth,test-generation-examples_tmp_tmptwyqofrp_RussianMultiplication_dafny_RussianMultiplication.dfy,tptp,vampire,monomorphic,VERIFIED,1813,0
ground_truth,test-generation-examples_tmp_tmptwyqofrp_RussianMultiplication_dafny_RussianMultiplication.dfy,tptp,vampire,predicates,VERIFIED,1464,0
ground_truth,test-generation-examples_tmp_tmptwyqofrp_RussianMultiplication_dafny_RussianMultiplication.dfy,tptp,vampire,arguments,VERIFIED,1459,0
ground_truth,test-generation-examples_tmp_tmptwyqofrp_RussianMultiplication_dafny_RussianMultiplication.dfy,smtlib,vampire,monomorphic,VERIFIED,1478,0
ground_truth,test-generation-examples_tmp_tmptwyqofrp_RussianMultiplication_dafny_RussianMultiplication.dfy,smtlib,vampire,predicates,VERIFIED,1398,0
ground_truth,test-generation-examples_tmp_tmptwyqofrp_RussianMultiplication_dafny_RussianMultiplication.dfy,smtlib,vampire,arguments,VERIFIED,1380,0
ground_truth,test-generation-examples_tmp_tmptwyqofrp_RussianMultiplication_dafny_RussianMultiplication.dfy,smtlib,z3,monomorphic,VERIFIED,1434,0
ground_truth,test-generation-examples_tmp_tmptwyqofrp_RussianMultiplication_dafny_RussianMultiplication.dfy,smtlib,z3,predicates,VERIFIED,1373,0
ground_truth,test-generation-examples_tmp_tmptwyqofrp_RussianMultiplication_dafny_RussianMultiplication.dfy,smtlib,z3,arguments,VERIFIED,1373,0
ground_truth,dafny-duck_tmp_tmplawbgxjo_p4.dfy,tptp,vampire,polymorphic,VERIFICATION_TIMED_OUT,15366,4
ground_truth,dafny-duck_tmp_tmplawbgxjo_p4.dfy,tptp,vampire,monomorphic,VERIFICATION_TIMED_OUT,15528,4
ground_truth,dafny-duck_tmp_tmplawbgxjo_p4.dfy,tptp,vampire,predicates,VERIFICATION_TIMED_OUT,15432,4
ground_truth,dafny-duck_tmp_tmplawbgxjo_p4.dfy,tptp,vampire,arguments,VERIFICATION_TIMED_OUT,15414,4
ground_truth,dafny-duck_tmp_tmplawbgxjo_p4.dfy,smtlib,vampire,monomorphic,VERIFICATION_TIMED_OUT,15418,4
ground_truth,dafny-duck_tmp_tmplawbgxjo_p4.dfy,smtlib,vampire,predicates,VERIFICATION_TIMED_OUT,15334,4
ground_truth,dafny-duck_tmp_tmplawbgxjo_p4.dfy,smtlib,vampire,arguments,VERIFICATION_TIMED_OUT,15350,4
ground_truth,dafny-duck_tmp_tmplawbgxjo_p4.dfy,smtlib,z3,monomorphic,VERIFIED,1576,0
ground_truth,dafny-duck_tmp_tmplawbgxjo_p4.dfy,smtlib,z3,predicates,VERIFIED,1589,0
ground_truth,dafny-duck_tmp_tmplawbgxjo_p4.dfy,smtlib,z3,arguments,VERIFIED,1504,0
ground_truth,ironsync-osdi2023_tmp_tmpx80antoe_lib_Math_div_def.dfy,tptp,vampire,polymorphic,VERIFIED,1477,0
ground_truth,ironsync-osdi2023_tmp_tmpx80antoe_lib_Math_div_def.dfy,tptp,vampire,monomorphic,VERIFIED,1554,0
ground_truth,ironsync-osdi2023_tmp_tmpx80antoe_lib_Math_div_def.dfy,tptp,vampire,predicates,VERIFIED,1476,0
ground_truth,ironsync-osdi2023_tmp_tmpx80antoe_lib_Math_div_def.dfy,tptp,vampire,arguments,VERIFIED,1471,0
ground_truth,ironsync-osdi2023_tmp_tmpx80antoe_lib_Math_div_def.dfy,smtlib,vampire,monomorphic,VERIFIED,1503,0
ground_truth,ironsync-osdi2023_tmp_tmpx80antoe_lib_Math_div_def.dfy,smtlib,vampire,predicates,VERIFIED,1433,0
ground_truth,ironsync-osdi2023_tmp_tmpx80antoe_lib_Math_div_def.dfy,smtlib,vampire,arguments,VERIFIED,1440,0
ground_truth,ironsync-osdi2023_tmp_tmpx80antoe_lib_Math_div_def.dfy,smtlib,z3,monomorphic,VERIFIED,1448,0
ground_truth,ironsync-osdi2023_tmp_tmpx80antoe_lib_Math_div_def.dfy,smtlib,z3,predicates,VERIFIED,1412,0
ground_truth,ironsync-osdi2023_tmp_tmpx80antoe_lib_Math_div_def.dfy,smtlib,z3,arguments,VERIFIED,1376,0
ground_truth,summer-school-2020_tmp_tmpn8nf7zf0_chapter02_solutions_exercise03_solution.dfy,tptp,vampire,polymorphic,VERIFICATION_TIMED_OUT,15488,4
ground_truth,summer-school-2020_tmp_tmpn8nf7zf0_chapter02_solutions_exercise03_solution.dfy,tptp,vampire,monomorphic,VERIFICATION_TIMED_OUT,15619,4
ground_truth,summer-school-2020_tmp_tmpn8nf7zf0_chapter02_solutions_exercise03_solution.dfy,tptp,vampire,predicates,VERIFICATION_TIMED_OUT,15549,4
ground_truth,summer-school-2020_tmp_tmpn8nf7zf0_chapter02_solutions_exercise03_solution.dfy,tptp,vampire,arguments,VERIFICATION_TIMED_OUT,15497,4
ground_truth,summer-school-2020_tmp_tmpn8nf7zf0_chapter02_solutions_exercise03_solution.dfy,smtlib,vampire,monomorphic,VERIFICATION_TIMED_OUT,15524,4
ground_truth,summer-school-2020_tmp_tmpn8nf7zf0_chapter02_solutions_exercise03_solution.dfy,smtlib,vampire,predicates,VERIFICATION_TIMED_OUT,15473,4
ground_truth,summer-school-2020_tmp_tmpn8nf7zf0_chapter02_solutions_exercise03_solution.dfy,smtlib,vampire,arguments,VERIFICATION_TIMED_OUT,15370,4
ground_truth,summer-school-2020_tmp_tmpn8nf7zf0_chapter02_solutions_exercise03_solution.dfy,smtlib,z3,monomorphic,VERIFIED,5217,0
ground_truth,summer-school-2020_tmp_tmpn8nf7zf0_chapter02_solutions_exercise03_solution.dfy,smtlib,z3,predicates,VERIFIED,3583,0
ground_truth,summer-school-2020_tmp_tmpn8nf7zf0_chapter02_solutions_exercise03_solution.dfy,smtlib,z3,arguments,VERIFIED,2878,0
ground_truth,Final-Project-Dafny_tmp_tmpmcywuqox_Attempts_Quick_Sort.dfy,tptp,vampire,polymorphic,VERIFICATION_TIMED_OUT,15496,4
ground_truth,Final-Project-Dafny_tmp_tmpmcywuqox_Attempts_Quick_Sort.dfy,tptp,vampire,monomorphic,VERIFICATION_TIMED_OUT,15584,4
ground_truth,Final-Project-Dafny_tmp_tmpmcywuqox_Attempts_Quick_Sort.dfy,tptp,vampire,predicates,VERIFICATION_TIMED_OUT,15587,4
ground_truth,Final-Project-Dafny_tmp_tmpmcywuqox_Attempts_Quick_Sort.dfy,tptp,vampire,arguments,VERIFICATION_TIMED_OUT,15548,4
ground_truth,Final-Project-Dafny_tmp_tmpmcywuqox_Attempts_Quick_Sort.dfy,smtlib,vampire,monomorphic,VERIFICATION_TIMED_OUT,15535,4
ground_truth,Final-Project-Dafny_tmp_tmpmcywuqox_Attempts_Quick_Sort.dfy,smtlib,vampire,predicates,VERIFICATION_TIMED_OUT,15424,4
ground_truth,Final-Project-Dafny_tmp_tmpmcywuqox_Attempts_Quick_Sort.dfy,smtlib,vampire,arguments,VERIFICATION_TIMED_OUT,15364,4
ground_truth,Final-Project-Dafny_tmp_tmpmcywuqox_Attempts_Quick_Sort.dfy,smtlib,z3,monomorphic,VERIFIED,1651,0
ground_truth,Final-Project-Dafny_tmp_tmpmcywuqox_Attempts_Quick_Sort.dfy,smtlib,z3,predicates,VERIFIED,1601,0
ground_truth,Final-Project-Dafny_tmp_tmpmcywuqox_Attempts_Quick_Sort.dfy,smtlib,z3,arguments,VERIFIED,1598,0
ground_truth,Programmverifikation-und-synthese_tmp_tmppurk6ime_PVS_Assignment_ex_06_Hoangkim_ex06-solution.dfy,tptp,vampire,polymorphic,VERIFIED,2939,0
ground_truth,Programmverifikation-und-synthese_tmp_tmppurk6ime_PVS_Assignment_ex_06_Hoangkim_ex06-solution.dfy,tptp,vampire,monomorphic,VERIFIED,3688,0
ground_truth,Programmverifikation-und-synthese_tmp_tmppurk6ime_PVS_Assignment_ex_06_Hoangkim_ex06-solution.dfy,tptp,vampire,predicates,VERIFICATION_TIMED_OUT,15370,4
ground_truth,Programmverifikation-und-synthese_tmp_tmppurk6ime_PVS_Assignment_ex_06_Hoangkim_ex06-solution.dfy,tptp,vampire,arguments,VERIFIED,14724,0
ground_truth,Programmverifikation-und-synthese_tmp_tmppurk6ime_PVS_Assignment_ex_06_Hoangkim_ex06-solution.dfy,smtlib,vampire,monomorphic,VERIFIED,3717,0
ground_truth,Programmverifikation-und-synthese_tmp_tmppurk6ime_PVS_Assignment_ex_06_Hoangkim_ex06-solution.dfy,smtlib,vampire,predicates,VERIFICATION_TIMED_OUT,15274,4
ground_truth,Programmverifikation-und-synthese_tmp_tmppurk6ime_PVS_Assignment_ex_06_Hoangkim_ex06-solution.dfy,smtlib,vampire,arguments,VERIFIED,3755,0
ground_truth,Programmverifikation-und-synthese_tmp_tmppurk6ime_PVS_Assignment_ex_06_Hoangkim_ex06-solution.dfy,smtlib,z3,monomorphic,VERIFIED,1531,0
ground_truth,Programmverifikation-und-synthese_tmp_tmppurk6ime_PVS_Assignment_ex_06_Hoangkim_ex06-solution.dfy,smtlib,z3,predicates,VERIFIED,1474,0
ground_truth,Programmverifikation-und-synthese_tmp_tmppurk6ime_PVS_Assignment_ex_06_Hoangkim_ex06-solution.dfy,smtlib,z3,arguments,VERIFIED,1476,0
ground_truth,DafnyProjects_tmp_tmp2acw_s4s_longestPrefix.dfy,tptp,vampire,polymorphic,VERIFICATION_TIMED_OUT,15392,4
ground_truth,DafnyProjects_tmp_tmp2acw_s4s_longestPrefix.dfy,tptp,vampire,monomorphic,VERIFICATION_TIMED_OUT,15528,4
ground_truth,DafnyProjects_tmp_tmp2acw_s4s_longestPrefix.dfy,tptp,vampire,predicates,VERIFICATION_TIMED_OUT,15441,4
ground_truth,DafnyProjects_tmp_tmp2acw_s4s_longestPrefix.dfy,tptp,vampire,arguments,VERIFICATION_TIMED_OUT,15375,4
ground_truth,DafnyProjects_tmp_tmp2acw_s4s_longestPrefix.dfy,smtlib,vampire,monomorphic,VERIFICATION_TIMED_OUT,15362,4
ground_truth,DafnyProjects_tmp_tmp2acw_s4s_longestPrefix.dfy,smtlib,vampire,predicates,VERIFICATION_TIMED_OUT,15328,4
ground_truth,DafnyProjects_tmp_tmp2acw_s4s_longestPrefix.dfy,smtlib,vampire,arguments,VERIFICATION_TIMED_OUT,15312,4
ground_truth,DafnyProjects_tmp_tmp2acw_s4s_longestPrefix.dfy,smtlib,z3,monomorphic,VERIFIED,1530,0
ground_truth,DafnyProjects_tmp_tmp2acw_s4s_longestPrefix.dfy,smtlib,z3,predicates,VERIFIED,1480,0
ground_truth,DafnyProjects_tmp_tmp2acw_s4s_longestPrefix.dfy,smtlib,z3,arguments,VERIFIED,1465,0
ground_truth,Dafny_Verify_tmp_tmphq7j0row_Test_Cases_Function.dfy,tptp,vampire,polymorphic,VERIFIED,1537,0
ground_truth,Dafny_Verify_tmp_tmphq7j0row_Test_Cases_Function.dfy,tptp,vampire,monomorphic,VERIFIED,1659,0
ground_truth,Dafny_Verify_tmp_tmphq7j0row_Test_Cases_Function.dfy,tptp,vampire,predicates,VERIFIED,1724,0
ground_truth,Dafny_Verify_tmp_tmphq7j0row_Test_Cases_Function.dfy,tptp,vampire,arguments,VERIFIED,1552,0
ground_truth,Dafny_Verify_tmp_tmphq7j0row_Test_Cases_Function.dfy,smtlib,vampire,monomorphic,VERIFIED,1577,0
ground_truth,Dafny_Verify_tmp_tmphq7j0row_Test_Cases_Function.dfy,smtlib,vampire,predicates,VERIFIED,1678,0
ground_truth,Dafny_Verify_tmp_tmphq7j0row_Test_Cases_Function.dfy,smtlib,vampire,arguments,VERIFIED,1489,0
ground_truth,Dafny_Verify_tmp_tmphq7j0row_Test_Cases_Function.dfy,smtlib,z3,monomorphic,VERIFIED,1462,0
ground_truth,Dafny_Verify_tmp_tmphq7j0row_Test_Cases_Function.dfy,smtlib,z3,predicates,VERIFIED,1405,0
ground_truth,Dafny_Verify_tmp_tmphq7j0row_Test_Cases_Function.dfy,smtlib,z3,arguments,VERIFIED,1399,0
ground_truth,Metodos_Formais_tmp_tmpql2hwcsh_Invariantes_potencia.dfy,tptp,vampire,polymorphic,VERIFIED,8462,0
ground_truth,Metodos_Formais_tmp_tmpql2hwcsh_Invariantes_potencia.dfy,tptp,vampire,monomorphic,VERIFIED,15154,0
ground_truth,Metodos_Formais_tmp_tmpql2hwcsh_Invariantes_potencia.dfy,tptp,vampire,predicates,VERIFICATION_TIMED_OUT,15443,4
ground_truth,Metodos_Formais_tmp_tmpql2hwcsh_Invariantes_potencia.dfy,tptp,vampire,arguments,VERIFICATION_TIMED_OUT,15380,4
ground_truth,Metodos_Formais_tmp_tmpql2hwcsh_Invariantes_potencia.dfy,smtlib,vampire,monomorphic,VERIFIED,3507,0
ground_truth,Metodos_Formais_tmp_tmpql2hwcsh_Invariantes_potencia.dfy,smtlib,vampire,predicates,VERIFICATION_TIMED_OUT,15273,4
ground_truth,Metodos_Formais_tmp_tmpql2hwcsh_Invariantes_potencia.dfy,smtlib,vampire,arguments,VERIFIED,3475,0
ground_truth,Metodos_Formais_tmp_tmpql2hwcsh_Invariantes_potencia.dfy,smtlib,z3,monomorphic,VERIFIED,1503,0
ground_truth,Metodos_Formais_tmp_tmpql2hwcsh_Invariantes_potencia.dfy,smtlib,z3,predicates,VERIFIED,1467,0
ground_truth,Metodos_Formais_tmp_tmpql2hwcsh_Invariantes_potencia.dfy,smtlib,z3,arguments,VERIFIED,1430,0
ground_truth,Metodos_Formais_tmp_tmpql2hwcsh_Invariantes_fatorial2.dfy,tptp,vampire,polymorphic,VERIFIED,2923,0
ground_truth,Metodos_Formais_tmp_tmpql2hwcsh_Invariantes_fatorial2.dfy,tptp,vampire,monomorphic,VERIFIED,2349,0
ground_truth,Metodos_Formais_tmp_tmpql2hwcsh_Invariantes_fatorial2.dfy,tptp,vampire,predicates,VERIFICATION_TIMED_OUT,15392,4
ground_truth,Metodos_Formais_tmp_tmpql2hwcsh_Invariantes_fatorial2.dfy,tptp,vampire,arguments,VERIFIED,7864,0
ground_truth,Metodos_Formais_tmp_tmpql2hwcsh_Invariantes_fatorial2.dfy,smtlib,vampire,monomorphic,VERIFIED,3970,0
ground_truth,Metodos_Formais_tmp_tmpql2hwcsh_Invariantes_fatorial2.dfy,smtlib,vampire,predicates,VERIFICATION_TIMED_OUT,15258,4
ground_truth,Metodos_Formais_tmp_tmpql2hwcsh_Invariantes_fatorial2.dfy,smtlib,vampire,arguments,VERIFIED,14846,0
ground_truth,Metodos_Formais_tmp_tmpql2hwcsh_Invariantes_fatorial2.dfy,smtlib,z3,monomorphic,VERIFIED,1482,0
ground_truth,Metodos_Formais_tmp_tmpql2hwcsh_Invariantes_fatorial2.dfy,smtlib,z3,predicates,VERIFIED,1448,0
ground_truth,Metodos_Formais_tmp_tmpql2hwcsh_Invariantes_fatorial2.dfy,smtlib,z3,arguments,VERIFIED,1437,0
ground_truth,Dafny_Verify_tmp_tmphq7j0row_Test_Cases_solved_1_select.dfy,tptp,vampire,polymorphic,VERIFICATION_TIMED_OUT,15423,4
ground_truth,Dafny_Verify_tmp_tmphq7j0row_Test_Cases_solved_1_select.dfy,tptp,vampire,monomorphic,VERIFICATION_TIMED_OUT,15556,4
ground_truth,Dafny_Verify_tmp_tmphq7j0row_Test_Cases_solved_1_select.dfy,tptp,vampire,predicates,VERIFICATION_TIMED_OUT,15483,4
ground_truth,Dafny_Verify_tmp_tmphq7j0row_Test_Cases_solved_1_select.dfy,tptp,vampire,arguments,VERIFICATION_TIMED_OUT,15459,4
ground_truth,Dafny_Verify_tmp_tmphq7j0row_Test_Cases_solved_1_select.dfy,smtlib,vampire,monomorphic,VERIFICATION_TIMED_OUT,15468,4
ground_truth,Dafny_Verify_tmp_tmphq7j0row_Test_Cases_solved_1_select.dfy,smtlib,vampire,predicates,VERIFICATION_TIMED_OUT,15407,4
ground_truth,Dafny_Verify_tmp_tmphq7j0row_Test_Cases_solved_1_select.dfy,smtlib,vampire,arguments,VERIFICATION_TIMED_OUT,15362,4
ground_truth,Dafny_Verify_tmp_tmphq7j0row_Test_Cases_solved_1_select.dfy,smtlib,z3,monomorphic,VERIFIED,2234,0
ground_truth,Dafny_Verify_tmp_tmphq7j0row_Test_Cases_solved_1_select.dfy,smtlib,z3,predicates,VERIFIED,1682,0
ground_truth,Dafny_Verify_tmp_tmphq7j0row_Test_Cases_solved_1_select.dfy,smtlib,z3,arguments,VERIFIED,1660,0
ground_truth,Clover_bubble_sort.dfy,tptp,vampire,polymorphic,VERIFICATION_TIMED_OUT,15431,4
ground_truth,Clover_bubble_sort.dfy,tptp,vampire,monomorphic,VERIFICATION_TIMED_OUT,15611,4
ground_truth,Clover_bubble_sort.dfy,tptp,vampire,predicates,VERIFICATION_TIMED_OUT,15531,4
ground_truth,Clover_bubble_sort.dfy,tptp,vampire,arguments,VERIFICATION_TIMED_OUT,15529,4
ground_truth,Clover_bubble_sort.dfy,smtlib,vampire,monomorphic,VERIFICATION_TIMED_OUT,15415,4
ground_truth,Clover_bubble_sort.dfy,smtlib,vampire,predicates,VERIFICATION_TIMED_OUT,15384,4
ground_truth,Clover_bubble_sort.dfy,smtlib,vampire,arguments,VERIFICATION_TIMED_OUT,15346,4
ground_truth,Clover_bubble_sort.dfy,smtlib,z3,monomorphic,VERIFIED,2373,0
ground_truth,Clover_bubble_sort.dfy,smtlib,z3,predicates,VERIFIED,1814,0
ground_truth,Clover_bubble_sort.dfy,smtlib,z3,arguments,VERIFIED,1973,0
ground_truth,Dafny_tmp_tmp0wu8wmfr_tests_Search1000.dfy,tptp,vampire,polymorphic,VERIFICATION_TIMED_OUT,15603,4
ground_truth,Dafny_tmp_tmp0wu8wmfr_tests_Search1000.dfy,tptp,vampire,monomorphic,VERIFICATION_TIMED_OUT,15718,4
ground_truth,Dafny_tmp_tmp0wu8wmfr_tests_Search1000.dfy,tptp,vampire,predicates,VERIFICATION_TIMED_OUT,15749,4
ground_truth,Dafny_tmp_tmp0wu8wmfr_tests_Search1000.dfy,tptp,vampire,arguments,VERIFICATION_TIMED_OUT,15768,4
ground_truth,Dafny_tmp_tmp0wu8wmfr_tests_Search1000.dfy,smtlib,vampire,monomorphic,VERIFICATION_TIMED_OUT,15633,4
ground_truth,Dafny_tmp_tmp0wu8wmfr_tests_Search1000.dfy,smtlib,vampire,predicates,VERIFICATION_TIMED_OUT,15590,4
ground_truth,Dafny_tmp_tmp0wu8wmfr_tests_Search1000.dfy,smtlib,vampire,arguments,VERIFICATION_TIMED_OUT,15652,4
ground_truth,Dafny_tmp_tmp0wu8wmfr_tests_Search1000.dfy,smtlib,z3,monomorphic,VERIFIED,2003,0
ground_truth,Dafny_tmp_tmp0wu8wmfr_tests_Search1000.dfy,smtlib,z3,predicates,VERIFIED,1851,0
ground_truth,Dafny_tmp_tmp0wu8wmfr_tests_Search1000.dfy,smtlib,z3,arguments,VERIFIED,1909,0
ground_truth,Dafny_tmp_tmpv_d3qi10_2_min.dfy,tptp,vampire,polymorphic,VERIFICATION_TIMED_OUT,15526,4
ground_truth,Dafny_tmp_tmpv_d3qi10_2_min.dfy,tptp,vampire,monomorphic,VERIFICATION_TIMED_OUT,15690,4
ground_truth,Dafny_tmp_tmpv_d3qi10_2_min.dfy,tptp,vampire,predicates,VERIFIED,2452,0
ground_truth,Dafny_tmp_tmpv_d3qi10_2_min.dfy,tptp,vampire,arguments,VERIFICATION_TIMED_OUT,15534,4
ground_truth,Dafny_tmp_tmpv_d3qi10_2_min.dfy,smtlib,vampire,monomorphic,VERIFIED,3735,0
ground_truth,Dafny_tmp_tmpv_d3qi10_2_min.dfy,smtlib,vampire,predicates,VERIFICATION_TIMED_OUT,15455,4
ground_truth,Dafny_tmp_tmpv_d3qi10_2_min.dfy,smtlib,vampire,arguments,VERIFICATION_TIMED_OUT,15514,4
ground_truth,Dafny_tmp_tmpv_d3qi10_2_min.dfy,smtlib,z3,monomorphic,VERIFIED,1611,0
ground_truth,Dafny_tmp_tmpv_d3qi10_2_min.dfy,smtlib,z3,predicates,VERIFIED,1535,0
ground_truth,Dafny_tmp_tmpv_d3qi10_2_min.dfy,smtlib,z3,arguments,VERIFIED,1552,0
ground_truth,Dafny_Verify_tmp_tmphq7j0row_dataset_bql_exampls_Square.dfy,tptp,vampire,polymorphic,VERIFIED,1670,0
ground_truth,Dafny_Verify_tmp_tmphq7j0row_dataset_bql_exampls_Square.dfy,tptp,vampire,monomorphic,VERIFIED,1778,0
ground_truth,Dafny_Verify_tmp_tmphq7j0row_dataset_bql_exampls_Square.dfy,tptp,vampire,predicates,VERIFIED,1708,0
ground_truth,Dafny_Verify_tmp_tmphq7j0row_dataset_bql_exampls_Square.dfy,tptp,vampire,arguments,VERIFIED,2104,0
ground_truth,Dafny_Verify_tmp_tmphq7j0row_dataset_bql_exampls_Square.dfy,smtlib,vampire,monomorphic,VERIFIED,1727,0
ground_truth,Dafny_Verify_tmp_tmphq7j0row_dataset_bql_exampls_Square.dfy,smtlib,vampire,predicates,VERIFIED,1677,0
ground_truth,Dafny_Verify_tmp_tmphq7j0row_dataset_bql_exampls_Square.dfy,smtlib,vampire,arguments,VERIFIED,1674,0
ground_truth,Dafny_Verify_tmp_tmphq7j0row_dataset_bql_exampls_Square.dfy,smtlib,z3,monomorphic,VERIFIED,1419,0
ground_truth,Dafny_Verify_tmp_tmphq7j0row_dataset_bql_exampls_Square.dfy,smtlib,z3,predicates,VERIFIED,1357,0
ground_truth,Dafny_Verify_tmp_tmphq7j0row_dataset_bql_exampls_Square.dfy,smtlib,z3,arguments,VERIFIED,1345,0
ground_truth,Clover_binary_search.dfy,tptp,vampire,polymorphic,VERIFICATION_TIMED_OUT,15463,4
ground_truth,Clover_binary_search.dfy,tptp,vampire,monomorphic,VERIFICATION_TIMED_OUT,15557,4
ground_truth,Clover_binary_search.dfy,tptp,vampire,predicates,VERIFICATION_TIMED_OUT,15467,4
ground_truth,Clover_binary_search.dfy,tptp,vampire,arguments,VERIFICATION_TIMED_OUT,15425,4
ground_truth,Clover_binary_search.dfy,smtlib,vampire,monomorphic,VERIFIED,3383,0
ground_truth,Clover_binary_search.dfy,smtlib,vampire,predicates,VERIFICATION_TIMED_OUT,15307,4
ground_truth,Clover_binary_search.dfy,smtlib,vampire,arguments,VERIFIED,3378,0
ground_truth,Clover_binary_search.dfy,smtlib,z3,monomorphic,VERIFIED,1525,0
ground_truth,Clover_binary_search.dfy,smtlib,z3,predicates,VERIFIED,1499,0
ground_truth,Clover_binary_search.dfy,smtlib,z3,arguments,VERIFIED,1491,0
ground_truth,Program-Verification-Dataset_tmp_tmpgbdrlnu__Dafny_algorithms and leetcode_leetcode_FindPivotIndex.dfy,tptp,vampire,polymorphic,VERIFICATION_TIMED_OUT,15766,4
ground_truth,Program-Verification-Dataset_tmp_tmpgbdrlnu__Dafny_algorithms and leetcode_leetcode_FindPivotIndex.dfy,tptp,vampire,monomorphic,VERIFICATION_TIMED_OUT,15854,4
ground_truth,Program-Verification-Dataset_tmp_tmpgbdrlnu__Dafny_algorithms and leetcode_leetcode_FindPivotIndex.dfy,tptp,vampire,predicates,VERIFICATION_TIMED_OUT,15803,4
ground_truth,Program-Verification-Dataset_tmp_tmpgbdrlnu__Dafny_algorithms and leetcode_leetcode_FindPivotIndex.dfy,tptp,vampire,arguments,VERIFICATION_TIMED_OUT,15785,4
ground_truth,Program-Verification-Dataset_tmp_tmpgbdrlnu__Dafny_algorithms and leetcode_leetcode_FindPivotIndex.dfy,smtlib,vampire,monomorphic,VERIFICATION_TIMED_OUT,15621,4
ground_truth,Program-Verification-Dataset_tmp_tmpgbdrlnu__Dafny_algorithms and leetcode_leetcode_FindPivotIndex.dfy,smtlib,vampire,predicates,VERIFICATION_TIMED_OUT,15826,4
ground_truth,Program-Verification-Dataset_tmp_tmpgbdrlnu__Dafny_algorithms and leetcode_leetcode_FindPivotIndex.dfy,smtlib,vampire,arguments,VERIFIED,3945,0
ground_truth,Program-Verification-Dataset_tmp_tmpgbdrlnu__Dafny_algorithms and leetcode_leetcode_FindPivotIndex.dfy,smtlib,z3,monomorphic,VERIFIED,1905,0
ground_truth,Program-Verification-Dataset_tmp_tmpgbdrlnu__Dafny_algorithms and leetcode_leetcode_FindPivotIndex.dfy,smtlib,z3,predicates,VERIFIED,1834,0
ground_truth,Program-Verification-Dataset_tmp_tmpgbdrlnu__Dafny_algorithms and leetcode_leetcode_FindPivotIndex.dfy,smtlib,z3,arguments,VERIFIED,1858,0
ground_truth,M2_tmp_tmp2laaavvl_Software Verification_Exercices_Exo7-ComputeSum.dfy,tptp,vampire,polymorphic,VERIFIED,5586,0
ground_truth,M2_tmp_tmp2laaavvl_Software Verification_Exercices_Exo7-ComputeSum.dfy,tptp,vampire,monomorphic,VERIFICATION_TIMED_OUT,15398,4
ground_truth,M2_tmp_tmp2laaavvl_Software Verification_Exercices_Exo7-ComputeSum.dfy,tptp,vampire,predicates,VERIFICATION_TIMED_OUT,15396,4
ground_truth,M2_tmp_tmp2laaavvl_Software Verification_Exercices_Exo7-ComputeSum.dfy,tptp,vampire,arguments,VERIFIED,3330,0
ground_truth,M2_tmp_tmp2laaavvl_Software Verification_Exercices_Exo7-ComputeSum.dfy,smtlib,vampire,monomorphic,VERIFICATION_TIMED_OUT,15305,4
ground_truth,M2_tmp_tmp2laaavvl_Software Verification_Exercices_Exo7-ComputeSum.dfy,smtlib,vampire,predicates,VERIFICATION_TIMED_OUT,15302,4
ground_truth,M2_tmp_tmp2laaavvl_Software Verification_Exercices_Exo7-ComputeSum.dfy,smtlib,vampire,arguments,VERIFIED,3907,0
ground_truth,M2_tmp_tmp2laaavvl_Software Verification_Exercices_Exo7-ComputeSum.dfy,smtlib,z3,monomorphic,VERIFIED,1478,0
ground_truth,M2_tmp_tmp2laaavvl_Software Verification_Exercices_Exo7-ComputeSum.dfy,smtlib,z3,predicates,VERIFIED,1459,0
ground_truth,M2_tmp_tmp2laaavvl_Software Verification_Exercices_Exo7-ComputeSum.dfy,smtlib,z3,arguments,VERIFIED,1438,0
ground_truth,Clover_compare.dfy,tptp,vampire,polymorphic,VERIFIED,1335,0
ground_truth,Clover_compare.dfy,tptp,vampire,monomorphic,VERIFIED,1411,0
ground_truth,Clover_compare.dfy,tptp,vampire,predicates,VERIFIED,1354,0
ground_truth,Clover_compare.dfy,tptp,vampire,arguments,VERIFIED,1347,0
ground_truth,Clover_compare.dfy,smtlib,vampire,monomorphic,VERIFIED,1351,0
ground_truth,Clover_compare.dfy,smtlib,vampire,predicates,VERIFIED,1286,0
ground_truth,Clover_compare.dfy,smtlib,vampire,arguments,VERIFIED,1274,0
ground_truth,Clover_compare.dfy,smtlib,z3,monomorphic,VERIFIED,1337,0
ground_truth,Clover_compare.dfy,smtlib,z3,predicates,VERIFIED,1303,0
ground_truth,Clover_compare.dfy,smtlib,z3,arguments,VERIFIED,1297,0
ground_truth,dafny-synthesis_task_id_458.dfy,tptp,vampire,polymorphic,VERIFIED,1317,0
ground_truth,dafny-synthesis_task_id_458.dfy,tptp,vampire,monomorphic,VERIFIED,1407,0
ground_truth,dafny-synthesis_task_id_458.dfy,tptp,vampire,predicates,VERIFIED,1336,0
ground_truth,dafny-synthesis_task_id_458.dfy,tptp,vampire,arguments,VERIFIED,1357,0
ground_truth,dafny-synthesis_task_id_458.dfy,smtlib,vampire,monomorphic,VERIFIED,1344,0
ground_truth,dafny-synthesis_task_id_458.dfy,smtlib,vampire,predicates,VERIFIED,1282,0
ground_truth,dafny-synthesis_task_id_458.dfy,smtlib,vampire,arguments,VERIFIED,1269,0
ground_truth,dafny-synthesis_task_id_458.dfy,smtlib,z3,monomorphic,VERIFIED,1362,0
ground_truth,dafny-synthesis_task_id_458.dfy,smtlib,z3,predicates,VERIFIED,1280,0
ground_truth,dafny-synthesis_task_id_458.dfy,smtlib,z3,arguments,VERIFIED,1284,0
ground_truth,Dafny_Learning_Experience_tmp_tmpuxvcet_u_week8_12_a3 copy 2.dfy,tptp,vampire,polymorphic,VERIFICATION_TIMED_OUT,40063,4
ground_truth,Dafny_Learning_Experience_tmp_tmpuxvcet_u_week8_12_a3 copy 2.dfy,tptp,vampire,monomorphic,VERIFICATION_TIMED_OUT,34846,4
ground_truth,Dafny_Learning_Experience_tmp_tmpuxvcet_u_week8_12_a3 copy 2.dfy,tptp,vampire,predicates,VERIFICATION_TIMED_OUT,48275,4
ground_truth,Dafny_Learning_Experience_tmp_tmpuxvcet_u_week8_12_a3 copy 2.dfy,tptp,vampire,arguments,VERIFICATION_TIMED_OUT,47779,4
ground_truth,Dafny_Learning_Experience_tmp_tmpuxvcet_u_week8_12_a3 copy 2.dfy,smtlib,vampire,monomorphic,VERIFICATION_TIMED_OUT,58048,4
ground_truth,Dafny_Learning_Experience_tmp_tmpuxvcet_u_week8_12_a3 copy 2.dfy,smtlib,vampire,predicates,VERIFICATION_TIMED_OUT,58242,4
ground_truth,Dafny_Learning_Experience_tmp_tmpuxvcet_u_week8_12_a3 copy 2.dfy,smtlib,vampire,arguments,VERIFICATION_TIMED_OUT,57853,4
ground_truth,Dafny_Learning_Experience_tmp_tmpuxvcet_u_week8_12_a3 copy 2.dfy,smtlib,z3,monomorphic,VERIFIED,2478,0
ground_truth,Dafny_Learning_Experience_tmp_tmpuxvcet_u_week8_12_a3 copy 2.dfy,smtlib,z3,predicates,VERIFIED,2444,0
ground_truth,Dafny_Learning_Experience_tmp_tmpuxvcet_u_week8_12_a3 copy 2.dfy,smtlib,z3,arguments,VERIFIED,2397,0
ground_truth,dafny-exercise_tmp_tmpouftptir_absIt.dfy,tptp,vampire,polymorphic,VERIFICATION_TIMED_OUT,15499,4
ground_truth,dafny-exercise_tmp_tmpouftptir_absIt.dfy,tptp,vampire,monomorphic,VERIFICATION_TIMED_OUT,15631,4
ground_truth,dafny-exercise_tmp_tmpouftptir_absIt.dfy,tptp,vampire,predicates,VERIFICATION_TIMED_OUT,15537,4
ground_truth,dafny-exercise_tmp_tmpouftptir_absIt.dfy,tptp,vampire,arguments,VERIFICATION_TIMED_OUT,15584,4
ground_truth,dafny-exercise_tmp_tmpouftptir_absIt.dfy,smtlib,vampire,monomorphic,VERIFICATION_TIMED_OUT,15562,4
ground_truth,dafny-exercise_tmp_tmpouftptir_absIt.dfy,smtlib,vampire,predicates,VERIFICATION_TIMED_OUT,15462,4
ground_truth,dafny-exercise_tmp_tmpouftptir_absIt.dfy,smtlib,vampire,arguments,VERIFICATION_TIMED_OUT,15427,4
ground_truth,dafny-exercise_tmp_tmpouftptir_absIt.dfy,smtlib,z3,monomorphic,VERIFIED,1664,0
ground_truth,dafny-exercise_tmp_tmpouftptir_absIt.dfy,smtlib,z3,predicates,VERIFIED,1617,0
ground_truth,dafny-exercise_tmp_tmpouftptir_absIt.dfy,smtlib,z3,arguments,VERIFIED,1615,0
ground_truth,Dafny-Exercises_tmp_tmpjm75muf__Session2Exercises_ExerciseFibonacci.dfy,tptp,vampire,polymorphic,VERIFICATION_TIMED_OUT,15392,4
ground_truth,Dafny-Exercises_tmp_tmpjm75muf__Session2Exercises_ExerciseFibonacci.dfy,tptp,vampire,monomorphic,VERIFICATION_TIMED_OUT,15458,4
ground_truth,Dafny-Exercises_tmp_tmpjm75muf__Session2Exercises_ExerciseFibonacci.dfy,tptp,vampire,predicates,VERIFICATION_TIMED_OUT,15412,4
ground_truth,Dafny-Exercises_tmp_tmpjm75muf__Session2Exercises_ExerciseFibonacci.dfy,tptp,vampire,arguments,VERIFICATION_TIMED_OUT,15436,4
ground_truth,Dafny-Exercises_tmp_tmpjm75muf__Session2Exercises_ExerciseFibonacci.dfy,smtlib,vampire,monomorphic,VERIFICATION_TIMED_OUT,15455,4
ground_truth,Dafny-Exercises_tmp_tmpjm75muf__Session2Exercises_ExerciseFibonacci.dfy,smtlib,vampire,predicates,VERIFICATION_TIMED_OUT,15329,4
ground_truth,Dafny-Exercises_tmp_tmpjm75muf__Session2Exercises_ExerciseFibonacci.dfy,smtlib,vampire,arguments,VERIFICATION_TIMED_OUT,15334,4
ground_truth,Dafny-Exercises_tmp_tmpjm75muf__Session2Exercises_ExerciseFibonacci.dfy,smtlib,z3,monomorphic,VERIFIED,1547,0
ground_truth,Dafny-Exercises_tmp_tmpjm75muf__Session2Exercises_ExerciseFibonacci.dfy,smtlib,z3,predicates,VERIFIED,1530,0
ground_truth,Dafny-Exercises_tmp_tmpjm75muf__Session2Exercises_ExerciseFibonacci.dfy,smtlib,z3,arguments,VERIFIED,1475,0
ground_truth,Dafny_Learning_Experience_tmp_tmpuxvcet_u_week8_12_week10_BoundedQueue_01.dfy,tptp,vampire,polymorphic,VERIFICATION_TIMED_OUT,17262,4
ground_truth,Dafny_Learning_Experience_tmp_tmpuxvcet_u_week8_12_week10_BoundedQueue_01.dfy,tptp,vampire,monomorphic,VERIFICATION_TIMED_OUT,17347,4
ground_truth,Dafny_Learning_Experience_tmp_tmpuxvcet_u_week8_12_week10_BoundedQueue_01.dfy,tptp,vampire,predicates,VERIFICATION_TIMED_OUT,29506,4
ground_truth,Dafny_Learning_Experience_tmp_tmpuxvcet_u_week8_12_week10_BoundedQueue_01.dfy,tptp,vampire,arguments,VERIFICATION_TIMED_OUT,17994,4
ground_truth,Dafny_Learning_Experience_tmp_tmpuxvcet_u_week8_12_week10_BoundedQueue_01.dfy,smtlib,vampire,monomorphic,VERIFICATION_TIMED_OUT,16464,4
ground_truth,Dafny_Learning_Experience_tmp_tmpuxvcet_u_week8_12_week10_BoundedQueue_01.dfy,smtlib,vampire,predicates,VERIFICATION_TIMED_OUT,29406,4
ground_truth,Dafny_Learning_Experience_tmp_tmpuxvcet_u_week8_12_week10_BoundedQueue_01.dfy,smtlib,vampire,arguments,VERIFICATION_TIMED_OUT,18103,4
ground_truth,Dafny_Learning_Experience_tmp_tmpuxvcet_u_week8_12_week10_BoundedQueue_01.dfy,smtlib,z3,monomorphic,VERIFIED,1716,0
ground_truth,Dafny_Learning_Experience_tmp_tmpuxvcet_u_week8_12_week10_BoundedQueue_01.dfy,smtlib,z3,predicates,VERIFIED,1696,0
ground_truth,Dafny_Learning_Experience_tmp_tmpuxvcet_u_week8_12_week10_BoundedQueue_01.dfy,smtlib,z3,arguments,VERIFIED,1631,0
ground_truth,Dafny_tmp_tmp0wu8wmfr_tests_F1a.dfy,tptp,vampire,polymorphic,VERIFICATION_TIMED_OUT,15288,4
ground_truth,Dafny_tmp_tmp0wu8wmfr_tests_F1a.dfy,tptp,vampire,monomorphic,VERIFICATION_TIMED_OUT,15396,4
ground_truth,Dafny_tmp_tmp0wu8wmfr_tests_F1a.dfy,tptp,vampire,predicates,VERIFICATION_TIMED_OUT,15338,4
ground_truth,Dafny_tmp_tmp0wu8wmfr_tests_F1a.dfy,tptp,vampire,arguments,VERIFICATION_TIMED_OUT,15348,4
ground_truth,Dafny_tmp_tmp0wu8wmfr_tests_F1a.dfy,smtlib,vampire,monomorphic,VERIFIED,1531,0
ground_truth,Dafny_tmp_tmp0wu8wmfr_tests_F1a.dfy,smtlib,vampire,predicates,VERIFIED,1822,0
ground_truth,Dafny_tmp_tmp0wu8wmfr_tests_F1a.dfy,smtlib,vampire,arguments,VERIFIED,1436,0
ground_truth,Dafny_tmp_tmp0wu8wmfr_tests_F1a.dfy,smtlib,z3,monomorphic,VERIFIED,1431,0
ground_truth,Dafny_tmp_tmp0wu8wmfr_tests_F1a.dfy,smtlib,z3,predicates,VERIFIED,1369,0
ground_truth,Dafny_tmp_tmp0wu8wmfr_tests_F1a.dfy,smtlib,z3,arguments,VERIFIED,1385,0
ground_truth,dafny-language-server_tmp_tmpkir0kenl_Test_dafny1_ListReverse.dfy,tptp,vampire,polymorphic,VERIFIED,3835,0
ground_truth,dafny-language-server_tmp_tmpkir0kenl_Test_dafny1_ListReverse.dfy,tptp,vampire,monomorphic,VERIFIED,4912,0
ground_truth,dafny-language-server_tmp_tmpkir0kenl_Test_dafny1_ListReverse.dfy,tptp,vampire,predicates,VERIFICATION_TIMED_OUT,15487,4
ground_truth,dafny-language-server_tmp_tmpkir0kenl_Test_dafny1_ListReverse.dfy,tptp,vampire,arguments,VERIFIED,4709,0
ground_truth,dafny-language-server_tmp_tmpkir0kenl_Test_dafny1_ListReverse.dfy,smtlib,vampire,monomorphic,VERIFIED,2686,0
ground_truth,dafny-language-server_tmp_tmpkir0kenl_Test_dafny1_ListReverse.dfy,smtlib,vampire,predicates,VERIFICATION_TIMED_OUT,15275,4
ground_truth,dafny-language-server_tmp_tmpkir0kenl_Test_dafny1_ListReverse.dfy,smtlib,vampire,arguments,VERIFIED,5116,0
ground_truth,dafny-language-server_tmp_tmpkir0kenl_Test_dafny1_ListReverse.dfy,smtlib,z3,monomorphic,VERIFIED,1529,0
ground_truth,dafny-language-server_tmp_tmpkir0kenl_Test_dafny1_ListReverse.dfy,smtlib,z3,predicates,VERIFIED,1479,0
ground_truth,dafny-language-server_tmp_tmpkir0kenl_Test_dafny1_ListReverse.dfy,smtlib,z3,arguments,VERIFIED,1461,0
ground_truth,SENG2011_tmp_tmpgk5jq85q_flex_ex5.dfy,tptp,vampire,polymorphic,VERIFIED,2545,0
ground_truth,SENG2011_tmp_tmpgk5jq85q_flex_ex5.dfy,tptp,vampire,monomorphic,VERIFIED,2637,0
ground_truth,SENG2011_tmp_tmpgk5jq85q_flex_ex5.dfy,tptp,vampire,predicates,VERIFICATION_TIMED_OUT,15483,4
ground_truth,SENG2011_tmp_tmpgk5jq85q_flex_ex5.dfy,tptp,vampire,arguments,VERIFIED,3465,0
ground_truth,SENG2011_tmp_tmpgk5jq85q_flex_ex5.dfy,smtlib,vampire,monomorphic,VERIFIED,3416,0
ground_truth,SENG2011_tmp_tmpgk5jq85q_flex_ex5.dfy,smtlib,vampire,predicates,VERIFICATION_TIMED_OUT,15396,4
ground_truth,SENG2011_tmp_tmpgk5jq85q_flex_ex5.dfy,smtlib,vampire,arguments,VERIFIED,3634,0
ground_truth,SENG2011_tmp_tmpgk5jq85q_flex_ex5.dfy,smtlib,z3,monomorphic,VERIFIED,1580,0
ground_truth,SENG2011_tmp_tmpgk5jq85q_flex_ex5.dfy,smtlib,z3,predicates,VERIFIED,1556,0
ground_truth,SENG2011_tmp_tmpgk5jq85q_flex_ex5.dfy,smtlib,z3,arguments,VERIFIED,1526,0
ground_truth,Metodos_Formais_tmp_tmpql2hwcsh_Invariantes_fibonacci.dfy,tptp,vampire,polymorphic,VERIFICATION_TIMED_OUT,15419,4
ground_truth,Metodos_Formais_tmp_tmpql2hwcsh_Invariantes_fibonacci.dfy,tptp,vampire,monomorphic,VERIFICATION_TIMED_OUT,15473,4
ground_truth,Metodos_Formais_tmp_tmpql2hwcsh_Invariantes_fibonacci.dfy,tptp,vampire,predicates,VERIFICATION_TIMED_OUT,15419,4
ground_truth,Metodos_Formais_tmp_tmpql2hwcsh_Invariantes_fibonacci.dfy,tptp,vampire,arguments,VERIFICATION_TIMED_OUT,15405,4
ground_truth,Metodos_Formais_tmp_tmpql2hwcsh_Invariantes_fibonacci.dfy,smtlib,vampire,monomorphic,VERIFICATION_TIMED_OUT,15363,4
ground_truth,Metodos_Formais_tmp_tmpql2hwcsh_Invariantes_fibonacci.dfy,smtlib,vampire,predicates,VERIFICATION_TIMED_OUT,15294,4
ground_truth,Metodos_Formais_tmp_tmpql2hwcsh_Invariantes_fibonacci.dfy,smtlib,vampire,arguments,VERIFICATION_TIMED_OUT,15237,4
ground_truth,Metodos_Formais_tmp_tmpql2hwcsh_Invariantes_fibonacci.dfy,smtlib,z3,monomorphic,VERIFIED,1463,0
ground_truth,Metodos_Formais_tmp_tmpql2hwcsh_Invariantes_fibonacci.dfy,smtlib,z3,predicates,VERIFIED,1437,0
ground_truth,Metodos_Formais_tmp_tmpql2hwcsh_Invariantes_fibonacci.dfy,smtlib,z3,arguments,VERIFIED,1414,0
ground_truth,Dafny_Verify_tmp_tmphq7j0row_Test_Cases_LoopInvariant.dfy,tptp,vampire,polymorphic,VERIFIED,2090,0
ground_truth,Dafny_Verify_tmp_tmphq7j0row_Test_Cases_LoopInvariant.dfy,tptp,vampire,monomorphic,VERIFIED,2191,0
ground_truth,Dafny_Verify_tmp_tmphq7j0row_Test_Cases_LoopInvariant.dfy,tptp,vampire,predicates,VERIFIED,2064,0
ground_truth,Dafny_Verify_tmp_tmphq7j0row_Test_Cases_LoopInvariant.dfy,tptp,vampire,arguments,VERIFIED,2220,0
ground_truth,Dafny_Verify_tmp_tmphq7j0row_Test_Cases_LoopInvariant.dfy,smtlib,vampire,monomorphic,VERIFIED,2099,0
ground_truth,Dafny_Verify_tmp_tmphq7j0row_Test_Cases_LoopInvariant.dfy,smtlib,vampire,predicates,VERIFIED,1514,0
ground_truth,Dafny_Verify_tmp_tmphq7j0row_Test_Cases_LoopInvariant.dfy,smtlib,vampire,arguments,VERIFIED,1491,0
ground_truth,Dafny_Verify_tmp_tmphq7j0row_Test_Cases_LoopInvariant.dfy,smtlib,z3,monomorphic,VERIFIED,1492,0
ground_truth,Dafny_Verify_tmp_tmphq7j0row_Test_Cases_LoopInvariant.dfy,smtlib,z3,predicates,VERIFIED,1410,0
ground_truth,Dafny_Verify_tmp_tmphq7j0row_Test_Cases_LoopInvariant.dfy,smtlib,z3,arguments,VERIFIED,1428,0
ground_truth,Final-Project-Dafny_tmp_tmpmcywuqox_Attempts_Exercise4_Find_Max.dfy,tptp,vampire,polymorphic,VERIFICATION_TIMED_OUT,15386,4
ground_truth,Final-Project-Dafny_tmp_tmpmcywuqox_Attempts_Exercise4_Find_Max.dfy,tptp,vampire,monomorphic,VERIFICATION_TIMED_OUT,15472,4
ground_truth,Final-Project-Dafny_tmp_tmpmcywuqox_Attempts_Exercise4_Find_Max.dfy,tptp,vampire,predicates,VERIFICATION_TIMED_OUT,15425,4
ground_truth,Final-Project-Dafny_tmp_tmpmcywuqox_Attempts_Exercise4_Find_Max.dfy,tptp,vampire,arguments,VERIFICATION_TIMED_OUT,15430,4
ground_truth,Final-Project-Dafny_tmp_tmpmcywuqox_Attempts_Exercise4_Find_Max.dfy,smtlib,vampire,monomorphic,VERIFIED,6858,0
ground_truth,Final-Project-Dafny_tmp_tmpmcywuqox_Attempts_Exercise4_Find_Max.dfy,smtlib,vampire,predicates,VERIFICATION_TIMED_OUT,15284,4
ground_truth,Final-Project-Dafny_tmp_tmpmcywuqox_Attempts_Exercise4_Find_Max.dfy,smtlib,vampire,arguments,VERIFICATION_TIMED_OUT,15297,4
ground_truth,Final-Project-Dafny_tmp_tmpmcywuqox_Attempts_Exercise4_Find_Max.dfy,smtlib,z3,monomorphic,VERIFIED,1529,0
ground_truth,Final-Project-Dafny_tmp_tmpmcywuqox_Attempts_Exercise4_Find_Max.dfy,smtlib,z3,predicates,VERIFIED,1479,0
ground_truth,Final-Project-Dafny_tmp_tmpmcywuqox_Attempts_Exercise4_Find_Max.dfy,smtlib,z3,arguments,VERIFIED,1483,0
ground_truth,dafny-synthesis_task_id_95.dfy,tptp,vampire,polymorphic,VERIFIED,2344,0
ground_truth,dafny-synthesis_task_id_95.dfy,tptp,vampire,monomorphic,VERIFIED,2436,0
ground_truth,dafny-synthesis_task_id_95.dfy,tptp,vampire,predicates,VERIFICATION_TIMED_OUT,15453,4
ground_truth,dafny-synthesis_task_id_95.dfy,tptp,vampire,arguments,VERIFIED,3292,0
ground_truth,dafny-synthesis_task_id_95.dfy,smtlib,vampire,monomorphic,VERIFIED,2436,0
ground_truth,dafny-synthesis_task_id_95.dfy,smtlib,vampire,predicates,VERIFICATION_TIMED_OUT,15292,4
ground_truth,dafny-synthesis_task_id_95.dfy,smtlib,vampire,arguments,VERIFIED,3445,0
ground_truth,dafny-synthesis_task_id_95.dfy,smtlib,z3,monomorphic,VERIFIED,1495,0
ground_truth,dafny-synthesis_task_id_95.dfy,smtlib,z3,predicates,VERIFIED,1442,0
ground_truth,dafny-synthesis_task_id_95.dfy,smtlib,z3,arguments,VERIFIED,1402,0
ground_truth,RollingMax.dfy,tptp,vampire,polymorphic,VERIFICATION_TIMED_OUT,15449,4
ground_truth,RollingMax.dfy,tptp,vampire,monomorphic,VERIFICATION_TIMED_OUT,15558,4
ground_truth,RollingMax.dfy,tptp,vampire,predicates,VERIFICATION_TIMED_OUT,15529,4
ground_truth,RollingMax.dfy,tptp,vampire,arguments,VERIFICATION_TIMED_OUT,15473,4
ground_truth,RollingMax.dfy,smtlib,vampire,monomorphic,VERIFICATION_TIMED_OUT,15394,4
ground_truth,RollingMax.dfy,smtlib,vampire,predicates,VERIFICATION_TIMED_OUT,15361,4
ground_truth,RollingMax.dfy,smtlib,vampire,arguments,VERIFICATION_TIMED_OUT,15364,4
ground_truth,RollingMax.dfy,smtlib,z3,monomorphic,VERIFIED,1596,0
ground_truth,RollingMax.dfy,smtlib,z3,predicates,VERIFIED,1534,0
ground_truth,RollingMax.dfy,smtlib,z3,arguments,VERIFIED,1518,0
ground_truth,dafny-training_tmp_tmp_n2kixni_session1_training1.dfy,tptp,vampire,polymorphic,VERIFIED,3594,0
ground_truth,dafny-training_tmp_tmp_n2kixni_session1_training1.dfy,tptp,vampire,monomorphic,VERIFICATION_TIMED_OUT,15674,4
ground_truth,dafny-training_tmp_tmp_n2kixni_session1_training1.dfy,tptp,vampire,predicates,VERIFICATION_TIMED_OUT,15618,4
ground_truth,dafny-training_tmp_tmp_n2kixni_session1_training1.dfy,tptp,vampire,arguments,VERIFICATION_TIMED_OUT,15625,4
ground_truth,dafny-training_tmp_tmp_n2kixni_session1_training1.dfy,smtlib,vampire,monomorphic,VERIFICATION_TIMED_OUT,15643,4
ground_truth,dafny-training_tmp_tmp_n2kixni_session1_training1.dfy,smtlib,vampire,predicates,VERIFICATION_TIMED_OUT,15522,4
ground_truth,dafny-training_tmp_tmp_n2kixni_session1_training1.dfy,smtlib,vampire,arguments,VERIFICATION_TIMED_OUT,15524,4
ground_truth,dafny-training_tmp_tmp_n2kixni_session1_training1.dfy,smtlib,z3,monomorphic,VERIFIED,1657,0
ground_truth,dafny-training_tmp_tmp_n2kixni_session1_training1.dfy,smtlib,z3,predicates,VERIFIED,1599,0
ground_truth,dafny-training_tmp_tmp_n2kixni_session1_training1.dfy,smtlib,z3,arguments,VERIFIED,1590,0
ground_truth,dafny-duck_tmp_tmplawbgxjo_ex5.dfy,tptp,vampire,polymorphic,VERIFICATION_TIMED_OUT,15476,4
ground_truth,dafny-duck_tmp_tmplawbgxjo_ex5.dfy,tptp,vampire,monomorphic,VERIFICATION_TIMED_OUT,15575,4
ground_truth,dafny-duck_tmp_tmplawbgxjo_ex5.dfy,tptp,vampire,predicates,VERIFICATION_TIMED_OUT,15470,4
ground_truth,dafny-duck_tmp_tmplawbgxjo_ex5.dfy,tptp,vampire,arguments,VERIFICATION_TIMED_OUT,15516,4
ground_truth,dafny-duck_tmp_tmplawbgxjo_ex5.dfy,smtlib,vampire,monomorphic,VERIFIED,3321,0
ground_truth,dafny-duck_tmp_tmplawbgxjo_ex5.dfy,smtlib,vampire,predicates,VERIFICATION_TIMED_OUT,15368,4
ground_truth,dafny-duck_tmp_tmplawbgxjo_ex5.dfy,smtlib,vampire,arguments,VERIFICATION_TIMED_OUT,15370,4
ground_truth,dafny-duck_tmp_tmplawbgxjo_ex5.dfy,smtlib,z3,monomorphic,VERIFIED,1759,0
ground_truth,dafny-duck_tmp_tmplawbgxjo_ex5.dfy,smtlib,z3,predicates,VERIFIED,1648,0
ground_truth,dafny-duck_tmp_tmplawbgxjo_ex5.dfy,smtlib,z3,arguments,VERIFIED,1640,0
ground_truth,dafny-synthesis_task_id_101.dfy,tptp,vampire,polymorphic,VERIFIED,1356,0
ground_truth,dafny-synthesis_task_id_101.dfy,tptp,vampire,monomorphic,VERIFIED,1463,0
ground_truth,dafny-synthesis_task_id_101.dfy,tptp,vampire,predicates,VERIFIED,1400,0
ground_truth,dafny-synthesis_task_id_101.dfy,tptp,vampire,arguments,VERIFIED,1379,0
ground_truth,dafny-synthesis_task_id_101.dfy,smtlib,vampire,monomorphic,VERIFIED,1380,0
ground_truth,dafny-synthesis_task_id_101.dfy,smtlib,vampire,predicates,VERIFIED,1361,0
ground_truth,dafny-synthesis_task_id_101.dfy,smtlib,vampire,arguments,VERIFIED,1334,0
ground_truth,dafny-synthesis_task_id_101.dfy,smtlib,z3,monomorphic,VERIFIED,1401,0
ground_truth,dafny-synthesis_task_id_101.dfy,smtlib,z3,predicates,VERIFIED,1337,0
ground_truth,dafny-synthesis_task_id_101.dfy,smtlib,z3,arguments,VERIFIED,1331,0
ground_truth,dafny-synthesis_task_id_89.dfy,tptp,vampire,polymorphic,VERIFIED,1294,0
ground_truth,dafny-synthesis_task_id_89.dfy,tptp,vampire,monomorphic,VERIFIED,1408,0
ground_truth,dafny-synthesis_task_id_89.dfy,tptp,vampire,predicates,VERIFIED,1342,0
ground_truth,dafny-synthesis_task_id_89.dfy,tptp,vampire,arguments,VERIFIED,1326,0
ground_truth,dafny-synthesis_task_id_89.dfy,smtlib,vampire,monomorphic,VERIFIED,1315,0
ground_truth,dafny-synthesis_task_id_89.dfy,smtlib,vampire,predicates,VERIFIED,1270,0
ground_truth,dafny-synthesis_task_id_89.dfy,smtlib,vampire,arguments,VERIFIED,1267,0
ground_truth,dafny-synthesis_task_id_89.dfy,smtlib,z3,monomorphic,VERIFIED,1336,0
ground_truth,dafny-synthesis_task_id_89.dfy,smtlib,z3,predicates,VERIFIED,1269,0
ground_truth,dafny-synthesis_task_id_89.dfy,smtlib,z3,arguments,VERIFIED,1259,0
ground_truth,test-generation-examples_tmp_tmptwyqofrp_IntegerSet_dafny_IntegerSet.dfy,tptp,vampire,polymorphic,VERIFICATION_TIMED_OUT,16766,4
ground_truth,test-generation-examples_tmp_tmptwyqofrp_IntegerSet_dafny_IntegerSet.dfy,tptp,vampire,monomorphic,VERIFICATION_TIMED_OUT,16831,4
ground_truth,test-generation-examples_tmp_tmptwyqofrp_IntegerSet_dafny_IntegerSet.dfy,tptp,vampire,predicates,VERIFICATION_TIMED_OUT,29911,4
ground_truth,test-generation-examples_tmp_tmptwyqofrp_IntegerSet_dafny_IntegerSet.dfy,tptp,vampire,arguments,VERIFICATION_TIMED_OUT,29813,4
ground_truth,test-generation-examples_tmp_tmptwyqofrp_IntegerSet_dafny_IntegerSet.dfy,smtlib,vampire,monomorphic,VERIFICATION_TIMED_OUT,16023,4
ground_truth,test-generation-examples_tmp_tmptwyqofrp_IntegerSet_dafny_IntegerSet.dfy,smtlib,vampire,predicates,VERIFICATION_TIMED_OUT,29902,4
ground_truth,test-generation-examples_tmp_tmptwyqofrp_IntegerSet_dafny_IntegerSet.dfy,smtlib,vampire,arguments,VERIFICATION_TIMED_OUT,16584,4
ground_truth,test-generation-examples_tmp_tmptwyqofrp_IntegerSet_dafny_IntegerSet.dfy,smtlib,z3,monomorphic,VERIFIED,2052,0
ground_truth,test-generation-examples_tmp_tmptwyqofrp_IntegerSet_dafny_IntegerSet.dfy,smtlib,z3,predicates,VERIFIED,1930,0
ground_truth,test-generation-examples_tmp_tmptwyqofrp_IntegerSet_dafny_IntegerSet.dfy,smtlib,z3,arguments,VERIFIED,1903,0
ground_truth,dafny-synthesis_task_id_86.dfy,tptp,vampire,polymorphic,VERIFIED,1315,0
ground_truth,dafny-synthesis_task_id_86.dfy,tptp,vampire,monomorphic,VERIFIED,1547,0
ground_truth,dafny-synthesis_task_id_86.dfy,tptp,vampire,predicates,VERIFIED,1351,0
ground_truth,dafny-synthesis_task_id_86.dfy,tptp,vampire,arguments,VERIFIED,1360,0
ground_truth,dafny-synthesis_task_id_86.dfy,smtlib,vampire,monomorphic,VERIFIED,1476,0
ground_truth,dafny-synthesis_task_id_86.dfy,smtlib,vampire,predicates,VERIFIED,1285,0
ground_truth,dafny-synthesis_task_id_86.dfy,smtlib,vampire,arguments,VERIFIED,1279,0
ground_truth,dafny-synthesis_task_id_86.dfy,smtlib,z3,monomorphic,VERIFIED,1348,0
ground_truth,dafny-synthesis_task_id_86.dfy,smtlib,z3,predicates,VERIFIED,1296,0
ground_truth,dafny-synthesis_task_id_86.dfy,smtlib,z3,arguments,VERIFIED,1286,0
ground_truth,Workshop_tmp_tmp0cu11bdq_Lecture_Answers_max_array.dfy,tptp,vampire,polymorphic,VERIFICATION_TIMED_OUT,15369,4
ground_truth,Workshop_tmp_tmp0cu11bdq_Lecture_Answers_max_array.dfy,tptp,vampire,monomorphic,VERIFICATION_TIMED_OUT,15432,4
ground_truth,Workshop_tmp_tmp0cu11bdq_Lecture_Answers_max_array.dfy,tptp,vampire,predicates,VERIFICATION_TIMED_OUT,15401,4
ground_truth,Workshop_tmp_tmp0cu11bdq_Lecture_Answers_max_array.dfy,tptp,vampire,arguments,VERIFICATION_TIMED_OUT,15407,4
ground_truth,Workshop_tmp_tmp0cu11bdq_Lecture_Answers_max_array.dfy,smtlib,vampire,monomorphic,VERIFIED,3388,0
ground_truth,Workshop_tmp_tmp0cu11bdq_Lecture_Answers_max_array.dfy,smtlib,vampire,predicates,VERIFICATION_TIMED_OUT,15264,4
ground_truth,Workshop_tmp_tmp0cu11bdq_Lecture_Answers_max_array.dfy,smtlib,vampire,arguments,VERIFICATION_TIMED_OUT,15261,4
ground_truth,Workshop_tmp_tmp0cu11bdq_Lecture_Answers_max_array.dfy,smtlib,z3,monomorphic,VERIFIED,1514,0
ground_truth,Workshop_tmp_tmp0cu11bdq_Lecture_Answers_max_array.dfy,smtlib,z3,predicates,VERIFIED,1473,0
ground_truth,Workshop_tmp_tmp0cu11bdq_Lecture_Answers_max_array.dfy,smtlib,z3,arguments,VERIFIED,1461,0
ground_truth,dafny-synthesis_task_id_238.dfy,tptp,vampire,polymorphic,VERIFIED,1325,0
ground_truth,dafny-synthesis_task_id_238.dfy,tptp,vampire,monomorphic,VERIFIED,1428,0
ground_truth,dafny-synthesis_task_id_238.dfy,tptp,vampire,predicates,VERIFIED,1384,0
ground_truth,dafny-synthesis_task_id_238.dfy,tptp,vampire,arguments,VERIFIED,1353,0
ground_truth,dafny-synthesis_task_id_238.dfy,smtlib,vampire,monomorphic,VERIFIED,1354,0
ground_truth,dafny-synthesis_task_id_238.dfy,smtlib,vampire,predicates,VERIFIED,1301,0
ground_truth,dafny-synthesis_task_id_238.dfy,smtlib,vampire,arguments,VERIFIED,1282,0
ground_truth,dafny-synthesis_task_id_238.dfy,smtlib,z3,monomorphic,VERIFIED,1357,0
ground_truth,dafny-synthesis_task_id_238.dfy,smtlib,z3,predicates,VERIFIED,1314,0
ground_truth,dafny-synthesis_task_id_238.dfy,smtlib,z3,arguments,VERIFIED,1287,0
ground_truth,Dafny_Verify_tmp_tmphq7j0row_Fine_Tune_Examples_50_examples_41.dfy,tptp,vampire,polymorphic,VERIFICATION_TIMED_OUT,15220,4
ground_truth,Dafny_Verify_tmp_tmphq7j0row_Fine_Tune_Examples_50_examples_41.dfy,tptp,vampire,monomorphic,VERIFICATION_TIMED_OUT,15360,4
ground_truth,Dafny_Verify_tmp_tmphq7j0row_Fine_Tune_Examples_50_examples_41.dfy,tptp,vampire,predicates,VERIFICATION_TIMED_OUT,15294,4
ground_truth,Dafny_Verify_tmp_tmphq7j0row_Fine_Tune_Examples_50_examples_41.dfy,tptp,vampire,arguments,VERIFICATION_TIMED_OUT,15333,4
ground_truth,Dafny_Verify_tmp_tmphq7j0row_Fine_Tune_Examples_50_examples_41.dfy,smtlib,vampire,monomorphic,VERIFIED,1994,0
ground_truth,Dafny_Verify_tmp_tmphq7j0row_Fine_Tune_Examples_50_examples_41.dfy,smtlib,vampire,predicates,VERIFIED,2832,0
ground_truth,Dafny_Verify_tmp_tmphq7j0row_Fine_Tune_Examples_50_examples_41.dfy,smtlib,vampire,arguments,VERIFIED,1960,0
ground_truth,Dafny_Verify_tmp_tmphq7j0row_Fine_Tune_Examples_50_examples_41.dfy,smtlib,z3,monomorphic,VERIFIED,1391,0
ground_truth,Dafny_Verify_tmp_tmphq7j0row_Fine_Tune_Examples_50_examples_41.dfy,smtlib,z3,predicates,VERIFIED,1344,0
ground_truth,Dafny_Verify_tmp_tmphq7j0row_Fine_Tune_Examples_50_examples_41.dfy,smtlib,z3,arguments,VERIFIED,1336,0
ground_truth,dafny-synthesis_task_id_625.dfy,tptp,vampire,polymorphic,VERIFICATION_TIMED_OUT,15359,4
ground_truth,dafny-synthesis_task_id_625.dfy,tptp,vampire,monomorphic,VERIFICATION_TIMED_OUT,15421,4
ground_truth,dafny-synthesis_task_id_625.dfy,tptp,vampire,predicates,VERIFICATION_TIMED_OUT,15385,4
ground_truth,dafny-synthesis_task_id_625.dfy,tptp,vampire,arguments,VERIFICATION_TIMED_OUT,15325,4
ground_truth,dafny-synthesis_task_id_625.dfy,smtlib,vampire,monomorphic,VERIFIED,5231,0
ground_truth,dafny-synthesis_task_id_625.dfy,smtlib,vampire,predicates,VERIFICATION_TIMED_OUT,15262,4
ground_truth,dafny-synthesis_task_id_625.dfy,smtlib,vampire,arguments,VERIFICATION_TIMED_OUT,15294,4
ground_truth,dafny-synthesis_task_id_625.dfy,smtlib,z3,monomorphic,VERIFIED,1484,0
ground_truth,dafny-synthesis_task_id_625.dfy,smtlib,z3,predicates,VERIFIED,1439,0
ground_truth,dafny-synthesis_task_id_625.dfy,smtlib,z3,arguments,VERIFIED,1416,0
ground_truth,Program-Verification-Dataset_tmp_tmpgbdrlnu__Dafny_from dafny main repo_dafny1_BDD.dfy,tptp,vampire,polymorphic,VERIFICATION_TIMED_OUT,15710,4
ground_truth,Program-Verification-Dataset_tmp_tmpgbdrlnu__Dafny_from dafny main repo_dafny1_BDD.dfy,tptp,vampire,monomorphic,VERIFICATION_TIMED_OUT,15885,4
ground_truth,Program-Verification-Dataset_tmp_tmpgbdrlnu__Dafny_from dafny main repo_dafny1_BDD.dfy,tptp,vampire,predicates,VERIFICATION_TIMED_OUT,15779,4
ground_truth,Program-Verification-Dataset_tmp_tmpgbdrlnu__Dafny_from dafny main repo_dafny1_BDD.dfy,tptp,vampire,arguments,VERIFICATION_TIMED_OUT,15756,4
ground_truth,Program-Verification-Dataset_tmp_tmpgbdrlnu__Dafny_from dafny main repo_dafny1_BDD.dfy,smtlib,vampire,monomorphic,VERIFICATION_TIMED_OUT,15757,4
ground_truth,Program-Verification-Dataset_tmp_tmpgbdrlnu__Dafny_from dafny main repo_dafny1_BDD.dfy,smtlib,vampire,predicates,VERIFICATION_TIMED_OUT,15645,4
ground_truth,Program-Verification-Dataset_tmp_tmpgbdrlnu__Dafny_from dafny main repo_dafny1_BDD.dfy,smtlib,vampire,arguments,VERIFICATION_TIMED_OUT,15718,4
ground_truth,Program-Verification-Dataset_tmp_tmpgbdrlnu__Dafny_from dafny main repo_dafny1_BDD.dfy,smtlib,z3,monomorphic,VERIFIED,2069,0
ground_truth,Program-Verification-Dataset_tmp_tmpgbdrlnu__Dafny_from dafny main repo_dafny1_BDD.dfy,smtlib,z3,predicates,VERIFIED,2130,0
ground_truth,Program-Verification-Dataset_tmp_tmpgbdrlnu__Dafny_from dafny main repo_dafny1_BDD.dfy,smtlib,z3,arguments,VERIFIED,1960,0
ground_truth,t1_MF_tmp_tmpi_sqie4j_exemplos_introducao_ex4.dfy,tptp,vampire,polymorphic,VERIFIED,5253,0
ground_truth,t1_MF_tmp_tmpi_sqie4j_exemplos_introducao_ex4.dfy,tptp,vampire,monomorphic,VERIFICATION_TIMED_OUT,15375,4
ground_truth,t1_MF_tmp_tmpi_sqie4j_exemplos_introducao_ex4.dfy,tptp,vampire,predicates,VERIFICATION_TIMED_OUT,15391,4
ground_truth,t1_MF_tmp_tmpi_sqie4j_exemplos_introducao_ex4.dfy,tptp,vampire,arguments,VERIFIED,7936,0
ground_truth,t1_MF_tmp_tmpi_sqie4j_exemplos_introducao_ex4.dfy,smtlib,vampire,monomorphic,VERIFICATION_TIMED_OUT,15321,4
ground_truth,t1_MF_tmp_tmpi_sqie4j_exemplos_introducao_ex4.dfy,smtlib,vampire,predicates,VERIFICATION_TIMED_OUT,15307,4
ground_truth,t1_MF_tmp_tmpi_sqie4j_exemplos_introducao_ex4.dfy,smtlib,vampire,arguments,VERIFIED,8504,0
ground_truth,t1_MF_tmp_tmpi_sqie4j_exemplos_introducao_ex4.dfy,smtlib,z3,monomorphic,VERIFIED,1477,0
ground_truth,t1_MF_tmp_tmpi_sqie4j_exemplos_introducao_ex4.dfy,smtlib,z3,predicates,VERIFIED,1436,0
ground_truth,t1_MF_tmp_tmpi_sqie4j_exemplos_introducao_ex4.dfy,smtlib,z3,arguments,VERIFIED,1414,0
ground_truth,Final-Project-Dafny_tmp_tmpmcywuqox_Final_Project_3.dfy,tptp,vampire,polymorphic,VERIFIED,1390,0
ground_truth,Final-Project-Dafny_tmp_tmpmcywuqox_Final_Project_3.dfy,tptp,vampire,monomorphic,VERIFIED,1477,0
ground_truth,Final-Project-Dafny_tmp_tmpmcywuqox_Final_Project_3.dfy,tptp,vampire,predicates,VERIFIED,1399,0
ground_truth,Final-Project-Dafny_tmp_tmpmcywuqox_Final_Project_3.dfy,tptp,vampire,arguments,VERIFIED,1410,0
ground_truth,Final-Project-Dafny_tmp_tmpmcywuqox_Final_Project_3.dfy,smtlib,vampire,monomorphic,VERIFIED,1412,0
ground_truth,Final-Project-Dafny_tmp_tmpmcywuqox_Final_Project_3.dfy,smtlib,vampire,predicates,VERIFIED,1336,0
ground_truth,Final-Project-Dafny_tmp_tmpmcywuqox_Final_Project_3.dfy,smtlib,vampire,arguments,VERIFIED,1327,0
ground_truth,Final-Project-Dafny_tmp_tmpmcywuqox_Final_Project_3.dfy,smtlib,z3,monomorphic,VERIFIED,1395,0
ground_truth,Final-Project-Dafny_tmp_tmpmcywuqox_Final_Project_3.dfy,smtlib,z3,predicates,VERIFIED,1350,0
ground_truth,Final-Project-Dafny_tmp_tmpmcywuqox_Final_Project_3.dfy,smtlib,z3,arguments,VERIFIED,1323,0
ground_truth,MIEIC_mfes_tmp_tmpq3ho7nve_TP3_binary_search.dfy,tptp,vampire,polymorphic,VERIFICATION_TIMED_OUT,15487,4
ground_truth,MIEIC_mfes_tmp_tmpq3ho7nve_TP3_binary_search.dfy,tptp,vampire,monomorphic,VERIFICATION_TIMED_OUT,15607,4
ground_truth,MIEIC_mfes_tmp_tmpq3ho7nve_TP3_binary_search.dfy,tptp,vampire,predicates,VERIFICATION_TIMED_OUT,15583,4
ground_truth,MIEIC_mfes_tmp_tmpq3ho7nve_TP3_binary_search.dfy,tptp,vampire,arguments,VERIFICATION_TIMED_OUT,15508,4
ground_truth,MIEIC_mfes_tmp_tmpq3ho7nve_TP3_binary_search.dfy,smtlib,vampire,monomorphic,VERIFICATION_TIMED_OUT,15502,4
ground_truth,MIEIC_mfes_tmp_tmpq3ho7nve_TP3_binary_search.dfy,smtlib,vampire,predicates,VERIFICATION_TIMED_OUT,15423,4
ground_truth,MIEIC_mfes_tmp_tmpq3ho7nve_TP3_binary_search.dfy,smtlib,vampire,arguments,VERIFICATION_TIMED_OUT,15404,4
ground_truth,MIEIC_mfes_tmp_tmpq3ho7nve_TP3_binary_search.dfy,smtlib,z3,monomorphic,VERIFIED,1674,0
ground_truth,MIEIC_mfes_tmp_tmpq3ho7nve_TP3_binary_search.dfy,smtlib,z3,predicates,VERIFIED,1638,0
ground_truth,MIEIC_mfes_tmp_tmpq3ho7nve_TP3_binary_search.dfy,smtlib,z3,arguments,VERIFIED,1603,0
ground_truth,Invoker_tmp_tmpypx0gs8x_dafny_abstract-interpreter_SimpleVerifier.dfy,tptp,vampire,polymorphic,VERIFICATION_TIMED_OUT,44248,4
ground_truth,Invoker_tmp_tmpypx0gs8x_dafny_abstract-interpreter_SimpleVerifier.dfy,tptp,vampire,monomorphic,VERIFICATION_TIMED_OUT,44931,4
ground_truth,Invoker_tmp_tmpypx0gs8x_dafny_abstract-interpreter_SimpleVerifier.dfy,tptp,vampire,predicates,VERIFICATION_TIMED_OUT,44703,4
ground_truth,Invoker_tmp_tmpypx0gs8x_dafny_abstract-interpreter_SimpleVerifier.dfy,tptp,vampire,arguments,VERIFICATION_TIMED_OUT,44516,4
ground_truth,Invoker_tmp_tmpypx0gs8x_dafny_abstract-interpreter_SimpleVerifier.dfy,smtlib,vampire,monomorphic,VERIFICATION_TIMED_OUT,32976,4
ground_truth,Invoker_tmp_tmpypx0gs8x_dafny_abstract-interpreter_SimpleVerifier.dfy,smtlib,vampire,predicates,VERIFICATION_TIMED_OUT,44350,4
ground_truth,Invoker_tmp_tmpypx0gs8x_dafny_abstract-interpreter_SimpleVerifier.dfy,smtlib,vampire,arguments,VERIFICATION_TIMED_OUT,44300,4
ground_truth,Invoker_tmp_tmpypx0gs8x_dafny_abstract-interpreter_SimpleVerifier.dfy,smtlib,z3,monomorphic,VERIFIED,2853,0
ground_truth,Invoker_tmp_tmpypx0gs8x_dafny_abstract-interpreter_SimpleVerifier.dfy,smtlib,z3,predicates,NOT_VERIFIED,2709,4
ground_truth,Invoker_tmp_tmpypx0gs8x_dafny_abstract-interpreter_SimpleVerifier.dfy,smtlib,z3,arguments,VERIFIED,2475,0
ground_truth,dafny-aoc-2019_tmp_tmpj6suy_rv_parser_split.dfy,tptp,vampire,polymorphic,VERIFICATION_TIMED_OUT,15388,4
ground_truth,dafny-aoc-2019_tmp_tmpj6suy_rv_parser_split.dfy,tptp,vampire,monomorphic,VERIFICATION_TIMED_OUT,15568,4
ground_truth,dafny-aoc-2019_tmp_tmpj6suy_rv_parser_split.dfy,tptp,vampire,predicates,VERIFICATION_TIMED_OUT,15476,4
ground_truth,dafny-aoc-2019_tmp_tmpj6suy_rv_parser_split.dfy,tptp,vampire,arguments,VERIFICATION_TIMED_OUT,15434,4
ground_truth,dafny-aoc-2019_tmp_tmpj6suy_rv_parser_split.dfy,smtlib,vampire,monomorphic,VERIFICATION_TIMED_OUT,15456,4
ground_truth,dafny-aoc-2019_tmp_tmpj6suy_rv_parser_split.dfy,smtlib,vampire,predicates,VERIFICATION_TIMED_OUT,15353,4
ground_truth,dafny-aoc-2019_tmp_tmpj6suy_rv_parser_split.dfy,smtlib,vampire,arguments,VERIFICATION_TIMED_OUT,15357,4
ground_truth,dafny-aoc-2019_tmp_tmpj6suy_rv_parser_split.dfy,smtlib,z3,monomorphic,VERIFIED,1592,0
ground_truth,dafny-aoc-2019_tmp_tmpj6suy_rv_parser_split.dfy,smtlib,z3,predicates,VERIFIED,1554,0
ground_truth,dafny-aoc-2019_tmp_tmpj6suy_rv_parser_split.dfy,smtlib,z3,arguments,VERIFIED,1519,0
ground_truth,dafny-synthesis_task_id_557.dfy,tptp,vampire,polymorphic,VERIFICATION_TIMED_OUT,15433,4
ground_truth,dafny-synthesis_task_id_557.dfy,tptp,vampire,monomorphic,VERIFICATION_TIMED_OUT,15563,4
ground_truth,dafny-synthesis_task_id_557.dfy,tptp,vampire,predicates,VERIFICATION_TIMED_OUT,15507,4
ground_truth,dafny-synthesis_task_id_557.dfy,tptp,vampire,arguments,VERIFICATION_TIMED_OUT,15504,4
ground_truth,dafny-synthesis_task_id_557.dfy,smtlib,vampire,monomorphic,VERIFIED,3445,0
ground_truth,dafny-synthesis_task_id_557.dfy,smtlib,vampire,predicates,VERIFICATION_TIMED_OUT,15308,4
ground_truth,dafny-synthesis_task_id_557.dfy,smtlib,vampire,arguments,VERIFIED,3326,0
ground_truth,dafny-synthesis_task_id_557.dfy,smtlib,z3,monomorphic,VERIFIED,1604,0
ground_truth,dafny-synthesis_task_id_557.dfy,smtlib,z3,predicates,VERIFIED,1570,0
ground_truth,dafny-synthesis_task_id_557.dfy,smtlib,z3,arguments,VERIFIED,1514,0
ground_truth,cs245-verification_tmp_tmp0h_nxhqp_quicksort-partition.dfy,tptp,vampire,polymorphic,VERIFICATION_TIMED_OUT,15451,4
ground_truth,cs245-verification_tmp_tmp0h_nxhqp_quicksort-partition.dfy,tptp,vampire,monomorphic,VERIFICATION_TIMED_OUT,15512,4
ground_truth,cs245-verification_tmp_tmp0h_nxhqp_quicksort-partition.dfy,tptp,vampire,predicates,VERIFICATION_TIMED_OUT,15508,4
ground_truth,cs245-verification_tmp_tmp0h_nxhqp_quicksort-partition.dfy,tptp,vampire,arguments,VERIFICATION_TIMED_OUT,15459,4
ground_truth,cs245-verification_tmp_tmp0h_nxhqp_quicksort-partition.dfy,smtlib,vampire,monomorphic,VERIFICATION_TIMED_OUT,15431,4
ground_truth,cs245-verification_tmp_tmp0h_nxhqp_quicksort-partition.dfy,smtlib,vampire,predicates,VERIFICATION_TIMED_OUT,15318,4
ground_truth,cs245-verification_tmp_tmp0h_nxhqp_quicksort-partition.dfy,smtlib,vampire,arguments,VERIFICATION_TIMED_OUT,15344,4
ground_truth,cs245-verification_tmp_tmp0h_nxhqp_quicksort-partition.dfy,smtlib,z3,monomorphic,VERIFIED,1627,0
ground_truth,cs245-verification_tmp_tmp0h_nxhqp_quicksort-partition.dfy,smtlib,z3,predicates,VERIFIED,1549,0
ground_truth,cs245-verification_tmp_tmp0h_nxhqp_quicksort-partition.dfy,smtlib,z3,arguments,VERIFIED,1565,0
ground_truth,Software-building-and-verification-Projects_tmp_tmp5tm1srrn_CVS-projeto_aula5.dfy,tptp,vampire,polymorphic,VERIFICATION_TIMED_OUT,68865,4
ground_truth,Software-building-and-verification-Projects_tmp_tmp5tm1srrn_CVS-projeto_aula5.dfy,tptp,vampire,monomorphic,VERIFICATION_TIMED_OUT,59253,4
ground_truth,Software-building-and-verification-Projects_tmp_tmp5tm1srrn_CVS-projeto_aula5.dfy,tptp,vampire,predicates,VERIFICATION_TIMED_OUT,93540,4
ground_truth,Software-building-and-verification-Projects_tmp_tmp5tm1srrn_CVS-projeto_aula5.dfy,tptp,vampire,arguments,VERIFICATION_TIMED_OUT,63297,4
ground_truth,Software-building-and-verification-Projects_tmp_tmp5tm1srrn_CVS-projeto_aula5.dfy,smtlib,vampire,monomorphic,VERIFICATION_TIMED_OUT,39554,4
ground_truth,Software-building-and-verification-Projects_tmp_tmp5tm1srrn_CVS-projeto_aula5.dfy,smtlib,vampire,predicates,VERIFICATION_TIMED_OUT,93397,4
ground_truth,Software-building-and-verification-Projects_tmp_tmp5tm1srrn_CVS-projeto_aula5.dfy,smtlib,vampire,arguments,VERIFICATION_TIMED_OUT,69980,4
ground_truth,Software-building-and-verification-Projects_tmp_tmp5tm1srrn_CVS-projeto_aula5.dfy,smtlib,z3,monomorphic,VERIFIED,2696,0
ground_truth,Software-building-and-verification-Projects_tmp_tmp5tm1srrn_CVS-projeto_aula5.dfy,smtlib,z3,predicates,VERIFIED,2753,0
ground_truth,Software-building-and-verification-Projects_tmp_tmp5tm1srrn_CVS-projeto_aula5.dfy,smtlib,z3,arguments,VERIFIED,2645,0
ground_truth,dafny-synthesis_task_id_790.dfy,tptp,vampire,polymorphic,VERIFIED,2411,0
ground_truth,dafny-synthesis_task_id_790.dfy,tptp,vampire,monomorphic,VERIFIED,1705,0
ground_truth,dafny-synthesis_task_id_790.dfy,tptp,vampire,predicates,VERIFIED,3364,0
ground_truth,dafny-synthesis_task_id_790.dfy,tptp,vampire,arguments,VERIFIED,3333,0
ground_truth,dafny-synthesis_task_id_790.dfy,smtlib,vampire,monomorphic,VERIFIED,1614,0
ground_truth,dafny-synthesis_task_id_790.dfy,smtlib,vampire,predicates,VERIFIED,3546,0
ground_truth,dafny-synthesis_task_id_790.dfy,smtlib,vampire,arguments,VERIFIED,3582,0
ground_truth,dafny-synthesis_task_id_790.dfy,smtlib,z3,monomorphic,VERIFIED,1553,0
ground_truth,dafny-synthesis_task_id_790.dfy,smtlib,z3,predicates,VERIFIED,1487,0
ground_truth,dafny-synthesis_task_id_790.dfy,smtlib,z3,arguments,VERIFIED,1486,0
ground_truth,protocol-verification-fa2023_tmp_tmpw6hy3mjp_demos_ch04_inductive_chain.dfy,tptp,vampire,polymorphic,VERIFIED,9206,0
ground_truth,protocol-verification-fa2023_tmp_tmpw6hy3mjp_demos_ch04_inductive_chain.dfy,tptp,vampire,monomorphic,VERIFIED,14867,0
ground_truth,protocol-verification-fa2023_tmp_tmpw6hy3mjp_demos_ch04_inductive_chain.dfy,tptp,vampire,predicates,VERIFICATION_TIMED_OUT,15591,4
ground_truth,protocol-verification-fa2023_tmp_tmpw6hy3mjp_demos_ch04_inductive_chain.dfy,tptp,vampire,arguments,VERIFIED,12622,0
ground_truth,protocol-verification-fa2023_tmp_tmpw6hy3mjp_demos_ch04_inductive_chain.dfy,smtlib,vampire,monomorphic,VERIFIED,11208,0
ground_truth,protocol-verification-fa2023_tmp_tmpw6hy3mjp_demos_ch04_inductive_chain.dfy,smtlib,vampire,predicates,VERIFICATION_TIMED_OUT,15518,4
ground_truth,protocol-verification-fa2023_tmp_tmpw6hy3mjp_demos_ch04_inductive_chain.dfy,smtlib,vampire,arguments,VERIFICATION_TIMED_OUT,15483,4
ground_truth,protocol-verification-fa2023_tmp_tmpw6hy3mjp_demos_ch04_inductive_chain.dfy,smtlib,z3,monomorphic,VERIFIED,1706,0
ground_truth,protocol-verification-fa2023_tmp_tmpw6hy3mjp_demos_ch04_inductive_chain.dfy,smtlib,z3,predicates,VERIFIED,1648,0
ground_truth,protocol-verification-fa2023_tmp_tmpw6hy3mjp_demos_ch04_inductive_chain.dfy,smtlib,z3,arguments,VERIFIED,1616,0
ground_truth,Formal-Methods-Project_tmp_tmphh2ar2xv_BubbleSort.dfy,tptp,vampire,polymorphic,VERIFICATION_TIMED_OUT,15463,4
ground_truth,Formal-Methods-Project_tmp_tmphh2ar2xv_BubbleSort.dfy,tptp,vampire,monomorphic,VERIFICATION_TIMED_OUT,15582,4
ground_truth,Formal-Methods-Project_tmp_tmphh2ar2xv_BubbleSort.dfy,tptp,vampire,predicates,VERIFICATION_TIMED_OUT,15536,4
ground_truth,Formal-Methods-Project_tmp_tmphh2ar2xv_BubbleSort.dfy,tptp,vampire,arguments,VERIFICATION_TIMED_OUT,15570,4
ground_truth,Formal-Methods-Project_tmp_tmphh2ar2xv_BubbleSort.dfy,smtlib,vampire,monomorphic,VERIFICATION_TIMED_OUT,15532,4
ground_truth,Formal-Methods-Project_tmp_tmphh2ar2xv_BubbleSort.dfy,smtlib,vampire,predicates,VERIFICATION_TIMED_OUT,15410,4
ground_truth,Formal-Methods-Project_tmp_tmphh2ar2xv_BubbleSort.dfy,smtlib,vampire,arguments,VERIFICATION_TIMED_OUT,15444,4
ground_truth,Formal-Methods-Project_tmp_tmphh2ar2xv_BubbleSort.dfy,smtlib,z3,monomorphic,VERIFIED,2163,0
ground_truth,Formal-Methods-Project_tmp_tmphh2ar2xv_BubbleSort.dfy,smtlib,z3,predicates,VERIFIED,1834,0
ground_truth,Formal-Methods-Project_tmp_tmphh2ar2xv_BubbleSort.dfy,smtlib,z3,arguments,VERIFIED,1827,0
ground_truth,Dafny_Learning_Experience_tmp_tmpuxvcet_u_week8_12_week9_lemma.dfy,tptp,vampire,polymorphic,VERIFIED,1709,0
ground_truth,Dafny_Learning_Experience_tmp_tmpuxvcet_u_week8_12_week9_lemma.dfy,tptp,vampire,monomorphic,VERIFIED,2088,0
ground_truth,Dafny_Learning_Experience_tmp_tmpuxvcet_u_week8_12_week9_lemma.dfy,tptp,vampire,predicates,VERIFIED,2874,0
ground_truth,Dafny_Learning_Experience_tmp_tmpuxvcet_u_week8_12_week9_lemma.dfy,tptp,vampire,arguments,VERIFIED,2026,0
ground_truth,Dafny_Learning_Experience_tmp_tmpuxvcet_u_week8_12_week9_lemma.dfy,smtlib,vampire,monomorphic,VERIFIED,1760,0
ground_truth,Dafny_Learning_Experience_tmp_tmpuxvcet_u_week8_12_week9_lemma.dfy,smtlib,vampire,predicates,VERIFIED,2044,0
ground_truth,Dafny_Learning_Experience_tmp_tmpuxvcet_u_week8_12_week9_lemma.dfy,smtlib,vampire,arguments,VERIFIED,2027,0
ground_truth,Dafny_Learning_Experience_tmp_tmpuxvcet_u_week8_12_week9_lemma.dfy,smtlib,z3,monomorphic,VERIFIED,1458,0
ground_truth,Dafny_Learning_Experience_tmp_tmpuxvcet_u_week8_12_week9_lemma.dfy,smtlib,z3,predicates,VERIFIED,1397,0
ground_truth,Dafny_Learning_Experience_tmp_tmpuxvcet_u_week8_12_week9_lemma.dfy,smtlib,z3,arguments,VERIFIED,1389,0
ground_truth,Program-Verification-Dataset_tmp_tmpgbdrlnu__Dafny_from dafny main repo_dafny4_NipkowKlein-chapter3.dfy,tptp,vampire,polymorphic,VERIFICATION_TIMED_OUT,30333,4
ground_truth,Program-Verification-Dataset_tmp_tmpgbdrlnu__Dafny_from dafny main repo_dafny4_NipkowKlein-chapter3.dfy,tptp,vampire,monomorphic,VERIFICATION_TIMED_OUT,30527,4
ground_truth,Program-Verification-Dataset_tmp_tmpgbdrlnu__Dafny_from dafny main repo_dafny4_NipkowKlein-chapter3.dfy,tptp,vampire,predicates,VERIFICATION_TIMED_OUT,43892,4
ground_truth,Program-Verification-Dataset_tmp_tmpgbdrlnu__Dafny_from dafny main repo_dafny4_NipkowKlein-chapter3.dfy,tptp,vampire,arguments,VERIFICATION_TIMED_OUT,31175,4
ground_truth,Program-Verification-Dataset_tmp_tmpgbdrlnu__Dafny_from dafny main repo_dafny4_NipkowKlein-chapter3.dfy,smtlib,vampire,monomorphic,VERIFICATION_TIMED_OUT,30423,4
ground_truth,Program-Verification-Dataset_tmp_tmpgbdrlnu__Dafny_from dafny main repo_dafny4_NipkowKlein-chapter3.dfy,smtlib,vampire,predicates,VERIFICATION_TIMED_OUT,32045,4
ground_truth,Program-Verification-Dataset_tmp_tmpgbdrlnu__Dafny_from dafny main repo_dafny4_NipkowKlein-chapter3.dfy,smtlib,vampire,arguments,VERIFICATION_TIMED_OUT,30295,4
ground_truth,Program-Verification-Dataset_tmp_tmpgbdrlnu__Dafny_from dafny main repo_dafny4_NipkowKlein-chapter3.dfy,smtlib,z3,monomorphic,VERIFIED,2259,0
ground_truth,Program-Verification-Dataset_tmp_tmpgbdrlnu__Dafny_from dafny main repo_dafny4_NipkowKlein-chapter3.dfy,smtlib,z3,predicates,VERIFIED,2257,0
ground_truth,Program-Verification-Dataset_tmp_tmpgbdrlnu__Dafny_from dafny main repo_dafny4_NipkowKlein-chapter3.dfy,smtlib,z3,arguments,VERIFIED,2176,0
ground_truth,dafny-language-server_tmp_tmpkir0kenl_Test_allocated1_dafny0_fun-with-slices.dfy,tptp,vampire,polymorphic,VERIFICATION_TIMED_OUT,15402,4
ground_truth,dafny-language-server_tmp_tmpkir0kenl_Test_allocated1_dafny0_fun-with-slices.dfy,tptp,vampire,monomorphic,VERIFIED,3950,0
ground_truth,dafny-language-server_tmp_tmpkir0kenl_Test_allocated1_dafny0_fun-with-slices.dfy,tptp,vampire,predicates,VERIFIED,3366,0
ground_truth,dafny-language-server_tmp_tmpkir0kenl_Test_allocated1_dafny0_fun-with-slices.dfy,tptp,vampire,arguments,VERIFICATION_TIMED_OUT,15413,4
ground_truth,dafny-language-server_tmp_tmpkir0kenl_Test_allocated1_dafny0_fun-with-slices.dfy,smtlib,vampire,monomorphic,VERIFIED,3709,0
ground_truth,dafny-language-server_tmp_tmpkir0kenl_Test_allocated1_dafny0_fun-with-slices.dfy,smtlib,vampire,predicates,VERIFICATION_TIMED_OUT,15297,4
ground_truth,dafny-language-server_tmp_tmpkir0kenl_Test_allocated1_dafny0_fun-with-slices.dfy,smtlib,vampire,arguments,VERIFIED,3613,0
ground_truth,dafny-language-server_tmp_tmpkir0kenl_Test_allocated1_dafny0_fun-with-slices.dfy,smtlib,z3,monomorphic,VERIFIED,1963,0
ground_truth,dafny-language-server_tmp_tmpkir0kenl_Test_allocated1_dafny0_fun-with-slices.dfy,smtlib,z3,predicates,NOT_VERIFIED,1609,4
ground_truth,dafny-language-server_tmp_tmpkir0kenl_Test_allocated1_dafny0_fun-with-slices.dfy,smtlib,z3,arguments,VERIFIED,2216,0
ground_truth,Program-Verification-Dataset_tmp_tmpgbdrlnu__Dafny_algorithms and leetcode_examples_simpleMultiplication.dfy,tptp,vampire,polymorphic,VERIFIED,1864,0
ground_truth,Program-Verification-Dataset_tmp_tmpgbdrlnu__Dafny_algorithms and leetcode_examples_simpleMultiplication.dfy,tptp,vampire,monomorphic,VERIFIED,1949,0
ground_truth,Program-Verification-Dataset_tmp_tmpgbdrlnu__Dafny_algorithms and leetcode_examples_simpleMultiplication.dfy,tptp,vampire,predicates,VERIFICATION_TIMED_OUT,15485,4
ground_truth,Program-Verification-Dataset_tmp_tmpgbdrlnu__Dafny_algorithms and leetcode_examples_simpleMultiplication.dfy,tptp,vampire,arguments,VERIFIED,1856,0
ground_truth,Program-Verification-Dataset_tmp_tmpgbdrlnu__Dafny_algorithms and leetcode_examples_simpleMultiplication.dfy,smtlib,vampire,monomorphic,VERIFIED,1902,0
ground_truth,Program-Verification-Dataset_tmp_tmpgbdrlnu__Dafny_algorithms and leetcode_examples_simpleMultiplication.dfy,smtlib,vampire,predicates,VERIFICATION_TIMED_OUT,15348,4
ground_truth,Program-Verification-Dataset_tmp_tmpgbdrlnu__Dafny_algorithms and leetcode_examples_simpleMultiplication.dfy,smtlib,vampire,arguments,VERIFIED,1808,0
ground_truth,Program-Verification-Dataset_tmp_tmpgbdrlnu__Dafny_algorithms and leetcode_examples_simpleMultiplication.dfy,smtlib,z3,monomorphic,VERIFIED,1593,0
ground_truth,Program-Verification-Dataset_tmp_tmpgbdrlnu__Dafny_algorithms and leetcode_examples_simpleMultiplication.dfy,smtlib,z3,predicates,NOT_VERIFIED,1522,4
ground_truth,Program-Verification-Dataset_tmp_tmpgbdrlnu__Dafny_algorithms and leetcode_examples_simpleMultiplication.dfy,smtlib,z3,arguments,VERIFIED,1504,0
ground_truth,Program-Verification-Dataset_tmp_tmpgbdrlnu__Dafny_from dafny main repo_dafny3_InfiniteTrees.dfy,tptp,vampire,polymorphic,VERIFICATION_TIMED_OUT,46586,4
ground_truth,Program-Verification-Dataset_tmp_tmpgbdrlnu__Dafny_from dafny main repo_dafny3_InfiniteTrees.dfy,tptp,vampire,monomorphic,VERIFICATION_TIMED_OUT,47783,4
ground_truth,Program-Verification-Dataset_tmp_tmpgbdrlnu__Dafny_from dafny main repo_dafny3_InfiniteTrees.dfy,tptp,vampire,predicates,VERIFICATION_TIMED_OUT,131124,4
ground_truth,Program-Verification-Dataset_tmp_tmpgbdrlnu__Dafny_from dafny main repo_dafny3_InfiniteTrees.dfy,tptp,vampire,arguments,VERIFICATION_TIMED_OUT,86144,4
ground_truth,Program-Verification-Dataset_tmp_tmpgbdrlnu__Dafny_from dafny main repo_dafny3_InfiniteTrees.dfy,smtlib,vampire,monomorphic,VERIFICATION_TIMED_OUT,47818,4
ground_truth,Program-Verification-Dataset_tmp_tmpgbdrlnu__Dafny_from dafny main repo_dafny3_InfiniteTrees.dfy,smtlib,vampire,predicates,VERIFICATION_TIMED_OUT,81575,4
ground_truth,Program-Verification-Dataset_tmp_tmpgbdrlnu__Dafny_from dafny main repo_dafny3_InfiniteTrees.dfy,smtlib,vampire,arguments,VERIFICATION_TIMED_OUT,46545,4
ground_truth,Program-Verification-Dataset_tmp_tmpgbdrlnu__Dafny_from dafny main repo_dafny3_InfiniteTrees.dfy,smtlib,z3,monomorphic,VERIFIED,3281,0
ground_truth,Program-Verification-Dataset_tmp_tmpgbdrlnu__Dafny_from dafny main repo_dafny3_InfiniteTrees.dfy,smtlib,z3,predicates,NOT_VERIFIED,3453,4
ground_truth,Program-Verification-Dataset_tmp_tmpgbdrlnu__Dafny_from dafny main repo_dafny3_InfiniteTrees.dfy,smtlib,z3,arguments,VERIFIED,3131,0
ground_truth,MIEIC_mfes_tmp_tmpq3ho7nve_exams_special_20_p5.dfy,tptp,vampire,polymorphic,VERIFICATION_TIMED_OUT,15458,4
ground_truth,MIEIC_mfes_tmp_tmpq3ho7nve_exams_special_20_p5.dfy,tptp,vampire,monomorphic,VERIFICATION_TIMED_OUT,15672,4
ground_truth,MIEIC_mfes_tmp_tmpq3ho7nve_exams_special_20_p5.dfy,tptp,vampire,predicates,VERIFICATION_TIMED_OUT,15629,4
ground_truth,MIEIC_mfes_tmp_tmpq3ho7nve_exams_special_20_p5.dfy,tptp,vampire,arguments,VERIFICATION_TIMED_OUT,15549,4
ground_truth,MIEIC_mfes_tmp_tmpq3ho7nve_exams_special_20_p5.dfy,smtlib,vampire,monomorphic,VERIFICATION_TIMED_OUT,15508,4
ground_truth,MIEIC_mfes_tmp_tmpq3ho7nve_exams_special_20_p5.dfy,smtlib,vampire,predicates,VERIFICATION_TIMED_OUT,15408,4
ground_truth,MIEIC_mfes_tmp_tmpq3ho7nve_exams_special_20_p5.dfy,smtlib,vampire,arguments,VERIFICATION_TIMED_OUT,15424,4
ground_truth,MIEIC_mfes_tmp_tmpq3ho7nve_exams_special_20_p5.dfy,smtlib,z3,monomorphic,VERIFIED,1649,0
ground_truth,MIEIC_mfes_tmp_tmpq3ho7nve_exams_special_20_p5.dfy,smtlib,z3,predicates,VERIFIED,1626,0
ground_truth,MIEIC_mfes_tmp_tmpq3ho7nve_exams_special_20_p5.dfy,smtlib,z3,arguments,VERIFIED,1583,0
ground_truth,Clover_canyon_search.dfy,tptp,vampire,polymorphic,VERIFICATION_TIMED_OUT,15387,4
ground_truth,Clover_canyon_search.dfy,tptp,vampire,monomorphic,VERIFICATION_TIMED_OUT,15480,4
ground_truth,Clover_canyon_search.dfy,tptp,vampire,predicates,VERIFICATION_TIMED_OUT,15434,4
ground_truth,Clover_canyon_search.dfy,tptp,vampire,arguments,VERIFICATION_TIMED_OUT,15421,4
ground_truth,Clover_canyon_search.dfy,smtlib,vampire,monomorphic,VERIFIED,3268,0
ground_truth,Clover_canyon_search.dfy,smtlib,vampire,predicates,VERIFICATION_TIMED_OUT,15366,4
ground_truth,Clover_canyon_search.dfy,smtlib,vampire,arguments,VERIFICATION_TIMED_OUT,15391,4
ground_truth,Clover_canyon_search.dfy,smtlib,z3,monomorphic,VERIFIED,1607,0
ground_truth,Clover_canyon_search.dfy,smtlib,z3,predicates,VERIFIED,1570,0
ground_truth,Clover_canyon_search.dfy,smtlib,z3,arguments,VERIFIED,1561,0
ground_truth,dafny-synthesis_task_id_433.dfy,tptp,vampire,polymorphic,VERIFIED,2475,0
ground_truth,dafny-synthesis_task_id_433.dfy,tptp,vampire,monomorphic,VERIFIED,2532,0
ground_truth,dafny-synthesis_task_id_433.dfy,tptp,vampire,predicates,VERIFICATION_TIMED_OUT,15408,4
ground_truth,dafny-synthesis_task_id_433.dfy,tptp,vampire,arguments,VERIFIED,3327,0
ground_truth,dafny-synthesis_task_id_433.dfy,smtlib,vampire,monomorphic,VERIFIED,2543,0
ground_truth,dafny-synthesis_task_id_433.dfy,smtlib,vampire,predicates,VERIFIED,6476,0
ground_truth,dafny-synthesis_task_id_433.dfy,smtlib,vampire,arguments,VERIFIED,3494,0
ground_truth,dafny-synthesis_task_id_433.dfy,smtlib,z3,monomorphic,VERIFIED,1511,0
ground_truth,dafny-synthesis_task_id_433.dfy,smtlib,z3,predicates,VERIFIED,1448,0
ground_truth,dafny-synthesis_task_id_433.dfy,smtlib,z3,arguments,VERIFIED,1452,0
ground_truth,Clover_remove_front.dfy,tptp,vampire,polymorphic,VERIFICATION_TIMED_OUT,15356,4
ground_truth,Clover_remove_front.dfy,tptp,vampire,monomorphic,VERIFICATION_TIMED_OUT,15410,4
ground_truth,Clover_remove_front.dfy,tptp,vampire,predicates,VERIFICATION_TIMED_OUT,15448,4
ground_truth,Clover_remove_front.dfy,tptp,vampire,arguments,VERIFICATION_TIMED_OUT,15430,4
ground_truth,Clover_remove_front.dfy,smtlib,vampire,monomorphic,VERIFICATION_TIMED_OUT,15389,4
ground_truth,Clover_remove_front.dfy,smtlib,vampire,predicates,VERIFICATION_TIMED_OUT,15296,4
ground_truth,Clover_remove_front.dfy,smtlib,vampire,arguments,VERIFICATION_TIMED_OUT,15316,4
ground_truth,Clover_remove_front.dfy,smtlib,z3,monomorphic,VERIFIED,1524,0
ground_truth,Clover_remove_front.dfy,smtlib,z3,predicates,VERIFIED,1513,0
ground_truth,Clover_remove_front.dfy,smtlib,z3,arguments,VERIFIED,1451,0
ground_truth,Workshop_tmp_tmp0cu11bdq_Lecture_Answers_selection_sort.dfy,tptp,vampire,polymorphic,VERIFICATION_TIMED_OUT,15542,4
ground_truth,Workshop_tmp_tmp0cu11bdq_Lecture_Answers_selection_sort.dfy,tptp,vampire,monomorphic,VERIFICATION_TIMED_OUT,15581,4
ground_truth,Workshop_tmp_tmp0cu11bdq_Lecture_Answers_selection_sort.dfy,tptp,vampire,predicates,VERIFICATION_TIMED_OUT,15551,4
ground_truth,Workshop_tmp_tmp0cu11bdq_Lecture_Answers_selection_sort.dfy,tptp,vampire,arguments,VERIFICATION_TIMED_OUT,15540,4
ground_truth,Workshop_tmp_tmp0cu11bdq_Lecture_Answers_selection_sort.dfy,smtlib,vampire,monomorphic,VERIFICATION_TIMED_OUT,15543,4
ground_truth,Workshop_tmp_tmp0cu11bdq_Lecture_Answers_selection_sort.dfy,smtlib,vampire,predicates,VERIFICATION_TIMED_OUT,15377,4
ground_truth,Workshop_tmp_tmp0cu11bdq_Lecture_Answers_selection_sort.dfy,smtlib,vampire,arguments,VERIFICATION_TIMED_OUT,15337,4
ground_truth,Workshop_tmp_tmp0cu11bdq_Lecture_Answers_selection_sort.dfy,smtlib,z3,monomorphic,VERIFIED,1663,0
ground_truth,Workshop_tmp_tmp0cu11bdq_Lecture_Answers_selection_sort.dfy,smtlib,z3,predicates,VERIFIED,1630,0
ground_truth,Workshop_tmp_tmp0cu11bdq_Lecture_Answers_selection_sort.dfy,smtlib,z3,arguments,VERIFIED,1612,0
ground_truth,Program-Verification-Dataset_tmp_tmpgbdrlnu__Dafny_algorithms and leetcode_examples_relativeOrder.dfy,tptp,vampire,polymorphic,VERIFICATION_TIMED_OUT,15434,4
ground_truth,Program-Verification-Dataset_tmp_tmpgbdrlnu__Dafny_algorithms and leetcode_examples_relativeOrder.dfy,tptp,vampire,monomorphic,VERIFICATION_TIMED_OUT,15532,4
ground_truth,Program-Verification-Dataset_tmp_tmpgbdrlnu__Dafny_algorithms and leetcode_examples_relativeOrder.dfy,tptp,vampire,predicates,VERIFICATION_TIMED_OUT,15590,4
ground_truth,Program-Verification-Dataset_tmp_tmpgbdrlnu__Dafny_algorithms and leetcode_examples_relativeOrder.dfy,tptp,vampire,arguments,VERIFICATION_TIMED_OUT,15481,4
ground_truth,Program-Verification-Dataset_tmp_tmpgbdrlnu__Dafny_algorithms and leetcode_examples_relativeOrder.dfy,smtlib,vampire,monomorphic,VERIFICATION_TIMED_OUT,15502,4
ground_truth,Program-Verification-Dataset_tmp_tmpgbdrlnu__Dafny_algorithms and leetcode_examples_relativeOrder.dfy,smtlib,vampire,predicates,VERIFICATION_TIMED_OUT,15418,4
ground_truth,Program-Verification-Dataset_tmp_tmpgbdrlnu__Dafny_algorithms and leetcode_examples_relativeOrder.dfy,smtlib,vampire,arguments,VERIFICATION_TIMED_OUT,15367,4
ground_truth,Program-Verification-Dataset_tmp_tmpgbdrlnu__Dafny_algorithms and leetcode_examples_relativeOrder.dfy,smtlib,z3,monomorphic,NOT_VERIFIED,1702,4
ground_truth,Program-Verification-Dataset_tmp_tmpgbdrlnu__Dafny_algorithms and leetcode_examples_relativeOrder.dfy,smtlib,z3,predicates,NOT_VERIFIED,1723,4
ground_truth,Program-Verification-Dataset_tmp_tmpgbdrlnu__Dafny_algorithms and leetcode_examples_relativeOrder.dfy,smtlib,z3,arguments,NOT_VERIFIED,1657,4
ground_truth,SENG2011_tmp_tmpgk5jq85q_p1.dfy,tptp,vampire,polymorphic,VERIFICATION_TIMED_OUT,15423,4
ground_truth,SENG2011_tmp_tmpgk5jq85q_p1.dfy,tptp,vampire,monomorphic,VERIFICATION_TIMED_OUT,15578,4
ground_truth,SENG2011_tmp_tmpgk5jq85q_p1.dfy,tptp,vampire,predicates,VERIFICATION_TIMED_OUT,15511,4
ground_truth,SENG2011_tmp_tmpgk5jq85q_p1.dfy,tptp,vampire,arguments,VERIFICATION_TIMED_OUT,15463,4
ground_truth,SENG2011_tmp_tmpgk5jq85q_p1.dfy,smtlib,vampire,monomorphic,VERIFICATION_TIMED_OUT,15494,4
ground_truth,SENG2011_tmp_tmpgk5jq85q_p1.dfy,smtlib,vampire,predicates,VERIFICATION_TIMED_OUT,15385,4
ground_truth,SENG2011_tmp_tmpgk5jq85q_p1.dfy,smtlib,vampire,arguments,VERIFICATION_TIMED_OUT,15386,4
ground_truth,SENG2011_tmp_tmpgk5jq85q_p1.dfy,smtlib,z3,monomorphic,VERIFIED,1696,0
ground_truth,SENG2011_tmp_tmpgk5jq85q_p1.dfy,smtlib,z3,predicates,VERIFIED,1654,0
ground_truth,SENG2011_tmp_tmpgk5jq85q_p1.dfy,smtlib,z3,arguments,VERIFIED,1605,0
ground_truth,dafny-synthesis_task_id_470.dfy,tptp,vampire,polymorphic,VERIFICATION_TIMED_OUT,15326,4
ground_truth,dafny-synthesis_task_id_470.dfy,tptp,vampire,monomorphic,VERIFICATION_TIMED_OUT,15439,4
ground_truth,dafny-synthesis_task_id_470.dfy,tptp,vampire,predicates,VERIFICATION_TIMED_OUT,15460,4
ground_truth,dafny-synthesis_task_id_470.dfy,tptp,vampire,arguments,VERIFICATION_TIMED_OUT,15404,4
ground_truth,dafny-synthesis_task_id_470.dfy,smtlib,vampire,monomorphic,VERIFICATION_TIMED_OUT,15433,4
ground_truth,dafny-synthesis_task_id_470.dfy,smtlib,vampire,predicates,VERIFICATION_TIMED_OUT,15329,4
ground_truth,dafny-synthesis_task_id_470.dfy,smtlib,vampire,arguments,VERIFICATION_TIMED_OUT,15312,4
ground_truth,dafny-synthesis_task_id_470.dfy,smtlib,z3,monomorphic,VERIFIED,1534,0
ground_truth,dafny-synthesis_task_id_470.dfy,smtlib,z3,predicates,VERIFIED,1475,0
ground_truth,dafny-synthesis_task_id_470.dfy,smtlib,z3,arguments,VERIFIED,1450,0
ground_truth,Workshop_tmp_tmp0cu11bdq_Workshop_Answers_Question5.dfy,tptp,vampire,polymorphic,VERIFICATION_TIMED_OUT,15342,4
ground_truth,Workshop_tmp_tmp0cu11bdq_Workshop_Answers_Question5.dfy,tptp,vampire,monomorphic,VERIFICATION_TIMED_OUT,15466,4
ground_truth,Workshop_tmp_tmp0cu11bdq_Workshop_Answers_Question5.dfy,tptp,vampire,predicates,VERIFICATION_TIMED_OUT,15500,4
ground_truth,Workshop_tmp_tmp0cu11bdq_Workshop_Answers_Question5.dfy,tptp,vampire,arguments,VERIFICATION_TIMED_OUT,15397,4
ground_truth,Workshop_tmp_tmp0cu11bdq_Workshop_Answers_Question5.dfy,smtlib,vampire,monomorphic,VERIFICATION_TIMED_OUT,15405,4
ground_truth,Workshop_tmp_tmp0cu11bdq_Workshop_Answers_Question5.dfy,smtlib,vampire,predicates,VERIFICATION_TIMED_OUT,15371,4
ground_truth,Workshop_tmp_tmp0cu11bdq_Workshop_Answers_Question5.dfy,smtlib,vampire,arguments,VERIFICATION_TIMED_OUT,15301,4
ground_truth,Workshop_tmp_tmp0cu11bdq_Workshop_Answers_Question5.dfy,smtlib,z3,monomorphic,VERIFIED,1541,0
ground_truth,Workshop_tmp_tmp0cu11bdq_Workshop_Answers_Question5.dfy,smtlib,z3,predicates,VERIFIED,1474,0
ground_truth,Workshop_tmp_tmp0cu11bdq_Workshop_Answers_Question5.dfy,smtlib,z3,arguments,VERIFIED,1460,0
ground_truth,stunning-palm-tree_tmp_tmpr84c2iwh_ch1.dfy,tptp,vampire,polymorphic,VERIFIED,1641,0
ground_truth,stunning-palm-tree_tmp_tmpr84c2iwh_ch1.dfy,tptp,vampire,monomorphic,VERIFIED,1760,0
ground_truth,stunning-palm-tree_tmp_tmpr84c2iwh_ch1.dfy,tptp,vampire,predicates,VERIFIED,1652,0
ground_truth,stunning-palm-tree_tmp_tmpr84c2iwh_ch1.dfy,tptp,vampire,arguments,VERIFIED,1664,0
ground_truth,stunning-palm-tree_tmp_tmpr84c2iwh_ch1.dfy,smtlib,vampire,monomorphic,VERIFIED,1683,0
ground_truth,stunning-palm-tree_tmp_tmpr84c2iwh_ch1.dfy,smtlib,vampire,predicates,VERIFIED,1819,0
ground_truth,stunning-palm-tree_tmp_tmpr84c2iwh_ch1.dfy,smtlib,vampire,arguments,VERIFIED,1590,0
ground_truth,stunning-palm-tree_tmp_tmpr84c2iwh_ch1.dfy,smtlib,z3,monomorphic,VERIFIED,1525,0
ground_truth,stunning-palm-tree_tmp_tmpr84c2iwh_ch1.dfy,smtlib,z3,predicates,VERIFIED,1431,0
ground_truth,stunning-palm-tree_tmp_tmpr84c2iwh_ch1.dfy,smtlib,z3,arguments,VERIFIED,1449,0
ground_truth,dafny-synthesis_task_id_261.dfy,tptp,vampire,polymorphic,VERIFIED,6555,0
ground_truth,dafny-synthesis_task_id_261.dfy,tptp,vampire,monomorphic,VERIFICATION_TIMED_OUT,15475,4
ground_truth,dafny-synthesis_task_id_261.dfy,tptp,vampire,predicates,VERIFICATION_TIMED_OUT,15442,4
ground_truth,dafny-synthesis_task_id_261.dfy,tptp,vampire,arguments,VERIFICATION_TIMED_OUT,15437,4
ground_truth,dafny-synthesis_task_id_261.dfy,smtlib,vampire,monomorphic,VERIFIED,3431,0
ground_truth,dafny-synthesis_task_id_261.dfy,smtlib,vampire,predicates,VERIFICATION_TIMED_OUT,15282,4
ground_truth,dafny-synthesis_task_id_261.dfy,smtlib,vampire,arguments,VERIFIED,3338,0
ground_truth,dafny-synthesis_task_id_261.dfy,smtlib,z3,monomorphic,VERIFIED,1511,0
ground_truth,dafny-synthesis_task_id_261.dfy,smtlib,z3,predicates,VERIFIED,1478,0
ground_truth,dafny-synthesis_task_id_261.dfy,smtlib,z3,arguments,VERIFIED,1431,0
ground_truth,Workshop_tmp_tmp0cu11bdq_Lecture_Answers_triangle_number.dfy,tptp,vampire,polymorphic,VERIFICATION_TIMED_OUT,15247,4
ground_truth,Workshop_tmp_tmp0cu11bdq_Lecture_Answers_triangle_number.dfy,tptp,vampire,monomorphic,VERIFICATION_TIMED_OUT,15340,4
ground_truth,Workshop_tmp_tmp0cu11bdq_Lecture_Answers_triangle_number.dfy,tptp,vampire,predicates,VERIFICATION_TIMED_OUT,15299,4
ground_truth,Workshop_tmp_tmp0cu11bdq_Lecture_Answers_triangle_number.dfy,tptp,vampire,arguments,VERIFICATION_TIMED_OUT,15336,4
ground_truth,Workshop_tmp_tmp0cu11bdq_Lecture_Answers_triangle_number.dfy,smtlib,vampire,monomorphic,VERIFIED,2008,0
ground_truth,Workshop_tmp_tmp0cu11bdq_Lecture_Answers_triangle_number.dfy,smtlib,vampire,predicates,VERIFIED,2821,0
ground_truth,Workshop_tmp_tmp0cu11bdq_Lecture_Answers_triangle_number.dfy,smtlib,vampire,arguments,VERIFIED,2105,0
ground_truth,Workshop_tmp_tmp0cu11bdq_Lecture_Answers_triangle_number.dfy,smtlib,z3,monomorphic,VERIFIED,1404,0
ground_truth,Workshop_tmp_tmp0cu11bdq_Lecture_Answers_triangle_number.dfy,smtlib,z3,predicates,VERIFIED,1359,0
ground_truth,Workshop_tmp_tmp0cu11bdq_Lecture_Answers_triangle_number.dfy,smtlib,z3,arguments,VERIFIED,1357,0
ground_truth,dafny_misc_tmp_tmpg4vzlnm1_rosetta_code_factorial.dfy,tptp,vampire,polymorphic,VERIFIED,2888,0
ground_truth,dafny_misc_tmp_tmpg4vzlnm1_rosetta_code_factorial.dfy,tptp,vampire,monomorphic,VERIFIED,2350,0
ground_truth,dafny_misc_tmp_tmpg4vzlnm1_rosetta_code_factorial.dfy,tptp,vampire,predicates,VERIFIED,3647,0
ground_truth,dafny_misc_tmp_tmpg4vzlnm1_rosetta_code_factorial.dfy,tptp,vampire,arguments,VERIFIED,7830,0
ground_truth,dafny_misc_tmp_tmpg4vzlnm1_rosetta_code_factorial.dfy,smtlib,vampire,monomorphic,VERIFIED,3643,0
ground_truth,dafny_misc_tmp_tmpg4vzlnm1_rosetta_code_factorial.dfy,smtlib,vampire,predicates,VERIFIED,3825,0
ground_truth,dafny_misc_tmp_tmpg4vzlnm1_rosetta_code_factorial.dfy,smtlib,vampire,arguments,VERIFIED,8305,0
ground_truth,dafny_misc_tmp_tmpg4vzlnm1_rosetta_code_factorial.dfy,smtlib,z3,monomorphic,VERIFIED,1460,0
ground_truth,dafny_misc_tmp_tmpg4vzlnm1_rosetta_code_factorial.dfy,smtlib,z3,predicates,VERIFIED,1424,0
ground_truth,dafny_misc_tmp_tmpg4vzlnm1_rosetta_code_factorial.dfy,smtlib,z3,arguments,VERIFIED,1405,0
ground_truth,dafny-synthesis_task_id_282.dfy,tptp,vampire,polymorphic,VERIFICATION_TIMED_OUT,15354,4
ground_truth,dafny-synthesis_task_id_282.dfy,tptp,vampire,monomorphic,VERIFICATION_TIMED_OUT,15518,4
ground_truth,dafny-synthesis_task_id_282.dfy,tptp,vampire,predicates,VERIFICATION_TIMED_OUT,15407,4
ground_truth,dafny-synthesis_task_id_282.dfy,tptp,vampire,arguments,VERIFICATION_TIMED_OUT,15452,4
ground_truth,dafny-synthesis_task_id_282.dfy,smtlib,vampire,monomorphic,VERIFICATION_TIMED_OUT,15422,4
ground_truth,dafny-synthesis_task_id_282.dfy,smtlib,vampire,predicates,VERIFICATION_TIMED_OUT,15304,4
ground_truth,dafny-synthesis_task_id_282.dfy,smtlib,vampire,arguments,VERIFICATION_TIMED_OUT,15292,4
ground_truth,dafny-synthesis_task_id_282.dfy,smtlib,z3,monomorphic,VERIFIED,1505,0
ground_truth,dafny-synthesis_task_id_282.dfy,smtlib,z3,predicates,VERIFIED,1507,0
ground_truth,dafny-synthesis_task_id_282.dfy,smtlib,z3,arguments,VERIFIED,1465,0
ground_truth,dafl_tmp_tmp_r3_8w3y_dafny_examples_uiowa_modifying-arrays.dfy,tptp,vampire,polymorphic,VERIFICATION_TIMED_OUT,17752,4
ground_truth,dafl_tmp_tmp_r3_8w3y_dafny_examples_uiowa_modifying-arrays.dfy,tptp,vampire,monomorphic,VERIFICATION_TIMED_OUT,16584,4
ground_truth,dafl_tmp_tmp_r3_8w3y_dafny_examples_uiowa_modifying-arrays.dfy,tptp,vampire,predicates,VERIFICATION_TIMED_OUT,43588,4
ground_truth,dafl_tmp_tmp_r3_8w3y_dafny_examples_uiowa_modifying-arrays.dfy,tptp,vampire,arguments,VERIFICATION_TIMED_OUT,17700,4
ground_truth,dafl_tmp_tmp_r3_8w3y_dafny_examples_uiowa_modifying-arrays.dfy,smtlib,vampire,monomorphic,VERIFICATION_TIMED_OUT,16499,4
ground_truth,dafl_tmp_tmp_r3_8w3y_dafny_examples_uiowa_modifying-arrays.dfy,smtlib,vampire,predicates,VERIFICATION_TIMED_OUT,19322,4
ground_truth,dafl_tmp_tmp_r3_8w3y_dafny_examples_uiowa_modifying-arrays.dfy,smtlib,vampire,arguments,VERIFICATION_TIMED_OUT,17768,4
ground_truth,dafl_tmp_tmp_r3_8w3y_dafny_examples_uiowa_modifying-arrays.dfy,smtlib,z3,monomorphic,VERIFIED,1709,0
ground_truth,dafl_tmp_tmp_r3_8w3y_dafny_examples_uiowa_modifying-arrays.dfy,smtlib,z3,predicates,VERIFIED,1685,0
ground_truth,dafl_tmp_tmp_r3_8w3y_dafny_examples_uiowa_modifying-arrays.dfy,smtlib,z3,arguments,VERIFIED,1647,0
ground_truth,dafny-synthesis_task_id_85.dfy,tptp,vampire,polymorphic,VERIFIED,1300,0
ground_truth,dafny-synthesis_task_id_85.dfy,tptp,vampire,monomorphic,VERIFIED,1408,0
ground_truth,dafny-synthesis_task_id_85.dfy,tptp,vampire,predicates,VERIFIED,1323,0
ground_truth,dafny-synthesis_task_id_85.dfy,tptp,vampire,arguments,VERIFIED,1334,0
ground_truth,dafny-synthesis_task_id_85.dfy,smtlib,vampire,monomorphic,VERIFIED,1327,0
ground_truth,dafny-synthesis_task_id_85.dfy,smtlib,vampire,predicates,VERIFIED,1265,0
ground_truth,dafny-synthesis_task_id_85.dfy,smtlib,vampire,arguments,VERIFIED,1272,0
ground_truth,dafny-synthesis_task_id_85.dfy,smtlib,z3,monomorphic,VERIFIED,1343,0
ground_truth,dafny-synthesis_task_id_85.dfy,smtlib,z3,predicates,VERIFIED,1267,0
ground_truth,dafny-synthesis_task_id_85.dfy,smtlib,z3,arguments,VERIFIED,1266,0
ground_truth,Software-building-and-verification-Projects_tmp_tmp5tm1srrn_CVS-projeto_handout2.dfy,tptp,vampire,polymorphic,VERIFICATION_TIMED_OUT,35144,4
ground_truth,Software-building-and-verification-Projects_tmp_tmp5tm1srrn_CVS-projeto_handout2.dfy,tptp,vampire,monomorphic,VERIFICATION_TIMED_OUT,35805,4
ground_truth,Software-building-and-verification-Projects_tmp_tmp5tm1srrn_CVS-projeto_handout2.dfy,tptp,vampire,predicates,VERIFICATION_TIMED_OUT,58238,4
ground_truth,Software-building-and-verification-Projects_tmp_tmp5tm1srrn_CVS-projeto_handout2.dfy,tptp,vampire,arguments,VERIFICATION_TIMED_OUT,36372,4
ground_truth,Software-building-and-verification-Projects_tmp_tmp5tm1srrn_CVS-projeto_handout2.dfy,smtlib,vampire,monomorphic,VERIFICATION_TIMED_OUT,34222,4
ground_truth,Software-building-and-verification-Projects_tmp_tmp5tm1srrn_CVS-projeto_handout2.dfy,smtlib,vampire,predicates,VERIFICATION_TIMED_OUT,44985,4
ground_truth,Software-building-and-verification-Projects_tmp_tmp5tm1srrn_CVS-projeto_handout2.dfy,smtlib,vampire,arguments,VERIFICATION_TIMED_OUT,34457,4
ground_truth,Software-building-and-verification-Projects_tmp_tmp5tm1srrn_CVS-projeto_handout2.dfy,smtlib,z3,monomorphic,NOT_VERIFIED,8454,4
ground_truth,Software-building-and-verification-Projects_tmp_tmp5tm1srrn_CVS-projeto_handout2.dfy,smtlib,z3,predicates,VERIFIED,3101,0
ground_truth,Software-building-and-verification-Projects_tmp_tmp5tm1srrn_CVS-projeto_handout2.dfy,smtlib,z3,arguments,VERIFICATION_TIMED_OUT,17411,4
ground_truth,protocol-verification-fa2023_tmp_tmpw6hy3mjp_demos_ch06_refinement_proof.dfy,tptp,vampire,polymorphic,VERIFICATION_TIMED_OUT,15949,4
ground_truth,protocol-verification-fa2023_tmp_tmpw6hy3mjp_demos_ch06_refinement_proof.dfy,tptp,vampire,monomorphic,VERIFICATION_TIMED_OUT,16798,4
ground_truth,protocol-verification-fa2023_tmp_tmpw6hy3mjp_demos_ch06_refinement_proof.dfy,tptp,vampire,predicates,VERIFICATION_TIMED_OUT,43884,4
ground_truth,protocol-verification-fa2023_tmp_tmpw6hy3mjp_demos_ch06_refinement_proof.dfy,tptp,vampire,arguments,VERIFICATION_TIMED_OUT,43901,4
ground_truth,protocol-verification-fa2023_tmp_tmpw6hy3mjp_demos_ch06_refinement_proof.dfy,smtlib,vampire,monomorphic,VERIFICATION_TIMED_OUT,16469,4
ground_truth,protocol-verification-fa2023_tmp_tmpw6hy3mjp_demos_ch06_refinement_proof.dfy,smtlib,vampire,predicates,VERIFICATION_TIMED_OUT,16123,4
ground_truth,protocol-verification-fa2023_tmp_tmpw6hy3mjp_demos_ch06_refinement_proof.dfy,smtlib,vampire,arguments,VERIFICATION_TIMED_OUT,15935,4
ground_truth,protocol-verification-fa2023_tmp_tmpw6hy3mjp_demos_ch06_refinement_proof.dfy,smtlib,z3,monomorphic,VERIFIED,2170,0
ground_truth,protocol-verification-fa2023_tmp_tmpw6hy3mjp_demos_ch06_refinement_proof.dfy,smtlib,z3,predicates,VERIFIED,2048,0
ground_truth,protocol-verification-fa2023_tmp_tmpw6hy3mjp_demos_ch06_refinement_proof.dfy,smtlib,z3,arguments,VERIFIED,1964,0
ground_truth,dafny-synthesis_task_id_126.dfy,tptp,vampire,polymorphic,VERIFIED,3263,0
ground_truth,dafny-synthesis_task_id_126.dfy,tptp,vampire,monomorphic,VERIFIED,3368,0
ground_truth,dafny-synthesis_task_id_126.dfy,tptp,vampire,predicates,VERIFIED,3315,0
ground_truth,dafny-synthesis_task_id_126.dfy,tptp,vampire,arguments,VERIFIED,3315,0
ground_truth,dafny-synthesis_task_id_126.dfy,smtlib,vampire,monomorphic,VERIFIED,3380,0
ground_truth,dafny-synthesis_task_id_126.dfy,smtlib,vampire,predicates,VERIFIED,3468,0
ground_truth,dafny-synthesis_task_id_126.dfy,smtlib,vampire,arguments,VERIFIED,3375,0
ground_truth,dafny-synthesis_task_id_126.dfy,smtlib,z3,monomorphic,VERIFIED,1499,0
ground_truth,dafny-synthesis_task_id_126.dfy,smtlib,z3,predicates,VERIFIED,1432,0
ground_truth,dafny-synthesis_task_id_126.dfy,smtlib,z3,arguments,VERIFIED,1426,0
ground_truth,dafny-synthesis_task_id_554.dfy,tptp,vampire,polymorphic,VERIFICATION_TIMED_OUT,15342,4
ground_truth,dafny-synthesis_task_id_554.dfy,tptp,vampire,monomorphic,VERIFICATION_TIMED_OUT,15530,4
ground_truth,dafny-synthesis_task_id_554.dfy,tptp,vampire,predicates,VERIFICATION_TIMED_OUT,15466,4
ground_truth,dafny-synthesis_task_id_554.dfy,tptp,vampire,arguments,VERIFICATION_TIMED_OUT,15501,4
ground_truth,dafny-synthesis_task_id_554.dfy,smtlib,vampire,monomorphic,VERIFICATION_TIMED_OUT,15376,4
ground_truth,dafny-synthesis_task_id_554.dfy,smtlib,vampire,predicates,VERIFICATION_TIMED_OUT,15341,4
ground_truth,dafny-synthesis_task_id_554.dfy,smtlib,vampire,arguments,VERIFIED,3341,0
ground_truth,dafny-synthesis_task_id_554.dfy,smtlib,z3,monomorphic,VERIFIED,1563,0
ground_truth,dafny-synthesis_task_id_554.dfy,smtlib,z3,predicates,VERIFIED,1497,0
ground_truth,dafny-synthesis_task_id_554.dfy,smtlib,z3,arguments,VERIFIED,1480,0
ground_truth,dafl_tmp_tmp_r3_8w3y_dafny_examples_dafny0_SeqFromArray.dfy,tptp,vampire,polymorphic,VERIFICATION_TIMED_OUT,19291,4
ground_truth,dafl_tmp_tmp_r3_8w3y_dafny_examples_dafny0_SeqFromArray.dfy,tptp,vampire,monomorphic,VERIFICATION_TIMED_OUT,16201,4
ground_truth,dafl_tmp_tmp_r3_8w3y_dafny_examples_dafny0_SeqFromArray.dfy,tptp,vampire,predicates,VERIFICATION_TIMED_OUT,29536,4
ground_truth,dafl_tmp_tmp_r3_8w3y_dafny_examples_dafny0_SeqFromArray.dfy,tptp,vampire,arguments,VERIFICATION_TIMED_OUT,19592,4
ground_truth,dafl_tmp_tmp_r3_8w3y_dafny_examples_dafny0_SeqFromArray.dfy,smtlib,vampire,monomorphic,VERIFICATION_TIMED_OUT,18709,4
ground_truth,dafl_tmp_tmp_r3_8w3y_dafny_examples_dafny0_SeqFromArray.dfy,smtlib,vampire,predicates,VERIFICATION_TIMED_OUT,29403,4
ground_truth,dafl_tmp_tmp_r3_8w3y_dafny_examples_dafny0_SeqFromArray.dfy,smtlib,vampire,arguments,VERIFICATION_TIMED_OUT,19817,4
ground_truth,dafl_tmp_tmp_r3_8w3y_dafny_examples_dafny0_SeqFromArray.dfy,smtlib,z3,monomorphic,NOT_VERIFIED,1631,4
ground_truth,dafl_tmp_tmp_r3_8w3y_dafny_examples_dafny0_SeqFromArray.dfy,smtlib,z3,predicates,NOT_VERIFIED,1640,4
ground_truth,dafl_tmp_tmp_r3_8w3y_dafny_examples_dafny0_SeqFromArray.dfy,smtlib,z3,arguments,VERIFIED,1569,0
ground_truth,Dafny_Learning_Experience_tmp_tmpuxvcet_u_week8_12_a3_search_findPositionOfIndex.dfy,tptp,vampire,polymorphic,VERIFICATION_TIMED_OUT,15456,4
ground_truth,Dafny_Learning_Experience_tmp_tmpuxvcet_u_week8_12_a3_search_findPositionOfIndex.dfy,tptp,vampire,monomorphic,VERIFICATION_TIMED_OUT,15493,4
ground_truth,Dafny_Learning_Experience_tmp_tmpuxvcet_u_week8_12_a3_search_findPositionOfIndex.dfy,tptp,vampire,predicates,VERIFICATION_TIMED_OUT,15439,4
ground_truth,Dafny_Learning_Experience_tmp_tmpuxvcet_u_week8_12_a3_search_findPositionOfIndex.dfy,tptp,vampire,arguments,VERIFICATION_TIMED_OUT,15494,4
ground_truth,Dafny_Learning_Experience_tmp_tmpuxvcet_u_week8_12_a3_search_findPositionOfIndex.dfy,smtlib,vampire,monomorphic,VERIFICATION_TIMED_OUT,15492,4
ground_truth,Dafny_Learning_Experience_tmp_tmpuxvcet_u_week8_12_a3_search_findPositionOfIndex.dfy,smtlib,vampire,predicates,VERIFICATION_TIMED_OUT,15435,4
ground_truth,Dafny_Learning_Experience_tmp_tmpuxvcet_u_week8_12_a3_search_findPositionOfIndex.dfy,smtlib,vampire,arguments,VERIFICATION_TIMED_OUT,15372,4
ground_truth,Dafny_Learning_Experience_tmp_tmpuxvcet_u_week8_12_a3_search_findPositionOfIndex.dfy,smtlib,z3,monomorphic,VERIFIED,1602,0
ground_truth,Dafny_Learning_Experience_tmp_tmpuxvcet_u_week8_12_a3_search_findPositionOfIndex.dfy,smtlib,z3,predicates,VERIFIED,1577,0
ground_truth,Dafny_Learning_Experience_tmp_tmpuxvcet_u_week8_12_a3_search_findPositionOfIndex.dfy,smtlib,z3,arguments,VERIFIED,1539,0
ground_truth,Dafny_Verify_tmp_tmphq7j0row_Test_Cases_Triple.dfy,tptp,vampire,polymorphic,VERIFICATION_TIMED_OUT,15361,4
ground_truth,Dafny_Verify_tmp_tmphq7j0row_Test_Cases_Triple.dfy,tptp,vampire,monomorphic,VERIFICATION_TIMED_OUT,15434,4
ground_truth,Dafny_Verify_tmp_tmphq7j0row_Test_Cases_Triple.dfy,tptp,vampire,predicates,VERIFICATION_TIMED_OUT,15408,4
ground_truth,Dafny_Verify_tmp_tmphq7j0row_Test_Cases_Triple.dfy,tptp,vampire,arguments,VERIFICATION_TIMED_OUT,15365,4
ground_truth,Dafny_Verify_tmp_tmphq7j0row_Test_Cases_Triple.dfy,smtlib,vampire,monomorphic,VERIFIED,1693,0
ground_truth,Dafny_Verify_tmp_tmphq7j0row_Test_Cases_Triple.dfy,smtlib,vampire,predicates,VERIFIED,1657,0
ground_truth,Dafny_Verify_tmp_tmphq7j0row_Test_Cases_Triple.dfy,smtlib,vampire,arguments,VERIFIED,1385,0
ground_truth,Dafny_Verify_tmp_tmphq7j0row_Test_Cases_Triple.dfy,smtlib,z3,monomorphic,VERIFIED,1436,0
ground_truth,Dafny_Verify_tmp_tmphq7j0row_Test_Cases_Triple.dfy,smtlib,z3,predicates,VERIFIED,1387,0
ground_truth,Dafny_Verify_tmp_tmphq7j0row_Test_Cases_Triple.dfy,smtlib,z3,arguments,VERIFIED,1388,0
ground_truth,FormalMethods_tmp_tmpvda2r3_o_dafny_Invariants_ex2.dfy,tptp,vampire,polymorphic,VERIFICATION_TIMED_OUT,15305,4
ground_truth,FormalMethods_tmp_tmpvda2r3_o_dafny_Invariants_ex2.dfy,tptp,vampire,monomorphic,VERIFICATION_TIMED_OUT,15401,4
ground_truth,FormalMethods_tmp_tmpvda2r3_o_dafny_Invariants_ex2.dfy,tptp,vampire,predicates,VERIFICATION_TIMED_OUT,15420,4
ground_truth,FormalMethods_tmp_tmpvda2r3_o_dafny_Invariants_ex2.dfy,tptp,vampire,arguments,VERIFICATION_TIMED_OUT,15387,4
ground_truth,FormalMethods_tmp_tmpvda2r3_o_dafny_Invariants_ex2.dfy,smtlib,vampire,monomorphic,VERIFIED,3512,0
ground_truth,FormalMethods_tmp_tmpvda2r3_o_dafny_Invariants_ex2.dfy,smtlib,vampire,predicates,VERIFICATION_TIMED_OUT,15299,4
ground_truth,FormalMethods_tmp_tmpvda2r3_o_dafny_Invariants_ex2.dfy,smtlib,vampire,arguments,VERIFIED,3465,0
ground_truth,FormalMethods_tmp_tmpvda2r3_o_dafny_Invariants_ex2.dfy,smtlib,z3,monomorphic,VERIFIED,1501,0
ground_truth,FormalMethods_tmp_tmpvda2r3_o_dafny_Invariants_ex2.dfy,smtlib,z3,predicates,VERIFIED,1451,0
ground_truth,FormalMethods_tmp_tmpvda2r3_o_dafny_Invariants_ex2.dfy,smtlib,z3,arguments,VERIFIED,1438,0
ground_truth,dafny-synthesis_task_id_310.dfy,tptp,vampire,polymorphic,VERIFICATION_TIMED_OUT,15348,4
ground_truth,dafny-synthesis_task_id_310.dfy,tptp,vampire,monomorphic,VERIFICATION_TIMED_OUT,15427,4
ground_truth,dafny-synthesis_task_id_310.dfy,tptp,vampire,predicates,VERIFICATION_TIMED_OUT,15396,4
ground_truth,dafny-synthesis_task_id_310.dfy,tptp,vampire,arguments,VERIFICATION_TIMED_OUT,15424,4
ground_truth,dafny-synthesis_task_id_310.dfy,smtlib,vampire,monomorphic,VERIFICATION_TIMED_OUT,15398,4
ground_truth,dafny-synthesis_task_id_310.dfy,smtlib,vampire,predicates,VERIFICATION_TIMED_OUT,15239,4
ground_truth,dafny-synthesis_task_id_310.dfy,smtlib,vampire,arguments,VERIFICATION_TIMED_OUT,15285,4
ground_truth,dafny-synthesis_task_id_310.dfy,smtlib,z3,monomorphic,VERIFIED,1505,0
ground_truth,dafny-synthesis_task_id_310.dfy,smtlib,z3,predicates,VERIFIED,1447,0
ground_truth,dafny-synthesis_task_id_310.dfy,smtlib,z3,arguments,VERIFIED,1447,0
ground_truth,dafny-synthesis_task_id_445.dfy,tptp,vampire,polymorphic,VERIFICATION_TIMED_OUT,15341,4
ground_truth,dafny-synthesis_task_id_445.dfy,tptp,vampire,monomorphic,VERIFICATION_TIMED_OUT,15438,4
ground_truth,dafny-synthesis_task_id_445.dfy,tptp,vampire,predicates,VERIFICATION_TIMED_OUT,15396,4
ground_truth,dafny-synthesis_task_id_445.dfy,tptp,vampire,arguments,VERIFICATION_TIMED_OUT,15400,4
ground_truth,dafny-synthesis_task_id_445.dfy,smtlib,vampire,monomorphic,VERIFIED,3361,0
ground_truth,dafny-synthesis_task_id_445.dfy,smtlib,vampire,predicates,VERIFICATION_TIMED_OUT,15316,4
ground_truth,dafny-synthesis_task_id_445.dfy,smtlib,vampire,arguments,VERIFIED,3320,0
ground_truth,dafny-synthesis_task_id_445.dfy,smtlib,z3,monomorphic,VERIFIED,1488,0
ground_truth,dafny-synthesis_task_id_445.dfy,smtlib,z3,predicates,VERIFIED,1461,0
ground_truth,dafny-synthesis_task_id_445.dfy,smtlib,z3,arguments,VERIFIED,1434,0
ground_truth,Program-Verification-Dataset_tmp_tmpgbdrlnu__Dafny_from_dafny_main_repo_dafny0_snapshots_Inputs_Snapshots5.dfy,tptp,vampire,polymorphic,VERIFIED,1388,0
ground_truth,Program-Verification-Dataset_tmp_tmpgbdrlnu__Dafny_from_dafny_main_repo_dafny0_snapshots_Inputs_Snapshots5.dfy,tptp,vampire,monomorphic,VERIFIED,1479,0
ground_truth,Program-Verification-Dataset_tmp_tmpgbdrlnu__Dafny_from_dafny_main_repo_dafny0_snapshots_Inputs_Snapshots5.dfy,tptp,vampire,predicates,VERIFIED,1422,0
ground_truth,Program-Verification-Dataset_tmp_tmpgbdrlnu__Dafny_from_dafny_main_repo_dafny0_snapshots_Inputs_Snapshots5.dfy,tptp,vampire,arguments,VERIFIED,1417,0
ground_truth,Program-Verification-Dataset_tmp_tmpgbdrlnu__Dafny_from_dafny_main_repo_dafny0_snapshots_Inputs_Snapshots5.dfy,smtlib,vampire,monomorphic,VERIFIED,1417,0
ground_truth,Program-Verification-Dataset_tmp_tmpgbdrlnu__Dafny_from_dafny_main_repo_dafny0_snapshots_Inputs_Snapshots5.dfy,smtlib,vampire,predicates,VERIFIED,1355,0
ground_truth,Program-Verification-Dataset_tmp_tmpgbdrlnu__Dafny_from_dafny_main_repo_dafny0_snapshots_Inputs_Snapshots5.dfy,smtlib,vampire,arguments,VERIFIED,1337,0
ground_truth,Program-Verification-Dataset_tmp_tmpgbdrlnu__Dafny_from_dafny_main_repo_dafny0_snapshots_Inputs_Snapshots5.dfy,smtlib,z3,monomorphic,VERIFIED,1391,0
ground_truth,Program-Verification-Dataset_tmp_tmpgbdrlnu__Dafny_from_dafny_main_repo_dafny0_snapshots_Inputs_Snapshots5.dfy,smtlib,z3,predicates,VERIFIED,1343,0
ground_truth,Program-Verification-Dataset_tmp_tmpgbdrlnu__Dafny_from_dafny_main_repo_dafny0_snapshots_Inputs_Snapshots5.dfy,smtlib,z3,arguments,VERIFIED,1344,0
ground_truth,Final-Project-Dafny_tmp_tmpmcywuqox_Attempts_Insertion_Sort_Normal.dfy,tptp,vampire,polymorphic,VERIFICATION_TIMED_OUT,15526,4
ground_truth,Final-Project-Dafny_tmp_tmpmcywuqox_Attempts_Insertion_Sort_Normal.dfy,tptp,vampire,monomorphic,VERIFICATION_TIMED_OUT,15743,4
ground_truth,Final-Project-Dafny_tmp_tmpmcywuqox_Attempts_Insertion_Sort_Normal.dfy,tptp,vampire,predicates,VERIFICATION_TIMED_OUT,15643,4
ground_truth,Final-Project-Dafny_tmp_tmpmcywuqox_Attempts_Insertion_Sort_Normal.dfy,tptp,vampire,arguments,VERIFICATION_TIMED_OUT,15619,4
ground_truth,Final-Project-Dafny_tmp_tmpmcywuqox_Attempts_Insertion_Sort_Normal.dfy,smtlib,vampire,monomorphic,VERIFICATION_TIMED_OUT,15651,4
ground_truth,Final-Project-Dafny_tmp_tmpmcywuqox_Attempts_Insertion_Sort_Normal.dfy,smtlib,vampire,predicates,VERIFICATION_TIMED_OUT,15537,4
ground_truth,Final-Project-Dafny_tmp_tmpmcywuqox_Attempts_Insertion_Sort_Normal.dfy,smtlib,vampire,arguments,VERIFICATION_TIMED_OUT,15560,4
ground_truth,Final-Project-Dafny_tmp_tmpmcywuqox_Attempts_Insertion_Sort_Normal.dfy,smtlib,z3,monomorphic,VERIFIED,1893,0
ground_truth,Final-Project-Dafny_tmp_tmpmcywuqox_Attempts_Insertion_Sort_Normal.dfy,smtlib,z3,predicates,VERIFIED,1795,0
ground_truth,Final-Project-Dafny_tmp_tmpmcywuqox_Attempts_Insertion_Sort_Normal.dfy,smtlib,z3,arguments,VERIFIED,2195,0
ground_truth,AssertivePrograming_tmp_tmpwf43uz0e_MergeSort.dfy,tptp,vampire,polymorphic,VERIFICATION_TIMED_OUT,30113,4
ground_truth,AssertivePrograming_tmp_tmpwf43uz0e_MergeSort.dfy,tptp,vampire,monomorphic,VERIFICATION_TIMED_OUT,29980,4
ground_truth,AssertivePrograming_tmp_tmpwf43uz0e_MergeSort.dfy,tptp,vampire,predicates,VERIFICATION_TIMED_OUT,43853,4
ground_truth,AssertivePrograming_tmp_tmpwf43uz0e_MergeSort.dfy,tptp,vampire,arguments,VERIFICATION_TIMED_OUT,29850,4
ground_truth,AssertivePrograming_tmp_tmpwf43uz0e_MergeSort.dfy,smtlib,vampire,monomorphic,VERIFICATION_TIMED_OUT,20916,4
ground_truth,AssertivePrograming_tmp_tmpwf43uz0e_MergeSort.dfy,smtlib,vampire,predicates,VERIFICATION_TIMED_OUT,30468,4
ground_truth,AssertivePrograming_tmp_tmpwf43uz0e_MergeSort.dfy,smtlib,vampire,arguments,VERIFICATION_TIMED_OUT,29792,4
ground_truth,AssertivePrograming_tmp_tmpwf43uz0e_MergeSort.dfy,smtlib,z3,monomorphic,VERIFIED,4243,0
ground_truth,AssertivePrograming_tmp_tmpwf43uz0e_MergeSort.dfy,smtlib,z3,predicates,VERIFIED,3129,0
ground_truth,AssertivePrograming_tmp_tmpwf43uz0e_MergeSort.dfy,smtlib,z3,arguments,VERIFIED,3549,0
ground_truth,dafny-language-server_tmp_tmpkir0kenl_Test_git-issues_git-issue-336.dfy,tptp,vampire,polymorphic,VERIFICATION_TIMED_OUT,15253,4
ground_truth,dafny-language-server_tmp_tmpkir0kenl_Test_git-issues_git-issue-336.dfy,tptp,vampire,monomorphic,VERIFICATION_TIMED_OUT,15433,4
ground_truth,dafny-language-server_tmp_tmpkir0kenl_Test_git-issues_git-issue-336.dfy,tptp,vampire,predicates,VERIFICATION_TIMED_OUT,15367,4
ground_truth,dafny-language-server_tmp_tmpkir0kenl_Test_git-issues_git-issue-336.dfy,tptp,vampire,arguments,VERIFICATION_TIMED_OUT,15305,4
ground_truth,dafny-language-server_tmp_tmpkir0kenl_Test_git-issues_git-issue-336.dfy,smtlib,vampire,monomorphic,VERIFICATION_TIMED_OUT,15293,4
ground_truth,dafny-language-server_tmp_tmpkir0kenl_Test_git-issues_git-issue-336.dfy,smtlib,vampire,predicates,VERIFICATION_TIMED_OUT,15267,4
ground_truth,dafny-language-server_tmp_tmpkir0kenl_Test_git-issues_git-issue-336.dfy,smtlib,vampire,arguments,VERIFICATION_TIMED_OUT,15236,4
ground_truth,dafny-language-server_tmp_tmpkir0kenl_Test_git-issues_git-issue-336.dfy,smtlib,z3,monomorphic,VERIFIED,1478,0
ground_truth,dafny-language-server_tmp_tmpkir0kenl_Test_git-issues_git-issue-336.dfy,smtlib,z3,predicates,NOT_VERIFIED,1434,4
ground_truth,dafny-language-server_tmp_tmpkir0kenl_Test_git-issues_git-issue-336.dfy,smtlib,z3,arguments,VERIFIED,1411,0
ground_truth,dafny-synthesis_task_id_807.dfy,tptp,vampire,polymorphic,VERIFIED,3320,0
ground_truth,dafny-synthesis_task_id_807.dfy,tptp,vampire,monomorphic,VERIFIED,3492,0
ground_truth,dafny-synthesis_task_id_807.dfy,tptp,vampire,predicates,VERIFICATION_TIMED_OUT,15487,4
ground_truth,dafny-synthesis_task_id_807.dfy,tptp,vampire,arguments,VERIFIED,3356,0
ground_truth,dafny-synthesis_task_id_807.dfy,smtlib,vampire,monomorphic,VERIFIED,3572,0
ground_truth,dafny-synthesis_task_id_807.dfy,smtlib,vampire,predicates,VERIFICATION_TIMED_OUT,15293,4
ground_truth,dafny-synthesis_task_id_807.dfy,smtlib,vampire,arguments,VERIFIED,3534,0
ground_truth,dafny-synthesis_task_id_807.dfy,smtlib,z3,monomorphic,VERIFIED,1579,0
ground_truth,dafny-synthesis_task_id_807.dfy,smtlib,z3,predicates,VERIFIED,1498,0
ground_truth,dafny-synthesis_task_id_807.dfy,smtlib,z3,arguments,VERIFIED,1495,0
ground_truth,dafny-synthesis_task_id_77.dfy,tptp,vampire,polymorphic,VERIFIED,1317,0
ground_truth,dafny-synthesis_task_id_77.dfy,tptp,vampire,monomorphic,VERIFIED,1414,0
ground_truth,dafny-synthesis_task_id_77.dfy,tptp,vampire,predicates,VERIFIED,1365,0
ground_truth,dafny-synthesis_task_id_77.dfy,tptp,vampire,arguments,VERIFIED,1332,0
ground_truth,dafny-synthesis_task_id_77.dfy,smtlib,vampire,monomorphic,VERIFIED,1340,0
ground_truth,dafny-synthesis_task_id_77.dfy,smtlib,vampire,predicates,VERIFIED,1279,0
ground_truth,dafny-synthesis_task_id_77.dfy,smtlib,vampire,arguments,VERIFIED,1264,0
ground_truth,dafny-synthesis_task_id_77.dfy,smtlib,z3,monomorphic,VERIFIED,1340,0
ground_truth,dafny-synthesis_task_id_77.dfy,smtlib,z3,predicates,VERIFIED,1271,0
ground_truth,dafny-synthesis_task_id_77.dfy,smtlib,z3,arguments,VERIFIED,1265,0
ground_truth,dafny-language-server_tmp_tmpkir0kenl_Test_dafny0_FuelTriggers.dfy,tptp,vampire,polymorphic,VERIFIED,1383,0
ground_truth,dafny-language-server_tmp_tmpkir0kenl_Test_dafny0_FuelTriggers.dfy,tptp,vampire,monomorphic,VERIFIED,1484,0
ground_truth,dafny-language-server_tmp_tmpkir0kenl_Test_dafny0_FuelTriggers.dfy,tptp,vampire,predicates,VERIFIED,1414,0
ground_truth,dafny-language-server_tmp_tmpkir0kenl_Test_dafny0_FuelTriggers.dfy,tptp,vampire,arguments,VERIFIED,1413,0
ground_truth,dafny-language-server_tmp_tmpkir0kenl_Test_dafny0_FuelTriggers.dfy,smtlib,vampire,monomorphic,VERIFIED,1400,0
ground_truth,dafny-language-server_tmp_tmpkir0kenl_Test_dafny0_FuelTriggers.dfy,smtlib,vampire,predicates,VERIFIED,1357,0
ground_truth,dafny-language-server_tmp_tmpkir0kenl_Test_dafny0_FuelTriggers.dfy,smtlib,vampire,arguments,VERIFIED,1336,0
ground_truth,dafny-language-server_tmp_tmpkir0kenl_Test_dafny0_FuelTriggers.dfy,smtlib,z3,monomorphic,VERIFIED,1400,0
ground_truth,dafny-language-server_tmp_tmpkir0kenl_Test_dafny0_FuelTriggers.dfy,smtlib,z3,predicates,VERIFIED,1351,0
ground_truth,dafny-language-server_tmp_tmpkir0kenl_Test_dafny0_FuelTriggers.dfy,smtlib,z3,arguments,VERIFIED,1341,0
ground_truth,Clover_is_even.dfy,tptp,vampire,polymorphic,VERIFIED,1317,0
ground_truth,Clover_is_even.dfy,tptp,vampire,monomorphic,VERIFIED,1445,0
ground_truth,Clover_is_even.dfy,tptp,vampire,predicates,VERIFIED,1388,0
ground_truth,Clover_is_even.dfy,tptp,vampire,arguments,VERIFIED,1362,0
ground_truth,Clover_is_even.dfy,smtlib,vampire,monomorphic,VERIFIED,1355,0
ground_truth,Clover_is_even.dfy,smtlib,vampire,predicates,VERIFIED,1282,0
ground_truth,Clover_is_even.dfy,smtlib,vampire,arguments,VERIFIED,1279,0
ground_truth,Clover_is_even.dfy,smtlib,z3,monomorphic,VERIFIED,1373,0
ground_truth,Clover_is_even.dfy,smtlib,z3,predicates,VERIFIED,1294,0
ground_truth,Clover_is_even.dfy,smtlib,z3,arguments,VERIFIED,1285,0
ground_truth,Dafny-Exercises_tmp_tmpjm75muf__Session8Exercises_ExerciseInsertionSort.dfy,tptp,vampire,polymorphic,VERIFICATION_TIMED_OUT,15468,4
ground_truth,Dafny-Exercises_tmp_tmpjm75muf__Session8Exercises_ExerciseInsertionSort.dfy,tptp,vampire,monomorphic,VERIFICATION_TIMED_OUT,15567,4
ground_truth,Dafny-Exercises_tmp_tmpjm75muf__Session8Exercises_ExerciseInsertionSort.dfy,tptp,vampire,predicates,VERIFICATION_TIMED_OUT,15492,4
ground_truth,Dafny-Exercises_tmp_tmpjm75muf__Session8Exercises_ExerciseInsertionSort.dfy,tptp,vampire,arguments,VERIFICATION_TIMED_OUT,15475,4
ground_truth,Dafny-Exercises_tmp_tmpjm75muf__Session8Exercises_ExerciseInsertionSort.dfy,smtlib,vampire,monomorphic,VERIFICATION_TIMED_OUT,15533,4
ground_truth,Dafny-Exercises_tmp_tmpjm75muf__Session8Exercises_ExerciseInsertionSort.dfy,smtlib,vampire,predicates,VERIFICATION_TIMED_OUT,15419,4
ground_truth,Dafny-Exercises_tmp_tmpjm75muf__Session8Exercises_ExerciseInsertionSort.dfy,smtlib,vampire,arguments,VERIFICATION_TIMED_OUT,15410,4
ground_truth,Dafny-Exercises_tmp_tmpjm75muf__Session8Exercises_ExerciseInsertionSort.dfy,smtlib,z3,monomorphic,VERIFIED,11282,0
ground_truth,Dafny-Exercises_tmp_tmpjm75muf__Session8Exercises_ExerciseInsertionSort.dfy,smtlib,z3,predicates,VERIFIED,3373,0
ground_truth,Dafny-Exercises_tmp_tmpjm75muf__Session8Exercises_ExerciseInsertionSort.dfy,smtlib,z3,arguments,VERIFIED,4558,0
ground_truth,dafny-language-server_tmp_tmpkir0kenl_Test_dafny4_git-issue74.dfy,tptp,vampire,polymorphic,VERIFIED,1455,0
ground_truth,dafny-language-server_tmp_tmpkir0kenl_Test_dafny4_git-issue74.dfy,tptp,vampire,monomorphic,VERIFIED,1551,0
ground_truth,dafny-language-server_tmp_tmpkir0kenl_Test_dafny4_git-issue74.dfy,tptp,vampire,predicates,VERIFIED,1463,0
ground_truth,dafny-language-server_tmp_tmpkir0kenl_Test_dafny4_git-issue74.dfy,tptp,vampire,arguments,VERIFIED,1450,0
ground_truth,dafny-language-server_tmp_tmpkir0kenl_Test_dafny4_git-issue74.dfy,smtlib,vampire,monomorphic,VERIFIED,1485,0
ground_truth,dafny-language-server_tmp_tmpkir0kenl_Test_dafny4_git-issue74.dfy,smtlib,vampire,predicates,VERIFIED,1413,0
ground_truth,dafny-language-server_tmp_tmpkir0kenl_Test_dafny4_git-issue74.dfy,smtlib,vampire,arguments,VERIFIED,1402,0
ground_truth,dafny-language-server_tmp_tmpkir0kenl_Test_dafny4_git-issue74.dfy,smtlib,z3,monomorphic,VERIFIED,1474,0
ground_truth,dafny-language-server_tmp_tmpkir0kenl_Test_dafny4_git-issue74.dfy,smtlib,z3,predicates,VERIFIED,1416,0
ground_truth,dafny-language-server_tmp_tmpkir0kenl_Test_dafny4_git-issue74.dfy,smtlib,z3,arguments,VERIFIED,1412,0
ground_truth,dafny-sandbox_tmp_tmp3tu2bu8a_Stlc.dfy,tptp,vampire,polymorphic,VERIFICATION_TIMED_OUT,43852,4
ground_truth,dafny-sandbox_tmp_tmp3tu2bu8a_Stlc.dfy,tptp,vampire,monomorphic,VERIFICATION_TIMED_OUT,43334,4
ground_truth,dafny-sandbox_tmp_tmp3tu2bu8a_Stlc.dfy,tptp,vampire,predicates,VERIFICATION_TIMED_OUT,50000,4
ground_truth,dafny-sandbox_tmp_tmp3tu2bu8a_Stlc.dfy,tptp,vampire,arguments,VERIFICATION_TIMED_OUT,44522,4
ground_truth,dafny-sandbox_tmp_tmp3tu2bu8a_Stlc.dfy,smtlib,vampire,monomorphic,VERIFICATION_TIMED_OUT,34867,4
ground_truth,dafny-sandbox_tmp_tmp3tu2bu8a_Stlc.dfy,smtlib,vampire,predicates,VERIFICATION_TIMED_OUT,45176,4
ground_truth,dafny-sandbox_tmp_tmp3tu2bu8a_Stlc.dfy,smtlib,vampire,arguments,VERIFICATION_TIMED_OUT,43866,4
ground_truth,dafny-sandbox_tmp_tmp3tu2bu8a_Stlc.dfy,smtlib,z3,monomorphic,NOT_VERIFIED,2173,4
ground_truth,dafny-sandbox_tmp_tmp3tu2bu8a_Stlc.dfy,smtlib,z3,predicates,NOT_VERIFIED,2372,4
ground_truth,dafny-sandbox_tmp_tmp3tu2bu8a_Stlc.dfy,smtlib,z3,arguments,NOT_VERIFIED,2103,4
ground_truth,dafny_tmp_tmp59p638nn_examples_derangement.dfy,tptp,vampire,polymorphic,VERIFICATION_TIMED_OUT,15572,4
ground_truth,dafny_tmp_tmp59p638nn_examples_derangement.dfy,tptp,vampire,monomorphic,VERIFICATION_TIMED_OUT,15661,4
ground_truth,dafny_tmp_tmp59p638nn_examples_derangement.dfy,tptp,vampire,predicates,VERIFICATION_TIMED_OUT,15657,4
ground_truth,dafny_tmp_tmp59p638nn_examples_derangement.dfy,tptp,vampire,arguments,VERIFICATION_TIMED_OUT,15572,4
ground_truth,dafny_tmp_tmp59p638nn_examples_derangement.dfy,smtlib,vampire,monomorphic,VERIFICATION_TIMED_OUT,15520,4
ground_truth,dafny_tmp_tmp59p638nn_examples_derangement.dfy,smtlib,vampire,predicates,VERIFICATION_TIMED_OUT,15583,4
ground_truth,dafny_tmp_tmp59p638nn_examples_derangement.dfy,smtlib,vampire,arguments,VERIFICATION_TIMED_OUT,15506,4
ground_truth,dafny_tmp_tmp59p638nn_examples_derangement.dfy,smtlib,z3,monomorphic,VERIFICATION_TIMED_OUT,16660,4
ground_truth,dafny_tmp_tmp59p638nn_examples_derangement.dfy,smtlib,z3,predicates,VERIFICATION_TIMED_OUT,16627,4
ground_truth,dafny_tmp_tmp59p638nn_examples_derangement.dfy,smtlib,z3,arguments,VERIFICATION_TIMED_OUT,16644,4
ground_truth,Dafny-Exercises_tmp_tmpjm75muf__Session7Exercises_ExerciseReplace.dfy,tptp,vampire,polymorphic,VERIFICATION_TIMED_OUT,15356,4
ground_truth,Dafny-Exercises_tmp_tmpjm75muf__Session7Exercises_ExerciseReplace.dfy,tptp,vampire,monomorphic,VERIFICATION_TIMED_OUT,15460,4
ground_truth,Dafny-Exercises_tmp_tmpjm75muf__Session7Exercises_ExerciseReplace.dfy,tptp,vampire,predicates,VERIFICATION_TIMED_OUT,15411,4
ground_truth,Dafny-Exercises_tmp_tmpjm75muf__Session7Exercises_ExerciseReplace.dfy,tptp,vampire,arguments,VERIFICATION_TIMED_OUT,15408,4
ground_truth,Dafny-Exercises_tmp_tmpjm75muf__Session7Exercises_ExerciseReplace.dfy,smtlib,vampire,monomorphic,VERIFICATION_TIMED_OUT,15387,4
ground_truth,Dafny-Exercises_tmp_tmpjm75muf__Session7Exercises_ExerciseReplace.dfy,smtlib,vampire,predicates,VERIFICATION_TIMED_OUT,15353,4
ground_truth,Dafny-Exercises_tmp_tmpjm75muf__Session7Exercises_ExerciseReplace.dfy,smtlib,vampire,arguments,VERIFICATION_TIMED_OUT,15292,4
ground_truth,Dafny-Exercises_tmp_tmpjm75muf__Session7Exercises_ExerciseReplace.dfy,smtlib,z3,monomorphic,VERIFIED,1541,0
ground_truth,Dafny-Exercises_tmp_tmpjm75muf__Session7Exercises_ExerciseReplace.dfy,smtlib,z3,predicates,VERIFIED,1482,0
ground_truth,Dafny-Exercises_tmp_tmpjm75muf__Session7Exercises_ExerciseReplace.dfy,smtlib,z3,arguments,VERIFIED,1481,0
ground_truth,assertive-programming-assignment-1_tmp_tmp3h_cj44u_ProdAndCount.dfy,tptp,vampire,polymorphic,VERIFICATION_TIMED_OUT,35220,4
ground_truth,assertive-programming-assignment-1_tmp_tmp3h_cj44u_ProdAndCount.dfy,tptp,vampire,monomorphic,VERIFICATION_TIMED_OUT,41354,4
ground_truth,assertive-programming-assignment-1_tmp_tmp3h_cj44u_ProdAndCount.dfy,tptp,vampire,predicates,VERIFICATION_TIMED_OUT,45776,4
ground_truth,assertive-programming-assignment-1_tmp_tmp3h_cj44u_ProdAndCount.dfy,tptp,vampire,arguments,VERIFICATION_TIMED_OUT,36189,4
ground_truth,assertive-programming-assignment-1_tmp_tmp3h_cj44u_ProdAndCount.dfy,smtlib,vampire,monomorphic,VERIFICATION_TIMED_OUT,31633,4
ground_truth,assertive-programming-assignment-1_tmp_tmp3h_cj44u_ProdAndCount.dfy,smtlib,vampire,predicates,VERIFICATION_TIMED_OUT,46111,4
ground_truth,assertive-programming-assignment-1_tmp_tmp3h_cj44u_ProdAndCount.dfy,smtlib,vampire,arguments,VERIFICATION_TIMED_OUT,33124,4
ground_truth,assertive-programming-assignment-1_tmp_tmp3h_cj44u_ProdAndCount.dfy,smtlib,z3,monomorphic,VERIFICATION_TIMED_OUT,17101,4
ground_truth,assertive-programming-assignment-1_tmp_tmp3h_cj44u_ProdAndCount.dfy,smtlib,z3,predicates,VERIFICATION_TIMED_OUT,17039,4
ground_truth,assertive-programming-assignment-1_tmp_tmp3h_cj44u_ProdAndCount.dfy,smtlib,z3,arguments,VERIFICATION_TIMED_OUT,17016,4
ground_truth,Software-building-and-verification-Projects_tmp_tmp5tm1srrn_CVS-projeto_handout1.dfy,tptp,vampire,polymorphic,VERIFICATION_TIMED_OUT,16477,4
ground_truth,Software-building-and-verification-Projects_tmp_tmp5tm1srrn_CVS-projeto_handout1.dfy,tptp,vampire,monomorphic,VERIFICATION_TIMED_OUT,16577,4
ground_truth,Software-building-and-verification-Projects_tmp_tmp5tm1srrn_CVS-projeto_handout1.dfy,tptp,vampire,predicates,VERIFICATION_TIMED_OUT,29633,4
ground_truth,Software-building-and-verification-Projects_tmp_tmp5tm1srrn_CVS-projeto_handout1.dfy,tptp,vampire,arguments,VERIFICATION_TIMED_OUT,16515,4
ground_truth,Software-building-and-verification-Projects_tmp_tmp5tm1srrn_CVS-projeto_handout1.dfy,smtlib,vampire,monomorphic,VERIFICATION_TIMED_OUT,16054,4
ground_truth,Software-building-and-verification-Projects_tmp_tmp5tm1srrn_CVS-projeto_handout1.dfy,smtlib,vampire,predicates,VERIFICATION_TIMED_OUT,17369,4
ground_truth,Software-building-and-verification-Projects_tmp_tmp5tm1srrn_CVS-projeto_handout1.dfy,smtlib,vampire,arguments,VERIFICATION_TIMED_OUT,16595,4
ground_truth,Software-building-and-verification-Projects_tmp_tmp5tm1srrn_CVS-projeto_handout1.dfy,smtlib,z3,monomorphic,VERIFIED,1812,0
ground_truth,Software-building-and-verification-Projects_tmp_tmp5tm1srrn_CVS-projeto_handout1.dfy,smtlib,z3,predicates,VERIFIED,1731,0
ground_truth,Software-building-and-verification-Projects_tmp_tmp5tm1srrn_CVS-projeto_handout1.dfy,smtlib,z3,arguments,VERIFIED,1709,0
ground_truth,dafny-synthesis_task_id_251.dfy,tptp,vampire,polymorphic,VERIFICATION_TIMED_OUT,15334,4
ground_truth,dafny-synthesis_task_id_251.dfy,tptp,vampire,monomorphic,VERIFICATION_TIMED_OUT,15425,4
ground_truth,dafny-synthesis_task_id_251.dfy,tptp,vampire,predicates,VERIFICATION_TIMED_OUT,15368,4
ground_truth,dafny-synthesis_task_id_251.dfy,tptp,vampire,arguments,VERIFICATION_TIMED_OUT,15349,4
ground_truth,dafny-synthesis_task_id_251.dfy,smtlib,vampire,monomorphic,VERIFIED,3387,0
ground_truth,dafny-synthesis_task_id_251.dfy,smtlib,vampire,predicates,VERIFICATION_TIMED_OUT,15242,4
ground_truth,dafny-synthesis_task_id_251.dfy,smtlib,vampire,arguments,VERIFICATION_TIMED_OUT,15310,4
ground_truth,dafny-synthesis_task_id_251.dfy,smtlib,z3,monomorphic,VERIFIED,1492,0
ground_truth,dafny-synthesis_task_id_251.dfy,smtlib,z3,predicates,VERIFIED,1442,0
ground_truth,dafny-synthesis_task_id_251.dfy,smtlib,z3,arguments,VERIFIED,1416,0
ground_truth,cs245-verification_tmp_tmp0h_nxhqp_SortingIssues_FirstAttempt.dfy,tptp,vampire,polymorphic,VERIFIED,6721,0
ground_truth,cs245-verification_tmp_tmp0h_nxhqp_SortingIssues_FirstAttempt.dfy,tptp,vampire,monomorphic,VERIFIED,3484,0
ground_truth,cs245-verification_tmp_tmp0h_nxhqp_SortingIssues_FirstAttempt.dfy,tptp,vampire,predicates,VERIFICATION_TIMED_OUT,15411,4
ground_truth,cs245-verification_tmp_tmp0h_nxhqp_SortingIssues_FirstAttempt.dfy,tptp,vampire,arguments,VERIFIED,3318,0
ground_truth,cs245-verification_tmp_tmp0h_nxhqp_SortingIssues_FirstAttempt.dfy,smtlib,vampire,monomorphic,VERIFIED,3484,0
ground_truth,cs245-verification_tmp_tmp0h_nxhqp_SortingIssues_FirstAttempt.dfy,smtlib,vampire,predicates,VERIFICATION_TIMED_OUT,15331,4
ground_truth,cs245-verification_tmp_tmp0h_nxhqp_SortingIssues_FirstAttempt.dfy,smtlib,vampire,arguments,VERIFIED,3409,0
ground_truth,cs245-verification_tmp_tmp0h_nxhqp_SortingIssues_FirstAttempt.dfy,smtlib,z3,monomorphic,VERIFIED,1516,0
ground_truth,cs245-verification_tmp_tmp0h_nxhqp_SortingIssues_FirstAttempt.dfy,smtlib,z3,predicates,VERIFIED,1476,0
ground_truth,cs245-verification_tmp_tmp0h_nxhqp_SortingIssues_FirstAttempt.dfy,smtlib,z3,arguments,VERIFIED,1469,0
ground_truth,Correctness_tmp_tmpwqvg5q_4_HoareLogic_exam.dfy,tptp,vampire,polymorphic,VERIFIED,6145,0
ground_truth,Correctness_tmp_tmpwqvg5q_4_HoareLogic_exam.dfy,tptp,vampire,monomorphic,VERIFICATION_TIMED_OUT,15718,4
ground_truth,Correctness_tmp_tmpwqvg5q_4_HoareLogic_exam.dfy,tptp,vampire,predicates,VERIFICATION_TIMED_OUT,15476,4
ground_truth,Correctness_tmp_tmpwqvg5q_4_HoareLogic_exam.dfy,tptp,vampire,arguments,VERIFICATION_TIMED_OUT,15509,4
ground_truth,Correctness_tmp_tmpwqvg5q_4_HoareLogic_exam.dfy,smtlib,vampire,monomorphic,VERIFIED,3804,0
ground_truth,Correctness_tmp_tmpwqvg5q_4_HoareLogic_exam.dfy,smtlib,vampire,predicates,VERIFICATION_TIMED_OUT,15405,4
ground_truth,Correctness_tmp_tmpwqvg5q_4_HoareLogic_exam.dfy,smtlib,vampire,arguments,VERIFIED,2324,0
ground_truth,Correctness_tmp_tmpwqvg5q_4_HoareLogic_exam.dfy,smtlib,z3,monomorphic,VERIFIED,1534,0
ground_truth,Correctness_tmp_tmpwqvg5q_4_HoareLogic_exam.dfy,smtlib,z3,predicates,VERIFIED,1490,0
ground_truth,Correctness_tmp_tmpwqvg5q_4_HoareLogic_exam.dfy,smtlib,z3,arguments,VERIFIED,1482,0
ground_truth,Dafny-Exercises_tmp_tmpjm75muf__Session7Exercises_ExerciseSelSort.dfy,tptp,vampire,polymorphic,VERIFICATION_TIMED_OUT,15498,4
ground_truth,Dafny-Exercises_tmp_tmpjm75muf__Session7Exercises_ExerciseSelSort.dfy,tptp,vampire,monomorphic,VERIFIED,3566,0
ground_truth,Dafny-Exercises_tmp_tmpjm75muf__Session7Exercises_ExerciseSelSort.dfy,tptp,vampire,predicates,VERIFIED,3548,0
ground_truth,Dafny-Exercises_tmp_tmpjm75muf__Session7Exercises_ExerciseSelSort.dfy,tptp,vampire,arguments,VERIFIED,3530,0
ground_truth,Dafny-Exercises_tmp_tmpjm75muf__Session7Exercises_ExerciseSelSort.dfy,smtlib,vampire,monomorphic,VERIFICATION_TIMED_OUT,15508,4
ground_truth,Dafny-Exercises_tmp_tmpjm75muf__Session7Exercises_ExerciseSelSort.dfy,smtlib,vampire,predicates,VERIFICATION_TIMED_OUT,15442,4
ground_truth,Dafny-Exercises_tmp_tmpjm75muf__Session7Exercises_ExerciseSelSort.dfy,smtlib,vampire,arguments,VERIFICATION_TIMED_OUT,15448,4
ground_truth,Dafny-Exercises_tmp_tmpjm75muf__Session7Exercises_ExerciseSelSort.dfy,smtlib,z3,monomorphic,VERIFIED,3936,0
ground_truth,Dafny-Exercises_tmp_tmpjm75muf__Session7Exercises_ExerciseSelSort.dfy,smtlib,z3,predicates,VERIFIED,2262,0
ground_truth,Dafny-Exercises_tmp_tmpjm75muf__Session7Exercises_ExerciseSelSort.dfy,smtlib,z3,arguments,VERIFIED,2108,0
ground_truth,vmware-verification-2023_tmp_tmpoou5u54i_demos_leader_election.dfy,tptp,vampire,polymorphic,VERIFICATION_TIMED_OUT,16053,4
ground_truth,vmware-verification-2023_tmp_tmpoou5u54i_demos_leader_election.dfy,tptp,vampire,monomorphic,VERIFICATION_TIMED_OUT,16702,4
ground_truth,vmware-verification-2023_tmp_tmpoou5u54i_demos_leader_election.dfy,tptp,vampire,predicates,VERIFICATION_TIMED_OUT,16764,4
ground_truth,vmware-verification-2023_tmp_tmpoou5u54i_demos_leader_election.dfy,tptp,vampire,arguments,VERIFICATION_TIMED_OUT,16453,4
ground_truth,vmware-verification-2023_tmp_tmpoou5u54i_demos_leader_election.dfy,smtlib,vampire,monomorphic,VERIFIED,3734,0
ground_truth,vmware-verification-2023_tmp_tmpoou5u54i_demos_leader_election.dfy,smtlib,vampire,predicates,VERIFICATION_TIMED_OUT,17059,4
ground_truth,vmware-verification-2023_tmp_tmpoou5u54i_demos_leader_election.dfy,smtlib,vampire,arguments,VERIFICATION_TIMED_OUT,16503,4
ground_truth,vmware-verification-2023_tmp_tmpoou5u54i_demos_leader_election.dfy,smtlib,z3,monomorphic,VERIFIED,2004,0
ground_truth,vmware-verification-2023_tmp_tmpoou5u54i_demos_leader_election.dfy,smtlib,z3,predicates,NOT_VERIFIED,2077,4
ground_truth,vmware-verification-2023_tmp_tmpoou5u54i_demos_leader_election.dfy,smtlib,z3,arguments,VERIFIED,1918,0
ground_truth,dafny-language-server_tmp_tmpkir0kenl_Test_dafny4_MonadicLaws.dfy,tptp,vampire,polymorphic,VERIFICATION_TIMED_OUT,19181,4
ground_truth,dafny-language-server_tmp_tmpkir0kenl_Test_dafny4_MonadicLaws.dfy,tptp,vampire,monomorphic,VERIFICATION_TIMED_OUT,19270,4
ground_truth,dafny-language-server_tmp_tmpkir0kenl_Test_dafny4_MonadicLaws.dfy,tptp,vampire,predicates,VERIFICATION_TIMED_OUT,29730,4
ground_truth,dafny-language-server_tmp_tmpkir0kenl_Test_dafny4_MonadicLaws.dfy,tptp,vampire,arguments,VERIFICATION_TIMED_OUT,20118,4
ground_truth,dafny-language-server_tmp_tmpkir0kenl_Test_dafny4_MonadicLaws.dfy,smtlib,vampire,monomorphic,VERIFICATION_TIMED_OUT,19745,4
ground_truth,dafny-language-server_tmp_tmpkir0kenl_Test_dafny4_MonadicLaws.dfy,smtlib,vampire,predicates,VERIFICATION_TIMED_OUT,29613,4
ground_truth,dafny-language-server_tmp_tmpkir0kenl_Test_dafny4_MonadicLaws.dfy,smtlib,vampire,arguments,VERIFICATION_TIMED_OUT,20430,4
ground_truth,dafny-language-server_tmp_tmpkir0kenl_Test_dafny4_MonadicLaws.dfy,smtlib,z3,monomorphic,VERIFIED,1958,0
ground_truth,dafny-language-server_tmp_tmpkir0kenl_Test_dafny4_MonadicLaws.dfy,smtlib,z3,predicates,VERIFIED,1872,0
ground_truth,dafny-language-server_tmp_tmpkir0kenl_Test_dafny4_MonadicLaws.dfy,smtlib,z3,arguments,VERIFIED,1850,0
ground_truth,SENG2011_tmp_tmpgk5jq85q_p2.dfy,tptp,vampire,polymorphic,VERIFICATION_TIMED_OUT,15399,4
ground_truth,SENG2011_tmp_tmpgk5jq85q_p2.dfy,tptp,vampire,monomorphic,VERIFICATION_TIMED_OUT,15470,4
ground_truth,SENG2011_tmp_tmpgk5jq85q_p2.dfy,tptp,vampire,predicates,VERIFICATION_TIMED_OUT,15403,4
ground_truth,SENG2011_tmp_tmpgk5jq85q_p2.dfy,tptp,vampire,arguments,VERIFICATION_TIMED_OUT,15423,4
ground_truth,SENG2011_tmp_tmpgk5jq85q_p2.dfy,smtlib,vampire,monomorphic,VERIFIED,3410,0
ground_truth,SENG2011_tmp_tmpgk5jq85q_p2.dfy,smtlib,vampire,predicates,VERIFICATION_TIMED_OUT,15308,4
ground_truth,SENG2011_tmp_tmpgk5jq85q_p2.dfy,smtlib,vampire,arguments,VERIFIED,3365,0
ground_truth,SENG2011_tmp_tmpgk5jq85q_p2.dfy,smtlib,z3,monomorphic,VERIFIED,1530,0
ground_truth,SENG2011_tmp_tmpgk5jq85q_p2.dfy,smtlib,z3,predicates,VERIFIED,1490,0
ground_truth,SENG2011_tmp_tmpgk5jq85q_p2.dfy,smtlib,z3,arguments,VERIFIED,1489,0
ground_truth,type-definition_tmp_tmp71kdzz3p_final.dfy,tptp,vampire,polymorphic,VERIFIED,1933,0
ground_truth,type-definition_tmp_tmp71kdzz3p_final.dfy,tptp,vampire,monomorphic,VERIFIED,2098,0
ground_truth,type-definition_tmp_tmp71kdzz3p_final.dfy,tptp,vampire,predicates,VERIFIED,6455,0
ground_truth,type-definition_tmp_tmp71kdzz3p_final.dfy,tptp,vampire,arguments,VERIFIED,1995,0
ground_truth,type-definition_tmp_tmp71kdzz3p_final.dfy,smtlib,vampire,monomorphic,VERIFIED,2087,0
ground_truth,type-definition_tmp_tmp71kdzz3p_final.dfy,smtlib,vampire,predicates,VERIFICATION_TIMED_OUT,15240,4
ground_truth,type-definition_tmp_tmp71kdzz3p_final.dfy,smtlib,vampire,arguments,VERIFIED,1957,0
ground_truth,type-definition_tmp_tmp71kdzz3p_final.dfy,smtlib,z3,monomorphic,VERIFIED,1506,0
ground_truth,type-definition_tmp_tmp71kdzz3p_final.dfy,smtlib,z3,predicates,VERIFIED,1457,0
ground_truth,type-definition_tmp_tmp71kdzz3p_final.dfy,smtlib,z3,arguments,VERIFIED,1408,0
ground_truth,Dafny_Verify_tmp_tmphq7j0row_AI_agent_verify_examples_Cube.dfy,tptp,vampire,polymorphic,VERIFIED,5430,0
ground_truth,Dafny_Verify_tmp_tmphq7j0row_AI_agent_verify_examples_Cube.dfy,tptp,vampire,monomorphic,VERIFIED,3457,0
ground_truth,Dafny_Verify_tmp_tmphq7j0row_AI_agent_verify_examples_Cube.dfy,tptp,vampire,predicates,VERIFICATION_TIMED_OUT,15272,4
ground_truth,Dafny_Verify_tmp_tmphq7j0row_AI_agent_verify_examples_Cube.dfy,tptp,vampire,arguments,VERIFICATION_TIMED_OUT,15291,4
ground_truth,Dafny_Verify_tmp_tmphq7j0row_AI_agent_verify_examples_Cube.dfy,smtlib,vampire,monomorphic,VERIFIED,15069,0
ground_truth,Dafny_Verify_tmp_tmphq7j0row_AI_agent_verify_examples_Cube.dfy,smtlib,vampire,predicates,VERIFICATION_TIMED_OUT,15248,4
ground_truth,Dafny_Verify_tmp_tmphq7j0row_AI_agent_verify_examples_Cube.dfy,smtlib,vampire,arguments,VERIFICATION_TIMED_OUT,15203,4
ground_truth,Dafny_Verify_tmp_tmphq7j0row_AI_agent_verify_examples_Cube.dfy,smtlib,z3,monomorphic,VERIFIED,1421,0
ground_truth,Dafny_Verify_tmp_tmphq7j0row_AI_agent_verify_examples_Cube.dfy,smtlib,z3,predicates,VERIFIED,1351,0
ground_truth,Dafny_Verify_tmp_tmphq7j0row_AI_agent_verify_examples_Cube.dfy,smtlib,z3,arguments,VERIFIED,1365,0
ground_truth,ironsync-osdi2023_tmp_tmpx80antoe_linear-dafny_Test_git-issues_git-issue-1158.dfy,tptp,vampire,polymorphic,VERIFIED,1568,0
ground_truth,ironsync-osdi2023_tmp_tmpx80antoe_linear-dafny_Test_git-issues_git-issue-1158.dfy,tptp,vampire,monomorphic,VERIFIED,1677,0
ground_truth,ironsync-osdi2023_tmp_tmpx80antoe_linear-dafny_Test_git-issues_git-issue-1158.dfy,tptp,vampire,predicates,VERIFICATION_TIMED_OUT,15422,4
ground_truth,ironsync-osdi2023_tmp_tmpx80antoe_linear-dafny_Test_git-issues_git-issue-1158.dfy,tptp,vampire,arguments,VERIFIED,1574,0
ground_truth,ironsync-osdi2023_tmp_tmpx80antoe_linear-dafny_Test_git-issues_git-issue-1158.dfy,smtlib,vampire,monomorphic,VERIFIED,1619,0
ground_truth,ironsync-osdi2023_tmp_tmpx80antoe_linear-dafny_Test_git-issues_git-issue-1158.dfy,smtlib,vampire,predicates,VERIFICATION_TIMED_OUT,15302,4
ground_truth,ironsync-osdi2023_tmp_tmpx80antoe_linear-dafny_Test_git-issues_git-issue-1158.dfy,smtlib,vampire,arguments,VERIFIED,1519,0
ground_truth,ironsync-osdi2023_tmp_tmpx80antoe_linear-dafny_Test_git-issues_git-issue-1158.dfy,smtlib,z3,monomorphic,VERIFIED,1509,0
ground_truth,ironsync-osdi2023_tmp_tmpx80antoe_linear-dafny_Test_git-issues_git-issue-1158.dfy,smtlib,z3,predicates,VERIFIED,1477,0
ground_truth,ironsync-osdi2023_tmp_tmpx80antoe_linear-dafny_Test_git-issues_git-issue-1158.dfy,smtlib,z3,arguments,VERIFIED,1430,0
ground_truth,laboratory_tmp_tmps8ws6mu2_dafny-tutorial_exercise9.dfy,tptp,vampire,polymorphic,VERIFICATION_TIMED_OUT,15349,4
ground_truth,laboratory_tmp_tmps8ws6mu2_dafny-tutorial_exercise9.dfy,tptp,vampire,monomorphic,VERIFICATION_TIMED_OUT,15435,4
ground_truth,laboratory_tmp_tmps8ws6mu2_dafny-tutorial_exercise9.dfy,tptp,vampire,predicates,VERIFICATION_TIMED_OUT,15394,4
ground_truth,laboratory_tmp_tmps8ws6mu2_dafny-tutorial_exercise9.dfy,tptp,vampire,arguments,VERIFICATION_TIMED_OUT,15327,4
ground_truth,laboratory_tmp_tmps8ws6mu2_dafny-tutorial_exercise9.dfy,smtlib,vampire,monomorphic,VERIFICATION_TIMED_OUT,15356,4
ground_truth,laboratory_tmp_tmps8ws6mu2_dafny-tutorial_exercise9.dfy,smtlib,vampire,predicates,VERIFICATION_TIMED_OUT,15269,4
ground_truth,laboratory_tmp_tmps8ws6mu2_dafny-tutorial_exercise9.dfy,smtlib,vampire,arguments,VERIFICATION_TIMED_OUT,15266,4
ground_truth,laboratory_tmp_tmps8ws6mu2_dafny-tutorial_exercise9.dfy,smtlib,z3,monomorphic,VERIFIED,1488,0
ground_truth,laboratory_tmp_tmps8ws6mu2_dafny-tutorial_exercise9.dfy,smtlib,z3,predicates,VERIFIED,1421,0
ground_truth,laboratory_tmp_tmps8ws6mu2_dafny-tutorial_exercise9.dfy,smtlib,z3,arguments,VERIFIED,1435,0
ground_truth,groupTheory_tmp_tmppmmxvu8h_tutorial2.dfy,tptp,vampire,polymorphic,VERIFIED,4958,0
ground_truth,groupTheory_tmp_tmppmmxvu8h_tutorial2.dfy,tptp,vampire,monomorphic,VERIFIED,2601,0
ground_truth,groupTheory_tmp_tmppmmxvu8h_tutorial2.dfy,tptp,vampire,predicates,VERIFICATION_TIMED_OUT,15312,4
ground_truth,groupTheory_tmp_tmppmmxvu8h_tutorial2.dfy,tptp,vampire,arguments,VERIFIED,4932,0
ground_truth,groupTheory_tmp_tmppmmxvu8h_tutorial2.dfy,smtlib,vampire,monomorphic,VERIFIED,2633,0
ground_truth,groupTheory_tmp_tmppmmxvu8h_tutorial2.dfy,smtlib,vampire,predicates,VERIFICATION_TIMED_OUT,15259,4
ground_truth,groupTheory_tmp_tmppmmxvu8h_tutorial2.dfy,smtlib,vampire,arguments,VERIFIED,2553,0
ground_truth,groupTheory_tmp_tmppmmxvu8h_tutorial2.dfy,smtlib,z3,monomorphic,VERIFIED,1460,0
ground_truth,groupTheory_tmp_tmppmmxvu8h_tutorial2.dfy,smtlib,z3,predicates,VERIFIED,1428,0
ground_truth,groupTheory_tmp_tmppmmxvu8h_tutorial2.dfy,smtlib,z3,arguments,VERIFIED,1391,0
ground_truth,cs245-verification_tmp_tmp0h_nxhqp_Assignments_simple.dfy,tptp,vampire,polymorphic,VERIFIED,1317,0
ground_truth,cs245-verification_tmp_tmp0h_nxhqp_Assignments_simple.dfy,tptp,vampire,monomorphic,VERIFIED,1422,0
ground_truth,cs245-verification_tmp_tmp0h_nxhqp_Assignments_simple.dfy,tptp,vampire,predicates,VERIFIED,1346,0
ground_truth,cs245-verification_tmp_tmp0h_nxhqp_Assignments_simple.dfy,tptp,vampire,arguments,VERIFIED,1332,0
ground_truth,cs245-verification_tmp_tmp0h_nxhqp_Assignments_simple.dfy,smtlib,vampire,monomorphic,VERIFIED,1344,0
ground_truth,cs245-verification_tmp_tmp0h_nxhqp_Assignments_simple.dfy,smtlib,vampire,predicates,VERIFIED,1270,0
ground_truth,cs245-verification_tmp_tmp0h_nxhqp_Assignments_simple.dfy,smtlib,vampire,arguments,VERIFIED,1288,0
ground_truth,cs245-verification_tmp_tmp0h_nxhqp_Assignments_simple.dfy,smtlib,z3,monomorphic,VERIFIED,1337,0
ground_truth,cs245-verification_tmp_tmp0h_nxhqp_Assignments_simple.dfy,smtlib,z3,predicates,VERIFIED,1291,0
ground_truth,cs245-verification_tmp_tmp0h_nxhqp_Assignments_simple.dfy,smtlib,z3,arguments,VERIFIED,1267,0
ground_truth,dafny-synthesis_task_id_644.dfy,tptp,vampire,polymorphic,VERIFICATION_TIMED_OUT,15430,4
ground_truth,dafny-synthesis_task_id_644.dfy,tptp,vampire,monomorphic,VERIFICATION_TIMED_OUT,15536,4
ground_truth,dafny-synthesis_task_id_644.dfy,tptp,vampire,predicates,VERIFICATION_TIMED_OUT,15501,4
ground_truth,dafny-synthesis_task_id_644.dfy,tptp,vampire,arguments,VERIFICATION_TIMED_OUT,15545,4
ground_truth,dafny-synthesis_task_id_644.dfy,smtlib,vampire,monomorphic,VERIFICATION_TIMED_OUT,15453,4
ground_truth,dafny-synthesis_task_id_644.dfy,smtlib,vampire,predicates,VERIFICATION_TIMED_OUT,15313,4
ground_truth,dafny-synthesis_task_id_644.dfy,smtlib,vampire,arguments,VERIFIED,3679,0
ground_truth,dafny-synthesis_task_id_644.dfy,smtlib,z3,monomorphic,VERIFIED,1578,0
ground_truth,dafny-synthesis_task_id_644.dfy,smtlib,z3,predicates,VERIFIED,1540,0
ground_truth,dafny-synthesis_task_id_644.dfy,smtlib,z3,arguments,VERIFIED,1506,0
ground_truth,Program-Verification-Dataset_tmp_tmpgbdrlnu__Dafny_from dafny main repo_dafny2_StoreAndRetrieve.dfy,tptp,vampire,polymorphic,VERIFICATION_TIMED_OUT,35012,4
ground_truth,Program-Verification-Dataset_tmp_tmpgbdrlnu__Dafny_from dafny main repo_dafny2_StoreAndRetrieve.dfy,tptp,vampire,monomorphic,VERIFICATION_TIMED_OUT,35078,4
ground_truth,Program-Verification-Dataset_tmp_tmpgbdrlnu__Dafny_from dafny main repo_dafny2_StoreAndRetrieve.dfy,tptp,vampire,predicates,VERIFICATION_TIMED_OUT,58766,4
ground_truth,Program-Verification-Dataset_tmp_tmpgbdrlnu__Dafny_from dafny main repo_dafny2_StoreAndRetrieve.dfy,tptp,vampire,arguments,VERIFICATION_TIMED_OUT,58398,4
ground_truth,Program-Verification-Dataset_tmp_tmpgbdrlnu__Dafny_from dafny main repo_dafny2_StoreAndRetrieve.dfy,smtlib,vampire,monomorphic,VERIFICATION_TIMED_OUT,32986,4
ground_truth,Program-Verification-Dataset_tmp_tmpgbdrlnu__Dafny_from dafny main repo_dafny2_StoreAndRetrieve.dfy,smtlib,vampire,predicates,VERIFICATION_TIMED_OUT,71913,4
ground_truth,Program-Verification-Dataset_tmp_tmpgbdrlnu__Dafny_from dafny main repo_dafny2_StoreAndRetrieve.dfy,smtlib,vampire,arguments,VERIFICATION_TIMED_OUT,35648,4
ground_truth,Program-Verification-Dataset_tmp_tmpgbdrlnu__Dafny_from dafny main repo_dafny2_StoreAndRetrieve.dfy,smtlib,z3,monomorphic,VERIFIED,2886,0
ground_truth,Program-Verification-Dataset_tmp_tmpgbdrlnu__Dafny_from dafny main repo_dafny2_StoreAndRetrieve.dfy,smtlib,z3,predicates,VERIFIED,2592,0
ground_truth,Program-Verification-Dataset_tmp_tmpgbdrlnu__Dafny_from dafny main repo_dafny2_StoreAndRetrieve.dfy,smtlib,z3,arguments,VERIFIED,2427,0
ground_truth,dafny-language-server_tmp_tmpkir0kenl_Test_dafny4_Bug144.dfy,tptp,vampire,polymorphic,VERIFIED,1498,0
ground_truth,dafny-language-server_tmp_tmpkir0kenl_Test_dafny4_Bug144.dfy,tptp,vampire,monomorphic,VERIFIED,2084,0
ground_truth,dafny-language-server_tmp_tmpkir0kenl_Test_dafny4_Bug144.dfy,tptp,vampire,predicates,VERIFICATION_TIMED_OUT,15364,4
ground_truth,dafny-language-server_tmp_tmpkir0kenl_Test_dafny4_Bug144.dfy,tptp,vampire,arguments,VERIFIED,1973,0
ground_truth,dafny-language-server_tmp_tmpkir0kenl_Test_dafny4_Bug144.dfy,smtlib,vampire,monomorphic,VERIFIED,1569,0
ground_truth,dafny-language-server_tmp_tmpkir0kenl_Test_dafny4_Bug144.dfy,smtlib,vampire,predicates,VERIFICATION_TIMED_OUT,15263,4
ground_truth,dafny-language-server_tmp_tmpkir0kenl_Test_dafny4_Bug144.dfy,smtlib,vampire,arguments,VERIFIED,1984,0
ground_truth,dafny-language-server_tmp_tmpkir0kenl_Test_dafny4_Bug144.dfy,smtlib,z3,monomorphic,VERIFIED,1534,0
ground_truth,dafny-language-server_tmp_tmpkir0kenl_Test_dafny4_Bug144.dfy,smtlib,z3,predicates,VERIFIED,1476,0
ground_truth,dafny-language-server_tmp_tmpkir0kenl_Test_dafny4_Bug144.dfy,smtlib,z3,arguments,VERIFIED,1439,0
ground_truth,libraries_tmp_tmp9gegwhqj_examples_MutableMap_MutableMapDafny.dfy,tptp,vampire,polymorphic,VERIFICATION_TIMED_OUT,16184,4
ground_truth,libraries_tmp_tmp9gegwhqj_examples_MutableMap_MutableMapDafny.dfy,tptp,vampire,monomorphic,VERIFICATION_TIMED_OUT,16324,4
ground_truth,libraries_tmp_tmp9gegwhqj_examples_MutableMap_MutableMapDafny.dfy,tptp,vampire,predicates,VERIFICATION_TIMED_OUT,72484,4
ground_truth,libraries_tmp_tmp9gegwhqj_examples_MutableMap_MutableMapDafny.dfy,tptp,vampire,arguments,VERIFICATION_TIMED_OUT,16185,4
ground_truth,libraries_tmp_tmp9gegwhqj_examples_MutableMap_MutableMapDafny.dfy,smtlib,vampire,monomorphic,VERIFICATION_TIMED_OUT,16733,4
ground_truth,libraries_tmp_tmp9gegwhqj_examples_MutableMap_MutableMapDafny.dfy,smtlib,vampire,predicates,VERIFICATION_TIMED_OUT,23309,4
ground_truth,libraries_tmp_tmp9gegwhqj_examples_MutableMap_MutableMapDafny.dfy,smtlib,vampire,arguments,VERIFICATION_TIMED_OUT,16364,4
ground_truth,libraries_tmp_tmp9gegwhqj_examples_MutableMap_MutableMapDafny.dfy,smtlib,z3,monomorphic,VERIFIED,2055,0
ground_truth,libraries_tmp_tmp9gegwhqj_examples_MutableMap_MutableMapDafny.dfy,smtlib,z3,predicates,VERIFIED,2162,0
ground_truth,libraries_tmp_tmp9gegwhqj_examples_MutableMap_MutableMapDafny.dfy,smtlib,z3,arguments,VERIFIED,1999,0
ground_truth,Clover_min_of_two.dfy,tptp,vampire,polymorphic,VERIFIED,1319,0
ground_truth,Clover_min_of_two.dfy,tptp,vampire,monomorphic,VERIFIED,1420,0
ground_truth,Clover_min_of_two.dfy,tptp,vampire,predicates,VERIFIED,1338,0
ground_truth,Clover_min_of_two.dfy,tptp,vampire,arguments,VERIFIED,1341,0
ground_truth,Clover_min_of_two.dfy,smtlib,vampire,monomorphic,VERIFIED,1335,0
ground_truth,Clover_min_of_two.dfy,smtlib,vampire,predicates,VERIFIED,1274,0
ground_truth,Clover_min_of_two.dfy,smtlib,vampire,arguments,VERIFIED,1281,0
ground_truth,Clover_min_of_two.dfy,smtlib,z3,monomorphic,VERIFIED,1340,0
ground_truth,Clover_min_of_two.dfy,smtlib,z3,predicates,VERIFIED,1285,0
ground_truth,Clover_min_of_two.dfy,smtlib,z3,arguments,VERIFIED,1275,0
ground_truth,dafny-language-server_tmp_tmpkir0kenl_Test_vstte2012_Two-Way-Sort.dfy,tptp,vampire,polymorphic,VERIFICATION_TIMED_OUT,15432,4
ground_truth,dafny-language-server_tmp_tmpkir0kenl_Test_vstte2012_Two-Way-Sort.dfy,tptp,vampire,monomorphic,VERIFICATION_TIMED_OUT,15534,4
ground_truth,dafny-language-server_tmp_tmpkir0kenl_Test_vstte2012_Two-Way-Sort.dfy,tptp,vampire,predicates,VERIFICATION_TIMED_OUT,15511,4
ground_truth,dafny-language-server_tmp_tmpkir0kenl_Test_vstte2012_Two-Way-Sort.dfy,tptp,vampire,arguments,VERIFICATION_TIMED_OUT,15503,4
ground_truth,dafny-language-server_tmp_tmpkir0kenl_Test_vstte2012_Two-Way-Sort.dfy,smtlib,vampire,monomorphic,VERIFICATION_TIMED_OUT,15471,4
ground_truth,dafny-language-server_tmp_tmpkir0kenl_Test_vstte2012_Two-Way-Sort.dfy,smtlib,vampire,predicates,VERIFICATION_TIMED_OUT,15397,4
ground_truth,dafny-language-server_tmp_tmpkir0kenl_Test_vstte2012_Two-Way-Sort.dfy,smtlib,vampire,arguments,VERIFICATION_TIMED_OUT,15372,4
ground_truth,dafny-language-server_tmp_tmpkir0kenl_Test_vstte2012_Two-Way-Sort.dfy,smtlib,z3,monomorphic,VERIFIED,1595,0
ground_truth,dafny-language-server_tmp_tmpkir0kenl_Test_vstte2012_Two-Way-Sort.dfy,smtlib,z3,predicates,VERIFIED,1559,0
ground_truth,dafny-language-server_tmp_tmpkir0kenl_Test_vstte2012_Two-Way-Sort.dfy,smtlib,z3,arguments,VERIFIED,1548,0
ground_truth,Dafny-Exercises_tmp_tmpjm75muf__Session9Exercises_ExerciseSeqMaxSum.dfy,tptp,vampire,polymorphic,VERIFICATION_TIMED_OUT,15792,4
ground_truth,Dafny-Exercises_tmp_tmpjm75muf__Session9Exercises_ExerciseSeqMaxSum.dfy,tptp,vampire,monomorphic,VERIFICATION_TIMED_OUT,15830,4
ground_truth,Dafny-Exercises_tmp_tmpjm75muf__Session9Exercises_ExerciseSeqMaxSum.dfy,tptp,vampire,predicates,VERIFICATION_TIMED_OUT,29514,4
ground_truth,Dafny-Exercises_tmp_tmpjm75muf__Session9Exercises_ExerciseSeqMaxSum.dfy,tptp,vampire,arguments,VERIFICATION_TIMED_OUT,15789,4
ground_truth,Dafny-Exercises_tmp_tmpjm75muf__Session9Exercises_ExerciseSeqMaxSum.dfy,smtlib,vampire,monomorphic,VERIFICATION_TIMED_OUT,15759,4
ground_truth,Dafny-Exercises_tmp_tmpjm75muf__Session9Exercises_ExerciseSeqMaxSum.dfy,smtlib,vampire,predicates,VERIFICATION_TIMED_OUT,17512,4
ground_truth,Dafny-Exercises_tmp_tmpjm75muf__Session9Exercises_ExerciseSeqMaxSum.dfy,smtlib,vampire,arguments,VERIFICATION_TIMED_OUT,15746,4
ground_truth,Dafny-Exercises_tmp_tmpjm75muf__Session9Exercises_ExerciseSeqMaxSum.dfy,smtlib,z3,monomorphic,VERIFIED,1735,0
ground_truth,Dafny-Exercises_tmp_tmpjm75muf__Session9Exercises_ExerciseSeqMaxSum.dfy,smtlib,z3,predicates,VERIFIED,1698,0
ground_truth,Dafny-Exercises_tmp_tmpjm75muf__Session9Exercises_ExerciseSeqMaxSum.dfy,smtlib,z3,arguments,VERIFIED,1682,0
ground_truth,MFDS_tmp_tmpvvr5y1t9_Assignments_Ass-1-2020-21-Sol-eGela.dfy,tptp,vampire,polymorphic,VERIFICATION_TIMED_OUT,29600,4
ground_truth,MFDS_tmp_tmpvvr5y1t9_Assignments_Ass-1-2020-21-Sol-eGela.dfy,tptp,vampire,monomorphic,VERIFICATION_TIMED_OUT,29710,4
ground_truth,MFDS_tmp_tmpvvr5y1t9_Assignments_Ass-1-2020-21-Sol-eGela.dfy,tptp,vampire,predicates,VERIFICATION_TIMED_OUT,29551,4
ground_truth,MFDS_tmp_tmpvvr5y1t9_Assignments_Ass-1-2020-21-Sol-eGela.dfy,tptp,vampire,arguments,VERIFICATION_TIMED_OUT,29634,4
ground_truth,MFDS_tmp_tmpvvr5y1t9_Assignments_Ass-1-2020-21-Sol-eGela.dfy,smtlib,vampire,monomorphic,VERIFICATION_TIMED_OUT,15691,4
ground_truth,MFDS_tmp_tmpvvr5y1t9_Assignments_Ass-1-2020-21-Sol-eGela.dfy,smtlib,vampire,predicates,VERIFICATION_TIMED_OUT,29408,4
ground_truth,MFDS_tmp_tmpvvr5y1t9_Assignments_Ass-1-2020-21-Sol-eGela.dfy,smtlib,vampire,arguments,VERIFICATION_TIMED_OUT,17479,4
ground_truth,MFDS_tmp_tmpvvr5y1t9_Assignments_Ass-1-2020-21-Sol-eGela.dfy,smtlib,z3,monomorphic,VERIFIED,15222,0
ground_truth,MFDS_tmp_tmpvvr5y1t9_Assignments_Ass-1-2020-21-Sol-eGela.dfy,smtlib,z3,predicates,VERIFIED,2039,0
ground_truth,MFDS_tmp_tmpvvr5y1t9_Assignments_Ass-1-2020-21-Sol-eGela.dfy,smtlib,z3,arguments,VERIFIED,1927,0
ground_truth,dafny-synthesis_task_id_472.dfy,tptp,vampire,polymorphic,VERIFIED,3324,0
ground_truth,dafny-synthesis_task_id_472.dfy,tptp,vampire,monomorphic,VERIFIED,3398,0
ground_truth,dafny-synthesis_task_id_472.dfy,tptp,vampire,predicates,VERIFICATION_TIMED_OUT,15408,4
ground_truth,dafny-synthesis_task_id_472.dfy,tptp,vampire,arguments,VERIFIED,14942,0
ground_truth,dafny-synthesis_task_id_472.dfy,smtlib,vampire,monomorphic,VERIFIED,3368,0
ground_truth,dafny-synthesis_task_id_472.dfy,smtlib,vampire,predicates,VERIFICATION_TIMED_OUT,15263,4
ground_truth,dafny-synthesis_task_id_472.dfy,smtlib,vampire,arguments,VERIFIED,3316,0
ground_truth,dafny-synthesis_task_id_472.dfy,smtlib,z3,monomorphic,VERIFIED,1504,0
ground_truth,dafny-synthesis_task_id_472.dfy,smtlib,z3,predicates,VERIFIED,1467,0
ground_truth,dafny-synthesis_task_id_472.dfy,smtlib,z3,arguments,VERIFIED,1457,0
ground_truth,dafny-synthesis_task_id_230.dfy,tptp,vampire,polymorphic,VERIFICATION_TIMED_OUT,15401,4
ground_truth,dafny-synthesis_task_id_230.dfy,tptp,vampire,monomorphic,VERIFICATION_TIMED_OUT,15427,4
ground_truth,dafny-synthesis_task_id_230.dfy,tptp,vampire,predicates,VERIFICATION_TIMED_OUT,15398,4
ground_truth,dafny-synthesis_task_id_230.dfy,tptp,vampire,arguments,VERIFICATION_TIMED_OUT,15435,4
ground_truth,dafny-synthesis_task_id_230.dfy,smtlib,vampire,monomorphic,VERIFIED,3352,0
ground_truth,dafny-synthesis_task_id_230.dfy,smtlib,vampire,predicates,VERIFICATION_TIMED_OUT,15333,4
ground_truth,dafny-synthesis_task_id_230.dfy,smtlib,vampire,arguments,VERIFIED,3291,0
ground_truth,dafny-synthesis_task_id_230.dfy,smtlib,z3,monomorphic,VERIFIED,1530,0
ground_truth,dafny-synthesis_task_id_230.dfy,smtlib,z3,predicates,VERIFIED,1459,0
ground_truth,dafny-synthesis_task_id_230.dfy,smtlib,z3,arguments,VERIFIED,1430,0
ground_truth,Dafny_Verify_tmp_tmphq7j0row_AI_agent_verify_examples_IncrementMatrix.dfy,tptp,vampire,polymorphic,VERIFICATION_TIMED_OUT,15491,4
ground_truth,Dafny_Verify_tmp_tmphq7j0row_AI_agent_verify_examples_IncrementMatrix.dfy,tptp,vampire,monomorphic,VERIFICATION_TIMED_OUT,15599,4
ground_truth,Dafny_Verify_tmp_tmphq7j0row_AI_agent_verify_examples_IncrementMatrix.dfy,tptp,vampire,predicates,VERIFICATION_TIMED_OUT,15498,4
ground_truth,Dafny_Verify_tmp_tmphq7j0row_AI_agent_verify_examples_IncrementMatrix.dfy,tptp,vampire,arguments,VERIFICATION_TIMED_OUT,15430,4
ground_truth,Dafny_Verify_tmp_tmphq7j0row_AI_agent_verify_examples_IncrementMatrix.dfy,smtlib,vampire,monomorphic,VERIFICATION_TIMED_OUT,15402,4
ground_truth,Dafny_Verify_tmp_tmphq7j0row_AI_agent_verify_examples_IncrementMatrix.dfy,smtlib,vampire,predicates,VERIFICATION_TIMED_OUT,15334,4
ground_truth,Dafny_Verify_tmp_tmphq7j0row_AI_agent_verify_examples_IncrementMatrix.dfy,smtlib,vampire,arguments,VERIFICATION_TIMED_OUT,15313,4
ground_truth,Dafny_Verify_tmp_tmphq7j0row_AI_agent_verify_examples_IncrementMatrix.dfy,smtlib,z3,monomorphic,VERIFIED,1601,0
ground_truth,Dafny_Verify_tmp_tmphq7j0row_AI_agent_verify_examples_IncrementMatrix.dfy,smtlib,z3,predicates,VERIFIED,1552,0
ground_truth,Dafny_Verify_tmp_tmphq7j0row_AI_agent_verify_examples_IncrementMatrix.dfy,smtlib,z3,arguments,VERIFIED,1525,0
ground_truth,Clover_match.dfy,tptp,vampire,polymorphic,VERIFIED,2498,0
ground_truth,Clover_match.dfy,tptp,vampire,monomorphic,VERIFIED,2585,0
ground_truth,Clover_match.dfy,tptp,vampire,predicates,VERIFIED,6257,0
ground_truth,Clover_match.dfy,tptp,vampire,arguments,VERIFIED,3189,0
ground_truth,Clover_match.dfy,smtlib,vampire,monomorphic,VERIFIED,2604,0
ground_truth,Clover_match.dfy,smtlib,vampire,predicates,VERIFIED,3308,0
ground_truth,Clover_match.dfy,smtlib,vampire,arguments,VERIFIED,3341,0
ground_truth,Clover_match.dfy,smtlib,z3,monomorphic,VERIFIED,1514,0
ground_truth,Clover_match.dfy,smtlib,z3,predicates,VERIFIED,1466,0
ground_truth,Clover_match.dfy,smtlib,z3,arguments,VERIFIED,1460,0
ground_truth,dafny_tmp_tmp49a6ihvk_m4.dfy,tptp,vampire,polymorphic,VERIFICATION_TIMED_OUT,15462,4
ground_truth,dafny_tmp_tmp49a6ihvk_m4.dfy,tptp,vampire,monomorphic,VERIFICATION_TIMED_OUT,15569,4
ground_truth,dafny_tmp_tmp49a6ihvk_m4.dfy,tptp,vampire,predicates,VERIFICATION_TIMED_OUT,15537,4
ground_truth,dafny_tmp_tmp49a6ihvk_m4.dfy,tptp,vampire,arguments,VERIFICATION_TIMED_OUT,15517,4
ground_truth,dafny_tmp_tmp49a6ihvk_m4.dfy,smtlib,vampire,monomorphic,VERIFICATION_TIMED_OUT,15498,4
ground_truth,dafny_tmp_tmp49a6ihvk_m4.dfy,smtlib,vampire,predicates,VERIFICATION_TIMED_OUT,15396,4
ground_truth,dafny_tmp_tmp49a6ihvk_m4.dfy,smtlib,vampire,arguments,VERIFICATION_TIMED_OUT,15375,4
ground_truth,dafny_tmp_tmp49a6ihvk_m4.dfy,smtlib,z3,monomorphic,VERIFICATION_TIMED_OUT,16666,4
ground_truth,dafny_tmp_tmp49a6ihvk_m4.dfy,smtlib,z3,predicates,VERIFIED,2071,0
ground_truth,dafny_tmp_tmp49a6ihvk_m4.dfy,smtlib,z3,arguments,VERIFIED,3047,0
ground_truth,dafny-synthesis_task_id_586.dfy,tptp,vampire,polymorphic,VERIFICATION_TIMED_OUT,15330,4
ground_truth,dafny-synthesis_task_id_586.dfy,tptp,vampire,monomorphic,VERIFICATION_TIMED_OUT,15399,4
ground_truth,dafny-synthesis_task_id_586.dfy,tptp,vampire,predicates,VERIFICATION_TIMED_OUT,15400,4
ground_truth,dafny-synthesis_task_id_586.dfy,tptp,vampire,arguments,VERIFICATION_TIMED_OUT,15302,4
ground_truth,dafny-synthesis_task_id_586.dfy,smtlib,vampire,monomorphic,VERIFICATION_TIMED_OUT,15357,4
ground_truth,dafny-synthesis_task_id_586.dfy,smtlib,vampire,predicates,VERIFICATION_TIMED_OUT,15195,4
ground_truth,dafny-synthesis_task_id_586.dfy,smtlib,vampire,arguments,VERIFIED,3383,0
ground_truth,dafny-synthesis_task_id_586.dfy,smtlib,z3,monomorphic,VERIFIED,1478,0
ground_truth,dafny-synthesis_task_id_586.dfy,smtlib,z3,predicates,VERIFIED,1428,0
ground_truth,dafny-synthesis_task_id_586.dfy,smtlib,z3,arguments,VERIFICATION_TIMED_OUT,17187,4
ground_truth,Dafny_Verify_tmp_tmphq7j0row_dataset_C_convert_examples_07.dfy,tptp,vampire,polymorphic,VERIFIED,1449,0
ground_truth,Dafny_Verify_tmp_tmphq7j0row_dataset_C_convert_examples_07.dfy,tptp,vampire,monomorphic,VERIFIED,1522,0
ground_truth,Dafny_Verify_tmp_tmphq7j0row_dataset_C_convert_examples_07.dfy,tptp,vampire,predicates,VERIFIED,1479,0
ground_truth,Dafny_Verify_tmp_tmphq7j0row_dataset_C_convert_examples_07.dfy,tptp,vampire,arguments,VERIFIED,1703,0
ground_truth,Dafny_Verify_tmp_tmphq7j0row_dataset_C_convert_examples_07.dfy,smtlib,vampire,monomorphic,VERIFIED,1728,0
ground_truth,Dafny_Verify_tmp_tmphq7j0row_dataset_C_convert_examples_07.dfy,smtlib,vampire,predicates,VERIFIED,1391,0
ground_truth,Dafny_Verify_tmp_tmphq7j0row_dataset_C_convert_examples_07.dfy,smtlib,vampire,arguments,VERIFIED,1680,0
ground_truth,Dafny_Verify_tmp_tmphq7j0row_dataset_C_convert_examples_07.dfy,smtlib,z3,monomorphic,VERIFIED,1422,0
ground_truth,Dafny_Verify_tmp_tmphq7j0row_dataset_C_convert_examples_07.dfy,smtlib,z3,predicates,VERIFIED,1387,0
ground_truth,Dafny_Verify_tmp_tmphq7j0row_dataset_C_convert_examples_07.dfy,smtlib,z3,arguments,VERIFIED,1361,0
ground_truth,dafny-synthesis_task_id_404.dfy,tptp,vampire,polymorphic,VERIFIED,1329,0
ground_truth,dafny-synthesis_task_id_404.dfy,tptp,vampire,monomorphic,VERIFIED,1418,0
ground_truth,dafny-synthesis_task_id_404.dfy,tptp,vampire,predicates,VERIFIED,1337,0
ground_truth,dafny-synthesis_task_id_404.dfy,tptp,vampire,arguments,VERIFIED,1346,0
ground_truth,dafny-synthesis_task_id_404.dfy,smtlib,vampire,monomorphic,VERIFIED,1326,0
ground_truth,dafny-synthesis_task_id_404.dfy,smtlib,vampire,predicates,VERIFIED,1274,0
ground_truth,dafny-synthesis_task_id_404.dfy,smtlib,vampire,arguments,VERIFIED,1263,0
ground_truth,dafny-synthesis_task_id_404.dfy,smtlib,z3,monomorphic,VERIFIED,1345,0
ground_truth,dafny-synthesis_task_id_404.dfy,smtlib,z3,predicates,VERIFIED,1277,0
ground_truth,dafny-synthesis_task_id_404.dfy,smtlib,z3,arguments,VERIFIED,1269,0
ground_truth,dafny-duck_tmp_tmplawbgxjo_ex3.dfy,tptp,vampire,polymorphic,VERIFICATION_TIMED_OUT,15471,4
ground_truth,dafny-duck_tmp_tmplawbgxjo_ex3.dfy,tptp,vampire,monomorphic,VERIFICATION_TIMED_OUT,15556,4
ground_truth,dafny-duck_tmp_tmplawbgxjo_ex3.dfy,tptp,vampire,predicates,VERIFICATION_TIMED_OUT,15525,4
ground_truth,dafny-duck_tmp_tmplawbgxjo_ex3.dfy,tptp,vampire,arguments,VERIFICATION_TIMED_OUT,15531,4
ground_truth,dafny-duck_tmp_tmplawbgxjo_ex3.dfy,smtlib,vampire,monomorphic,VERIFICATION_TIMED_OUT,15438,4
ground_truth,dafny-duck_tmp_tmplawbgxjo_ex3.dfy,smtlib,vampire,predicates,VERIFICATION_TIMED_OUT,15338,4
ground_truth,dafny-duck_tmp_tmplawbgxjo_ex3.dfy,smtlib,vampire,arguments,VERIFICATION_TIMED_OUT,15389,4
ground_truth,dafny-duck_tmp_tmplawbgxjo_ex3.dfy,smtlib,z3,monomorphic,VERIFIED,1767,0
ground_truth,dafny-duck_tmp_tmplawbgxjo_ex3.dfy,smtlib,z3,predicates,NOT_VERIFIED,1661,4
ground_truth,dafny-duck_tmp_tmplawbgxjo_ex3.dfy,smtlib,z3,arguments,VERIFIED,1757,0
ground_truth,dafny-synthesis_task_id_2.dfy,tptp,vampire,polymorphic,VERIFICATION_TIMED_OUT,15384,4
ground_truth,dafny-synthesis_task_id_2.dfy,tptp,vampire,monomorphic,VERIFICATION_TIMED_OUT,15513,4
ground_truth,dafny-synthesis_task_id_2.dfy,tptp,vampire,predicates,VERIFICATION_TIMED_OUT,15531,4
ground_truth,dafny-synthesis_task_id_2.dfy,tptp,vampire,arguments,VERIFICATION_TIMED_OUT,15509,4
ground_truth,dafny-synthesis_task_id_2.dfy,smtlib,vampire,monomorphic,VERIFIED,3474,0
ground_truth,dafny-synthesis_task_id_2.dfy,smtlib,vampire,predicates,VERIFICATION_TIMED_OUT,15394,4
ground_truth,dafny-synthesis_task_id_2.dfy,smtlib,vampire,arguments,VERIFICATION_TIMED_OUT,15350,4
ground_truth,dafny-synthesis_task_id_2.dfy,smtlib,z3,monomorphic,VERIFIED,1596,0
ground_truth,dafny-synthesis_task_id_2.dfy,smtlib,z3,predicates,VERIFIED,1559,0
ground_truth,dafny-synthesis_task_id_2.dfy,smtlib,z3,arguments,VERIFIED,1536,0
ground_truth,dafny-mini-project_tmp_tmpjxr3wzqh_src_project2a.dfy,tptp,vampire,polymorphic,VERIFICATION_TIMED_OUT,19370,4
ground_truth,dafny-mini-project_tmp_tmpjxr3wzqh_src_project2a.dfy,tptp,vampire,monomorphic,VERIFICATION_TIMED_OUT,15921,4
ground_truth,dafny-mini-project_tmp_tmpjxr3wzqh_src_project2a.dfy,tptp,vampire,predicates,VERIFICATION_TIMED_OUT,71699,4
ground_truth,dafny-mini-project_tmp_tmpjxr3wzqh_src_project2a.dfy,tptp,vampire,arguments,VERIFICATION_TIMED_OUT,44922,4
ground_truth,dafny-mini-project_tmp_tmpjxr3wzqh_src_project2a.dfy,smtlib,vampire,monomorphic,VERIFICATION_TIMED_OUT,15776,4
ground_truth,dafny-mini-project_tmp_tmpjxr3wzqh_src_project2a.dfy,smtlib,vampire,predicates,VERIFICATION_TIMED_OUT,50624,4
ground_truth,dafny-mini-project_tmp_tmpjxr3wzqh_src_project2a.dfy,smtlib,vampire,arguments,VERIFICATION_TIMED_OUT,20694,4
ground_truth,dafny-mini-project_tmp_tmpjxr3wzqh_src_project2a.dfy,smtlib,z3,monomorphic,VERIFIED,1991,0
ground_truth,dafny-mini-project_tmp_tmpjxr3wzqh_src_project2a.dfy,smtlib,z3,predicates,VERIFIED,1999,0
ground_truth,dafny-mini-project_tmp_tmpjxr3wzqh_src_project2a.dfy,smtlib,z3,arguments,VERIFIED,1927,0
ground_truth,dafny-duck_tmp_tmplawbgxjo_p2.dfy,tptp,vampire,polymorphic,VERIFICATION_TIMED_OUT,15439,4
ground_truth,dafny-duck_tmp_tmplawbgxjo_p2.dfy,tptp,vampire,monomorphic,VERIFICATION_TIMED_OUT,15586,4
ground_truth,dafny-duck_tmp_tmplawbgxjo_p2.dfy,tptp,vampire,predicates,VERIFICATION_TIMED_OUT,15547,4
ground_truth,dafny-duck_tmp_tmplawbgxjo_p2.dfy,tptp,vampire,arguments,VERIFICATION_TIMED_OUT,15466,4
ground_truth,dafny-duck_tmp_tmplawbgxjo_p2.dfy,smtlib,vampire,monomorphic,VERIFICATION_TIMED_OUT,15474,4
ground_truth,dafny-duck_tmp_tmplawbgxjo_p2.dfy,smtlib,vampire,predicates,VERIFICATION_TIMED_OUT,15391,4
ground_truth,dafny-duck_tmp_tmplawbgxjo_p2.dfy,smtlib,vampire,arguments,VERIFICATION_TIMED_OUT,15407,4
ground_truth,dafny-duck_tmp_tmplawbgxjo_p2.dfy,smtlib,z3,monomorphic,VERIFIED,1670,0
ground_truth,dafny-duck_tmp_tmplawbgxjo_p2.dfy,smtlib,z3,predicates,VERIFIED,1631,0
ground_truth,dafny-duck_tmp_tmplawbgxjo_p2.dfy,smtlib,z3,arguments,VERIFIED,1601,0
ground_truth,formal-methods-in-software-engineering_tmp_tmpe7fjnek6_Labs2_hw1.dfy,tptp,vampire,polymorphic,VERIFICATION_TIMED_OUT,15422,4
ground_truth,formal-methods-in-software-engineering_tmp_tmpe7fjnek6_Labs2_hw1.dfy,tptp,vampire,monomorphic,VERIFIED,6921,0
ground_truth,formal-methods-in-software-engineering_tmp_tmpe7fjnek6_Labs2_hw1.dfy,tptp,vampire,predicates,VERIFICATION_TIMED_OUT,15471,4
ground_truth,formal-methods-in-software-engineering_tmp_tmpe7fjnek6_Labs2_hw1.dfy,tptp,vampire,arguments,VERIFICATION_TIMED_OUT,15409,4
ground_truth,formal-methods-in-software-engineering_tmp_tmpe7fjnek6_Labs2_hw1.dfy,smtlib,vampire,monomorphic,VERIFIED,5702,0
ground_truth,formal-methods-in-software-engineering_tmp_tmpe7fjnek6_Labs2_hw1.dfy,smtlib,vampire,predicates,VERIFICATION_TIMED_OUT,15419,4
ground_truth,formal-methods-in-software-engineering_tmp_tmpe7fjnek6_Labs2_hw1.dfy,smtlib,vampire,arguments,VERIFICATION_TIMED_OUT,15369,4
ground_truth,formal-methods-in-software-engineering_tmp_tmpe7fjnek6_Labs2_hw1.dfy,smtlib,z3,monomorphic,VERIFIED,1608,0
ground_truth,formal-methods-in-software-engineering_tmp_tmpe7fjnek6_Labs2_hw1.dfy,smtlib,z3,predicates,VERIFIED,1557,0
ground_truth,formal-methods-in-software-engineering_tmp_tmpe7fjnek6_Labs2_hw1.dfy,smtlib,z3,arguments,VERIFIED,1551,0
ground_truth,dafny-programs_tmp_tmpcwodh6qh_src_factorial.dfy,tptp,vampire,polymorphic,VERIFICATION_TIMED_OUT,15290,4
ground_truth,dafny-programs_tmp_tmpcwodh6qh_src_factorial.dfy,tptp,vampire,monomorphic,VERIFICATION_TIMED_OUT,15483,4
ground_truth,dafny-programs_tmp_tmpcwodh6qh_src_factorial.dfy,tptp,vampire,predicates,VERIFIED,3639,0
ground_truth,dafny-programs_tmp_tmpcwodh6qh_src_factorial.dfy,tptp,vampire,arguments,VERIFIED,7872,0
ground_truth,dafny-programs_tmp_tmpcwodh6qh_src_factorial.dfy,smtlib,vampire,monomorphic,VERIFIED,14353,0
ground_truth,dafny-programs_tmp_tmpcwodh6qh_src_factorial.dfy,smtlib,vampire,predicates,VERIFICATION_TIMED_OUT,15232,4
ground_truth,dafny-programs_tmp_tmpcwodh6qh_src_factorial.dfy,smtlib,vampire,arguments,VERIFICATION_TIMED_OUT,15253,4
ground_truth,dafny-programs_tmp_tmpcwodh6qh_src_factorial.dfy,smtlib,z3,monomorphic,VERIFIED,1496,0
ground_truth,dafny-programs_tmp_tmpcwodh6qh_src_factorial.dfy,smtlib,z3,predicates,VERIFIED,1434,0
ground_truth,dafny-programs_tmp_tmpcwodh6qh_src_factorial.dfy,smtlib,z3,arguments,VERIFIED,1410,0
ground_truth,dafny-synthesis_task_id_798.dfy,tptp,vampire,polymorphic,VERIFICATION_TIMED_OUT,15309,4
ground_truth,dafny-synthesis_task_id_798.dfy,tptp,vampire,monomorphic,VERIFICATION_TIMED_OUT,15486,4
ground_truth,dafny-synthesis_task_id_798.dfy,tptp,vampire,predicates,VERIFICATION_TIMED_OUT,15406,4
ground_truth,dafny-synthesis_task_id_798.dfy,tptp,vampire,arguments,VERIFICATION_TIMED_OUT,15393,4
ground_truth,dafny-synthesis_task_id_798.dfy,smtlib,vampire,monomorphic,VERIFICATION_TIMED_OUT,15381,4
ground_truth,dafny-synthesis_task_id_798.dfy,smtlib,vampire,predicates,VERIFICATION_TIMED_OUT,15304,4
ground_truth,dafny-synthesis_task_id_798.dfy,smtlib,vampire,arguments,VERIFICATION_TIMED_OUT,15258,4
ground_truth,dafny-synthesis_task_id_798.dfy,smtlib,z3,monomorphic,VERIFIED,1506,0
ground_truth,dafny-synthesis_task_id_798.dfy,smtlib,z3,predicates,VERIFIED,1479,0
ground_truth,dafny-synthesis_task_id_798.dfy,smtlib,z3,arguments,VERIFIED,1458,0
ground_truth,Programmverifikation-und-synthese_tmp_tmppurk6ime_PVS_Assignment_ex_04_Hoangkim_ex_04_Hoangkim.dfy,tptp,vampire,polymorphic,VERIFIED,2155,0
ground_truth,Programmverifikation-und-synthese_tmp_tmppurk6ime_PVS_Assignment_ex_04_Hoangkim_ex_04_Hoangkim.dfy,tptp,vampire,monomorphic,VERIFIED,2285,0
ground_truth,Programmverifikation-und-synthese_tmp_tmppurk6ime_PVS_Assignment_ex_04_Hoangkim_ex_04_Hoangkim.dfy,tptp,vampire,predicates,VERIFIED,2848,0
ground_truth,Programmverifikation-und-synthese_tmp_tmppurk6ime_PVS_Assignment_ex_04_Hoangkim_ex_04_Hoangkim.dfy,tptp,vampire,arguments,VERIFIED,2822,0
ground_truth,Programmverifikation-und-synthese_tmp_tmppurk6ime_PVS_Assignment_ex_04_Hoangkim_ex_04_Hoangkim.dfy,smtlib,vampire,monomorphic,VERIFIED,2189,0
ground_truth,Programmverifikation-und-synthese_tmp_tmppurk6ime_PVS_Assignment_ex_04_Hoangkim_ex_04_Hoangkim.dfy,smtlib,vampire,predicates,VERIFIED,3575,0
ground_truth,Programmverifikation-und-synthese_tmp_tmppurk6ime_PVS_Assignment_ex_04_Hoangkim_ex_04_Hoangkim.dfy,smtlib,vampire,arguments,VERIFIED,2152,0
ground_truth,Programmverifikation-und-synthese_tmp_tmppurk6ime_PVS_Assignment_ex_04_Hoangkim_ex_04_Hoangkim.dfy,smtlib,z3,monomorphic,VERIFIED,1469,0
ground_truth,Programmverifikation-und-synthese_tmp_tmppurk6ime_PVS_Assignment_ex_04_Hoangkim_ex_04_Hoangkim.dfy,smtlib,z3,predicates,VERIFIED,1396,0
ground_truth,Programmverifikation-und-synthese_tmp_tmppurk6ime_PVS_Assignment_ex_04_Hoangkim_ex_04_Hoangkim.dfy,smtlib,z3,arguments,VERIFIED,1369,0
ground_truth,Software-Verification_tmp_tmpv4ueky2d_Non-overlapping Intervals_non_overlapping_intervals.dfy,tptp,vampire,polymorphic,VERIFICATION_TIMED_OUT,15507,4
ground_truth,Software-Verification_tmp_tmpv4ueky2d_Non-overlapping Intervals_non_overlapping_intervals.dfy,tptp,vampire,monomorphic,VERIFICATION_TIMED_OUT,15642,4
ground_truth,Software-Verification_tmp_tmpv4ueky2d_Non-overlapping Intervals_non_overlapping_intervals.dfy,tptp,vampire,predicates,VERIFICATION_TIMED_OUT,15659,4
ground_truth,Software-Verification_tmp_tmpv4ueky2d_Non-overlapping Intervals_non_overlapping_intervals.dfy,tptp,vampire,arguments,VERIFICATION_TIMED_OUT,15601,4
ground_truth,Software-Verification_tmp_tmpv4ueky2d_Non-overlapping Intervals_non_overlapping_intervals.dfy,smtlib,vampire,monomorphic,VERIFICATION_TIMED_OUT,15589,4
ground_truth,Software-Verification_tmp_tmpv4ueky2d_Non-overlapping Intervals_non_overlapping_intervals.dfy,smtlib,vampire,predicates,VERIFICATION_TIMED_OUT,15462,4
ground_truth,Software-Verification_tmp_tmpv4ueky2d_Non-overlapping Intervals_non_overlapping_intervals.dfy,smtlib,vampire,arguments,VERIFICATION_TIMED_OUT,15456,4
ground_truth,Software-Verification_tmp_tmpv4ueky2d_Non-overlapping Intervals_non_overlapping_intervals.dfy,smtlib,z3,monomorphic,VERIFIED,2178,0
ground_truth,Software-Verification_tmp_tmpv4ueky2d_Non-overlapping Intervals_non_overlapping_intervals.dfy,smtlib,z3,predicates,VERIFIED,1913,0
ground_truth,Software-Verification_tmp_tmpv4ueky2d_Non-overlapping Intervals_non_overlapping_intervals.dfy,smtlib,z3,arguments,VERIFIED,1771,0
ground_truth,dafny-synthesis_task_id_80.dfy,tptp,vampire,polymorphic,VERIFIED,1327,0
ground_truth,dafny-synthesis_task_id_80.dfy,tptp,vampire,monomorphic,VERIFIED,1419,0
ground_truth,dafny-synthesis_task_id_80.dfy,tptp,vampire,predicates,VERIFIED,1373,0
ground_truth,dafny-synthesis_task_id_80.dfy,tptp,vampire,arguments,VERIFIED,1336,0
ground_truth,dafny-synthesis_task_id_80.dfy,smtlib,vampire,monomorphic,VERIFIED,1352,0
ground_truth,dafny-synthesis_task_id_80.dfy,smtlib,vampire,predicates,VERIFIED,1296,0
ground_truth,dafny-synthesis_task_id_80.dfy,smtlib,vampire,arguments,VERIFIED,1292,0
ground_truth,dafny-synthesis_task_id_80.dfy,smtlib,z3,monomorphic,VERIFIED,1360,0
ground_truth,dafny-synthesis_task_id_80.dfy,smtlib,z3,predicates,VERIFIED,1282,0
ground_truth,dafny-synthesis_task_id_80.dfy,smtlib,z3,arguments,VERIFIED,1280,0
ground_truth,Program-Verification-Dataset_tmp_tmpgbdrlnu__Dafny_advanced examples_GenericMax.dfy,tptp,vampire,polymorphic,VERIFIED,15295,0
ground_truth,Program-Verification-Dataset_tmp_tmpgbdrlnu__Dafny_advanced examples_GenericMax.dfy,tptp,vampire,monomorphic,VERIFICATION_TIMED_OUT,15488,4
ground_truth,Program-Verification-Dataset_tmp_tmpgbdrlnu__Dafny_advanced examples_GenericMax.dfy,tptp,vampire,predicates,VERIFICATION_TIMED_OUT,15454,4
ground_truth,Program-Verification-Dataset_tmp_tmpgbdrlnu__Dafny_advanced examples_GenericMax.dfy,tptp,vampire,arguments,VERIFIED,15286,0
ground_truth,Program-Verification-Dataset_tmp_tmpgbdrlnu__Dafny_advanced examples_GenericMax.dfy,smtlib,vampire,monomorphic,VERIFICATION_TIMED_OUT,15433,4
ground_truth,Program-Verification-Dataset_tmp_tmpgbdrlnu__Dafny_advanced examples_GenericMax.dfy,smtlib,vampire,predicates,VERIFICATION_TIMED_OUT,15348,4
ground_truth,Program-Verification-Dataset_tmp_tmpgbdrlnu__Dafny_advanced examples_GenericMax.dfy,smtlib,vampire,arguments,VERIFICATION_TIMED_OUT,15341,4
ground_truth,Program-Verification-Dataset_tmp_tmpgbdrlnu__Dafny_advanced examples_GenericMax.dfy,smtlib,z3,monomorphic,VERIFIED,1584,0
ground_truth,Program-Verification-Dataset_tmp_tmpgbdrlnu__Dafny_advanced examples_GenericMax.dfy,smtlib,z3,predicates,VERIFIED,1543,0
ground_truth,Program-Verification-Dataset_tmp_tmpgbdrlnu__Dafny_advanced examples_GenericMax.dfy,smtlib,z3,arguments,VERIFIED,1502,0
ground_truth,Metodos_Formais_tmp_tmpbez22nnn_Aula_2_ex1.dfy,tptp,vampire,polymorphic,VERIFIED,1430,0
ground_truth,Metodos_Formais_tmp_tmpbez22nnn_Aula_2_ex1.dfy,tptp,vampire,monomorphic,VERIFIED,2080,0
ground_truth,Metodos_Formais_tmp_tmpbez22nnn_Aula_2_ex1.dfy,tptp,vampire,predicates,VERIFIED,1481,0
ground_truth,Metodos_Formais_tmp_tmpbez22nnn_Aula_2_ex1.dfy,tptp,vampire,arguments,VERIFIED,1992,0
ground_truth,Metodos_Formais_tmp_tmpbez22nnn_Aula_2_ex1.dfy,smtlib,vampire,monomorphic,VERIFIED,2043,0
ground_truth,Metodos_Formais_tmp_tmpbez22nnn_Aula_2_ex1.dfy,smtlib,vampire,predicates,VERIFIED,1416,0
ground_truth,Metodos_Formais_tmp_tmpbez22nnn_Aula_2_ex1.dfy,smtlib,vampire,arguments,VERIFIED,1385,0
ground_truth,Metodos_Formais_tmp_tmpbez22nnn_Aula_2_ex1.dfy,smtlib,z3,monomorphic,VERIFIED,1399,0
ground_truth,Metodos_Formais_tmp_tmpbez22nnn_Aula_2_ex1.dfy,smtlib,z3,predicates,VERIFIED,1352,0
ground_truth,Metodos_Formais_tmp_tmpbez22nnn_Aula_2_ex1.dfy,smtlib,z3,arguments,VERIFIED,1344,0
ground_truth,Program-Verification-Dataset_tmp_tmpgbdrlnu__Dafny_from dafny main repo_dafny3_CachedContainer.dfy,tptp,vampire,polymorphic,VERIFICATION_TIMED_OUT,51624,4
ground_truth,Program-Verification-Dataset_tmp_tmpgbdrlnu__Dafny_from dafny main repo_dafny3_CachedContainer.dfy,tptp,vampire,monomorphic,VERIFICATION_TIMED_OUT,61999,4
ground_truth,Program-Verification-Dataset_tmp_tmpgbdrlnu__Dafny_from dafny main repo_dafny3_CachedContainer.dfy,tptp,vampire,predicates,VERIFICATION_TIMED_OUT,86979,4
ground_truth,Program-Verification-Dataset_tmp_tmpgbdrlnu__Dafny_from dafny main repo_dafny3_CachedContainer.dfy,tptp,vampire,arguments,VERIFICATION_TIMED_OUT,72835,4
ground_truth,Program-Verification-Dataset_tmp_tmpgbdrlnu__Dafny_from dafny main repo_dafny3_CachedContainer.dfy,smtlib,vampire,monomorphic,VERIFICATION_TIMED_OUT,47544,4
ground_truth,Program-Verification-Dataset_tmp_tmpgbdrlnu__Dafny_from dafny main repo_dafny3_CachedContainer.dfy,smtlib,vampire,predicates,VERIFICATION_TIMED_OUT,99859,4
ground_truth,Program-Verification-Dataset_tmp_tmpgbdrlnu__Dafny_from dafny main repo_dafny3_CachedContainer.dfy,smtlib,vampire,arguments,VERIFICATION_TIMED_OUT,52267,4
ground_truth,Program-Verification-Dataset_tmp_tmpgbdrlnu__Dafny_from dafny main repo_dafny3_CachedContainer.dfy,smtlib,z3,monomorphic,VERIFIED,3160,0
ground_truth,Program-Verification-Dataset_tmp_tmpgbdrlnu__Dafny_from dafny main repo_dafny3_CachedContainer.dfy,smtlib,z3,predicates,VERIFIED,2772,0
ground_truth,Program-Verification-Dataset_tmp_tmpgbdrlnu__Dafny_from dafny main repo_dafny3_CachedContainer.dfy,smtlib,z3,arguments,VERIFIED,2649,0
ground_truth,protocol-verification-fa2023_tmp_tmpw6hy3mjp_demos_ch03_nim_v3.dfy,tptp,vampire,polymorphic,VERIFIED,5706,0
ground_truth,protocol-verification-fa2023_tmp_tmpw6hy3mjp_demos_ch03_nim_v3.dfy,tptp,vampire,monomorphic,VERIFIED,9560,0
ground_truth,protocol-verification-fa2023_tmp_tmpw6hy3mjp_demos_ch03_nim_v3.dfy,tptp,vampire,predicates,VERIFICATION_TIMED_OUT,15773,4
ground_truth,protocol-verification-fa2023_tmp_tmpw6hy3mjp_demos_ch03_nim_v3.dfy,tptp,vampire,arguments,VERIFICATION_TIMED_OUT,15724,4
ground_truth,protocol-verification-fa2023_tmp_tmpw6hy3mjp_demos_ch03_nim_v3.dfy,smtlib,vampire,monomorphic,VERIFIED,5872,0
ground_truth,protocol-verification-fa2023_tmp_tmpw6hy3mjp_demos_ch03_nim_v3.dfy,smtlib,vampire,predicates,VERIFICATION_TIMED_OUT,15673,4
ground_truth,protocol-verification-fa2023_tmp_tmpw6hy3mjp_demos_ch03_nim_v3.dfy,smtlib,vampire,arguments,VERIFIED,5803,0
ground_truth,protocol-verification-fa2023_tmp_tmpw6hy3mjp_demos_ch03_nim_v3.dfy,smtlib,z3,monomorphic,VERIFIED,1753,0
ground_truth,protocol-verification-fa2023_tmp_tmpw6hy3mjp_demos_ch03_nim_v3.dfy,smtlib,z3,predicates,NOT_VERIFIED,1726,4
ground_truth,protocol-verification-fa2023_tmp_tmpw6hy3mjp_demos_ch03_nim_v3.dfy,smtlib,z3,arguments,VERIFIED,1656,0
ground_truth,dafny-language-server_tmp_tmpkir0kenl_Test_dafny4_Bug165.dfy,tptp,vampire,polymorphic,VERIFICATION_TIMED_OUT,15384,4
ground_truth,dafny-language-server_tmp_tmpkir0kenl_Test_dafny4_Bug165.dfy,tptp,vampire,monomorphic,VERIFIED,4972,0
ground_truth,dafny-language-server_tmp_tmpkir0kenl_Test_dafny4_Bug165.dfy,tptp,vampire,predicates,VERIFICATION_TIMED_OUT,15437,4
ground_truth,dafny-language-server_tmp_tmpkir0kenl_Test_dafny4_Bug165.dfy,tptp,vampire,arguments,VERIFIED,5954,0
ground_truth,dafny-language-server_tmp_tmpkir0kenl_Test_dafny4_Bug165.dfy,smtlib,vampire,monomorphic,VERIFICATION_TIMED_OUT,15399,4
ground_truth,dafny-language-server_tmp_tmpkir0kenl_Test_dafny4_Bug165.dfy,smtlib,vampire,predicates,VERIFICATION_TIMED_OUT,15306,4
ground_truth,dafny-language-server_tmp_tmpkir0kenl_Test_dafny4_Bug165.dfy,smtlib,vampire,arguments,VERIFIED,5336,0
ground_truth,dafny-language-server_tmp_tmpkir0kenl_Test_dafny4_Bug165.dfy,smtlib,z3,monomorphic,VERIFIED,1493,0
ground_truth,dafny-language-server_tmp_tmpkir0kenl_Test_dafny4_Bug165.dfy,smtlib,z3,predicates,VERIFIED,1462,0
ground_truth,dafny-language-server_tmp_tmpkir0kenl_Test_dafny4_Bug165.dfy,smtlib,z3,arguments,VERIFIED,1432,0
ground_truth,Program-Verification-Dataset_tmp_tmpgbdrlnu__Dafny_from dafny main repo_dafny2_COST-verif-comp-2011-2-MaxTree-class.dfy,tptp,vampire,polymorphic,VERIFICATION_TIMED_OUT,18620,4
ground_truth,Program-Verification-Dataset_tmp_tmpgbdrlnu__Dafny_from dafny main repo_dafny2_COST-verif-comp-2011-2-MaxTree-class.dfy,tptp,vampire,monomorphic,VERIFICATION_TIMED_OUT,18337,4
ground_truth,Program-Verification-Dataset_tmp_tmpgbdrlnu__Dafny_from dafny main repo_dafny2_COST-verif-comp-2011-2-MaxTree-class.dfy,tptp,vampire,predicates,VERIFICATION_TIMED_OUT,29716,4
ground_truth,Program-Verification-Dataset_tmp_tmpgbdrlnu__Dafny_from dafny main repo_dafny2_COST-verif-comp-2011-2-MaxTree-class.dfy,tptp,vampire,arguments,VERIFICATION_TIMED_OUT,22509,4
ground_truth,Program-Verification-Dataset_tmp_tmpgbdrlnu__Dafny_from dafny main repo_dafny2_COST-verif-comp-2011-2-MaxTree-class.dfy,smtlib,vampire,monomorphic,VERIFICATION_TIMED_OUT,18519,4
ground_truth,Program-Verification-Dataset_tmp_tmpgbdrlnu__Dafny_from dafny main repo_dafny2_COST-verif-comp-2011-2-MaxTree-class.dfy,smtlib,vampire,predicates,VERIFICATION_TIMED_OUT,29470,4
ground_truth,Program-Verification-Dataset_tmp_tmpgbdrlnu__Dafny_from dafny main repo_dafny2_COST-verif-comp-2011-2-MaxTree-class.dfy,smtlib,vampire,arguments,VERIFICATION_TIMED_OUT,20219,4
ground_truth,Program-Verification-Dataset_tmp_tmpgbdrlnu__Dafny_from dafny main repo_dafny2_COST-verif-comp-2011-2-MaxTree-class.dfy,smtlib,z3,monomorphic,VERIFIED,1879,0
ground_truth,Program-Verification-Dataset_tmp_tmpgbdrlnu__Dafny_from dafny main repo_dafny2_COST-verif-comp-2011-2-MaxTree-class.dfy,smtlib,z3,predicates,VERIFIED,1854,0
ground_truth,Program-Verification-Dataset_tmp_tmpgbdrlnu__Dafny_from dafny main repo_dafny2_COST-verif-comp-2011-2-MaxTree-class.dfy,smtlib,z3,arguments,VERIFIED,1830,0
ground_truth,CVS-Projto1_tmp_tmpb1o0bu8z_searchSort.dfy,tptp,vampire,polymorphic,VERIFIED,1472,0
ground_truth,CVS-Projto1_tmp_tmpb1o0bu8z_searchSort.dfy,tptp,vampire,monomorphic,VERIFIED,1570,0
ground_truth,CVS-Projto1_tmp_tmpb1o0bu8z_searchSort.dfy,tptp,vampire,predicates,VERIFIED,2222,0
ground_truth,CVS-Projto1_tmp_tmpb1o0bu8z_searchSort.dfy,tptp,vampire,arguments,VERIFIED,1481,0
ground_truth,CVS-Projto1_tmp_tmpb1o0bu8z_searchSort.dfy,smtlib,vampire,monomorphic,VERIFIED,1503,0
ground_truth,CVS-Projto1_tmp_tmpb1o0bu8z_searchSort.dfy,smtlib,vampire,predicates,VERIFIED,2178,0
ground_truth,CVS-Projto1_tmp_tmpb1o0bu8z_searchSort.dfy,smtlib,vampire,arguments,VERIFIED,1434,0
ground_truth,CVS-Projto1_tmp_tmpb1o0bu8z_searchSort.dfy,smtlib,z3,monomorphic,VERIFIED,1479,0
ground_truth,CVS-Projto1_tmp_tmpb1o0bu8z_searchSort.dfy,smtlib,z3,predicates,VERIFIED,1422,0
ground_truth,CVS-Projto1_tmp_tmpb1o0bu8z_searchSort.dfy,smtlib,z3,arguments,VERIFIED,1445,0
ground_truth,dafny-synthesis_task_id_8.dfy,tptp,vampire,polymorphic,VERIFICATION_TIMED_OUT,15317,4
ground_truth,dafny-synthesis_task_id_8.dfy,tptp,vampire,monomorphic,VERIFICATION_TIMED_OUT,15477,4
ground_truth,dafny-synthesis_task_id_8.dfy,tptp,vampire,predicates,VERIFICATION_TIMED_OUT,15366,4
ground_truth,dafny-synthesis_task_id_8.dfy,tptp,vampire,arguments,VERIFICATION_TIMED_OUT,15437,4
ground_truth,dafny-synthesis_task_id_8.dfy,smtlib,vampire,monomorphic,VERIFICATION_TIMED_OUT,15344,4
ground_truth,dafny-synthesis_task_id_8.dfy,smtlib,vampire,predicates,VERIFICATION_TIMED_OUT,15310,4
ground_truth,dafny-synthesis_task_id_8.dfy,smtlib,vampire,arguments,VERIFICATION_TIMED_OUT,15277,4
ground_truth,dafny-synthesis_task_id_8.dfy,smtlib,z3,monomorphic,VERIFIED,1511,0
ground_truth,dafny-synthesis_task_id_8.dfy,smtlib,z3,predicates,VERIFIED,1448,0
ground_truth,dafny-synthesis_task_id_8.dfy,smtlib,z3,arguments,VERIFIED,1445,0
ground_truth,dafny-synthesis_task_id_565.dfy,tptp,vampire,polymorphic,VERIFICATION_TIMED_OUT,15354,4
ground_truth,dafny-synthesis_task_id_565.dfy,tptp,vampire,monomorphic,VERIFICATION_TIMED_OUT,15423,4
ground_truth,dafny-synthesis_task_id_565.dfy,tptp,vampire,predicates,VERIFICATION_TIMED_OUT,15411,4
ground_truth,dafny-synthesis_task_id_565.dfy,tptp,vampire,arguments,VERIFIED,6639,0
ground_truth,dafny-synthesis_task_id_565.dfy,smtlib,vampire,monomorphic,VERIFIED,3393,0
ground_truth,dafny-synthesis_task_id_565.dfy,smtlib,vampire,predicates,VERIFICATION_TIMED_OUT,15248,4
ground_truth,dafny-synthesis_task_id_565.dfy,smtlib,vampire,arguments,VERIFIED,3344,0
ground_truth,dafny-synthesis_task_id_565.dfy,smtlib,z3,monomorphic,VERIFIED,1477,0
ground_truth,dafny-synthesis_task_id_565.dfy,smtlib,z3,predicates,VERIFIED,1442,0
ground_truth,dafny-synthesis_task_id_565.dfy,smtlib,z3,arguments,VERIFIED,1435,0
ground_truth,Dafny_tmp_tmp0wu8wmfr_Heimaverkefni 2_BinarySearchDec.dfy,tptp,vampire,polymorphic,VERIFICATION_TIMED_OUT,15434,4
ground_truth,Dafny_tmp_tmp0wu8wmfr_Heimaverkefni 2_BinarySearchDec.dfy,tptp,vampire,monomorphic,VERIFICATION_TIMED_OUT,15494,4
ground_truth,Dafny_tmp_tmp0wu8wmfr_Heimaverkefni 2_BinarySearchDec.dfy,tptp,vampire,predicates,VERIFICATION_TIMED_OUT,15511,4
ground_truth,Dafny_tmp_tmp0wu8wmfr_Heimaverkefni 2_BinarySearchDec.dfy,tptp,vampire,arguments,VERIFICATION_TIMED_OUT,15418,4
ground_truth,Dafny_tmp_tmp0wu8wmfr_Heimaverkefni 2_BinarySearchDec.dfy,smtlib,vampire,monomorphic,VERIFIED,3603,0
ground_truth,Dafny_tmp_tmp0wu8wmfr_Heimaverkefni 2_BinarySearchDec.dfy,smtlib,vampire,predicates,VERIFICATION_TIMED_OUT,15389,4
ground_truth,Dafny_tmp_tmp0wu8wmfr_Heimaverkefni 2_BinarySearchDec.dfy,smtlib,vampire,arguments,VERIFIED,3624,0
ground_truth,Dafny_tmp_tmp0wu8wmfr_Heimaverkefni 2_BinarySearchDec.dfy,smtlib,z3,monomorphic,VERIFIED,1611,0
ground_truth,Dafny_tmp_tmp0wu8wmfr_Heimaverkefni 2_BinarySearchDec.dfy,smtlib,z3,predicates,VERIFIED,1561,0
ground_truth,Dafny_tmp_tmp0wu8wmfr_Heimaverkefni 2_BinarySearchDec.dfy,smtlib,z3,arguments,VERIFIED,1546,0
ground_truth,dafl_tmp_tmp_r3_8w3y_dafny_examples_dafny0_DividedConstructors.dfy,tptp,vampire,polymorphic,VERIFIED,11472,0
ground_truth,dafl_tmp_tmp_r3_8w3y_dafny_examples_dafny0_DividedConstructors.dfy,tptp,vampire,monomorphic,VERIFIED,13034,0
ground_truth,dafl_tmp_tmp_r3_8w3y_dafny_examples_dafny0_DividedConstructors.dfy,tptp,vampire,predicates,VERIFICATION_TIMED_OUT,72292,4
ground_truth,dafl_tmp_tmp_r3_8w3y_dafny_examples_dafny0_DividedConstructors.dfy,tptp,vampire,arguments,VERIFICATION_TIMED_OUT,72590,4
ground_truth,dafl_tmp_tmp_r3_8w3y_dafny_examples_dafny0_DividedConstructors.dfy,smtlib,vampire,monomorphic,VERIFIED,6831,0
ground_truth,dafl_tmp_tmp_r3_8w3y_dafny_examples_dafny0_DividedConstructors.dfy,smtlib,vampire,predicates,VERIFICATION_TIMED_OUT,79746,4
ground_truth,dafl_tmp_tmp_r3_8w3y_dafny_examples_dafny0_DividedConstructors.dfy,smtlib,vampire,arguments,VERIFICATION_TIMED_OUT,19106,4
ground_truth,dafl_tmp_tmp_r3_8w3y_dafny_examples_dafny0_DividedConstructors.dfy,smtlib,z3,monomorphic,VERIFIED,2233,0
ground_truth,dafl_tmp_tmp_r3_8w3y_dafny_examples_dafny0_DividedConstructors.dfy,smtlib,z3,predicates,VERIFIED,2061,0
ground_truth,dafl_tmp_tmp_r3_8w3y_dafny_examples_dafny0_DividedConstructors.dfy,smtlib,z3,arguments,VERIFIED,1917,0
ground_truth,Dafny_Verify_tmp_tmphq7j0row_dataset_bql_exampls_Min.dfy,tptp,vampire,polymorphic,VERIFICATION_TIMED_OUT,15321,4
ground_truth,Dafny_Verify_tmp_tmphq7j0row_dataset_bql_exampls_Min.dfy,tptp,vampire,monomorphic,VERIFIED,3448,0
ground_truth,Dafny_Verify_tmp_tmphq7j0row_dataset_bql_exampls_Min.dfy,tptp,vampire,predicates,VERIFICATION_TIMED_OUT,15464,4
ground_truth,Dafny_Verify_tmp_tmphq7j0row_dataset_bql_exampls_Min.dfy,tptp,vampire,arguments,VERIFICATION_TIMED_OUT,15445,4
ground_truth,Dafny_Verify_tmp_tmphq7j0row_dataset_bql_exampls_Min.dfy,smtlib,vampire,monomorphic,VERIFIED,3357,0
ground_truth,Dafny_Verify_tmp_tmphq7j0row_dataset_bql_exampls_Min.dfy,smtlib,vampire,predicates,VERIFICATION_TIMED_OUT,15316,4
ground_truth,Dafny_Verify_tmp_tmphq7j0row_dataset_bql_exampls_Min.dfy,smtlib,vampire,arguments,VERIFIED,3526,0
ground_truth,Dafny_Verify_tmp_tmphq7j0row_dataset_bql_exampls_Min.dfy,smtlib,z3,monomorphic,VERIFIED,1489,0
ground_truth,Dafny_Verify_tmp_tmphq7j0row_dataset_bql_exampls_Min.dfy,smtlib,z3,predicates,VERIFIED,1459,0
ground_truth,Dafny_Verify_tmp_tmphq7j0row_dataset_bql_exampls_Min.dfy,smtlib,z3,arguments,VERIFIED,1439,0
ground_truth,dafny-language-server_tmp_tmpkir0kenl_Test_triggers_auto-triggers-fix-an-issue-listed-in-the-ironclad-notebook.dfy,tptp,vampire,polymorphic,VERIFIED,1414,0
ground_truth,dafny-language-server_tmp_tmpkir0kenl_Test_triggers_auto-triggers-fix-an-issue-listed-in-the-ironclad-notebook.dfy,tptp,vampire,monomorphic,VERIFIED,1534,0
ground_truth,dafny-language-server_tmp_tmpkir0kenl_Test_triggers_auto-triggers-fix-an-issue-listed-in-the-ironclad-notebook.dfy,tptp,vampire,predicates,VERIFIED,1459,0
ground_truth,dafny-language-server_tmp_tmpkir0kenl_Test_triggers_auto-triggers-fix-an-issue-listed-in-the-ironclad-notebook.dfy,tptp,vampire,arguments,VERIFIED,1444,0
ground_truth,dafny-language-server_tmp_tmpkir0kenl_Test_triggers_auto-triggers-fix-an-issue-listed-in-the-ironclad-notebook.dfy,smtlib,vampire,monomorphic,VERIFIED,1467,0
ground_truth,dafny-language-server_tmp_tmpkir0kenl_Test_triggers_auto-triggers-fix-an-issue-listed-in-the-ironclad-notebook.dfy,smtlib,vampire,predicates,VERIFIED,1394,0
ground_truth,dafny-language-server_tmp_tmpkir0kenl_Test_triggers_auto-triggers-fix-an-issue-listed-in-the-ironclad-notebook.dfy,smtlib,vampire,arguments,VERIFIED,1384,0
ground_truth,dafny-language-server_tmp_tmpkir0kenl_Test_triggers_auto-triggers-fix-an-issue-listed-in-the-ironclad-notebook.dfy,smtlib,z3,monomorphic,VERIFIED,1465,0
ground_truth,dafny-language-server_tmp_tmpkir0kenl_Test_triggers_auto-triggers-fix-an-issue-listed-in-the-ironclad-notebook.dfy,smtlib,z3,predicates,VERIFIED,1387,0
ground_truth,dafny-language-server_tmp_tmpkir0kenl_Test_triggers_auto-triggers-fix-an-issue-listed-in-the-ironclad-notebook.dfy,smtlib,z3,arguments,VERIFIED,1373,0
ground_truth,Clover_rotate.dfy,tptp,vampire,polymorphic,VERIFICATION_TIMED_OUT,15344,4
ground_truth,Clover_rotate.dfy,tptp,vampire,monomorphic,VERIFICATION_TIMED_OUT,15431,4
ground_truth,Clover_rotate.dfy,tptp,vampire,predicates,VERIFICATION_TIMED_OUT,15406,4
ground_truth,Clover_rotate.dfy,tptp,vampire,arguments,VERIFICATION_TIMED_OUT,15423,4
ground_truth,Clover_rotate.dfy,smtlib,vampire,monomorphic,VERIFICATION_TIMED_OUT,15401,4
ground_truth,Clover_rotate.dfy,smtlib,vampire,predicates,VERIFICATION_TIMED_OUT,15302,4
ground_truth,Clover_rotate.dfy,smtlib,vampire,arguments,VERIFICATION_TIMED_OUT,15288,4
ground_truth,Clover_rotate.dfy,smtlib,z3,monomorphic,VERIFIED,1532,0
ground_truth,Clover_rotate.dfy,smtlib,z3,predicates,VERIFIED,1479,0
ground_truth,Clover_rotate.dfy,smtlib,z3,arguments,VERIFIED,1477,0
ground_truth,Formal-Verification-Project_tmp_tmp9gmwsmyp_strings3.dfy,tptp,vampire,polymorphic,VERIFICATION_TIMED_OUT,17237,4
ground_truth,Formal-Verification-Project_tmp_tmp9gmwsmyp_strings3.dfy,tptp,vampire,monomorphic,VERIFICATION_TIMED_OUT,17524,4
ground_truth,Formal-Verification-Project_tmp_tmp9gmwsmyp_strings3.dfy,tptp,vampire,predicates,VERIFICATION_TIMED_OUT,30053,4
ground_truth,Formal-Verification-Project_tmp_tmp9gmwsmyp_strings3.dfy,tptp,vampire,arguments,VERIFICATION_TIMED_OUT,29810,4
ground_truth,Formal-Verification-Project_tmp_tmp9gmwsmyp_strings3.dfy,smtlib,vampire,monomorphic,VERIFICATION_TIMED_OUT,17319,4
ground_truth,Formal-Verification-Project_tmp_tmp9gmwsmyp_strings3.dfy,smtlib,vampire,predicates,VERIFICATION_TIMED_OUT,17731,4
ground_truth,Formal-Verification-Project_tmp_tmp9gmwsmyp_strings3.dfy,smtlib,vampire,arguments,VERIFICATION_TIMED_OUT,17033,4
ground_truth,Formal-Verification-Project_tmp_tmp9gmwsmyp_strings3.dfy,smtlib,z3,monomorphic,VERIFIED,1810,0
ground_truth,Formal-Verification-Project_tmp_tmp9gmwsmyp_strings3.dfy,smtlib,z3,predicates,VERIFIED,1778,0
ground_truth,Formal-Verification-Project_tmp_tmp9gmwsmyp_strings3.dfy,smtlib,z3,arguments,VERIFIED,1713,0
ground_truth,dafl_tmp_tmp_r3_8w3y_dafny_examples_dafny0_PrecedenceLinter.dfy,tptp,vampire,polymorphic,VERIFIED,2529,0
ground_truth,dafl_tmp_tmp_r3_8w3y_dafny_examples_dafny0_PrecedenceLinter.dfy,tptp,vampire,monomorphic,VERIFIED,3892,0
ground_truth,dafl_tmp_tmp_r3_8w3y_dafny_examples_dafny0_PrecedenceLinter.dfy,tptp,vampire,predicates,VERIFICATION_TIMED_OUT,16801,4
ground_truth,dafl_tmp_tmp_r3_8w3y_dafny_examples_dafny0_PrecedenceLinter.dfy,tptp,vampire,arguments,VERIFIED,3512,0
ground_truth,dafl_tmp_tmp_r3_8w3y_dafny_examples_dafny0_PrecedenceLinter.dfy,smtlib,vampire,monomorphic,VERIFIED,3211,0
ground_truth,dafl_tmp_tmp_r3_8w3y_dafny_examples_dafny0_PrecedenceLinter.dfy,smtlib,vampire,predicates,VERIFIED,16361,0
ground_truth,dafl_tmp_tmp_r3_8w3y_dafny_examples_dafny0_PrecedenceLinter.dfy,smtlib,vampire,arguments,VERIFIED,4306,0
ground_truth,dafl_tmp_tmp_r3_8w3y_dafny_examples_dafny0_PrecedenceLinter.dfy,smtlib,z3,monomorphic,VERIFIED,2873,0
ground_truth,dafl_tmp_tmp_r3_8w3y_dafny_examples_dafny0_PrecedenceLinter.dfy,smtlib,z3,predicates,VERIFIED,2287,0
ground_truth,dafl_tmp_tmp_r3_8w3y_dafny_examples_dafny0_PrecedenceLinter.dfy,smtlib,z3,arguments,VERIFIED,2270,0
ground_truth,Software-Verification_tmp_tmpv4ueky2d_Valid Palindrome_valid_panlindrome.dfy,tptp,vampire,polymorphic,VERIFIED,3542,0
ground_truth,Software-Verification_tmp_tmpv4ueky2d_Valid Palindrome_valid_panlindrome.dfy,tptp,vampire,monomorphic,VERIFIED,14753,0
ground_truth,Software-Verification_tmp_tmpv4ueky2d_Valid Palindrome_valid_panlindrome.dfy,tptp,vampire,predicates,VERIFICATION_TIMED_OUT,15391,4
ground_truth,Software-Verification_tmp_tmpv4ueky2d_Valid Palindrome_valid_panlindrome.dfy,tptp,vampire,arguments,VERIFIED,14623,0
ground_truth,Software-Verification_tmp_tmpv4ueky2d_Valid Palindrome_valid_panlindrome.dfy,smtlib,vampire,monomorphic,VERIFIED,3456,0
ground_truth,Software-Verification_tmp_tmpv4ueky2d_Valid Palindrome_valid_panlindrome.dfy,smtlib,vampire,predicates,VERIFICATION_TIMED_OUT,15327,4
ground_truth,Software-Verification_tmp_tmpv4ueky2d_Valid Palindrome_valid_panlindrome.dfy,smtlib,vampire,arguments,VERIFICATION_TIMED_OUT,15294,4
ground_truth,Software-Verification_tmp_tmpv4ueky2d_Valid Palindrome_valid_panlindrome.dfy,smtlib,z3,monomorphic,VERIFIED,1514,0
ground_truth,Software-Verification_tmp_tmpv4ueky2d_Valid Palindrome_valid_panlindrome.dfy,smtlib,z3,predicates,VERIFIED,1481,0
ground_truth,Software-Verification_tmp_tmpv4ueky2d_Valid Palindrome_valid_panlindrome.dfy,smtlib,z3,arguments,VERIFIED,1448,0
ground_truth,dafny-language-server_tmp_tmpkir0kenl_Test_dafny4_git-issue76.dfy,tptp,vampire,polymorphic,VERIFICATION_TIMED_OUT,15327,4
ground_truth,dafny-language-server_tmp_tmpkir0kenl_Test_dafny4_git-issue76.dfy,tptp,vampire,monomorphic,VERIFICATION_TIMED_OUT,15406,4
ground_truth,dafny-language-server_tmp_tmpkir0kenl_Test_dafny4_git-issue76.dfy,tptp,vampire,predicates,VERIFICATION_TIMED_OUT,29366,4
ground_truth,dafny-language-server_tmp_tmpkir0kenl_Test_dafny4_git-issue76.dfy,tptp,vampire,arguments,VERIFICATION_TIMED_OUT,15461,4
ground_truth,dafny-language-server_tmp_tmpkir0kenl_Test_dafny4_git-issue76.dfy,smtlib,vampire,monomorphic,VERIFICATION_TIMED_OUT,15329,4
ground_truth,dafny-language-server_tmp_tmpkir0kenl_Test_dafny4_git-issue76.dfy,smtlib,vampire,predicates,VERIFICATION_TIMED_OUT,15258,4
ground_truth,dafny-language-server_tmp_tmpkir0kenl_Test_dafny4_git-issue76.dfy,smtlib,vampire,arguments,VERIFICATION_TIMED_OUT,15319,4
ground_truth,dafny-language-server_tmp_tmpkir0kenl_Test_dafny4_git-issue76.dfy,smtlib,z3,monomorphic,VERIFIED,1473,0
ground_truth,dafny-language-server_tmp_tmpkir0kenl_Test_dafny4_git-issue76.dfy,smtlib,z3,predicates,VERIFIED,1410,0
ground_truth,dafny-language-server_tmp_tmpkir0kenl_Test_dafny4_git-issue76.dfy,smtlib,z3,arguments,VERIFIED,1405,0
ground_truth,Dafny_Programs_tmp_tmp99966ew4_mymax.dfy,tptp,vampire,polymorphic,VERIFIED,1400,0
ground_truth,Dafny_Programs_tmp_tmp99966ew4_mymax.dfy,tptp,vampire,monomorphic,VERIFIED,1483,0
ground_truth,Dafny_Programs_tmp_tmp99966ew4_mymax.dfy,tptp,vampire,predicates,VERIFIED,1419,0
ground_truth,Dafny_Programs_tmp_tmp99966ew4_mymax.dfy,tptp,vampire,arguments,VERIFIED,1412,0
ground_truth,Dafny_Programs_tmp_tmp99966ew4_mymax.dfy,smtlib,vampire,monomorphic,VERIFIED,1407,0
ground_truth,Dafny_Programs_tmp_tmp99966ew4_mymax.dfy,smtlib,vampire,predicates,VERIFIED,1344,0
ground_truth,Dafny_Programs_tmp_tmp99966ew4_mymax.dfy,smtlib,vampire,arguments,VERIFIED,1339,0
ground_truth,Dafny_Programs_tmp_tmp99966ew4_mymax.dfy,smtlib,z3,monomorphic,VERIFIED,1423,0
ground_truth,Dafny_Programs_tmp_tmp99966ew4_mymax.dfy,smtlib,z3,predicates,VERIFIED,1348,0
ground_truth,Dafny_Programs_tmp_tmp99966ew4_mymax.dfy,smtlib,z3,arguments,VERIFIED,1323,0
ground_truth,laboratory_tmp_tmps8ws6mu2_dafny-tutorial_exercise12.dfy,tptp,vampire,polymorphic,VERIFIED,3426,0
ground_truth,laboratory_tmp_tmps8ws6mu2_dafny-tutorial_exercise12.dfy,tptp,vampire,monomorphic,VERIFIED,3434,0
ground_truth,laboratory_tmp_tmps8ws6mu2_dafny-tutorial_exercise12.dfy,tptp,vampire,predicates,VERIFICATION_TIMED_OUT,15364,4
ground_truth,laboratory_tmp_tmps8ws6mu2_dafny-tutorial_exercise12.dfy,tptp,vampire,arguments,VERIFIED,3321,0
ground_truth,laboratory_tmp_tmps8ws6mu2_dafny-tutorial_exercise12.dfy,smtlib,vampire,monomorphic,VERIFIED,3350,0
ground_truth,laboratory_tmp_tmps8ws6mu2_dafny-tutorial_exercise12.dfy,smtlib,vampire,predicates,VERIFICATION_TIMED_OUT,15265,4
ground_truth,laboratory_tmp_tmps8ws6mu2_dafny-tutorial_exercise12.dfy,smtlib,vampire,arguments,VERIFIED,3506,0
ground_truth,laboratory_tmp_tmps8ws6mu2_dafny-tutorial_exercise12.dfy,smtlib,z3,monomorphic,VERIFIED,1504,0
ground_truth,laboratory_tmp_tmps8ws6mu2_dafny-tutorial_exercise12.dfy,smtlib,z3,predicates,VERIFIED,1466,0
ground_truth,laboratory_tmp_tmps8ws6mu2_dafny-tutorial_exercise12.dfy,smtlib,z3,arguments,VERIFIED,1456,0
ground_truth,703FinalProject_tmp_tmpr_10rn4z_gaussian.dfy,tptp,vampire,polymorphic,VERIFICATION_TIMED_OUT,15364,4
ground_truth,703FinalProject_tmp_tmpr_10rn4z_gaussian.dfy,tptp,vampire,monomorphic,VERIFICATION_TIMED_OUT,15553,4
ground_truth,703FinalProject_tmp_tmpr_10rn4z_gaussian.dfy,tptp,vampire,predicates,VERIFICATION_TIMED_OUT,15412,4
ground_truth,703FinalProject_tmp_tmpr_10rn4z_gaussian.dfy,tptp,vampire,arguments,VERIFICATION_TIMED_OUT,15463,4
ground_truth,703FinalProject_tmp_tmpr_10rn4z_gaussian.dfy,smtlib,vampire,monomorphic,VERIFICATION_TIMED_OUT,15369,4
ground_truth,703FinalProject_tmp_tmpr_10rn4z_gaussian.dfy,smtlib,vampire,predicates,VERIFICATION_TIMED_OUT,15301,4
ground_truth,703FinalProject_tmp_tmpr_10rn4z_gaussian.dfy,smtlib,vampire,arguments,VERIFICATION_TIMED_OUT,15332,4
ground_truth,703FinalProject_tmp_tmpr_10rn4z_gaussian.dfy,smtlib,z3,monomorphic,VERIFIED,1523,0
ground_truth,703FinalProject_tmp_tmpr_10rn4z_gaussian.dfy,smtlib,z3,predicates,VERIFIED,1501,0
ground_truth,703FinalProject_tmp_tmpr_10rn4z_gaussian.dfy,smtlib,z3,arguments,VERIFIED,1472,0
ground_truth,formal_verication_dafny_tmp_tmpwgl2qz28_Challenges_ex2.dfy,tptp,vampire,polymorphic,VERIFIED,1519,0
ground_truth,formal_verication_dafny_tmp_tmpwgl2qz28_Challenges_ex2.dfy,tptp,vampire,monomorphic,VERIFIED,1632,0
ground_truth,formal_verication_dafny_tmp_tmpwgl2qz28_Challenges_ex2.dfy,tptp,vampire,predicates,VERIFIED,1680,0
ground_truth,formal_verication_dafny_tmp_tmpwgl2qz28_Challenges_ex2.dfy,tptp,vampire,arguments,VERIFIED,1578,0
ground_truth,formal_verication_dafny_tmp_tmpwgl2qz28_Challenges_ex2.dfy,smtlib,vampire,monomorphic,VERIFIED,1551,0
ground_truth,formal_verication_dafny_tmp_tmpwgl2qz28_Challenges_ex2.dfy,smtlib,vampire,predicates,VERIFIED,1900,0
ground_truth,formal_verication_dafny_tmp_tmpwgl2qz28_Challenges_ex2.dfy,smtlib,vampire,arguments,VERIFIED,1601,0
ground_truth,formal_verication_dafny_tmp_tmpwgl2qz28_Challenges_ex2.dfy,smtlib,z3,monomorphic,VERIFIED,1482,0
ground_truth,formal_verication_dafny_tmp_tmpwgl2qz28_Challenges_ex2.dfy,smtlib,z3,predicates,VERIFIED,1394,0
ground_truth,formal_verication_dafny_tmp_tmpwgl2qz28_Challenges_ex2.dfy,smtlib,z3,arguments,VERIFIED,1379,0
ground_truth,dafny-language-server_tmp_tmpkir0kenl_Test_dafny2_TreeBarrier.dfy,tptp,vampire,polymorphic,VERIFICATION_TIMED_OUT,15890,4
ground_truth,dafny-language-server_tmp_tmpkir0kenl_Test_dafny2_TreeBarrier.dfy,tptp,vampire,monomorphic,VERIFICATION_TIMED_OUT,16053,4
ground_truth,dafny-language-server_tmp_tmpkir0kenl_Test_dafny2_TreeBarrier.dfy,tptp,vampire,predicates,VERIFICATION_TIMED_OUT,29685,4
ground_truth,dafny-language-server_tmp_tmpkir0kenl_Test_dafny2_TreeBarrier.dfy,tptp,vampire,arguments,VERIFICATION_TIMED_OUT,15895,4
ground_truth,dafny-language-server_tmp_tmpkir0kenl_Test_dafny2_TreeBarrier.dfy,smtlib,vampire,monomorphic,VERIFICATION_TIMED_OUT,15970,4
ground_truth,dafny-language-server_tmp_tmpkir0kenl_Test_dafny2_TreeBarrier.dfy,smtlib,vampire,predicates,VERIFICATION_TIMED_OUT,17039,4
ground_truth,dafny-language-server_tmp_tmpkir0kenl_Test_dafny2_TreeBarrier.dfy,smtlib,vampire,arguments,VERIFICATION_TIMED_OUT,15807,4
ground_truth,dafny-language-server_tmp_tmpkir0kenl_Test_dafny2_TreeBarrier.dfy,smtlib,z3,monomorphic,VERIFIED,5004,0
ground_truth,dafny-language-server_tmp_tmpkir0kenl_Test_dafny2_TreeBarrier.dfy,smtlib,z3,predicates,VERIFIED,6882,0
ground_truth,dafny-language-server_tmp_tmpkir0kenl_Test_dafny2_TreeBarrier.dfy,smtlib,z3,arguments,VERIFIED,4920,0
ground_truth,dafny-synthesis_task_id_106.dfy,tptp,vampire,polymorphic,VERIFICATION_TIMED_OUT,15353,4
ground_truth,dafny-synthesis_task_id_106.dfy,tptp,vampire,monomorphic,VERIFICATION_TIMED_OUT,15431,4
ground_truth,dafny-synthesis_task_id_106.dfy,tptp,vampire,predicates,VERIFICATION_TIMED_OUT,15406,4
ground_truth,dafny-synthesis_task_id_106.dfy,tptp,vampire,arguments,VERIFICATION_TIMED_OUT,15385,4
ground_truth,dafny-synthesis_task_id_106.dfy,smtlib,vampire,monomorphic,VERIFICATION_TIMED_OUT,15379,4
ground_truth,dafny-synthesis_task_id_106.dfy,smtlib,vampire,predicates,VERIFICATION_TIMED_OUT,15273,4
ground_truth,dafny-synthesis_task_id_106.dfy,smtlib,vampire,arguments,VERIFIED,3424,0
ground_truth,dafny-synthesis_task_id_106.dfy,smtlib,z3,monomorphic,VERIFIED,1524,0
ground_truth,dafny-synthesis_task_id_106.dfy,smtlib,z3,predicates,VERIFIED,1474,0
ground_truth,dafny-synthesis_task_id_106.dfy,smtlib,z3,arguments,VERIFIED,1457,0
ground_truth,Program-Verification-Dataset_tmp_tmpgbdrlnu__Dafny_algorithms and leetcode_leetcode_stairClimbing.dfy,tptp,vampire,polymorphic,VERIFICATION_TIMED_OUT,48173,4
ground_truth,Program-Verification-Dataset_tmp_tmpgbdrlnu__Dafny_algorithms and leetcode_leetcode_stairClimbing.dfy,tptp,vampire,monomorphic,VERIFICATION_TIMED_OUT,48250,4
ground_truth,Program-Verification-Dataset_tmp_tmpgbdrlnu__Dafny_algorithms and leetcode_leetcode_stairClimbing.dfy,tptp,vampire,predicates,VERIFICATION_TIMED_OUT,76958,4
ground_truth,Program-Verification-Dataset_tmp_tmpgbdrlnu__Dafny_algorithms and leetcode_leetcode_stairClimbing.dfy,tptp,vampire,arguments,VERIFICATION_TIMED_OUT,60651,4
ground_truth,Program-Verification-Dataset_tmp_tmpgbdrlnu__Dafny_algorithms and leetcode_leetcode_stairClimbing.dfy,smtlib,vampire,monomorphic,VERIFICATION_TIMED_OUT,41344,4
ground_truth,Program-Verification-Dataset_tmp_tmpgbdrlnu__Dafny_algorithms and leetcode_leetcode_stairClimbing.dfy,smtlib,vampire,predicates,VERIFICATION_TIMED_OUT,60112,4
ground_truth,Program-Verification-Dataset_tmp_tmpgbdrlnu__Dafny_algorithms and leetcode_leetcode_stairClimbing.dfy,smtlib,vampire,arguments,VERIFICATION_TIMED_OUT,40010,4
ground_truth,Program-Verification-Dataset_tmp_tmpgbdrlnu__Dafny_algorithms and leetcode_leetcode_stairClimbing.dfy,smtlib,z3,monomorphic,NOT_VERIFIED,2710,4
ground_truth,Program-Verification-Dataset_tmp_tmpgbdrlnu__Dafny_algorithms and leetcode_leetcode_stairClimbing.dfy,smtlib,z3,predicates,NOT_VERIFIED,2850,4
ground_truth,Program-Verification-Dataset_tmp_tmpgbdrlnu__Dafny_algorithms and leetcode_leetcode_stairClimbing.dfy,smtlib,z3,arguments,NOT_VERIFIED,2385,4
ground_truth,dafny-exercise_tmp_tmpouftptir_countNeg.dfy,tptp,vampire,polymorphic,VERIFICATION_TIMED_OUT,15379,4
ground_truth,dafny-exercise_tmp_tmpouftptir_countNeg.dfy,tptp,vampire,monomorphic,VERIFICATION_TIMED_OUT,15490,4
ground_truth,dafny-exercise_tmp_tmpouftptir_countNeg.dfy,tptp,vampire,predicates,VERIFICATION_TIMED_OUT,15496,4
ground_truth,dafny-exercise_tmp_tmpouftptir_countNeg.dfy,tptp,vampire,arguments,VERIFICATION_TIMED_OUT,15408,4
ground_truth,dafny-exercise_tmp_tmpouftptir_countNeg.dfy,smtlib,vampire,monomorphic,VERIFICATION_TIMED_OUT,15440,4
ground_truth,dafny-exercise_tmp_tmpouftptir_countNeg.dfy,smtlib,vampire,predicates,VERIFICATION_TIMED_OUT,15369,4
ground_truth,dafny-exercise_tmp_tmpouftptir_countNeg.dfy,smtlib,vampire,arguments,VERIFIED,3830,0
ground_truth,dafny-exercise_tmp_tmpouftptir_countNeg.dfy,smtlib,z3,monomorphic,VERIFIED,1598,0
ground_truth,dafny-exercise_tmp_tmpouftptir_countNeg.dfy,smtlib,z3,predicates,VERIFIED,1536,0
ground_truth,dafny-exercise_tmp_tmpouftptir_countNeg.dfy,smtlib,z3,arguments,VERIFIED,1525,0
ground_truth,dafny-synthesis_task_id_396.dfy,tptp,vampire,polymorphic,VERIFIED,1337,0
ground_truth,dafny-synthesis_task_id_396.dfy,tptp,vampire,monomorphic,VERIFIED,1449,0
ground_truth,dafny-synthesis_task_id_396.dfy,tptp,vampire,predicates,VERIFIED,1389,0
ground_truth,dafny-synthesis_task_id_396.dfy,tptp,vampire,arguments,VERIFIED,1371,0
ground_truth,dafny-synthesis_task_id_396.dfy,smtlib,vampire,monomorphic,VERIFIED,1362,0
ground_truth,dafny-synthesis_task_id_396.dfy,smtlib,vampire,predicates,VERIFIED,1333,0
ground_truth,dafny-synthesis_task_id_396.dfy,smtlib,vampire,arguments,VERIFIED,1301,0
ground_truth,dafny-synthesis_task_id_396.dfy,smtlib,z3,monomorphic,VERIFIED,1376,0
ground_truth,dafny-synthesis_task_id_396.dfy,smtlib,z3,predicates,VERIFIED,1300,0
ground_truth,dafny-synthesis_task_id_396.dfy,smtlib,z3,arguments,VERIFIED,1300,0
ground_truth,pucrs-metodos-formais-t1_tmp_tmp7gvq3cw4_fila.dfy,tptp,vampire,polymorphic,VERIFICATION_TIMED_OUT,33836,4
ground_truth,pucrs-metodos-formais-t1_tmp_tmp7gvq3cw4_fila.dfy,tptp,vampire,monomorphic,VERIFICATION_TIMED_OUT,35634,4
ground_truth,pucrs-metodos-formais-t1_tmp_tmp7gvq3cw4_fila.dfy,tptp,vampire,predicates,VERIFICATION_TIMED_OUT,43933,4
ground_truth,pucrs-metodos-formais-t1_tmp_tmp7gvq3cw4_fila.dfy,tptp,vampire,arguments,VERIFICATION_TIMED_OUT,43690,4
ground_truth,pucrs-metodos-formais-t1_tmp_tmp7gvq3cw4_fila.dfy,smtlib,vampire,monomorphic,VERIFICATION_TIMED_OUT,36769,4
ground_truth,pucrs-metodos-formais-t1_tmp_tmp7gvq3cw4_fila.dfy,smtlib,vampire,predicates,VERIFICATION_TIMED_OUT,43698,4
ground_truth,pucrs-metodos-formais-t1_tmp_tmp7gvq3cw4_fila.dfy,smtlib,vampire,arguments,VERIFICATION_TIMED_OUT,43479,4
ground_truth,pucrs-metodos-formais-t1_tmp_tmp7gvq3cw4_fila.dfy,smtlib,z3,monomorphic,VERIFIED,4077,0
ground_truth,pucrs-metodos-formais-t1_tmp_tmp7gvq3cw4_fila.dfy,smtlib,z3,predicates,VERIFIED,5208,0
ground_truth,pucrs-metodos-formais-t1_tmp_tmp7gvq3cw4_fila.dfy,smtlib,z3,arguments,VERIFIED,3299,0
ground_truth,Clover_even_list.dfy,tptp,vampire,polymorphic,VERIFICATION_TIMED_OUT,15461,4
ground_truth,Clover_even_list.dfy,tptp,vampire,monomorphic,VERIFICATION_TIMED_OUT,15582,4
ground_truth,Clover_even_list.dfy,tptp,vampire,predicates,VERIFICATION_TIMED_OUT,15503,4
ground_truth,Clover_even_list.dfy,tptp,vampire,arguments,VERIFICATION_TIMED_OUT,15443,4
ground_truth,Clover_even_list.dfy,smtlib,vampire,monomorphic,VERIFICATION_TIMED_OUT,15508,4
ground_truth,Clover_even_list.dfy,smtlib,vampire,predicates,VERIFICATION_TIMED_OUT,15353,4
ground_truth,Clover_even_list.dfy,smtlib,vampire,arguments,VERIFICATION_TIMED_OUT,15323,4
ground_truth,Clover_even_list.dfy,smtlib,z3,monomorphic,VERIFIED,1654,0
ground_truth,Clover_even_list.dfy,smtlib,z3,predicates,NOT_VERIFIED,1650,4
ground_truth,Clover_even_list.dfy,smtlib,z3,arguments,NOT_VERIFIED,1632,4
ground_truth,dafny-language-server_tmp_tmpkir0kenl_Test_hofs_SumSum.dfy,tptp,vampire,polymorphic,VERIFICATION_TIMED_OUT,31425,4
ground_truth,dafny-language-server_tmp_tmpkir0kenl_Test_hofs_SumSum.dfy,tptp,vampire,monomorphic,VERIFICATION_TIMED_OUT,31636,4
ground_truth,dafny-language-server_tmp_tmpkir0kenl_Test_hofs_SumSum.dfy,tptp,vampire,predicates,VERIFICATION_TIMED_OUT,32671,4
ground_truth,dafny-language-server_tmp_tmpkir0kenl_Test_hofs_SumSum.dfy,tptp,vampire,arguments,VERIFICATION_TIMED_OUT,44601,4
ground_truth,dafny-language-server_tmp_tmpkir0kenl_Test_hofs_SumSum.dfy,smtlib,vampire,monomorphic,VERIFICATION_TIMED_OUT,31688,4
ground_truth,dafny-language-server_tmp_tmpkir0kenl_Test_hofs_SumSum.dfy,smtlib,vampire,predicates,VERIFICATION_TIMED_OUT,44491,4
ground_truth,dafny-language-server_tmp_tmpkir0kenl_Test_hofs_SumSum.dfy,smtlib,vampire,arguments,VERIFICATION_TIMED_OUT,31269,4
ground_truth,dafny-language-server_tmp_tmpkir0kenl_Test_hofs_SumSum.dfy,smtlib,z3,monomorphic,NOT_VERIFIED,3289,4
ground_truth,dafny-language-server_tmp_tmpkir0kenl_Test_hofs_SumSum.dfy,smtlib,z3,predicates,NOT_VERIFIED,3364,4
ground_truth,dafny-language-server_tmp_tmpkir0kenl_Test_hofs_SumSum.dfy,smtlib,z3,arguments,NOT_VERIFIED,3056,4
ground_truth,Prog-Fun-Solutions_tmp_tmp7_gmnz5f_extra_mod2.dfy,tptp,vampire,polymorphic,VERIFICATION_TIMED_OUT,15403,4
ground_truth,Prog-Fun-Solutions_tmp_tmp7_gmnz5f_extra_mod2.dfy,tptp,vampire,monomorphic,VERIFICATION_TIMED_OUT,15542,4
ground_truth,Prog-Fun-Solutions_tmp_tmp7_gmnz5f_extra_mod2.dfy,tptp,vampire,predicates,VERIFICATION_TIMED_OUT,15459,4
ground_truth,Prog-Fun-Solutions_tmp_tmp7_gmnz5f_extra_mod2.dfy,tptp,vampire,arguments,VERIFICATION_TIMED_OUT,15424,4
ground_truth,Prog-Fun-Solutions_tmp_tmp7_gmnz5f_extra_mod2.dfy,smtlib,vampire,monomorphic,VERIFICATION_TIMED_OUT,15357,4
ground_truth,Prog-Fun-Solutions_tmp_tmp7_gmnz5f_extra_mod2.dfy,smtlib,vampire,predicates,VERIFICATION_TIMED_OUT,15289,4
ground_truth,Prog-Fun-Solutions_tmp_tmp7_gmnz5f_extra_mod2.dfy,smtlib,vampire,arguments,VERIFICATION_TIMED_OUT,15275,4
ground_truth,Prog-Fun-Solutions_tmp_tmp7_gmnz5f_extra_mod2.dfy,smtlib,z3,monomorphic,VERIFIED,1711,0
ground_truth,Prog-Fun-Solutions_tmp_tmp7_gmnz5f_extra_mod2.dfy,smtlib,z3,predicates,VERIFIED,2916,0
ground_truth,Prog-Fun-Solutions_tmp_tmp7_gmnz5f_extra_mod2.dfy,smtlib,z3,arguments,VERIFIED,2744,0
ground_truth,Trab1-Metodos-Formais_tmp_tmp_8fa4trr_circular-array.dfy,tptp,vampire,polymorphic,VERIFICATION_TIMED_OUT,46316,4
ground_truth,Trab1-Metodos-Formais_tmp_tmp_8fa4trr_circular-array.dfy,tptp,vampire,monomorphic,VERIFICATION_TIMED_OUT,46488,4
ground_truth,Trab1-Metodos-Formais_tmp_tmp_8fa4trr_circular-array.dfy,tptp,vampire,predicates,VERIFICATION_TIMED_OUT,48407,4
ground_truth,Trab1-Metodos-Formais_tmp_tmp_8fa4trr_circular-array.dfy,tptp,vampire,arguments,VERIFICATION_TIMED_OUT,45599,4
ground_truth,Trab1-Metodos-Formais_tmp_tmp_8fa4trr_circular-array.dfy,smtlib,vampire,monomorphic,VERIFICATION_TIMED_OUT,47469,4
ground_truth,Trab1-Metodos-Formais_tmp_tmp_8fa4trr_circular-array.dfy,smtlib,vampire,predicates,VERIFICATION_TIMED_OUT,57556,4
ground_truth,Trab1-Metodos-Formais_tmp_tmp_8fa4trr_circular-array.dfy,smtlib,vampire,arguments,VERIFICATION_TIMED_OUT,57575,4
ground_truth,Trab1-Metodos-Formais_tmp_tmp_8fa4trr_circular-array.dfy,smtlib,z3,monomorphic,VERIFICATION_TIMED_OUT,16969,4
ground_truth,Trab1-Metodos-Formais_tmp_tmp_8fa4trr_circular-array.dfy,smtlib,z3,predicates,VERIFICATION_TIMED_OUT,16825,4
ground_truth,Trab1-Metodos-Formais_tmp_tmp_8fa4trr_circular-array.dfy,smtlib,z3,arguments,VERIFICATION_TIMED_OUT,16812,4
ground_truth,Prog-Fun-Solutions_tmp_tmp7_gmnz5f_mockExam2_p5.dfy,tptp,vampire,polymorphic,VERIFICATION_TIMED_OUT,15326,4
ground_truth,Prog-Fun-Solutions_tmp_tmp7_gmnz5f_mockExam2_p5.dfy,tptp,vampire,monomorphic,VERIFICATION_TIMED_OUT,15491,4
ground_truth,Prog-Fun-Solutions_tmp_tmp7_gmnz5f_mockExam2_p5.dfy,tptp,vampire,predicates,VERIFICATION_TIMED_OUT,15377,4
ground_truth,Prog-Fun-Solutions_tmp_tmp7_gmnz5f_mockExam2_p5.dfy,tptp,vampire,arguments,VERIFICATION_TIMED_OUT,15339,4
ground_truth,Prog-Fun-Solutions_tmp_tmp7_gmnz5f_mockExam2_p5.dfy,smtlib,vampire,monomorphic,VERIFICATION_TIMED_OUT,15353,4
ground_truth,Prog-Fun-Solutions_tmp_tmp7_gmnz5f_mockExam2_p5.dfy,smtlib,vampire,predicates,VERIFICATION_TIMED_OUT,15302,4
ground_truth,Prog-Fun-Solutions_tmp_tmp7_gmnz5f_mockExam2_p5.dfy,smtlib,vampire,arguments,VERIFICATION_TIMED_OUT,15273,4
ground_truth,Prog-Fun-Solutions_tmp_tmp7_gmnz5f_mockExam2_p5.dfy,smtlib,z3,monomorphic,VERIFIED,1501,0
ground_truth,Prog-Fun-Solutions_tmp_tmp7_gmnz5f_mockExam2_p5.dfy,smtlib,z3,predicates,VERIFIED,1438,0
ground_truth,Prog-Fun-Solutions_tmp_tmp7_gmnz5f_mockExam2_p5.dfy,smtlib,z3,arguments,VERIFIED,1449,0
ground_truth,BinarySearchTree_tmp_tmp_bn2twp5_bst4copy.dfy,tptp,vampire,polymorphic,VERIFICATION_TIMED_OUT,15826,4
ground_truth,BinarySearchTree_tmp_tmp_bn2twp5_bst4copy.dfy,tptp,vampire,monomorphic,VERIFICATION_TIMED_OUT,16002,4
ground_truth,BinarySearchTree_tmp_tmp_bn2twp5_bst4copy.dfy,tptp,vampire,predicates,VERIFICATION_TIMED_OUT,17196,4
ground_truth,BinarySearchTree_tmp_tmp_bn2twp5_bst4copy.dfy,tptp,vampire,arguments,VERIFICATION_TIMED_OUT,15866,4
ground_truth,BinarySearchTree_tmp_tmp_bn2twp5_bst4copy.dfy,smtlib,vampire,monomorphic,VERIFICATION_TIMED_OUT,15795,4
ground_truth,BinarySearchTree_tmp_tmp_bn2twp5_bst4copy.dfy,smtlib,vampire,predicates,VERIFICATION_TIMED_OUT,16379,4
ground_truth,BinarySearchTree_tmp_tmp_bn2twp5_bst4copy.dfy,smtlib,vampire,arguments,VERIFICATION_TIMED_OUT,15867,4
ground_truth,BinarySearchTree_tmp_tmp_bn2twp5_bst4copy.dfy,smtlib,z3,monomorphic,VERIFIED,1878,0
ground_truth,BinarySearchTree_tmp_tmp_bn2twp5_bst4copy.dfy,smtlib,z3,predicates,VERIFIED,1849,0
ground_truth,BinarySearchTree_tmp_tmp_bn2twp5_bst4copy.dfy,smtlib,z3,arguments,VERIFIED,1815,0
ground_truth,Dafny_Verify_tmp_tmphq7j0row_Fine_Tune_Examples_50_examples_38.dfy,tptp,vampire,polymorphic,VERIFICATION_TIMED_OUT,15274,4
ground_truth,Dafny_Verify_tmp_tmphq7j0row_Fine_Tune_Examples_50_examples_38.dfy,tptp,vampire,monomorphic,VERIFICATION_TIMED_OUT,15346,4
ground_truth,Dafny_Verify_tmp_tmphq7j0row_Fine_Tune_Examples_50_examples_38.dfy,tptp,vampire,predicates,VERIFICATION_TIMED_OUT,15319,4
ground_truth,Dafny_Verify_tmp_tmphq7j0row_Fine_Tune_Examples_50_examples_38.dfy,tptp,vampire,arguments,VERIFICATION_TIMED_OUT,15312,4
ground_truth,Dafny_Verify_tmp_tmphq7j0row_Fine_Tune_Examples_50_examples_38.dfy,smtlib,vampire,monomorphic,VERIFIED,2014,0
ground_truth,Dafny_Verify_tmp_tmphq7j0row_Fine_Tune_Examples_50_examples_38.dfy,smtlib,vampire,predicates,VERIFIED,1988,0
ground_truth,Dafny_Verify_tmp_tmphq7j0row_Fine_Tune_Examples_50_examples_38.dfy,smtlib,vampire,arguments,VERIFIED,1986,0
ground_truth,Dafny_Verify_tmp_tmphq7j0row_Fine_Tune_Examples_50_examples_38.dfy,smtlib,z3,monomorphic,VERIFIED,1409,0
ground_truth,Dafny_Verify_tmp_tmphq7j0row_Fine_Tune_Examples_50_examples_38.dfy,smtlib,z3,predicates,VERIFIED,1372,0
ground_truth,Dafny_Verify_tmp_tmphq7j0row_Fine_Tune_Examples_50_examples_38.dfy,smtlib,z3,arguments,VERIFIED,1358,0
ground_truth,Program-Verification-Dataset_tmp_tmpgbdrlnu__Dafny_from_dafny_main_repo_dafny0_snapshots_Inputs_Snapshots1.dfy,tptp,vampire,polymorphic,VERIFIED,1357,0
ground_truth,Program-Verification-Dataset_tmp_tmpgbdrlnu__Dafny_from_dafny_main_repo_dafny0_snapshots_Inputs_Snapshots1.dfy,tptp,vampire,monomorphic,VERIFIED,1461,0
ground_truth,Program-Verification-Dataset_tmp_tmpgbdrlnu__Dafny_from_dafny_main_repo_dafny0_snapshots_Inputs_Snapshots1.dfy,tptp,vampire,predicates,VERIFIED,1384,0
ground_truth,Program-Verification-Dataset_tmp_tmpgbdrlnu__Dafny_from_dafny_main_repo_dafny0_snapshots_Inputs_Snapshots1.dfy,tptp,vampire,arguments,VERIFIED,1392,0
ground_truth,Program-Verification-Dataset_tmp_tmpgbdrlnu__Dafny_from_dafny_main_repo_dafny0_snapshots_Inputs_Snapshots1.dfy,smtlib,vampire,monomorphic,VERIFIED,1392,0
ground_truth,Program-Verification-Dataset_tmp_tmpgbdrlnu__Dafny_from_dafny_main_repo_dafny0_snapshots_Inputs_Snapshots1.dfy,smtlib,vampire,predicates,VERIFIED,1327,0
ground_truth,Program-Verification-Dataset_tmp_tmpgbdrlnu__Dafny_from_dafny_main_repo_dafny0_snapshots_Inputs_Snapshots1.dfy,smtlib,vampire,arguments,VERIFIED,1332,0
ground_truth,Program-Verification-Dataset_tmp_tmpgbdrlnu__Dafny_from_dafny_main_repo_dafny0_snapshots_Inputs_Snapshots1.dfy,smtlib,z3,monomorphic,VERIFIED,1387,0
ground_truth,Program-Verification-Dataset_tmp_tmpgbdrlnu__Dafny_from_dafny_main_repo_dafny0_snapshots_Inputs_Snapshots1.dfy,smtlib,z3,predicates,VERIFIED,1334,0
ground_truth,Program-Verification-Dataset_tmp_tmpgbdrlnu__Dafny_from_dafny_main_repo_dafny0_snapshots_Inputs_Snapshots1.dfy,smtlib,z3,arguments,VERIFIED,1307,0
ground_truth,Dafny-Practice_tmp_tmphnmt4ovh_BST.dfy,tptp,vampire,polymorphic,VERIFICATION_TIMED_OUT,29726,4
ground_truth,Dafny-Practice_tmp_tmphnmt4ovh_BST.dfy,tptp,vampire,monomorphic,VERIFICATION_TIMED_OUT,29961,4
ground_truth,Dafny-Practice_tmp_tmphnmt4ovh_BST.dfy,tptp,vampire,predicates,VERIFICATION_TIMED_OUT,29961,4
ground_truth,Dafny-Practice_tmp_tmphnmt4ovh_BST.dfy,tptp,vampire,arguments,VERIFICATION_TIMED_OUT,29753,4
ground_truth,Dafny-Practice_tmp_tmphnmt4ovh_BST.dfy,smtlib,vampire,monomorphic,VERIFICATION_TIMED_OUT,19189,4
ground_truth,Dafny-Practice_tmp_tmphnmt4ovh_BST.dfy,smtlib,vampire,predicates,VERIFICATION_TIMED_OUT,29777,4
ground_truth,Dafny-Practice_tmp_tmphnmt4ovh_BST.dfy,smtlib,vampire,arguments,VERIFICATION_TIMED_OUT,19103,4
ground_truth,Dafny-Practice_tmp_tmphnmt4ovh_BST.dfy,smtlib,z3,monomorphic,VERIFICATION_TIMED_OUT,17002,4
ground_truth,Dafny-Practice_tmp_tmphnmt4ovh_BST.dfy,smtlib,z3,predicates,VERIFICATION_TIMED_OUT,16981,4
ground_truth,Dafny-Practice_tmp_tmphnmt4ovh_BST.dfy,smtlib,z3,arguments,VERIFICATION_TIMED_OUT,16941,4
ground_truth,dafny_examples_tmp_tmp8qotd4ez_lib_math_DivMod.dfy,tptp,vampire,polymorphic,VERIFICATION_TIMED_OUT,18990,4
ground_truth,dafny_examples_tmp_tmp8qotd4ez_lib_math_DivMod.dfy,tptp,vampire,monomorphic,VERIFICATION_TIMED_OUT,21299,4
ground_truth,dafny_examples_tmp_tmp8qotd4ez_lib_math_DivMod.dfy,tptp,vampire,predicates,VERIFICATION_TIMED_OUT,26982,4
ground_truth,dafny_examples_tmp_tmp8qotd4ez_lib_math_DivMod.dfy,tptp,vampire,arguments,VERIFICATION_TIMED_OUT,16166,4
ground_truth,dafny_examples_tmp_tmp8qotd4ez_lib_math_DivMod.dfy,smtlib,vampire,monomorphic,VERIFICATION_TIMED_OUT,15695,4
ground_truth,dafny_examples_tmp_tmp8qotd4ez_lib_math_DivMod.dfy,smtlib,vampire,predicates,VERIFICATION_TIMED_OUT,15599,4
ground_truth,dafny_examples_tmp_tmp8qotd4ez_lib_math_DivMod.dfy,smtlib,vampire,arguments,VERIFIED,4178,0
ground_truth,dafny_examples_tmp_tmp8qotd4ez_lib_math_DivMod.dfy,smtlib,z3,monomorphic,VERIFIED,1622,0
ground_truth,dafny_examples_tmp_tmp8qotd4ez_lib_math_DivMod.dfy,smtlib,z3,predicates,VERIFIED,1575,0
ground_truth,dafny_examples_tmp_tmp8qotd4ez_lib_math_DivMod.dfy,smtlib,z3,arguments,VERIFIED,1585,0
ground_truth,Dafny_tmp_tmpj88zq5zt_2-Kontrakte_max.dfy,tptp,vampire,polymorphic,VERIFIED,1536,0
ground_truth,Dafny_tmp_tmpj88zq5zt_2-Kontrakte_max.dfy,tptp,vampire,monomorphic,VERIFIED,1629,0
ground_truth,Dafny_tmp_tmpj88zq5zt_2-Kontrakte_max.dfy,tptp,vampire,predicates,VERIFIED,2034,0
ground_truth,Dafny_tmp_tmpj88zq5zt_2-Kontrakte_max.dfy,tptp,vampire,arguments,VERIFIED,1643,0
ground_truth,Dafny_tmp_tmpj88zq5zt_2-Kontrakte_max.dfy,smtlib,vampire,monomorphic,VERIFIED,1520,0
ground_truth,Dafny_tmp_tmpj88zq5zt_2-Kontrakte_max.dfy,smtlib,vampire,predicates,VERIFIED,2062,0
ground_truth,Dafny_tmp_tmpj88zq5zt_2-Kontrakte_max.dfy,smtlib,vampire,arguments,VERIFIED,1594,0
ground_truth,Dafny_tmp_tmpj88zq5zt_2-Kontrakte_max.dfy,smtlib,z3,monomorphic,VERIFIED,1483,0
ground_truth,Dafny_tmp_tmpj88zq5zt_2-Kontrakte_max.dfy,smtlib,z3,predicates,VERIFIED,1435,0
ground_truth,Dafny_tmp_tmpj88zq5zt_2-Kontrakte_max.dfy,smtlib,z3,arguments,VERIFIED,1437,0
ground_truth,repo-8967-Ironclad_tmp_tmp4q25en_1_ironclad-apps_src_Dafny_Libraries_Util_seqs_simple.dfy,tptp,vampire,polymorphic,VERIFICATION_TIMED_OUT,16229,4
ground_truth,repo-8967-Ironclad_tmp_tmp4q25en_1_ironclad-apps_src_Dafny_Libraries_Util_seqs_simple.dfy,tptp,vampire,monomorphic,VERIFICATION_TIMED_OUT,16241,4
ground_truth,repo-8967-Ironclad_tmp_tmp4q25en_1_ironclad-apps_src_Dafny_Libraries_Util_seqs_simple.dfy,tptp,vampire,predicates,VERIFICATION_TIMED_OUT,29886,4
ground_truth,repo-8967-Ironclad_tmp_tmp4q25en_1_ironclad-apps_src_Dafny_Libraries_Util_seqs_simple.dfy,tptp,vampire,arguments,VERIFICATION_TIMED_OUT,29467,4
ground_truth,repo-8967-Ironclad_tmp_tmp4q25en_1_ironclad-apps_src_Dafny_Libraries_Util_seqs_simple.dfy,smtlib,vampire,monomorphic,VERIFICATION_TIMED_OUT,16132,4
ground_truth,repo-8967-Ironclad_tmp_tmp4q25en_1_ironclad-apps_src_Dafny_Libraries_Util_seqs_simple.dfy,smtlib,vampire,predicates,VERIFICATION_TIMED_OUT,20172,4
ground_truth,repo-8967-Ironclad_tmp_tmp4q25en_1_ironclad-apps_src_Dafny_Libraries_Util_seqs_simple.dfy,smtlib,vampire,arguments,VERIFICATION_TIMED_OUT,17820,4
ground_truth,repo-8967-Ironclad_tmp_tmp4q25en_1_ironclad-apps_src_Dafny_Libraries_Util_seqs_simple.dfy,smtlib,z3,monomorphic,VERIFIED,1586,0
ground_truth,repo-8967-Ironclad_tmp_tmp4q25en_1_ironclad-apps_src_Dafny_Libraries_Util_seqs_simple.dfy,smtlib,z3,predicates,VERIFIED,1580,0
ground_truth,repo-8967-Ironclad_tmp_tmp4q25en_1_ironclad-apps_src_Dafny_Libraries_Util_seqs_simple.dfy,smtlib,z3,arguments,VERIFIED,1538,0
ground_truth,dafny-synthesis_task_id_770.dfy,tptp,vampire,polymorphic,VERIFICATION_TIMED_OUT,15291,4
ground_truth,dafny-synthesis_task_id_770.dfy,tptp,vampire,monomorphic,VERIFICATION_TIMED_OUT,15349,4
ground_truth,dafny-synthesis_task_id_770.dfy,tptp,vampire,predicates,VERIFICATION_TIMED_OUT,15330,4
ground_truth,dafny-synthesis_task_id_770.dfy,tptp,vampire,arguments,VERIFICATION_TIMED_OUT,15346,4
ground_truth,dafny-synthesis_task_id_770.dfy,smtlib,vampire,monomorphic,VERIFIED,3686,0
ground_truth,dafny-synthesis_task_id_770.dfy,smtlib,vampire,predicates,VERIFIED,6044,0
ground_truth,dafny-synthesis_task_id_770.dfy,smtlib,vampire,arguments,VERIFICATION_TIMED_OUT,15188,4
ground_truth,dafny-synthesis_task_id_770.dfy,smtlib,z3,monomorphic,VERIFIED,1443,0
ground_truth,dafny-synthesis_task_id_770.dfy,smtlib,z3,predicates,VERIFIED,1406,0
ground_truth,dafny-synthesis_task_id_770.dfy,smtlib,z3,arguments,VERIFIED,1387,0
ground_truth,dafny-exercise_tmp_tmpouftptir_zapNegatives.dfy,tptp,vampire,polymorphic,VERIFICATION_TIMED_OUT,15484,4
ground_truth,dafny-exercise_tmp_tmpouftptir_zapNegatives.dfy,tptp,vampire,monomorphic,VERIFICATION_TIMED_OUT,15587,4
ground_truth,dafny-exercise_tmp_tmpouftptir_zapNegatives.dfy,tptp,vampire,predicates,VERIFICATION_TIMED_OUT,15499,4
ground_truth,dafny-exercise_tmp_tmpouftptir_zapNegatives.dfy,tptp,vampire,arguments,VERIFICATION_TIMED_OUT,15495,4
ground_truth,dafny-exercise_tmp_tmpouftptir_zapNegatives.dfy,smtlib,vampire,monomorphic,VERIFIED,4399,0
ground_truth,dafny-exercise_tmp_tmpouftptir_zapNegatives.dfy,smtlib,vampire,predicates,VERIFICATION_TIMED_OUT,15362,4
ground_truth,dafny-exercise_tmp_tmpouftptir_zapNegatives.dfy,smtlib,vampire,arguments,VERIFICATION_TIMED_OUT,15320,4
ground_truth,dafny-exercise_tmp_tmpouftptir_zapNegatives.dfy,smtlib,z3,monomorphic,VERIFIED,1607,0
ground_truth,dafny-exercise_tmp_tmpouftptir_zapNegatives.dfy,smtlib,z3,predicates,VERIFIED,1529,0
ground_truth,dafny-exercise_tmp_tmpouftptir_zapNegatives.dfy,smtlib,z3,arguments,VERIFIED,1525,0
ground_truth,Dafny_Verify_tmp_tmphq7j0row_Generated_Code_ComputePower.dfy,tptp,vampire,polymorphic,VERIFICATION_TIMED_OUT,15322,4
ground_truth,Dafny_Verify_tmp_tmphq7j0row_Generated_Code_ComputePower.dfy,tptp,vampire,monomorphic,VERIFICATION_TIMED_OUT,15414,4
ground_truth,Dafny_Verify_tmp_tmphq7j0row_Generated_Code_ComputePower.dfy,tptp,vampire,predicates,VERIFICATION_TIMED_OUT,15391,4
ground_truth,Dafny_Verify_tmp_tmphq7j0row_Generated_Code_ComputePower.dfy,tptp,vampire,arguments,VERIFICATION_TIMED_OUT,15305,4
ground_truth,Dafny_Verify_tmp_tmphq7j0row_Generated_Code_ComputePower.dfy,smtlib,vampire,monomorphic,VERIFICATION_TIMED_OUT,15346,4
ground_truth,Dafny_Verify_tmp_tmphq7j0row_Generated_Code_ComputePower.dfy,smtlib,vampire,predicates,VERIFICATION_TIMED_OUT,15283,4
ground_truth,Dafny_Verify_tmp_tmphq7j0row_Generated_Code_ComputePower.dfy,smtlib,vampire,arguments,VERIFIED,8537,0
ground_truth,Dafny_Verify_tmp_tmphq7j0row_Generated_Code_ComputePower.dfy,smtlib,z3,monomorphic,VERIFIED,1487,0
ground_truth,Dafny_Verify_tmp_tmphq7j0row_Generated_Code_ComputePower.dfy,smtlib,z3,predicates,VERIFIED,1451,0
ground_truth,Dafny_Verify_tmp_tmphq7j0row_Generated_Code_ComputePower.dfy,smtlib,z3,arguments,VERIFIED,1424,0
ground_truth,ProjectosCVS_tmp_tmp_02_gmcw_Handout 1_CVS_handout1_55754_55780.dfy,tptp,vampire,polymorphic,VERIFICATION_TIMED_OUT,15341,4
ground_truth,ProjectosCVS_tmp_tmp_02_gmcw_Handout 1_CVS_handout1_55754_55780.dfy,tptp,vampire,monomorphic,VERIFICATION_TIMED_OUT,15476,4
ground_truth,ProjectosCVS_tmp_tmp_02_gmcw_Handout 1_CVS_handout1_55754_55780.dfy,tptp,vampire,predicates,VERIFICATION_TIMED_OUT,15378,4
ground_truth,ProjectosCVS_tmp_tmp_02_gmcw_Handout 1_CVS_handout1_55754_55780.dfy,tptp,vampire,arguments,VERIFICATION_TIMED_OUT,15389,4
ground_truth,ProjectosCVS_tmp_tmp_02_gmcw_Handout 1_CVS_handout1_55754_55780.dfy,smtlib,vampire,monomorphic,VERIFIED,14477,0
ground_truth,ProjectosCVS_tmp_tmp_02_gmcw_Handout 1_CVS_handout1_55754_55780.dfy,smtlib,vampire,predicates,VERIFIED,2986,0
ground_truth,ProjectosCVS_tmp_tmp_02_gmcw_Handout 1_CVS_handout1_55754_55780.dfy,smtlib,vampire,arguments,VERIFIED,3558,0
ground_truth,ProjectosCVS_tmp_tmp_02_gmcw_Handout 1_CVS_handout1_55754_55780.dfy,smtlib,z3,monomorphic,VERIFIED,1497,0
ground_truth,ProjectosCVS_tmp_tmp_02_gmcw_Handout 1_CVS_handout1_55754_55780.dfy,smtlib,z3,predicates,VERIFIED,1403,0
ground_truth,ProjectosCVS_tmp_tmp_02_gmcw_Handout 1_CVS_handout1_55754_55780.dfy,smtlib,z3,arguments,VERIFIED,1419,0
ground_truth,Programmverifikation-und-synthese_tmp_tmppurk6ime_PVS_Assignment_ex_10_Hoangkim_ex10_hoangkim.dfy,tptp,vampire,polymorphic,VERIFIED,2077,0
ground_truth,Programmverifikation-und-synthese_tmp_tmppurk6ime_PVS_Assignment_ex_10_Hoangkim_ex10_hoangkim.dfy,tptp,vampire,monomorphic,VERIFIED,2351,0
ground_truth,Programmverifikation-und-synthese_tmp_tmppurk6ime_PVS_Assignment_ex_10_Hoangkim_ex10_hoangkim.dfy,tptp,vampire,predicates,VERIFIED,2943,0
ground_truth,Programmverifikation-und-synthese_tmp_tmppurk6ime_PVS_Assignment_ex_10_Hoangkim_ex10_hoangkim.dfy,tptp,vampire,arguments,VERIFIED,2918,0
ground_truth,Programmverifikation-und-synthese_tmp_tmppurk6ime_PVS_Assignment_ex_10_Hoangkim_ex10_hoangkim.dfy,smtlib,vampire,monomorphic,VERIFIED,3298,0
ground_truth,Programmverifikation-und-synthese_tmp_tmppurk6ime_PVS_Assignment_ex_10_Hoangkim_ex10_hoangkim.dfy,smtlib,vampire,predicates,VERIFIED,2972,0
ground_truth,Programmverifikation-und-synthese_tmp_tmppurk6ime_PVS_Assignment_ex_10_Hoangkim_ex10_hoangkim.dfy,smtlib,vampire,arguments,VERIFIED,2926,0
ground_truth,Programmverifikation-und-synthese_tmp_tmppurk6ime_PVS_Assignment_ex_10_Hoangkim_ex10_hoangkim.dfy,smtlib,z3,monomorphic,VERIFIED,1482,0
ground_truth,Programmverifikation-und-synthese_tmp_tmppurk6ime_PVS_Assignment_ex_10_Hoangkim_ex10_hoangkim.dfy,smtlib,z3,predicates,VERIFIED,1432,0
ground_truth,Programmverifikation-und-synthese_tmp_tmppurk6ime_PVS_Assignment_ex_10_Hoangkim_ex10_hoangkim.dfy,smtlib,z3,arguments,VERIFIED,1427,0
ground_truth,dafny-synthesis_task_id_233.dfy,tptp,vampire,polymorphic,VERIFIED,1303,0
ground_truth,dafny-synthesis_task_id_233.dfy,tptp,vampire,monomorphic,VERIFIED,1398,0
ground_truth,dafny-synthesis_task_id_233.dfy,tptp,vampire,predicates,VERIFIED,1333,0
ground_truth,dafny-synthesis_task_id_233.dfy,tptp,vampire,arguments,VERIFIED,1346,0
ground_truth,dafny-synthesis_task_id_233.dfy,smtlib,vampire,monomorphic,VERIFIED,1343,0
ground_truth,dafny-synthesis_task_id_233.dfy,smtlib,vampire,predicates,VERIFIED,1265,0
ground_truth,dafny-synthesis_task_id_233.dfy,smtlib,vampire,arguments,VERIFIED,1272,0
ground_truth,dafny-synthesis_task_id_233.dfy,smtlib,z3,monomorphic,VERIFIED,1317,0
ground_truth,dafny-synthesis_task_id_233.dfy,smtlib,z3,predicates,VERIFIED,1294,0
ground_truth,dafny-synthesis_task_id_233.dfy,smtlib,z3,arguments,VERIFIED,1269,0
ground_truth,Dafny_Programs_tmp_tmp99966ew4_lemma.dfy,tptp,vampire,polymorphic,VERIFICATION_TIMED_OUT,15399,4
ground_truth,Dafny_Programs_tmp_tmp99966ew4_lemma.dfy,tptp,vampire,monomorphic,VERIFICATION_TIMED_OUT,15490,4
ground_truth,Dafny_Programs_tmp_tmp99966ew4_lemma.dfy,tptp,vampire,predicates,VERIFICATION_TIMED_OUT,15526,4
ground_truth,Dafny_Programs_tmp_tmp99966ew4_lemma.dfy,tptp,vampire,arguments,VERIFICATION_TIMED_OUT,15445,4
ground_truth,Dafny_Programs_tmp_tmp99966ew4_lemma.dfy,smtlib,vampire,monomorphic,VERIFICATION_TIMED_OUT,15410,4
ground_truth,Dafny_Programs_tmp_tmp99966ew4_lemma.dfy,smtlib,vampire,predicates,VERIFICATION_TIMED_OUT,15397,4
ground_truth,Dafny_Programs_tmp_tmp99966ew4_lemma.dfy,smtlib,vampire,arguments,VERIFIED,3766,0
ground_truth,Dafny_Programs_tmp_tmp99966ew4_lemma.dfy,smtlib,z3,monomorphic,VERIFIED,1613,0
ground_truth,Dafny_Programs_tmp_tmp99966ew4_lemma.dfy,smtlib,z3,predicates,VERIFIED,1526,0
ground_truth,Dafny_Programs_tmp_tmp99966ew4_lemma.dfy,smtlib,z3,arguments,VERIFIED,1553,0
ground_truth,dafny-language-server_tmp_tmpkir0kenl_Test_tutorial_maximum.dfy,tptp,vampire,polymorphic,VERIFICATION_TIMED_OUT,15333,4
ground_truth,dafny-language-server_tmp_tmpkir0kenl_Test_tutorial_maximum.dfy,tptp,vampire,monomorphic,VERIFICATION_TIMED_OUT,15501,4
ground_truth,dafny-language-server_tmp_tmpkir0kenl_Test_tutorial_maximum.dfy,tptp,vampire,predicates,VERIFICATION_TIMED_OUT,15431,4
ground_truth,dafny-language-server_tmp_tmpkir0kenl_Test_tutorial_maximum.dfy,tptp,vampire,arguments,VERIFICATION_TIMED_OUT,15434,4
ground_truth,dafny-language-server_tmp_tmpkir0kenl_Test_tutorial_maximum.dfy,smtlib,vampire,monomorphic,VERIFIED,3411,0
ground_truth,dafny-language-server_tmp_tmpkir0kenl_Test_tutorial_maximum.dfy,smtlib,vampire,predicates,VERIFICATION_TIMED_OUT,15295,4
ground_truth,dafny-language-server_tmp_tmpkir0kenl_Test_tutorial_maximum.dfy,smtlib,vampire,arguments,VERIFICATION_TIMED_OUT,15309,4
ground_truth,dafny-language-server_tmp_tmpkir0kenl_Test_tutorial_maximum.dfy,smtlib,z3,monomorphic,VERIFIED,1514,0
ground_truth,dafny-language-server_tmp_tmpkir0kenl_Test_tutorial_maximum.dfy,smtlib,z3,predicates,VERIFIED,1468,0
ground_truth,dafny-language-server_tmp_tmpkir0kenl_Test_tutorial_maximum.dfy,smtlib,z3,arguments,VERIFIED,1466,0
ground_truth,dafny-synthesis_task_id_61.dfy,tptp,vampire,polymorphic,VERIFIED,2254,0
ground_truth,dafny-synthesis_task_id_61.dfy,tptp,vampire,monomorphic,VERIFIED,2295,0
ground_truth,dafny-synthesis_task_id_61.dfy,tptp,vampire,predicates,VERIFIED,3304,0
ground_truth,dafny-synthesis_task_id_61.dfy,tptp,vampire,arguments,VERIFIED,2198,0
ground_truth,dafny-synthesis_task_id_61.dfy,smtlib,vampire,monomorphic,VERIFIED,3689,0
ground_truth,dafny-synthesis_task_id_61.dfy,smtlib,vampire,predicates,VERIFIED,2243,0
ground_truth,dafny-synthesis_task_id_61.dfy,smtlib,vampire,arguments,VERIFIED,2167,0
ground_truth,dafny-synthesis_task_id_61.dfy,smtlib,z3,monomorphic,VERIFIED,1467,0
ground_truth,dafny-synthesis_task_id_61.dfy,smtlib,z3,predicates,VERIFIED,1408,0
ground_truth,dafny-synthesis_task_id_61.dfy,smtlib,z3,arguments,VERIFIED,1380,0
ground_truth,Dafny-Exercises_tmp_tmpjm75muf__Session7Exercises_ExerciseSeparate.dfy,tptp,vampire,polymorphic,VERIFICATION_TIMED_OUT,15478,4
ground_truth,Dafny-Exercises_tmp_tmpjm75muf__Session7Exercises_ExerciseSeparate.dfy,tptp,vampire,monomorphic,VERIFICATION_TIMED_OUT,15585,4
ground_truth,Dafny-Exercises_tmp_tmpjm75muf__Session7Exercises_ExerciseSeparate.dfy,tptp,vampire,predicates,VERIFICATION_TIMED_OUT,15527,4
ground_truth,Dafny-Exercises_tmp_tmpjm75muf__Session7Exercises_ExerciseSeparate.dfy,tptp,vampire,arguments,VERIFICATION_TIMED_OUT,15509,4
ground_truth,Dafny-Exercises_tmp_tmpjm75muf__Session7Exercises_ExerciseSeparate.dfy,smtlib,vampire,monomorphic,VERIFICATION_TIMED_OUT,15521,4
ground_truth,Dafny-Exercises_tmp_tmpjm75muf__Session7Exercises_ExerciseSeparate.dfy,smtlib,vampire,predicates,VERIFICATION_TIMED_OUT,15408,4
ground_truth,Dafny-Exercises_tmp_tmpjm75muf__Session7Exercises_ExerciseSeparate.dfy,smtlib,vampire,arguments,VERIFICATION_TIMED_OUT,15413,4
ground_truth,Dafny-Exercises_tmp_tmpjm75muf__Session7Exercises_ExerciseSeparate.dfy,smtlib,z3,monomorphic,VERIFIED,1931,0
ground_truth,Dafny-Exercises_tmp_tmpjm75muf__Session7Exercises_ExerciseSeparate.dfy,smtlib,z3,predicates,VERIFIED,2098,0
ground_truth,Dafny-Exercises_tmp_tmpjm75muf__Session7Exercises_ExerciseSeparate.dfy,smtlib,z3,arguments,VERIFIED,2798,0
ground_truth,dafny_tmp_tmp59p638nn_examples_minmax2.dfy,tptp,vampire,polymorphic,VERIFICATION_TIMED_OUT,15486,4
ground_truth,dafny_tmp_tmp59p638nn_examples_minmax2.dfy,tptp,vampire,monomorphic,VERIFICATION_TIMED_OUT,15631,4
ground_truth,dafny_tmp_tmp59p638nn_examples_minmax2.dfy,tptp,vampire,predicates,VERIFICATION_TIMED_OUT,15524,4
ground_truth,dafny_tmp_tmp59p638nn_examples_minmax2.dfy,tptp,vampire,arguments,VERIFICATION_TIMED_OUT,15532,4
ground_truth,dafny_tmp_tmp59p638nn_examples_minmax2.dfy,smtlib,vampire,monomorphic,VERIFICATION_TIMED_OUT,15434,4
ground_truth,dafny_tmp_tmp59p638nn_examples_minmax2.dfy,smtlib,vampire,predicates,VERIFICATION_TIMED_OUT,15425,4
ground_truth,dafny_tmp_tmp59p638nn_examples_minmax2.dfy,smtlib,vampire,arguments,VERIFICATION_TIMED_OUT,15372,4
ground_truth,dafny_tmp_tmp59p638nn_examples_minmax2.dfy,smtlib,z3,monomorphic,VERIFIED,1635,0
ground_truth,dafny_tmp_tmp59p638nn_examples_minmax2.dfy,smtlib,z3,predicates,VERIFIED,1604,0
ground_truth,dafny_tmp_tmp59p638nn_examples_minmax2.dfy,smtlib,z3,arguments,VERIFIED,1562,0
ground_truth,dafleet_tmp_tmpa2e4kb9v_0001-0050_0005-longest-palindromic-substring.dfy,tptp,vampire,polymorphic,VERIFICATION_TIMED_OUT,63877,4
ground_truth,dafleet_tmp_tmpa2e4kb9v_0001-0050_0005-longest-palindromic-substring.dfy,tptp,vampire,monomorphic,VERIFICATION_TIMED_OUT,54653,4
ground_truth,dafleet_tmp_tmpa2e4kb9v_0001-0050_0005-longest-palindromic-substring.dfy,tptp,vampire,predicates,VERIFICATION_TIMED_OUT,93683,4
ground_truth,dafleet_tmp_tmpa2e4kb9v_0001-0050_0005-longest-palindromic-substring.dfy,tptp,vampire,arguments,VERIFICATION_TIMED_OUT,65137,4
ground_truth,dafleet_tmp_tmpa2e4kb9v_0001-0050_0005-longest-palindromic-substring.dfy,smtlib,vampire,monomorphic,VERIFICATION_TIMED_OUT,63916,4
ground_truth,dafleet_tmp_tmpa2e4kb9v_0001-0050_0005-longest-palindromic-substring.dfy,smtlib,vampire,predicates,VERIFICATION_TIMED_OUT,83977,4
ground_truth,dafleet_tmp_tmpa2e4kb9v_0001-0050_0005-longest-palindromic-substring.dfy,smtlib,vampire,arguments,VERIFICATION_TIMED_OUT,76978,4
ground_truth,dafleet_tmp_tmpa2e4kb9v_0001-0050_0005-longest-palindromic-substring.dfy,smtlib,z3,monomorphic,VERIFIED,4346,0
ground_truth,dafleet_tmp_tmpa2e4kb9v_0001-0050_0005-longest-palindromic-substring.dfy,smtlib,z3,predicates,NOT_VERIFIED,5143,4
ground_truth,dafleet_tmp_tmpa2e4kb9v_0001-0050_0005-longest-palindromic-substring.dfy,smtlib,z3,arguments,VERIFIED,4780,0
ground_truth,dafny-synthesis_task_id_792.dfy,tptp,vampire,polymorphic,VERIFIED,1303,0
ground_truth,dafny-synthesis_task_id_792.dfy,tptp,vampire,monomorphic,VERIFIED,1407,0
ground_truth,dafny-synthesis_task_id_792.dfy,tptp,vampire,predicates,VERIFIED,1350,0
ground_truth,dafny-synthesis_task_id_792.dfy,tptp,vampire,arguments,VERIFIED,1328,0
ground_truth,dafny-synthesis_task_id_792.dfy,smtlib,vampire,monomorphic,VERIFIED,1328,0
ground_truth,dafny-synthesis_task_id_792.dfy,smtlib,vampire,predicates,VERIFIED,1281,0
ground_truth,dafny-synthesis_task_id_792.dfy,smtlib,vampire,arguments,VERIFIED,1270,0
ground_truth,dafny-synthesis_task_id_792.dfy,smtlib,z3,monomorphic,VERIFIED,1325,0
ground_truth,dafny-synthesis_task_id_792.dfy,smtlib,z3,predicates,VERIFIED,1294,0
ground_truth,dafny-synthesis_task_id_792.dfy,smtlib,z3,arguments,VERIFIED,1272,0
ground_truth,dafny-synthesis_task_id_755.dfy,tptp,vampire,polymorphic,VERIFICATION_TIMED_OUT,15451,4
ground_truth,dafny-synthesis_task_id_755.dfy,tptp,vampire,monomorphic,VERIFICATION_TIMED_OUT,15582,4
ground_truth,dafny-synthesis_task_id_755.dfy,tptp,vampire,predicates,VERIFICATION_TIMED_OUT,15490,4
ground_truth,dafny-synthesis_task_id_755.dfy,tptp,vampire,arguments,VERIFICATION_TIMED_OUT,15479,4
ground_truth,dafny-synthesis_task_id_755.dfy,smtlib,vampire,monomorphic,VERIFICATION_TIMED_OUT,15488,4
ground_truth,dafny-synthesis_task_id_755.dfy,smtlib,vampire,predicates,VERIFICATION_TIMED_OUT,15389,4
ground_truth,dafny-synthesis_task_id_755.dfy,smtlib,vampire,arguments,VERIFICATION_TIMED_OUT,15371,4
ground_truth,dafny-synthesis_task_id_755.dfy,smtlib,z3,monomorphic,VERIFIED,1668,0
ground_truth,dafny-synthesis_task_id_755.dfy,smtlib,z3,predicates,VERIFIED,1616,0
ground_truth,dafny-synthesis_task_id_755.dfy,smtlib,z3,arguments,VERIFIED,1568,0
ground_truth,stunning-palm-tree_tmp_tmpr84c2iwh_ch10.dfy,tptp,vampire,polymorphic,VERIFICATION_TIMED_OUT,199317,4
ground_truth,stunning-palm-tree_tmp_tmpr84c2iwh_ch10.dfy,tptp,vampire,monomorphic,VERIFICATION_TIMED_OUT,190837,4
ground_truth,stunning-palm-tree_tmp_tmpr84c2iwh_ch10.dfy,tptp,vampire,predicates,VERIFICATION_TIMED_OUT,663895,4
ground_truth,stunning-palm-tree_tmp_tmpr84c2iwh_ch10.dfy,tptp,vampire,arguments,VERIFICATION_TIMED_OUT,200918,4
ground_truth,stunning-palm-tree_tmp_tmpr84c2iwh_ch10.dfy,smtlib,vampire,monomorphic,VERIFICATION_TIMED_OUT,203219,4
ground_truth,stunning-palm-tree_tmp_tmpr84c2iwh_ch10.dfy,smtlib,vampire,predicates,VERIFICATION_TIMED_OUT,291084,4
ground_truth,stunning-palm-tree_tmp_tmpr84c2iwh_ch10.dfy,smtlib,vampire,arguments,VERIFICATION_TIMED_OUT,200408,4
ground_truth,stunning-palm-tree_tmp_tmpr84c2iwh_ch10.dfy,smtlib,z3,monomorphic,VERIFICATION_OUT_OF_RESOURCE,17335,4
ground_truth,stunning-palm-tree_tmp_tmpr84c2iwh_ch10.dfy,smtlib,z3,predicates,VERIFICATION_OUT_OF_RESOURCE,9429,4
ground_truth,stunning-palm-tree_tmp_tmpr84c2iwh_ch10.dfy,smtlib,z3,arguments,VERIFICATION_OUT_OF_RESOURCE,10532,4
ground_truth,Dafny_Verify_tmp_tmphq7j0row_Fine_Tune_Examples_50_examples_37.dfy,tptp,vampire,polymorphic,VERIFIED,1672,0
ground_truth,Dafny_Verify_tmp_tmphq7j0row_Fine_Tune_Examples_50_examples_37.dfy,tptp,vampire,monomorphic,VERIFIED,1785,0
ground_truth,Dafny_Verify_tmp_tmphq7j0row_Fine_Tune_Examples_50_examples_37.dfy,tptp,vampire,predicates,VERIFIED,1700,0
ground_truth,Dafny_Verify_tmp_tmphq7j0row_Fine_Tune_Examples_50_examples_37.dfy,tptp,vampire,arguments,VERIFIED,1688,0
ground_truth,Dafny_Verify_tmp_tmphq7j0row_Fine_Tune_Examples_50_examples_37.dfy,smtlib,vampire,monomorphic,VERIFIED,1725,0
ground_truth,Dafny_Verify_tmp_tmphq7j0row_Fine_Tune_Examples_50_examples_37.dfy,smtlib,vampire,predicates,VERIFIED,1662,0
ground_truth,Dafny_Verify_tmp_tmphq7j0row_Fine_Tune_Examples_50_examples_37.dfy,smtlib,vampire,arguments,VERIFIED,1666,0
ground_truth,Dafny_Verify_tmp_tmphq7j0row_Fine_Tune_Examples_50_examples_37.dfy,smtlib,z3,monomorphic,VERIFIED,1407,0
ground_truth,Dafny_Verify_tmp_tmphq7j0row_Fine_Tune_Examples_50_examples_37.dfy,smtlib,z3,predicates,VERIFIED,1343,0
ground_truth,Dafny_Verify_tmp_tmphq7j0row_Fine_Tune_Examples_50_examples_37.dfy,smtlib,z3,arguments,VERIFIED,1329,0
ground_truth,Dafny_Verify_tmp_tmphq7j0row_Fine_Tune_Examples_50_examples_SumArray.dfy,tptp,vampire,polymorphic,VERIFICATION_TIMED_OUT,15363,4
ground_truth,Dafny_Verify_tmp_tmphq7j0row_Fine_Tune_Examples_50_examples_SumArray.dfy,tptp,vampire,monomorphic,VERIFICATION_TIMED_OUT,15502,4
ground_truth,Dafny_Verify_tmp_tmphq7j0row_Fine_Tune_Examples_50_examples_SumArray.dfy,tptp,vampire,predicates,VERIFICATION_TIMED_OUT,15458,4
ground_truth,Dafny_Verify_tmp_tmphq7j0row_Fine_Tune_Examples_50_examples_SumArray.dfy,tptp,vampire,arguments,VERIFICATION_TIMED_OUT,15398,4
ground_truth,Dafny_Verify_tmp_tmphq7j0row_Fine_Tune_Examples_50_examples_SumArray.dfy,smtlib,vampire,monomorphic,VERIFICATION_TIMED_OUT,15341,4
ground_truth,Dafny_Verify_tmp_tmphq7j0row_Fine_Tune_Examples_50_examples_SumArray.dfy,smtlib,vampire,predicates,VERIFICATION_TIMED_OUT,15315,4
ground_truth,Dafny_Verify_tmp_tmphq7j0row_Fine_Tune_Examples_50_examples_SumArray.dfy,smtlib,vampire,arguments,VERIFICATION_TIMED_OUT,15335,4
ground_truth,Dafny_Verify_tmp_tmphq7j0row_Fine_Tune_Examples_50_examples_SumArray.dfy,smtlib,z3,monomorphic,VERIFIED,1560,0
ground_truth,Dafny_Verify_tmp_tmphq7j0row_Fine_Tune_Examples_50_examples_SumArray.dfy,smtlib,z3,predicates,VERIFIED,1497,0
ground_truth,Dafny_Verify_tmp_tmphq7j0row_Fine_Tune_Examples_50_examples_SumArray.dfy,smtlib,z3,arguments,VERIFIED,1468,0
ground_truth,dafny-language-server_tmp_tmpkir0kenl_Test_dafny4_Regression19.dfy,tptp,vampire,polymorphic,VERIFIED,1617,0
ground_truth,dafny-language-server_tmp_tmpkir0kenl_Test_dafny4_Regression19.dfy,tptp,vampire,monomorphic,VERIFIED,2894,0
ground_truth,dafny-language-server_tmp_tmpkir0kenl_Test_dafny4_Regression19.dfy,tptp,vampire,predicates,VERIFICATION_TIMED_OUT,15524,4
ground_truth,dafny-language-server_tmp_tmpkir0kenl_Test_dafny4_Regression19.dfy,tptp,vampire,arguments,VERIFIED,1632,0
ground_truth,dafny-language-server_tmp_tmpkir0kenl_Test_dafny4_Regression19.dfy,smtlib,vampire,monomorphic,VERIFIED,1827,0
ground_truth,dafny-language-server_tmp_tmpkir0kenl_Test_dafny4_Regression19.dfy,smtlib,vampire,predicates,VERIFICATION_TIMED_OUT,15380,4
ground_truth,dafny-language-server_tmp_tmpkir0kenl_Test_dafny4_Regression19.dfy,smtlib,vampire,arguments,VERIFIED,1590,0
ground_truth,dafny-language-server_tmp_tmpkir0kenl_Test_dafny4_Regression19.dfy,smtlib,z3,monomorphic,VERIFIED,1626,0
ground_truth,dafny-language-server_tmp_tmpkir0kenl_Test_dafny4_Regression19.dfy,smtlib,z3,predicates,VERIFIED,1567,0
ground_truth,dafny-language-server_tmp_tmpkir0kenl_Test_dafny4_Regression19.dfy,smtlib,z3,arguments,VERIFIED,1538,0
ground_truth,dafny-language-server_tmp_tmpkir0kenl_Test_comp_Arrays.dfy,tptp,vampire,polymorphic,VERIFICATION_TIMED_OUT,15556,4
ground_truth,dafny-language-server_tmp_tmpkir0kenl_Test_comp_Arrays.dfy,tptp,vampire,monomorphic,VERIFICATION_TIMED_OUT,15644,4
ground_truth,dafny-language-server_tmp_tmpkir0kenl_Test_comp_Arrays.dfy,tptp,vampire,predicates,VERIFICATION_TIMED_OUT,15677,4
ground_truth,dafny-language-server_tmp_tmpkir0kenl_Test_comp_Arrays.dfy,tptp,vampire,arguments,VERIFICATION_TIMED_OUT,15634,4
ground_truth,dafny-language-server_tmp_tmpkir0kenl_Test_comp_Arrays.dfy,smtlib,vampire,monomorphic,VERIFICATION_TIMED_OUT,15665,4
ground_truth,dafny-language-server_tmp_tmpkir0kenl_Test_comp_Arrays.dfy,smtlib,vampire,predicates,VERIFICATION_TIMED_OUT,15620,4
ground_truth,dafny-language-server_tmp_tmpkir0kenl_Test_comp_Arrays.dfy,smtlib,vampire,arguments,VERIFICATION_TIMED_OUT,15491,4
ground_truth,dafny-language-server_tmp_tmpkir0kenl_Test_comp_Arrays.dfy,smtlib,z3,monomorphic,VERIFIED,1676,0
ground_truth,dafny-language-server_tmp_tmpkir0kenl_Test_comp_Arrays.dfy,smtlib,z3,predicates,VERIFIED,1635,0
ground_truth,dafny-language-server_tmp_tmpkir0kenl_Test_comp_Arrays.dfy,smtlib,z3,arguments,VERIFIED,1594,0
ground_truth,assertive-programming-assignment-1_tmp_tmp3h_cj44u_SearchAddends.dfy,tptp,vampire,polymorphic,VERIFICATION_TIMED_OUT,16152,4
ground_truth,assertive-programming-assignment-1_tmp_tmp3h_cj44u_SearchAddends.dfy,tptp,vampire,monomorphic,VERIFICATION_TIMED_OUT,16040,4
ground_truth,assertive-programming-assignment-1_tmp_tmp3h_cj44u_SearchAddends.dfy,tptp,vampire,predicates,VERIFICATION_TIMED_OUT,29690,4
ground_truth,assertive-programming-assignment-1_tmp_tmp3h_cj44u_SearchAddends.dfy,tptp,vampire,arguments,VERIFICATION_TIMED_OUT,15855,4
ground_truth,assertive-programming-assignment-1_tmp_tmp3h_cj44u_SearchAddends.dfy,smtlib,vampire,monomorphic,VERIFICATION_TIMED_OUT,15833,4
ground_truth,assertive-programming-assignment-1_tmp_tmp3h_cj44u_SearchAddends.dfy,smtlib,vampire,predicates,VERIFICATION_TIMED_OUT,15666,4
ground_truth,assertive-programming-assignment-1_tmp_tmp3h_cj44u_SearchAddends.dfy,smtlib,vampire,arguments,VERIFICATION_TIMED_OUT,16181,4
ground_truth,assertive-programming-assignment-1_tmp_tmp3h_cj44u_SearchAddends.dfy,smtlib,z3,monomorphic,VERIFIED,1833,0
ground_truth,assertive-programming-assignment-1_tmp_tmp3h_cj44u_SearchAddends.dfy,smtlib,z3,predicates,VERIFIED,1765,0
ground_truth,assertive-programming-assignment-1_tmp_tmp3h_cj44u_SearchAddends.dfy,smtlib,z3,arguments,VERIFIED,1715,0
ground_truth,dafny-synthesis_task_id_69.dfy,tptp,vampire,polymorphic,VERIFIED,1582,0
ground_truth,dafny-synthesis_task_id_69.dfy,tptp,vampire,monomorphic,VERIFIED,1644,0
ground_truth,dafny-synthesis_task_id_69.dfy,tptp,vampire,predicates,VERIFIED,2911,0
ground_truth,dafny-synthesis_task_id_69.dfy,tptp,vampire,arguments,VERIFIED,3296,0
ground_truth,dafny-synthesis_task_id_69.dfy,smtlib,vampire,monomorphic,VERIFIED,1555,0
ground_truth,dafny-synthesis_task_id_69.dfy,smtlib,vampire,predicates,VERIFIED,3305,0
ground_truth,dafny-synthesis_task_id_69.dfy,smtlib,vampire,arguments,VERIFIED,3535,0
ground_truth,dafny-synthesis_task_id_69.dfy,smtlib,z3,monomorphic,VERIFIED,1485,0
ground_truth,dafny-synthesis_task_id_69.dfy,smtlib,z3,predicates,VERIFIED,1448,0
ground_truth,dafny-synthesis_task_id_69.dfy,smtlib,z3,arguments,VERIFIED,1429,0
ground_truth,dafny-synthesis_task_id_629.dfy,tptp,vampire,polymorphic,VERIFICATION_TIMED_OUT,15420,4
ground_truth,dafny-synthesis_task_id_629.dfy,tptp,vampire,monomorphic,VERIFICATION_TIMED_OUT,15544,4
ground_truth,dafny-synthesis_task_id_629.dfy,tptp,vampire,predicates,VERIFICATION_TIMED_OUT,15439,4
ground_truth,dafny-synthesis_task_id_629.dfy,tptp,vampire,arguments,VERIFICATION_TIMED_OUT,15378,4
ground_truth,dafny-synthesis_task_id_629.dfy,smtlib,vampire,monomorphic,VERIFICATION_TIMED_OUT,15437,4
ground_truth,dafny-synthesis_task_id_629.dfy,smtlib,vampire,predicates,VERIFICATION_TIMED_OUT,15350,4
ground_truth,dafny-synthesis_task_id_629.dfy,smtlib,vampire,arguments,VERIFIED,3347,0
ground_truth,dafny-synthesis_task_id_629.dfy,smtlib,z3,monomorphic,VERIFIED,1567,0
ground_truth,dafny-synthesis_task_id_629.dfy,smtlib,z3,predicates,VERIFIED,1487,0
ground_truth,dafny-synthesis_task_id_629.dfy,smtlib,z3,arguments,VERIFIED,1486,0
ground_truth,Prog-Fun-Solutions_tmp_tmp7_gmnz5f_extra_mod.dfy,tptp,vampire,polymorphic,VERIFICATION_TIMED_OUT,15339,4
ground_truth,Prog-Fun-Solutions_tmp_tmp7_gmnz5f_extra_mod.dfy,tptp,vampire,monomorphic,VERIFICATION_TIMED_OUT,15476,4
ground_truth,Prog-Fun-Solutions_tmp_tmp7_gmnz5f_extra_mod.dfy,tptp,vampire,predicates,VERIFICATION_TIMED_OUT,15439,4
ground_truth,Prog-Fun-Solutions_tmp_tmp7_gmnz5f_extra_mod.dfy,tptp,vampire,arguments,VERIFICATION_TIMED_OUT,15383,4
ground_truth,Prog-Fun-Solutions_tmp_tmp7_gmnz5f_extra_mod.dfy,smtlib,vampire,monomorphic,VERIFICATION_TIMED_OUT,15399,4
ground_truth,Prog-Fun-Solutions_tmp_tmp7_gmnz5f_extra_mod.dfy,smtlib,vampire,predicates,VERIFICATION_TIMED_OUT,15359,4
ground_truth,Prog-Fun-Solutions_tmp_tmp7_gmnz5f_extra_mod.dfy,smtlib,vampire,arguments,VERIFICATION_TIMED_OUT,15295,4
ground_truth,Prog-Fun-Solutions_tmp_tmp7_gmnz5f_extra_mod.dfy,smtlib,z3,monomorphic,VERIFICATION_TIMED_OUT,16489,4
ground_truth,Prog-Fun-Solutions_tmp_tmp7_gmnz5f_extra_mod.dfy,smtlib,z3,predicates,VERIFIED,2064,0
ground_truth,Prog-Fun-Solutions_tmp_tmp7_gmnz5f_extra_mod.dfy,smtlib,z3,arguments,VERIFIED,3088,0
ground_truth,dafny-exercise_tmp_tmpouftptir_prac3_ex2.dfy,tptp,vampire,polymorphic,VERIFICATION_TIMED_OUT,15507,4
ground_truth,dafny-exercise_tmp_tmpouftptir_prac3_ex2.dfy,tptp,vampire,monomorphic,VERIFICATION_TIMED_OUT,15560,4
ground_truth,dafny-exercise_tmp_tmpouftptir_prac3_ex2.dfy,tptp,vampire,predicates,VERIFICATION_TIMED_OUT,15537,4
ground_truth,dafny-exercise_tmp_tmpouftptir_prac3_ex2.dfy,tptp,vampire,arguments,VERIFICATION_TIMED_OUT,15506,4
ground_truth,dafny-exercise_tmp_tmpouftptir_prac3_ex2.dfy,smtlib,vampire,monomorphic,VERIFICATION_TIMED_OUT,15435,4
ground_truth,dafny-exercise_tmp_tmpouftptir_prac3_ex2.dfy,smtlib,vampire,predicates,VERIFICATION_TIMED_OUT,15422,4
ground_truth,dafny-exercise_tmp_tmpouftptir_prac3_ex2.dfy,smtlib,vampire,arguments,VERIFICATION_TIMED_OUT,15418,4
ground_truth,dafny-exercise_tmp_tmpouftptir_prac3_ex2.dfy,smtlib,z3,monomorphic,VERIFIED,1599,0
ground_truth,dafny-exercise_tmp_tmpouftptir_prac3_ex2.dfy,smtlib,z3,predicates,VERIFIED,1573,0
ground_truth,dafny-exercise_tmp_tmpouftptir_prac3_ex2.dfy,smtlib,z3,arguments,VERIFIED,1549,0
ground_truth,Dafny_Verify_tmp_tmphq7j0row_Fine_Tune_Examples_error_data_completion_11.dfy,tptp,vampire,polymorphic,VERIFIED,1648,0
ground_truth,Dafny_Verify_tmp_tmphq7j0row_Fine_Tune_Examples_error_data_completion_11.dfy,tptp,vampire,monomorphic,VERIFIED,1761,0
ground_truth,Dafny_Verify_tmp_tmphq7j0row_Fine_Tune_Examples_error_data_completion_11.dfy,tptp,vampire,predicates,VERIFIED,1700,0
ground_truth,Dafny_Verify_tmp_tmphq7j0row_Fine_Tune_Examples_error_data_completion_11.dfy,tptp,vampire,arguments,VERIFIED,1667,0
ground_truth,Dafny_Verify_tmp_tmphq7j0row_Fine_Tune_Examples_error_data_completion_11.dfy,smtlib,vampire,monomorphic,VERIFIED,1714,0
ground_truth,Dafny_Verify_tmp_tmphq7j0row_Fine_Tune_Examples_error_data_completion_11.dfy,smtlib,vampire,predicates,VERIFIED,1684,0
ground_truth,Dafny_Verify_tmp_tmphq7j0row_Fine_Tune_Examples_error_data_completion_11.dfy,smtlib,vampire,arguments,VERIFIED,1651,0
ground_truth,Dafny_Verify_tmp_tmphq7j0row_Fine_Tune_Examples_error_data_completion_11.dfy,smtlib,z3,monomorphic,VERIFIED,1378,0
ground_truth,Dafny_Verify_tmp_tmphq7j0row_Fine_Tune_Examples_error_data_completion_11.dfy,smtlib,z3,predicates,VERIFIED,1348,0
ground_truth,Dafny_Verify_tmp_tmphq7j0row_Fine_Tune_Examples_error_data_completion_11.dfy,smtlib,z3,arguments,VERIFIED,1323,0
ground_truth,CVS-Projto1_tmp_tmpb1o0bu8z_Hoare.dfy,tptp,vampire,polymorphic,VERIFICATION_TIMED_OUT,15614,4
ground_truth,CVS-Projto1_tmp_tmpb1o0bu8z_Hoare.dfy,tptp,vampire,monomorphic,VERIFICATION_TIMED_OUT,15798,4
ground_truth,CVS-Projto1_tmp_tmpb1o0bu8z_Hoare.dfy,tptp,vampire,predicates,VERIFICATION_TIMED_OUT,29613,4
ground_truth,CVS-Projto1_tmp_tmpb1o0bu8z_Hoare.dfy,tptp,vampire,arguments,VERIFICATION_TIMED_OUT,15703,4
ground_truth,CVS-Projto1_tmp_tmpb1o0bu8z_Hoare.dfy,smtlib,vampire,monomorphic,VERIFICATION_TIMED_OUT,15914,4
ground_truth,CVS-Projto1_tmp_tmpb1o0bu8z_Hoare.dfy,smtlib,vampire,predicates,VERIFICATION_TIMED_OUT,15730,4
ground_truth,CVS-Projto1_tmp_tmpb1o0bu8z_Hoare.dfy,smtlib,vampire,arguments,VERIFICATION_TIMED_OUT,15628,4
ground_truth,CVS-Projto1_tmp_tmpb1o0bu8z_Hoare.dfy,smtlib,z3,monomorphic,VERIFIED,1697,0
ground_truth,CVS-Projto1_tmp_tmpb1o0bu8z_Hoare.dfy,smtlib,z3,predicates,VERIFIED,1663,0
ground_truth,CVS-Projto1_tmp_tmpb1o0bu8z_Hoare.dfy,smtlib,z3,arguments,VERIFIED,1658,0
ground_truth,dafny-synthesis_task_id_139.dfy,tptp,vampire,polymorphic,VERIFIED,1307,0
ground_truth,dafny-synthesis_task_id_139.dfy,tptp,vampire,monomorphic,VERIFIED,1502,0
ground_truth,dafny-synthesis_task_id_139.dfy,tptp,vampire,predicates,VERIFIED,1318,0
ground_truth,dafny-synthesis_task_id_139.dfy,tptp,vampire,arguments,VERIFIED,1309,0
ground_truth,dafny-synthesis_task_id_139.dfy,smtlib,vampire,monomorphic,VERIFIED,1355,0
ground_truth,dafny-synthesis_task_id_139.dfy,smtlib,vampire,predicates,VERIFIED,1273,0
ground_truth,dafny-synthesis_task_id_139.dfy,smtlib,vampire,arguments,VERIFIED,1263,0
ground_truth,dafny-synthesis_task_id_139.dfy,smtlib,z3,monomorphic,VERIFIED,1336,0
ground_truth,dafny-synthesis_task_id_139.dfy,smtlib,z3,predicates,VERIFIED,1260,0
ground_truth,dafny-synthesis_task_id_139.dfy,smtlib,z3,arguments,VERIFIED,1286,0
ground_truth,dafny-synthesis_task_id_588.dfy,tptp,vampire,polymorphic,VERIFICATION_TIMED_OUT,15462,4
ground_truth,dafny-synthesis_task_id_588.dfy,tptp,vampire,monomorphic,VERIFICATION_TIMED_OUT,15572,4
ground_truth,dafny-synthesis_task_id_588.dfy,tptp,vampire,predicates,VERIFICATION_TIMED_OUT,15492,4
ground_truth,dafny-synthesis_task_id_588.dfy,tptp,vampire,arguments,VERIFICATION_TIMED_OUT,15471,4
ground_truth,dafny-synthesis_task_id_588.dfy,smtlib,vampire,monomorphic,VERIFICATION_TIMED_OUT,15431,4
ground_truth,dafny-synthesis_task_id_588.dfy,smtlib,vampire,predicates,VERIFICATION_TIMED_OUT,15351,4
ground_truth,dafny-synthesis_task_id_588.dfy,smtlib,vampire,arguments,VERIFICATION_TIMED_OUT,15345,4
ground_truth,dafny-synthesis_task_id_588.dfy,smtlib,z3,monomorphic,VERIFIED,1618,0
ground_truth,dafny-synthesis_task_id_588.dfy,smtlib,z3,predicates,VERIFIED,1600,0
ground_truth,dafny-synthesis_task_id_588.dfy,smtlib,z3,arguments,VERIFIED,1559,0
ground_truth,Clover_insert.dfy,tptp,vampire,polymorphic,VERIFICATION_TIMED_OUT,15453,4
ground_truth,Clover_insert.dfy,tptp,vampire,monomorphic,VERIFICATION_TIMED_OUT,15541,4
ground_truth,Clover_insert.dfy,tptp,vampire,predicates,VERIFICATION_TIMED_OUT,15479,4
ground_truth,Clover_insert.dfy,tptp,vampire,arguments,VERIFICATION_TIMED_OUT,15484,4
ground_truth,Clover_insert.dfy,smtlib,vampire,monomorphic,VERIFICATION_TIMED_OUT,15436,4
ground_truth,Clover_insert.dfy,smtlib,vampire,predicates,VERIFICATION_TIMED_OUT,15314,4
ground_truth,Clover_insert.dfy,smtlib,vampire,arguments,VERIFICATION_TIMED_OUT,15357,4
ground_truth,Clover_insert.dfy,smtlib,z3,monomorphic,VERIFIED,3317,0
ground_truth,Clover_insert.dfy,smtlib,z3,predicates,VERIFIED,1976,0
ground_truth,Clover_insert.dfy,smtlib,z3,arguments,NOT_VERIFIED,2293,4
ground_truth,dafny_examples_tmp_tmp8qotd4ez_leetcode_0069-sqrt.dfy,tptp,vampire,polymorphic,VERIFICATION_TIMED_OUT,15355,4
ground_truth,dafny_examples_tmp_tmp8qotd4ez_leetcode_0069-sqrt.dfy,tptp,vampire,monomorphic,VERIFICATION_TIMED_OUT,15392,4
ground_truth,dafny_examples_tmp_tmp8qotd4ez_leetcode_0069-sqrt.dfy,tptp,vampire,predicates,VERIFICATION_TIMED_OUT,15381,4
ground_truth,dafny_examples_tmp_tmp8qotd4ez_leetcode_0069-sqrt.dfy,tptp,vampire,arguments,VERIFICATION_TIMED_OUT,15335,4
ground_truth,dafny_examples_tmp_tmp8qotd4ez_leetcode_0069-sqrt.dfy,smtlib,vampire,monomorphic,VERIFIED,6166,0
ground_truth,dafny_examples_tmp_tmp8qotd4ez_leetcode_0069-sqrt.dfy,smtlib,vampire,predicates,VERIFIED,3604,0
ground_truth,dafny_examples_tmp_tmp8qotd4ez_leetcode_0069-sqrt.dfy,smtlib,vampire,arguments,VERIFIED,15104,0
ground_truth,dafny_examples_tmp_tmp8qotd4ez_leetcode_0069-sqrt.dfy,smtlib,z3,monomorphic,VERIFIED,1488,0
ground_truth,dafny_examples_tmp_tmp8qotd4ez_leetcode_0069-sqrt.dfy,smtlib,z3,predicates,VERIFIED,1423,0
ground_truth,dafny_examples_tmp_tmp8qotd4ez_leetcode_0069-sqrt.dfy,smtlib,z3,arguments,VERIFIED,1418,0
ground_truth,dafny-synthesis_task_id_432.dfy,tptp,vampire,polymorphic,VERIFIED,1333,0
ground_truth,dafny-synthesis_task_id_432.dfy,tptp,vampire,monomorphic,VERIFIED,1420,0
ground_truth,dafny-synthesis_task_id_432.dfy,tptp,vampire,predicates,VERIFIED,1351,0
ground_truth,dafny-synthesis_task_id_432.dfy,tptp,vampire,arguments,VERIFIED,1358,0
ground_truth,dafny-synthesis_task_id_432.dfy,smtlib,vampire,monomorphic,VERIFIED,1355,0
ground_truth,dafny-synthesis_task_id_432.dfy,smtlib,vampire,predicates,VERIFIED,1282,0
ground_truth,dafny-synthesis_task_id_432.dfy,smtlib,vampire,arguments,VERIFIED,1274,0
ground_truth,dafny-synthesis_task_id_432.dfy,smtlib,z3,monomorphic,VERIFIED,1371,0
ground_truth,dafny-synthesis_task_id_432.dfy,smtlib,z3,predicates,VERIFIED,1278,0
ground_truth,dafny-synthesis_task_id_432.dfy,smtlib,z3,arguments,VERIFIED,1293,0
ground_truth,specTesting_tmp_tmpueam35lx_examples_sort_sort.dfy,tptp,vampire,polymorphic,VERIFICATION_TIMED_OUT,15602,4
ground_truth,specTesting_tmp_tmpueam35lx_examples_sort_sort.dfy,tptp,vampire,monomorphic,VERIFICATION_TIMED_OUT,15671,4
ground_truth,specTesting_tmp_tmpueam35lx_examples_sort_sort.dfy,tptp,vampire,predicates,VERIFICATION_TIMED_OUT,15665,4
ground_truth,specTesting_tmp_tmpueam35lx_examples_sort_sort.dfy,tptp,vampire,arguments,VERIFICATION_TIMED_OUT,15641,4
ground_truth,specTesting_tmp_tmpueam35lx_examples_sort_sort.dfy,smtlib,vampire,monomorphic,VERIFICATION_TIMED_OUT,15588,4
ground_truth,specTesting_tmp_tmpueam35lx_examples_sort_sort.dfy,smtlib,vampire,predicates,VERIFICATION_TIMED_OUT,15583,4
ground_truth,specTesting_tmp_tmpueam35lx_examples_sort_sort.dfy,smtlib,vampire,arguments,VERIFICATION_TIMED_OUT,15619,4
ground_truth,specTesting_tmp_tmpueam35lx_examples_sort_sort.dfy,smtlib,z3,monomorphic,VERIFIED,2196,0
ground_truth,specTesting_tmp_tmpueam35lx_examples_sort_sort.dfy,smtlib,z3,predicates,VERIFIED,1729,0
ground_truth,specTesting_tmp_tmpueam35lx_examples_sort_sort.dfy,smtlib,z3,arguments,VERIFIED,1740,0
ground_truth,dafny-synthesis_task_id_455.dfy,tptp,vampire,polymorphic,VERIFIED,1321,0
ground_truth,dafny-synthesis_task_id_455.dfy,tptp,vampire,monomorphic,VERIFIED,1414,0
ground_truth,dafny-synthesis_task_id_455.dfy,tptp,vampire,predicates,VERIFIED,1346,0
ground_truth,dafny-synthesis_task_id_455.dfy,tptp,vampire,arguments,VERIFIED,1329,0
ground_truth,dafny-synthesis_task_id_455.dfy,smtlib,vampire,monomorphic,VERIFIED,1362,0
ground_truth,dafny-synthesis_task_id_455.dfy,smtlib,vampire,predicates,VERIFIED,1276,0
ground_truth,dafny-synthesis_task_id_455.dfy,smtlib,vampire,arguments,VERIFIED,1286,0
ground_truth,dafny-synthesis_task_id_455.dfy,smtlib,z3,monomorphic,VERIFIED,1325,0
ground_truth,dafny-synthesis_task_id_455.dfy,smtlib,z3,predicates,VERIFIED,1267,0
ground_truth,dafny-synthesis_task_id_455.dfy,smtlib,z3,arguments,VERIFIED,1291,0
ground_truth,dafny-synthesis_task_id_292.dfy,tptp,vampire,polymorphic,VERIFIED,1331,0
ground_truth,dafny-synthesis_task_id_292.dfy,tptp,vampire,monomorphic,VERIFIED,1410,0
ground_truth,dafny-synthesis_task_id_292.dfy,tptp,vampire,predicates,VERIFIED,1348,0
ground_truth,dafny-synthesis_task_id_292.dfy,tptp,vampire,arguments,VERIFIED,1338,0
ground_truth,dafny-synthesis_task_id_292.dfy,smtlib,vampire,monomorphic,VERIFIED,1337,0
ground_truth,dafny-synthesis_task_id_292.dfy,smtlib,vampire,predicates,VERIFIED,1281,0
ground_truth,dafny-synthesis_task_id_292.dfy,smtlib,vampire,arguments,VERIFIED,1257,0
ground_truth,dafny-synthesis_task_id_292.dfy,smtlib,z3,monomorphic,VERIFIED,1352,0
ground_truth,dafny-synthesis_task_id_292.dfy,smtlib,z3,predicates,VERIFIED,1274,0
ground_truth,dafny-synthesis_task_id_292.dfy,smtlib,z3,arguments,VERIFIED,1276,0
ground_truth,dafny-language-server_tmp_tmpkir0kenl_Test_dafny2_COST-verif-comp-2011-1-MaxArray.dfy,tptp,vampire,polymorphic,VERIFICATION_TIMED_OUT,15352,4
ground_truth,dafny-language-server_tmp_tmpkir0kenl_Test_dafny2_COST-verif-comp-2011-1-MaxArray.dfy,tptp,vampire,monomorphic,VERIFICATION_TIMED_OUT,15473,4
ground_truth,dafny-language-server_tmp_tmpkir0kenl_Test_dafny2_COST-verif-comp-2011-1-MaxArray.dfy,tptp,vampire,predicates,VERIFICATION_TIMED_OUT,15377,4
ground_truth,dafny-language-server_tmp_tmpkir0kenl_Test_dafny2_COST-verif-comp-2011-1-MaxArray.dfy,tptp,vampire,arguments,VERIFICATION_TIMED_OUT,15462,4
ground_truth,dafny-language-server_tmp_tmpkir0kenl_Test_dafny2_COST-verif-comp-2011-1-MaxArray.dfy,smtlib,vampire,monomorphic,VERIFICATION_TIMED_OUT,15409,4
ground_truth,dafny-language-server_tmp_tmpkir0kenl_Test_dafny2_COST-verif-comp-2011-1-MaxArray.dfy,smtlib,vampire,predicates,VERIFICATION_TIMED_OUT,15353,4
ground_truth,dafny-language-server_tmp_tmpkir0kenl_Test_dafny2_COST-verif-comp-2011-1-MaxArray.dfy,smtlib,vampire,arguments,VERIFICATION_TIMED_OUT,15345,4
ground_truth,dafny-language-server_tmp_tmpkir0kenl_Test_dafny2_COST-verif-comp-2011-1-MaxArray.dfy,smtlib,z3,monomorphic,VERIFIED,1524,0
ground_truth,dafny-language-server_tmp_tmpkir0kenl_Test_dafny2_COST-verif-comp-2011-1-MaxArray.dfy,smtlib,z3,predicates,VERIFIED,1493,0
ground_truth,dafny-language-server_tmp_tmpkir0kenl_Test_dafny2_COST-verif-comp-2011-1-MaxArray.dfy,smtlib,z3,arguments,VERIFIED,1469,0
ground_truth,dafny-synthesis_task_id_135.dfy,tptp,vampire,polymorphic,VERIFIED,1312,0
ground_truth,dafny-synthesis_task_id_135.dfy,tptp,vampire,monomorphic,VERIFIED,1410,0
ground_truth,dafny-synthesis_task_id_135.dfy,tptp,vampire,predicates,VERIFIED,1340,0
ground_truth,dafny-synthesis_task_id_135.dfy,tptp,vampire,arguments,VERIFIED,1314,0
ground_truth,dafny-synthesis_task_id_135.dfy,smtlib,vampire,monomorphic,VERIFIED,1324,0
ground_truth,dafny-synthesis_task_id_135.dfy,smtlib,vampire,predicates,VERIFIED,1288,0
ground_truth,dafny-synthesis_task_id_135.dfy,smtlib,vampire,arguments,VERIFIED,1277,0
ground_truth,dafny-synthesis_task_id_135.dfy,smtlib,z3,monomorphic,VERIFIED,1333,0
ground_truth,dafny-synthesis_task_id_135.dfy,smtlib,z3,predicates,VERIFIED,1280,0
ground_truth,dafny-synthesis_task_id_135.dfy,smtlib,z3,arguments,VERIFIED,1279,0
ground_truth,Dafny-Exercises_tmp_tmpjm75muf__Session10Exercises_ExerciseBarrier.dfy,tptp,vampire,polymorphic,VERIFICATION_TIMED_OUT,15349,4
ground_truth,Dafny-Exercises_tmp_tmpjm75muf__Session10Exercises_ExerciseBarrier.dfy,tptp,vampire,monomorphic,VERIFICATION_TIMED_OUT,15464,4
ground_truth,Dafny-Exercises_tmp_tmpjm75muf__Session10Exercises_ExerciseBarrier.dfy,tptp,vampire,predicates,VERIFICATION_TIMED_OUT,15433,4
ground_truth,Dafny-Exercises_tmp_tmpjm75muf__Session10Exercises_ExerciseBarrier.dfy,tptp,vampire,arguments,VERIFICATION_TIMED_OUT,15439,4
ground_truth,Dafny-Exercises_tmp_tmpjm75muf__Session10Exercises_ExerciseBarrier.dfy,smtlib,vampire,monomorphic,VERIFICATION_TIMED_OUT,15369,4
ground_truth,Dafny-Exercises_tmp_tmpjm75muf__Session10Exercises_ExerciseBarrier.dfy,smtlib,vampire,predicates,VERIFICATION_TIMED_OUT,15312,4
ground_truth,Dafny-Exercises_tmp_tmpjm75muf__Session10Exercises_ExerciseBarrier.dfy,smtlib,vampire,arguments,VERIFICATION_TIMED_OUT,15296,4
ground_truth,Dafny-Exercises_tmp_tmpjm75muf__Session10Exercises_ExerciseBarrier.dfy,smtlib,z3,monomorphic,VERIFIED,1525,0
ground_truth,Dafny-Exercises_tmp_tmpjm75muf__Session10Exercises_ExerciseBarrier.dfy,smtlib,z3,predicates,VERIFIED,1484,0
ground_truth,Dafny-Exercises_tmp_tmpjm75muf__Session10Exercises_ExerciseBarrier.dfy,smtlib,z3,arguments,VERIFIED,1464,0
ground_truth,dafny_projects_tmp_tmpjutqwjv4_tutorial_tutorial.dfy,tptp,vampire,polymorphic,VERIFICATION_TIMED_OUT,33649,4
ground_truth,dafny_projects_tmp_tmpjutqwjv4_tutorial_tutorial.dfy,tptp,vampire,monomorphic,VERIFICATION_TIMED_OUT,36680,4
ground_truth,dafny_projects_tmp_tmpjutqwjv4_tutorial_tutorial.dfy,tptp,vampire,predicates,VERIFICATION_TIMED_OUT,71671,4
ground_truth,dafny_projects_tmp_tmpjutqwjv4_tutorial_tutorial.dfy,tptp,vampire,arguments,VERIFICATION_TIMED_OUT,43867,4
ground_truth,dafny_projects_tmp_tmpjutqwjv4_tutorial_tutorial.dfy,smtlib,vampire,monomorphic,VERIFICATION_TIMED_OUT,22094,4
ground_truth,dafny_projects_tmp_tmpjutqwjv4_tutorial_tutorial.dfy,smtlib,vampire,predicates,VERIFICATION_TIMED_OUT,44549,4
ground_truth,dafny_projects_tmp_tmpjutqwjv4_tutorial_tutorial.dfy,smtlib,vampire,arguments,VERIFICATION_TIMED_OUT,34197,4
ground_truth,dafny_projects_tmp_tmpjutqwjv4_tutorial_tutorial.dfy,smtlib,z3,monomorphic,VERIFIED,2038,0
ground_truth,dafny_projects_tmp_tmpjutqwjv4_tutorial_tutorial.dfy,smtlib,z3,predicates,NOT_VERIFIED,1987,4
ground_truth,dafny_projects_tmp_tmpjutqwjv4_tutorial_tutorial.dfy,smtlib,z3,arguments,VERIFIED,1908,0
ground_truth,specTesting_tmp_tmpueam35lx_examples_increment_decrement_spec.dfy,tptp,vampire,polymorphic,VERIFIED,2794,0
ground_truth,specTesting_tmp_tmpueam35lx_examples_increment_decrement_spec.dfy,tptp,vampire,monomorphic,VERIFIED,3135,0
ground_truth,specTesting_tmp_tmpueam35lx_examples_increment_decrement_spec.dfy,tptp,vampire,predicates,VERIFICATION_TIMED_OUT,15639,4
ground_truth,specTesting_tmp_tmpueam35lx_examples_increment_decrement_spec.dfy,tptp,vampire,arguments,VERIFICATION_TIMED_OUT,15606,4
ground_truth,specTesting_tmp_tmpueam35lx_examples_increment_decrement_spec.dfy,smtlib,vampire,monomorphic,VERIFIED,2553,0
ground_truth,specTesting_tmp_tmpueam35lx_examples_increment_decrement_spec.dfy,smtlib,vampire,predicates,VERIFIED,11660,0
ground_truth,specTesting_tmp_tmpueam35lx_examples_increment_decrement_spec.dfy,smtlib,vampire,arguments,VERIFIED,2308,0
ground_truth,specTesting_tmp_tmpueam35lx_examples_increment_decrement_spec.dfy,smtlib,z3,monomorphic,VERIFIED,1978,0
ground_truth,specTesting_tmp_tmpueam35lx_examples_increment_decrement_spec.dfy,smtlib,z3,predicates,VERIFIED,1710,0
ground_truth,specTesting_tmp_tmpueam35lx_examples_increment_decrement_spec.dfy,smtlib,z3,arguments,VERIFIED,1662,0
ground_truth,Clover_swap_arith.dfy,tptp,vampire,polymorphic,VERIFIED,1296,0
ground_truth,Clover_swap_arith.dfy,tptp,vampire,monomorphic,VERIFIED,1382,0
ground_truth,Clover_swap_arith.dfy,tptp,vampire,predicates,VERIFIED,1330,0
ground_truth,Clover_swap_arith.dfy,tptp,vampire,arguments,VERIFIED,1326,0
ground_truth,Clover_swap_arith.dfy,smtlib,vampire,monomorphic,VERIFIED,1326,0
ground_truth,Clover_swap_arith.dfy,smtlib,vampire,predicates,VERIFIED,1265,0
ground_truth,Clover_swap_arith.dfy,smtlib,vampire,arguments,VERIFIED,1246,0
ground_truth,Clover_swap_arith.dfy,smtlib,z3,monomorphic,VERIFIED,1322,0
ground_truth,Clover_swap_arith.dfy,smtlib,z3,predicates,VERIFIED,1270,0
ground_truth,Clover_swap_arith.dfy,smtlib,z3,arguments,VERIFIED,1253,0
ground_truth,Formal-Verification_tmp_tmpuyt21wjt_Dafny_strings1.dfy,tptp,vampire,polymorphic,VERIFICATION_TIMED_OUT,15594,4
ground_truth,Formal-Verification_tmp_tmpuyt21wjt_Dafny_strings1.dfy,tptp,vampire,monomorphic,VERIFICATION_TIMED_OUT,15655,4
ground_truth,Formal-Verification_tmp_tmpuyt21wjt_Dafny_strings1.dfy,tptp,vampire,predicates,VERIFICATION_TIMED_OUT,17784,4
ground_truth,Formal-Verification_tmp_tmpuyt21wjt_Dafny_strings1.dfy,tptp,vampire,arguments,VERIFICATION_TIMED_OUT,29486,4
ground_truth,Formal-Verification_tmp_tmpuyt21wjt_Dafny_strings1.dfy,smtlib,vampire,monomorphic,VERIFICATION_TIMED_OUT,15571,4
ground_truth,Formal-Verification_tmp_tmpuyt21wjt_Dafny_strings1.dfy,smtlib,vampire,predicates,VERIFICATION_TIMED_OUT,15616,4
ground_truth,Formal-Verification_tmp_tmpuyt21wjt_Dafny_strings1.dfy,smtlib,vampire,arguments,VERIFICATION_TIMED_OUT,15570,4
ground_truth,Formal-Verification_tmp_tmpuyt21wjt_Dafny_strings1.dfy,smtlib,z3,monomorphic,VERIFIED,1693,0
ground_truth,Formal-Verification_tmp_tmpuyt21wjt_Dafny_strings1.dfy,smtlib,z3,predicates,VERIFIED,1648,0
ground_truth,Formal-Verification_tmp_tmpuyt21wjt_Dafny_strings1.dfy,smtlib,z3,arguments,VERIFIED,1613,0
ground_truth,dafny-synthesis_task_id_626.dfy,tptp,vampire,polymorphic,VERIFIED,1303,0
ground_truth,dafny-synthesis_task_id_626.dfy,tptp,vampire,monomorphic,VERIFIED,1391,0
ground_truth,dafny-synthesis_task_id_626.dfy,tptp,vampire,predicates,VERIFIED,1337,0
ground_truth,dafny-synthesis_task_id_626.dfy,tptp,vampire,arguments,VERIFIED,1333,0
ground_truth,dafny-synthesis_task_id_626.dfy,smtlib,vampire,monomorphic,VERIFIED,1351,0
ground_truth,dafny-synthesis_task_id_626.dfy,smtlib,vampire,predicates,VERIFIED,1272,0
ground_truth,dafny-synthesis_task_id_626.dfy,smtlib,vampire,arguments,VERIFIED,1265,0
ground_truth,dafny-synthesis_task_id_626.dfy,smtlib,z3,monomorphic,VERIFIED,1306,0
ground_truth,dafny-synthesis_task_id_626.dfy,smtlib,z3,predicates,VERIFIED,1288,0
ground_truth,dafny-synthesis_task_id_626.dfy,smtlib,z3,arguments,VERIFIED,1269,0
ground_truth,Clover_array_concat.dfy,tptp,vampire,polymorphic,VERIFICATION_TIMED_OUT,15431,4
ground_truth,Clover_array_concat.dfy,tptp,vampire,monomorphic,VERIFICATION_TIMED_OUT,15497,4
ground_truth,Clover_array_concat.dfy,tptp,vampire,predicates,VERIFICATION_TIMED_OUT,15419,4
ground_truth,Clover_array_concat.dfy,tptp,vampire,arguments,VERIFICATION_TIMED_OUT,15395,4
ground_truth,Clover_array_concat.dfy,smtlib,vampire,monomorphic,VERIFIED,3496,0
ground_truth,Clover_array_concat.dfy,smtlib,vampire,predicates,VERIFICATION_TIMED_OUT,15258,4
ground_truth,Clover_array_concat.dfy,smtlib,vampire,arguments,VERIFICATION_TIMED_OUT,15336,4
ground_truth,Clover_array_concat.dfy,smtlib,z3,monomorphic,VERIFIED,1547,0
ground_truth,Clover_array_concat.dfy,smtlib,z3,predicates,VERIFIED,1492,0
ground_truth,Clover_array_concat.dfy,smtlib,z3,arguments,VERIFIED,1541,0
ground_truth,dafny-synthesis_task_id_436.dfy,tptp,vampire,polymorphic,VERIFICATION_TIMED_OUT,15352,4
ground_truth,dafny-synthesis_task_id_436.dfy,tptp,vampire,monomorphic,VERIFICATION_TIMED_OUT,15497,4
ground_truth,dafny-synthesis_task_id_436.dfy,tptp,vampire,predicates,VERIFICATION_TIMED_OUT,15451,4
ground_truth,dafny-synthesis_task_id_436.dfy,tptp,vampire,arguments,VERIFICATION_TIMED_OUT,15403,4
ground_truth,dafny-synthesis_task_id_436.dfy,smtlib,vampire,monomorphic,VERIFICATION_TIMED_OUT,15414,4
ground_truth,dafny-synthesis_task_id_436.dfy,smtlib,vampire,predicates,VERIFICATION_TIMED_OUT,15308,4
ground_truth,dafny-synthesis_task_id_436.dfy,smtlib,vampire,arguments,VERIFICATION_TIMED_OUT,15324,4
ground_truth,dafny-synthesis_task_id_436.dfy,smtlib,z3,monomorphic,VERIFIED,1560,0
ground_truth,dafny-synthesis_task_id_436.dfy,smtlib,z3,predicates,VERIFIED,1542,0
ground_truth,dafny-synthesis_task_id_436.dfy,smtlib,z3,arguments,VERIFIED,1494,0
ground_truth,Dafny_Verify_tmp_tmphq7j0row_dataset_C_convert_examples_11.dfy,tptp,vampire,polymorphic,VERIFIED,1677,0
ground_truth,Dafny_Verify_tmp_tmphq7j0row_dataset_C_convert_examples_11.dfy,tptp,vampire,monomorphic,VERIFIED,1765,0
ground_truth,Dafny_Verify_tmp_tmphq7j0row_dataset_C_convert_examples_11.dfy,tptp,vampire,predicates,VERIFIED,1681,0
ground_truth,Dafny_Verify_tmp_tmphq7j0row_dataset_C_convert_examples_11.dfy,tptp,vampire,arguments,VERIFIED,1679,0
ground_truth,Dafny_Verify_tmp_tmphq7j0row_dataset_C_convert_examples_11.dfy,smtlib,vampire,monomorphic,VERIFIED,1739,0
ground_truth,Dafny_Verify_tmp_tmphq7j0row_dataset_C_convert_examples_11.dfy,smtlib,vampire,predicates,VERIFIED,1627,0
ground_truth,Dafny_Verify_tmp_tmphq7j0row_dataset_C_convert_examples_11.dfy,smtlib,vampire,arguments,VERIFIED,1663,0
ground_truth,Dafny_Verify_tmp_tmphq7j0row_dataset_C_convert_examples_11.dfy,smtlib,z3,monomorphic,VERIFIED,1399,0
ground_truth,Dafny_Verify_tmp_tmphq7j0row_dataset_C_convert_examples_11.dfy,smtlib,z3,predicates,VERIFIED,1340,0
ground_truth,Dafny_Verify_tmp_tmphq7j0row_dataset_C_convert_examples_11.dfy,smtlib,z3,arguments,VERIFIED,1338,0
ground_truth,dafny-synthesis_task_id_234.dfy,tptp,vampire,polymorphic,VERIFIED,1298,0
ground_truth,dafny-synthesis_task_id_234.dfy,tptp,vampire,monomorphic,VERIFIED,1399,0
ground_truth,dafny-synthesis_task_id_234.dfy,tptp,vampire,predicates,VERIFIED,1334,0
ground_truth,dafny-synthesis_task_id_234.dfy,tptp,vampire,arguments,VERIFIED,1340,0
ground_truth,dafny-synthesis_task_id_234.dfy,smtlib,vampire,monomorphic,VERIFIED,1326,0
ground_truth,dafny-synthesis_task_id_234.dfy,smtlib,vampire,predicates,VERIFIED,1249,0
ground_truth,dafny-synthesis_task_id_234.dfy,smtlib,vampire,arguments,VERIFIED,1277,0
ground_truth,dafny-synthesis_task_id_234.dfy,smtlib,z3,monomorphic,VERIFIED,1321,0
ground_truth,dafny-synthesis_task_id_234.dfy,smtlib,z3,predicates,VERIFIED,1274,0
ground_truth,dafny-synthesis_task_id_234.dfy,smtlib,z3,arguments,VERIFIED,1273,0
ground_truth,Dafny_Verify_tmp_tmphq7j0row_Generated_Code_Mult.dfy,tptp,vampire,polymorphic,VERIFIED,1373,0
ground_truth,Dafny_Verify_tmp_tmphq7j0row_Generated_Code_Mult.dfy,tptp,vampire,monomorphic,VERIFIED,1483,0
ground_truth,Dafny_Verify_tmp_tmphq7j0row_Generated_Code_Mult.dfy,tptp,vampire,predicates,VERIFIED,1410,0
ground_truth,Dafny_Verify_tmp_tmphq7j0row_Generated_Code_Mult.dfy,tptp,vampire,arguments,VERIFIED,1411,0
ground_truth,Dafny_Verify_tmp_tmphq7j0row_Generated_Code_Mult.dfy,smtlib,vampire,monomorphic,VERIFIED,1397,0
ground_truth,Dafny_Verify_tmp_tmphq7j0row_Generated_Code_Mult.dfy,smtlib,vampire,predicates,VERIFIED,1355,0
ground_truth,Dafny_Verify_tmp_tmphq7j0row_Generated_Code_Mult.dfy,smtlib,vampire,arguments,VERIFIED,1345,0
ground_truth,Dafny_Verify_tmp_tmphq7j0row_Generated_Code_Mult.dfy,smtlib,z3,monomorphic,VERIFIED,1404,0
ground_truth,Dafny_Verify_tmp_tmphq7j0row_Generated_Code_Mult.dfy,smtlib,z3,predicates,VERIFIED,1338,0
ground_truth,Dafny_Verify_tmp_tmphq7j0row_Generated_Code_Mult.dfy,smtlib,z3,arguments,VERIFIED,1307,0
ground_truth,Clover_triple3.dfy,tptp,vampire,polymorphic,VERIFIED,1339,0
ground_truth,Clover_triple3.dfy,tptp,vampire,monomorphic,VERIFIED,1434,0
ground_truth,Clover_triple3.dfy,tptp,vampire,predicates,VERIFIED,1371,0
ground_truth,Clover_triple3.dfy,tptp,vampire,arguments,VERIFIED,1354,0
ground_truth,Clover_triple3.dfy,smtlib,vampire,monomorphic,VERIFIED,1349,0
ground_truth,Clover_triple3.dfy,smtlib,vampire,predicates,VERIFIED,1299,0
ground_truth,Clover_triple3.dfy,smtlib,vampire,arguments,VERIFIED,1282,0
ground_truth,Clover_triple3.dfy,smtlib,z3,monomorphic,VERIFIED,1342,0
ground_truth,Clover_triple3.dfy,smtlib,z3,predicates,VERIFIED,1283,0
ground_truth,Clover_triple3.dfy,smtlib,z3,arguments,VERIFIED,1277,0
ground_truth,Clover_longest_prefix.dfy,tptp,vampire,polymorphic,VERIFICATION_TIMED_OUT,15362,4
ground_truth,Clover_longest_prefix.dfy,tptp,vampire,monomorphic,VERIFICATION_TIMED_OUT,15375,4
ground_truth,Clover_longest_prefix.dfy,tptp,vampire,predicates,VERIFICATION_TIMED_OUT,15315,4
ground_truth,Clover_longest_prefix.dfy,tptp,vampire,arguments,VERIFICATION_TIMED_OUT,15307,4
ground_truth,Clover_longest_prefix.dfy,smtlib,vampire,monomorphic,VERIFICATION_TIMED_OUT,15310,4
ground_truth,Clover_longest_prefix.dfy,smtlib,vampire,predicates,VERIFICATION_TIMED_OUT,15268,4
ground_truth,Clover_longest_prefix.dfy,smtlib,vampire,arguments,VERIFICATION_TIMED_OUT,15276,4
ground_truth,Clover_longest_prefix.dfy,smtlib,z3,monomorphic,VERIFIED,1437,0
ground_truth,Clover_longest_prefix.dfy,smtlib,z3,predicates,VERIFIED,1396,0
ground_truth,Clover_longest_prefix.dfy,smtlib,z3,arguments,VERIFIED,1363,0
ground_truth,Final-Project-Dafny_tmp_tmpmcywuqox_Attempts_Merge_Sort.dfy,tptp,vampire,polymorphic,VERIFICATION_TIMED_OUT,15371,4
ground_truth,Final-Project-Dafny_tmp_tmpmcywuqox_Attempts_Merge_Sort.dfy,tptp,vampire,monomorphic,VERIFICATION_TIMED_OUT,15504,4
ground_truth,Final-Project-Dafny_tmp_tmpmcywuqox_Attempts_Merge_Sort.dfy,tptp,vampire,predicates,VERIFICATION_TIMED_OUT,15495,4
ground_truth,Final-Project-Dafny_tmp_tmpmcywuqox_Attempts_Merge_Sort.dfy,tptp,vampire,arguments,VERIFICATION_TIMED_OUT,15359,4
ground_truth,Final-Project-Dafny_tmp_tmpmcywuqox_Attempts_Merge_Sort.dfy,smtlib,vampire,monomorphic,VERIFICATION_TIMED_OUT,15412,4
ground_truth,Final-Project-Dafny_tmp_tmpmcywuqox_Attempts_Merge_Sort.dfy,smtlib,vampire,predicates,VERIFICATION_TIMED_OUT,15255,4
ground_truth,Final-Project-Dafny_tmp_tmpmcywuqox_Attempts_Merge_Sort.dfy,smtlib,vampire,arguments,VERIFICATION_TIMED_OUT,15265,4
ground_truth,Final-Project-Dafny_tmp_tmpmcywuqox_Attempts_Merge_Sort.dfy,smtlib,z3,monomorphic,VERIFIED,1522,0
ground_truth,Final-Project-Dafny_tmp_tmpmcywuqox_Attempts_Merge_Sort.dfy,smtlib,z3,predicates,VERIFIED,1515,0
ground_truth,Final-Project-Dafny_tmp_tmpmcywuqox_Attempts_Merge_Sort.dfy,smtlib,z3,arguments,VERIFIED,1497,0
ground_truth,AssertivePrograming_tmp_tmpwf43uz0e_Find_Substring.dfy,tptp,vampire,polymorphic,VERIFICATION_TIMED_OUT,18223,4
ground_truth,AssertivePrograming_tmp_tmpwf43uz0e_Find_Substring.dfy,tptp,vampire,monomorphic,VERIFICATION_TIMED_OUT,19969,4
ground_truth,AssertivePrograming_tmp_tmpwf43uz0e_Find_Substring.dfy,tptp,vampire,predicates,VERIFICATION_TIMED_OUT,17695,4
ground_truth,AssertivePrograming_tmp_tmpwf43uz0e_Find_Substring.dfy,tptp,vampire,arguments,VERIFICATION_TIMED_OUT,21493,4
ground_truth,AssertivePrograming_tmp_tmpwf43uz0e_Find_Substring.dfy,smtlib,vampire,monomorphic,VERIFICATION_TIMED_OUT,18345,4
ground_truth,AssertivePrograming_tmp_tmpwf43uz0e_Find_Substring.dfy,smtlib,vampire,predicates,VERIFICATION_TIMED_OUT,17649,4
ground_truth,AssertivePrograming_tmp_tmpwf43uz0e_Find_Substring.dfy,smtlib,vampire,arguments,VERIFICATION_TIMED_OUT,18422,4
ground_truth,AssertivePrograming_tmp_tmpwf43uz0e_Find_Substring.dfy,smtlib,z3,monomorphic,VERIFIED,2201,0
ground_truth,AssertivePrograming_tmp_tmpwf43uz0e_Find_Substring.dfy,smtlib,z3,predicates,VERIFICATION_TIMED_OUT,16905,4
ground_truth,AssertivePrograming_tmp_tmpwf43uz0e_Find_Substring.dfy,smtlib,z3,arguments,VERIFIED,2073,0
ground_truth,llm-verified-eval_tmp_tmpd2deqn_i_dafny_9.dfy,tptp,vampire,polymorphic,VERIFICATION_TIMED_OUT,15438,4
ground_truth,llm-verified-eval_tmp_tmpd2deqn_i_dafny_9.dfy,tptp,vampire,monomorphic,VERIFICATION_TIMED_OUT,15558,4
ground_truth,llm-verified-eval_tmp_tmpd2deqn_i_dafny_9.dfy,tptp,vampire,predicates,VERIFICATION_TIMED_OUT,15458,4
ground_truth,llm-verified-eval_tmp_tmpd2deqn_i_dafny_9.dfy,tptp,vampire,arguments,VERIFICATION_TIMED_OUT,15443,4
ground_truth,llm-verified-eval_tmp_tmpd2deqn_i_dafny_9.dfy,smtlib,vampire,monomorphic,VERIFICATION_TIMED_OUT,15432,4
ground_truth,llm-verified-eval_tmp_tmpd2deqn_i_dafny_9.dfy,smtlib,vampire,predicates,VERIFICATION_TIMED_OUT,15372,4
ground_truth,llm-verified-eval_tmp_tmpd2deqn_i_dafny_9.dfy,smtlib,vampire,arguments,VERIFICATION_TIMED_OUT,15343,4
ground_truth,llm-verified-eval_tmp_tmpd2deqn_i_dafny_9.dfy,smtlib,z3,monomorphic,VERIFIED,1590,0
ground_truth,llm-verified-eval_tmp_tmpd2deqn_i_dafny_9.dfy,smtlib,z3,predicates,VERIFIED,1573,0
ground_truth,llm-verified-eval_tmp_tmpd2deqn_i_dafny_9.dfy,smtlib,z3,arguments,VERIFIED,1531,0
ground_truth,Program-Verification-Dataset_tmp_tmpgbdrlnu__Dafny_algorithms and leetcode_leetcode_validAnagram.dfy,tptp,vampire,polymorphic,VERIFICATION_TIMED_OUT,15429,4
ground_truth,Program-Verification-Dataset_tmp_tmpgbdrlnu__Dafny_algorithms and leetcode_leetcode_validAnagram.dfy,tptp,vampire,monomorphic,VERIFICATION_TIMED_OUT,15579,4
ground_truth,Program-Verification-Dataset_tmp_tmpgbdrlnu__Dafny_algorithms and leetcode_leetcode_validAnagram.dfy,tptp,vampire,predicates,VERIFICATION_TIMED_OUT,15480,4
ground_truth,Program-Verification-Dataset_tmp_tmpgbdrlnu__Dafny_algorithms and leetcode_leetcode_validAnagram.dfy,tptp,vampire,arguments,VERIFICATION_TIMED_OUT,15497,4
ground_truth,Program-Verification-Dataset_tmp_tmpgbdrlnu__Dafny_algorithms and leetcode_leetcode_validAnagram.dfy,smtlib,vampire,monomorphic,VERIFICATION_TIMED_OUT,15442,4
ground_truth,Program-Verification-Dataset_tmp_tmpgbdrlnu__Dafny_algorithms and leetcode_leetcode_validAnagram.dfy,smtlib,vampire,predicates,VERIFICATION_TIMED_OUT,15351,4
ground_truth,Program-Verification-Dataset_tmp_tmpgbdrlnu__Dafny_algorithms and leetcode_leetcode_validAnagram.dfy,smtlib,vampire,arguments,VERIFICATION_TIMED_OUT,15369,4
ground_truth,Program-Verification-Dataset_tmp_tmpgbdrlnu__Dafny_algorithms and leetcode_leetcode_validAnagram.dfy,smtlib,z3,monomorphic,VERIFIED,5548,0
ground_truth,Program-Verification-Dataset_tmp_tmpgbdrlnu__Dafny_algorithms and leetcode_leetcode_validAnagram.dfy,smtlib,z3,predicates,VERIFIED,5409,0
ground_truth,Program-Verification-Dataset_tmp_tmpgbdrlnu__Dafny_algorithms and leetcode_leetcode_validAnagram.dfy,smtlib,z3,arguments,VERIFIED,5435,0
ground_truth,eth2-dafny_tmp_tmpcrgexrgb_src_dafny_utils_SetHelpers.dfy,tptp,vampire,polymorphic,VERIFICATION_TIMED_OUT,15620,4
ground_truth,eth2-dafny_tmp_tmpcrgexrgb_src_dafny_utils_SetHelpers.dfy,tptp,vampire,monomorphic,VERIFICATION_TIMED_OUT,15663,4
ground_truth,eth2-dafny_tmp_tmpcrgexrgb_src_dafny_utils_SetHelpers.dfy,tptp,vampire,predicates,VERIFICATION_TIMED_OUT,16230,4
ground_truth,eth2-dafny_tmp_tmpcrgexrgb_src_dafny_utils_SetHelpers.dfy,tptp,vampire,arguments,VERIFICATION_TIMED_OUT,15663,4
ground_truth,eth2-dafny_tmp_tmpcrgexrgb_src_dafny_utils_SetHelpers.dfy,smtlib,vampire,monomorphic,VERIFICATION_TIMED_OUT,15742,4
ground_truth,eth2-dafny_tmp_tmpcrgexrgb_src_dafny_utils_SetHelpers.dfy,smtlib,vampire,predicates,VERIFICATION_TIMED_OUT,17556,4
ground_truth,eth2-dafny_tmp_tmpcrgexrgb_src_dafny_utils_SetHelpers.dfy,smtlib,vampire,arguments,VERIFICATION_TIMED_OUT,15494,4
ground_truth,eth2-dafny_tmp_tmpcrgexrgb_src_dafny_utils_SetHelpers.dfy,smtlib,z3,monomorphic,VERIFIED,1586,0
ground_truth,eth2-dafny_tmp_tmpcrgexrgb_src_dafny_utils_SetHelpers.dfy,smtlib,z3,predicates,VERIFIED,1585,0
ground_truth,eth2-dafny_tmp_tmpcrgexrgb_src_dafny_utils_SetHelpers.dfy,smtlib,z3,arguments,VERIFIED,1535,0
ground_truth,dafny-synthesis_task_id_79.dfy,tptp,vampire,polymorphic,VERIFIED,1317,0
ground_truth,dafny-synthesis_task_id_79.dfy,tptp,vampire,monomorphic,VERIFIED,1419,0
ground_truth,dafny-synthesis_task_id_79.dfy,tptp,vampire,predicates,VERIFIED,1357,0
ground_truth,dafny-synthesis_task_id_79.dfy,tptp,vampire,arguments,VERIFIED,1356,0
ground_truth,dafny-synthesis_task_id_79.dfy,smtlib,vampire,monomorphic,VERIFIED,1339,0
ground_truth,dafny-synthesis_task_id_79.dfy,smtlib,vampire,predicates,VERIFIED,1291,0
ground_truth,dafny-synthesis_task_id_79.dfy,smtlib,vampire,arguments,VERIFIED,1293,0
ground_truth,dafny-synthesis_task_id_79.dfy,smtlib,z3,monomorphic,VERIFIED,1363,0
ground_truth,dafny-synthesis_task_id_79.dfy,smtlib,z3,predicates,VERIFIED,1303,0
ground_truth,dafny-synthesis_task_id_79.dfy,smtlib,z3,arguments,VERIFIED,1301,0
ground_truth,Dafny_Verify_tmp_tmphq7j0row_dataset_C_convert_examples_23_x.dfy,tptp,vampire,polymorphic,VERIFIED,1492,0
ground_truth,Dafny_Verify_tmp_tmphq7j0row_dataset_C_convert_examples_23_x.dfy,tptp,vampire,monomorphic,VERIFIED,1708,0
ground_truth,Dafny_Verify_tmp_tmphq7j0row_dataset_C_convert_examples_23_x.dfy,tptp,vampire,predicates,VERIFIED,1631,0
ground_truth,Dafny_Verify_tmp_tmphq7j0row_dataset_C_convert_examples_23_x.dfy,tptp,vampire,arguments,VERIFIED,1606,0
ground_truth,Dafny_Verify_tmp_tmphq7j0row_dataset_C_convert_examples_23_x.dfy,smtlib,vampire,monomorphic,VERIFIED,1657,0
ground_truth,Dafny_Verify_tmp_tmphq7j0row_dataset_C_convert_examples_23_x.dfy,smtlib,vampire,predicates,VERIFIED,1627,0
ground_truth,Dafny_Verify_tmp_tmphq7j0row_dataset_C_convert_examples_23_x.dfy,smtlib,vampire,arguments,VERIFIED,1592,0
ground_truth,Dafny_Verify_tmp_tmphq7j0row_dataset_C_convert_examples_23_x.dfy,smtlib,z3,monomorphic,VERIFIED,1400,0
ground_truth,Dafny_Verify_tmp_tmphq7j0row_dataset_C_convert_examples_23_x.dfy,smtlib,z3,predicates,VERIFIED,1330,0
ground_truth,Dafny_Verify_tmp_tmphq7j0row_dataset_C_convert_examples_23_x.dfy,smtlib,z3,arguments,VERIFIED,1323,0
ground_truth,MIEIC_mfes_tmp_tmpq3ho7nve_exams_mt2_19_p5.dfy,tptp,vampire,polymorphic,VERIFICATION_TIMED_OUT,15460,4
ground_truth,MIEIC_mfes_tmp_tmpq3ho7nve_exams_mt2_19_p5.dfy,tptp,vampire,monomorphic,VERIFICATION_TIMED_OUT,15463,4
ground_truth,MIEIC_mfes_tmp_tmpq3ho7nve_exams_mt2_19_p5.dfy,tptp,vampire,predicates,VERIFIED,3352,0
ground_truth,MIEIC_mfes_tmp_tmpq3ho7nve_exams_mt2_19_p5.dfy,tptp,vampire,arguments,VERIFIED,3406,0
ground_truth,MIEIC_mfes_tmp_tmpq3ho7nve_exams_mt2_19_p5.dfy,smtlib,vampire,monomorphic,VERIFICATION_TIMED_OUT,15442,4
ground_truth,MIEIC_mfes_tmp_tmpq3ho7nve_exams_mt2_19_p5.dfy,smtlib,vampire,predicates,VERIFICATION_TIMED_OUT,15355,4
ground_truth,MIEIC_mfes_tmp_tmpq3ho7nve_exams_mt2_19_p5.dfy,smtlib,vampire,arguments,VERIFICATION_TIMED_OUT,15323,4
ground_truth,MIEIC_mfes_tmp_tmpq3ho7nve_exams_mt2_19_p5.dfy,smtlib,z3,monomorphic,VERIFICATION_TIMED_OUT,16525,4
ground_truth,MIEIC_mfes_tmp_tmpq3ho7nve_exams_mt2_19_p5.dfy,smtlib,z3,predicates,VERIFIED,1700,0
ground_truth,MIEIC_mfes_tmp_tmpq3ho7nve_exams_mt2_19_p5.dfy,smtlib,z3,arguments,VERIFIED,1708,0
ground_truth,Formal-Methods-Project_tmp_tmphh2ar2xv_Factorial.dfy,tptp,vampire,polymorphic,VERIFIED,1411,0
ground_truth,Formal-Methods-Project_tmp_tmphh2ar2xv_Factorial.dfy,tptp,vampire,monomorphic,VERIFIED,1513,0
ground_truth,Formal-Methods-Project_tmp_tmphh2ar2xv_Factorial.dfy,tptp,vampire,predicates,VERIFIED,1445,0
ground_truth,Formal-Methods-Project_tmp_tmphh2ar2xv_Factorial.dfy,tptp,vampire,arguments,VERIFIED,1459,0
ground_truth,Formal-Methods-Project_tmp_tmphh2ar2xv_Factorial.dfy,smtlib,vampire,monomorphic,VERIFIED,1459,0
ground_truth,Formal-Methods-Project_tmp_tmphh2ar2xv_Factorial.dfy,smtlib,vampire,predicates,VERIFIED,1391,0
ground_truth,Formal-Methods-Project_tmp_tmphh2ar2xv_Factorial.dfy,smtlib,vampire,arguments,VERIFIED,1381,0
ground_truth,Formal-Methods-Project_tmp_tmphh2ar2xv_Factorial.dfy,smtlib,z3,monomorphic,VERIFIED,1430,0
ground_truth,Formal-Methods-Project_tmp_tmphh2ar2xv_Factorial.dfy,smtlib,z3,predicates,VERIFIED,1387,0
ground_truth,Formal-Methods-Project_tmp_tmphh2ar2xv_Factorial.dfy,smtlib,z3,arguments,VERIFIED,1370,0
ground_truth,Dafny-Exercises_tmp_tmpjm75muf__Session5Exercises_ExerciseSumElems.dfy,tptp,vampire,polymorphic,VERIFICATION_TIMED_OUT,33939,4
ground_truth,Dafny-Exercises_tmp_tmpjm75muf__Session5Exercises_ExerciseSumElems.dfy,tptp,vampire,monomorphic,VERIFICATION_TIMED_OUT,33293,4
ground_truth,Dafny-Exercises_tmp_tmpjm75muf__Session5Exercises_ExerciseSumElems.dfy,tptp,vampire,predicates,VERIFICATION_TIMED_OUT,59877,4
ground_truth,Dafny-Exercises_tmp_tmpjm75muf__Session5Exercises_ExerciseSumElems.dfy,tptp,vampire,arguments,VERIFICATION_TIMED_OUT,34450,4
ground_truth,Dafny-Exercises_tmp_tmpjm75muf__Session5Exercises_ExerciseSumElems.dfy,smtlib,vampire,monomorphic,VERIFICATION_TIMED_OUT,32869,4
ground_truth,Dafny-Exercises_tmp_tmpjm75muf__Session5Exercises_ExerciseSumElems.dfy,smtlib,vampire,predicates,VERIFICATION_TIMED_OUT,36505,4
ground_truth,Dafny-Exercises_tmp_tmpjm75muf__Session5Exercises_ExerciseSumElems.dfy,smtlib,vampire,arguments,VERIFICATION_TIMED_OUT,31896,4
ground_truth,Dafny-Exercises_tmp_tmpjm75muf__Session5Exercises_ExerciseSumElems.dfy,smtlib,z3,monomorphic,VERIFIED,1975,0
ground_truth,Dafny-Exercises_tmp_tmpjm75muf__Session5Exercises_ExerciseSumElems.dfy,smtlib,z3,predicates,VERIFIED,1961,0
ground_truth,Dafny-Exercises_tmp_tmpjm75muf__Session5Exercises_ExerciseSumElems.dfy,smtlib,z3,arguments,VERIFIED,1913,0
ground_truth,ironsync-osdi2023_tmp_tmpx80antoe_linear-dafny_Test_git-issues_git-issue-283.dfy,tptp,vampire,polymorphic,VERIFIED,1732,0
ground_truth,ironsync-osdi2023_tmp_tmpx80antoe_linear-dafny_Test_git-issues_git-issue-283.dfy,tptp,vampire,monomorphic,VERIFIED,1826,0
ground_truth,ironsync-osdi2023_tmp_tmpx80antoe_linear-dafny_Test_git-issues_git-issue-283.dfy,tptp,vampire,predicates,VERIFICATION_TIMED_OUT,15585,4
ground_truth,ironsync-osdi2023_tmp_tmpx80antoe_linear-dafny_Test_git-issues_git-issue-283.dfy,tptp,vampire,arguments,VERIFICATION_TIMED_OUT,15612,4
ground_truth,ironsync-osdi2023_tmp_tmpx80antoe_linear-dafny_Test_git-issues_git-issue-283.dfy,smtlib,vampire,monomorphic,VERIFIED,1753,0
ground_truth,ironsync-osdi2023_tmp_tmpx80antoe_linear-dafny_Test_git-issues_git-issue-283.dfy,smtlib,vampire,predicates,VERIFIED,2152,0
ground_truth,ironsync-osdi2023_tmp_tmpx80antoe_linear-dafny_Test_git-issues_git-issue-283.dfy,smtlib,vampire,arguments,VERIFIED,1715,0
ground_truth,ironsync-osdi2023_tmp_tmpx80antoe_linear-dafny_Test_git-issues_git-issue-283.dfy,smtlib,z3,monomorphic,VERIFIED,1633,0
ground_truth,ironsync-osdi2023_tmp_tmpx80antoe_linear-dafny_Test_git-issues_git-issue-283.dfy,smtlib,z3,predicates,VERIFIED,1599,0
ground_truth,ironsync-osdi2023_tmp_tmpx80antoe_linear-dafny_Test_git-issues_git-issue-283.dfy,smtlib,z3,arguments,VERIFIED,1566,0
ground_truth,Dafny_Verify_tmp_tmphq7j0row_Test_Cases_Index.dfy,tptp,vampire,polymorphic,VERIFIED,1462,0
ground_truth,Dafny_Verify_tmp_tmphq7j0row_Test_Cases_Index.dfy,tptp,vampire,monomorphic,VERIFIED,1560,0
ground_truth,Dafny_Verify_tmp_tmphq7j0row_Test_Cases_Index.dfy,tptp,vampire,predicates,VERIFIED,1512,0
ground_truth,Dafny_Verify_tmp_tmphq7j0row_Test_Cases_Index.dfy,tptp,vampire,arguments,VERIFIED,1481,0
ground_truth,Dafny_Verify_tmp_tmphq7j0row_Test_Cases_Index.dfy,smtlib,vampire,monomorphic,VERIFIED,1467,0
ground_truth,Dafny_Verify_tmp_tmphq7j0row_Test_Cases_Index.dfy,smtlib,vampire,predicates,VERIFIED,1422,0
ground_truth,Dafny_Verify_tmp_tmphq7j0row_Test_Cases_Index.dfy,smtlib,vampire,arguments,VERIFIED,1419,0
ground_truth,Dafny_Verify_tmp_tmphq7j0row_Test_Cases_Index.dfy,smtlib,z3,monomorphic,VERIFIED,1444,0
ground_truth,Dafny_Verify_tmp_tmphq7j0row_Test_Cases_Index.dfy,smtlib,z3,predicates,VERIFIED,1401,0
ground_truth,Dafny_Verify_tmp_tmphq7j0row_Test_Cases_Index.dfy,smtlib,z3,arguments,VERIFIED,1415,0
ground_truth,Dafny-Exercises_tmp_tmpjm75muf__Session2Exercises_ExerciseExp.dfy,tptp,vampire,polymorphic,VERIFICATION_TIMED_OUT,15481,4
ground_truth,Dafny-Exercises_tmp_tmpjm75muf__Session2Exercises_ExerciseExp.dfy,tptp,vampire,monomorphic,VERIFICATION_TIMED_OUT,15541,4
ground_truth,Dafny-Exercises_tmp_tmpjm75muf__Session2Exercises_ExerciseExp.dfy,tptp,vampire,predicates,VERIFICATION_TIMED_OUT,15475,4
ground_truth,Dafny-Exercises_tmp_tmpjm75muf__Session2Exercises_ExerciseExp.dfy,tptp,vampire,arguments,VERIFICATION_TIMED_OUT,15451,4
ground_truth,Dafny-Exercises_tmp_tmpjm75muf__Session2Exercises_ExerciseExp.dfy,smtlib,vampire,monomorphic,VERIFICATION_TIMED_OUT,15372,4
ground_truth,Dafny-Exercises_tmp_tmpjm75muf__Session2Exercises_ExerciseExp.dfy,smtlib,vampire,predicates,VERIFICATION_TIMED_OUT,15418,4
ground_truth,Dafny-Exercises_tmp_tmpjm75muf__Session2Exercises_ExerciseExp.dfy,smtlib,vampire,arguments,VERIFICATION_TIMED_OUT,15347,4
ground_truth,Dafny-Exercises_tmp_tmpjm75muf__Session2Exercises_ExerciseExp.dfy,smtlib,z3,monomorphic,VERIFIED,1528,0
ground_truth,Dafny-Exercises_tmp_tmpjm75muf__Session2Exercises_ExerciseExp.dfy,smtlib,z3,predicates,VERIFIED,1492,0
ground_truth,Dafny-Exercises_tmp_tmpjm75muf__Session2Exercises_ExerciseExp.dfy,smtlib,z3,arguments,VERIFIED,1473,0
ground_truth,SENG2011_tmp_tmpgk5jq85q_ass1_ex7.dfy,tptp,vampire,polymorphic,VERIFICATION_TIMED_OUT,15263,4
ground_truth,SENG2011_tmp_tmpgk5jq85q_ass1_ex7.dfy,tptp,vampire,monomorphic,VERIFICATION_TIMED_OUT,15327,4
ground_truth,SENG2011_tmp_tmpgk5jq85q_ass1_ex7.dfy,tptp,vampire,predicates,VERIFICATION_TIMED_OUT,15348,4
ground_truth,SENG2011_tmp_tmpgk5jq85q_ass1_ex7.dfy,tptp,vampire,arguments,VERIFICATION_TIMED_OUT,15266,4
ground_truth,SENG2011_tmp_tmpgk5jq85q_ass1_ex7.dfy,smtlib,vampire,monomorphic,VERIFIED,14229,0
ground_truth,SENG2011_tmp_tmpgk5jq85q_ass1_ex7.dfy,smtlib,vampire,predicates,VERIFICATION_TIMED_OUT,15270,4
ground_truth,SENG2011_tmp_tmpgk5jq85q_ass1_ex7.dfy,smtlib,vampire,arguments,VERIFIED,14878,0
ground_truth,SENG2011_tmp_tmpgk5jq85q_ass1_ex7.dfy,smtlib,z3,monomorphic,VERIFIED,1593,0
ground_truth,SENG2011_tmp_tmpgk5jq85q_ass1_ex7.dfy,smtlib,z3,predicates,VERIFIED,1554,0
ground_truth,SENG2011_tmp_tmpgk5jq85q_ass1_ex7.dfy,smtlib,z3,arguments,VERIFIED,1518,0
ground_truth,CVS-Projto1_tmp_tmpb1o0bu8z_proj1_proj1.dfy,tptp,vampire,polymorphic,VERIFICATION_TIMED_OUT,18185,4
ground_truth,CVS-Projto1_tmp_tmpb1o0bu8z_proj1_proj1.dfy,tptp,vampire,monomorphic,VERIFICATION_TIMED_OUT,18411,4
ground_truth,CVS-Projto1_tmp_tmpb1o0bu8z_proj1_proj1.dfy,tptp,vampire,predicates,VERIFICATION_TIMED_OUT,29839,4
ground_truth,CVS-Projto1_tmp_tmpb1o0bu8z_proj1_proj1.dfy,tptp,vampire,arguments,VERIFICATION_TIMED_OUT,18674,4
ground_truth,CVS-Projto1_tmp_tmpb1o0bu8z_proj1_proj1.dfy,smtlib,vampire,monomorphic,VERIFICATION_TIMED_OUT,16811,4
ground_truth,CVS-Projto1_tmp_tmpb1o0bu8z_proj1_proj1.dfy,smtlib,vampire,predicates,VERIFICATION_TIMED_OUT,29594,4
ground_truth,CVS-Projto1_tmp_tmpb1o0bu8z_proj1_proj1.dfy,smtlib,vampire,arguments,VERIFICATION_TIMED_OUT,18234,4
ground_truth,CVS-Projto1_tmp_tmpb1o0bu8z_proj1_proj1.dfy,smtlib,z3,monomorphic,VERIFIED,1819,0
ground_truth,CVS-Projto1_tmp_tmpb1o0bu8z_proj1_proj1.dfy,smtlib,z3,predicates,VERIFIED,1751,0
ground_truth,CVS-Projto1_tmp_tmpb1o0bu8z_proj1_proj1.dfy,smtlib,z3,arguments,VERIFIED,1732,0
ground_truth,dafl_tmp_tmp_r3_8w3y_dafny_examples_uiowa_binary-search.dfy,tptp,vampire,polymorphic,VERIFICATION_TIMED_OUT,15450,4
ground_truth,dafl_tmp_tmp_r3_8w3y_dafny_examples_uiowa_binary-search.dfy,tptp,vampire,monomorphic,VERIFICATION_TIMED_OUT,15558,4
ground_truth,dafl_tmp_tmp_r3_8w3y_dafny_examples_uiowa_binary-search.dfy,tptp,vampire,predicates,VERIFICATION_TIMED_OUT,15485,4
ground_truth,dafl_tmp_tmp_r3_8w3y_dafny_examples_uiowa_binary-search.dfy,tptp,vampire,arguments,VERIFICATION_TIMED_OUT,15465,4
ground_truth,dafl_tmp_tmp_r3_8w3y_dafny_examples_uiowa_binary-search.dfy,smtlib,vampire,monomorphic,VERIFIED,3411,0
ground_truth,dafl_tmp_tmp_r3_8w3y_dafny_examples_uiowa_binary-search.dfy,smtlib,vampire,predicates,VERIFICATION_TIMED_OUT,15419,4
ground_truth,dafl_tmp_tmp_r3_8w3y_dafny_examples_uiowa_binary-search.dfy,smtlib,vampire,arguments,VERIFIED,3390,0
ground_truth,dafl_tmp_tmp_r3_8w3y_dafny_examples_uiowa_binary-search.dfy,smtlib,z3,monomorphic,VERIFIED,1584,0
ground_truth,dafl_tmp_tmp_r3_8w3y_dafny_examples_uiowa_binary-search.dfy,smtlib,z3,predicates,VERIFIED,1545,0
ground_truth,dafl_tmp_tmp_r3_8w3y_dafny_examples_uiowa_binary-search.dfy,smtlib,z3,arguments,VERIFIED,1549,0
ground_truth,Software-Verification_tmp_tmpv4ueky2d_Best Time to Buy and Sell Stock_best_time_to_buy_and_sell_stock.dfy,tptp,vampire,polymorphic,VERIFICATION_TIMED_OUT,15383,4
ground_truth,Software-Verification_tmp_tmpv4ueky2d_Best Time to Buy and Sell Stock_best_time_to_buy_and_sell_stock.dfy,tptp,vampire,monomorphic,VERIFICATION_TIMED_OUT,15479,4
ground_truth,Software-Verification_tmp_tmpv4ueky2d_Best Time to Buy and Sell Stock_best_time_to_buy_and_sell_stock.dfy,tptp,vampire,predicates,VERIFICATION_TIMED_OUT,15395,4
ground_truth,Software-Verification_tmp_tmpv4ueky2d_Best Time to Buy and Sell Stock_best_time_to_buy_and_sell_stock.dfy,tptp,vampire,arguments,VERIFICATION_TIMED_OUT,15413,4
ground_truth,Software-Verification_tmp_tmpv4ueky2d_Best Time to Buy and Sell Stock_best_time_to_buy_and_sell_stock.dfy,smtlib,vampire,monomorphic,VERIFICATION_TIMED_OUT,15427,4
ground_truth,Software-Verification_tmp_tmpv4ueky2d_Best Time to Buy and Sell Stock_best_time_to_buy_and_sell_stock.dfy,smtlib,vampire,predicates,VERIFICATION_TIMED_OUT,15282,4
ground_truth,Software-Verification_tmp_tmpv4ueky2d_Best Time to Buy and Sell Stock_best_time_to_buy_and_sell_stock.dfy,smtlib,vampire,arguments,VERIFICATION_TIMED_OUT,15312,4
ground_truth,Software-Verification_tmp_tmpv4ueky2d_Best Time to Buy and Sell Stock_best_time_to_buy_and_sell_stock.dfy,smtlib,z3,monomorphic,VERIFIED,1540,0
ground_truth,Software-Verification_tmp_tmpv4ueky2d_Best Time to Buy and Sell Stock_best_time_to_buy_and_sell_stock.dfy,smtlib,z3,predicates,VERIFIED,1475,0
ground_truth,Software-Verification_tmp_tmpv4ueky2d_Best Time to Buy and Sell Stock_best_time_to_buy_and_sell_stock.dfy,smtlib,z3,arguments,VERIFIED,1457,0
ground_truth,dafny-synthesis_task_id_3.dfy,tptp,vampire,polymorphic,VERIFICATION_TIMED_OUT,15333,4
ground_truth,dafny-synthesis_task_id_3.dfy,tptp,vampire,monomorphic,VERIFICATION_TIMED_OUT,15390,4
ground_truth,dafny-synthesis_task_id_3.dfy,tptp,vampire,predicates,VERIFICATION_TIMED_OUT,15453,4
ground_truth,dafny-synthesis_task_id_3.dfy,tptp,vampire,arguments,VERIFICATION_TIMED_OUT,15364,4
ground_truth,dafny-synthesis_task_id_3.dfy,smtlib,vampire,monomorphic,VERIFICATION_TIMED_OUT,15400,4
ground_truth,dafny-synthesis_task_id_3.dfy,smtlib,vampire,predicates,VERIFICATION_TIMED_OUT,15227,4
ground_truth,dafny-synthesis_task_id_3.dfy,smtlib,vampire,arguments,VERIFICATION_TIMED_OUT,15245,4
ground_truth,dafny-synthesis_task_id_3.dfy,smtlib,z3,monomorphic,VERIFIED,1522,0
ground_truth,dafny-synthesis_task_id_3.dfy,smtlib,z3,predicates,VERIFIED,1474,0
ground_truth,dafny-synthesis_task_id_3.dfy,smtlib,z3,arguments,VERIFIED,1436,0
ground_truth,veri-sparse_tmp_tmp15fywna6_dafny_spmv.dfy,tptp,vampire,polymorphic,VERIFICATION_TIMED_OUT,15602,4
ground_truth,veri-sparse_tmp_tmp15fywna6_dafny_spmv.dfy,tptp,vampire,monomorphic,VERIFICATION_TIMED_OUT,15745,4
ground_truth,veri-sparse_tmp_tmp15fywna6_dafny_spmv.dfy,tptp,vampire,predicates,VERIFICATION_TIMED_OUT,15713,4
ground_truth,veri-sparse_tmp_tmp15fywna6_dafny_spmv.dfy,tptp,vampire,arguments,VERIFICATION_TIMED_OUT,15664,4
ground_truth,veri-sparse_tmp_tmp15fywna6_dafny_spmv.dfy,smtlib,vampire,monomorphic,VERIFICATION_TIMED_OUT,15655,4
ground_truth,veri-sparse_tmp_tmp15fywna6_dafny_spmv.dfy,smtlib,vampire,predicates,VERIFICATION_TIMED_OUT,15537,4
ground_truth,veri-sparse_tmp_tmp15fywna6_dafny_spmv.dfy,smtlib,vampire,arguments,VERIFICATION_TIMED_OUT,15587,4
ground_truth,veri-sparse_tmp_tmp15fywna6_dafny_spmv.dfy,smtlib,z3,monomorphic,VERIFIED,2864,0
ground_truth,veri-sparse_tmp_tmp15fywna6_dafny_spmv.dfy,smtlib,z3,predicates,VERIFIED,2881,0
ground_truth,veri-sparse_tmp_tmp15fywna6_dafny_spmv.dfy,smtlib,z3,arguments,VERIFIED,2674,0
ground_truth,DafnyExercises_tmp_tmpd6qyevja_Part1_Q1.dfy,tptp,vampire,polymorphic,VERIFICATION_TIMED_OUT,15389,4
ground_truth,DafnyExercises_tmp_tmpd6qyevja_Part1_Q1.dfy,tptp,vampire,monomorphic,VERIFICATION_TIMED_OUT,15460,4
ground_truth,DafnyExercises_tmp_tmpd6qyevja_Part1_Q1.dfy,tptp,vampire,predicates,VERIFICATION_TIMED_OUT,15444,4
ground_truth,DafnyExercises_tmp_tmpd6qyevja_Part1_Q1.dfy,tptp,vampire,arguments,VERIFICATION_TIMED_OUT,15452,4
ground_truth,DafnyExercises_tmp_tmpd6qyevja_Part1_Q1.dfy,smtlib,vampire,monomorphic,VERIFICATION_TIMED_OUT,15429,4
ground_truth,DafnyExercises_tmp_tmpd6qyevja_Part1_Q1.dfy,smtlib,vampire,predicates,VERIFICATION_TIMED_OUT,15358,4
ground_truth,DafnyExercises_tmp_tmpd6qyevja_Part1_Q1.dfy,smtlib,vampire,arguments,VERIFICATION_TIMED_OUT,15371,4
ground_truth,DafnyExercises_tmp_tmpd6qyevja_Part1_Q1.dfy,smtlib,z3,monomorphic,VERIFIED,1541,0
ground_truth,DafnyExercises_tmp_tmpd6qyevja_Part1_Q1.dfy,smtlib,z3,predicates,VERIFIED,1480,0
ground_truth,DafnyExercises_tmp_tmpd6qyevja_Part1_Q1.dfy,smtlib,z3,arguments,VERIFIED,1446,0
ground_truth,dafny-synthesis_task_id_127.dfy,tptp,vampire,polymorphic,VERIFIED,1300,0
ground_truth,dafny-synthesis_task_id_127.dfy,tptp,vampire,monomorphic,VERIFIED,1381,0
ground_truth,dafny-synthesis_task_id_127.dfy,tptp,vampire,predicates,VERIFIED,1335,0
ground_truth,dafny-synthesis_task_id_127.dfy,tptp,vampire,arguments,VERIFIED,1304,0
ground_truth,dafny-synthesis_task_id_127.dfy,smtlib,vampire,monomorphic,VERIFIED,1335,0
ground_truth,dafny-synthesis_task_id_127.dfy,smtlib,vampire,predicates,VERIFIED,1255,0
ground_truth,dafny-synthesis_task_id_127.dfy,smtlib,vampire,arguments,VERIFIED,1248,0
ground_truth,dafny-synthesis_task_id_127.dfy,smtlib,z3,monomorphic,VERIFIED,1322,0
ground_truth,dafny-synthesis_task_id_127.dfy,smtlib,z3,predicates,VERIFIED,1270,0
ground_truth,dafny-synthesis_task_id_127.dfy,smtlib,z3,arguments,VERIFIED,1261,0
ground_truth,Clover_online_max.dfy,tptp,vampire,polymorphic,VERIFICATION_TIMED_OUT,15368,4
ground_truth,Clover_online_max.dfy,tptp,vampire,monomorphic,VERIFICATION_TIMED_OUT,15503,4
ground_truth,Clover_online_max.dfy,tptp,vampire,predicates,VERIFICATION_TIMED_OUT,15464,4
ground_truth,Clover_online_max.dfy,tptp,vampire,arguments,VERIFICATION_TIMED_OUT,15406,4
ground_truth,Clover_online_max.dfy,smtlib,vampire,monomorphic,VERIFICATION_TIMED_OUT,15419,4
ground_truth,Clover_online_max.dfy,smtlib,vampire,predicates,VERIFICATION_TIMED_OUT,15294,4
ground_truth,Clover_online_max.dfy,smtlib,vampire,arguments,VERIFICATION_TIMED_OUT,15291,4
ground_truth,Clover_online_max.dfy,smtlib,z3,monomorphic,VERIFIED,1544,0
ground_truth,Clover_online_max.dfy,smtlib,z3,predicates,VERIFIED,1517,0
ground_truth,Clover_online_max.dfy,smtlib,z3,arguments,VERIFIED,1493,0
ground_truth,dafny-synthesis_task_id_567.dfy,tptp,vampire,polymorphic,VERIFIED,2179,0
ground_truth,dafny-synthesis_task_id_567.dfy,tptp,vampire,monomorphic,VERIFIED,3384,0
ground_truth,dafny-synthesis_task_id_567.dfy,tptp,vampire,predicates,VERIFIED,2218,0
ground_truth,dafny-synthesis_task_id_567.dfy,tptp,vampire,arguments,VERIFIED,3273,0
ground_truth,dafny-synthesis_task_id_567.dfy,smtlib,vampire,monomorphic,VERIFIED,2256,0
ground_truth,dafny-synthesis_task_id_567.dfy,smtlib,vampire,predicates,VERIFIED,6415,0
ground_truth,dafny-synthesis_task_id_567.dfy,smtlib,vampire,arguments,VERIFIED,3464,0
ground_truth,dafny-synthesis_task_id_567.dfy,smtlib,z3,monomorphic,VERIFIED,1536,0
ground_truth,dafny-synthesis_task_id_567.dfy,smtlib,z3,predicates,VERIFIED,1488,0
ground_truth,dafny-synthesis_task_id_567.dfy,smtlib,z3,arguments,VERIFIED,1508,0
ground_truth,Dafny-Projects_tmp_tmph399drhy_p2_arraySplit.dfy,tptp,vampire,polymorphic,VERIFICATION_TIMED_OUT,15383,4
ground_truth,Dafny-Projects_tmp_tmph399drhy_p2_arraySplit.dfy,tptp,vampire,monomorphic,VERIFICATION_TIMED_OUT,15407,4
ground_truth,Dafny-Projects_tmp_tmph399drhy_p2_arraySplit.dfy,tptp,vampire,predicates,VERIFICATION_TIMED_OUT,15392,4
ground_truth,Dafny-Projects_tmp_tmph399drhy_p2_arraySplit.dfy,tptp,vampire,arguments,VERIFICATION_TIMED_OUT,15312,4
ground_truth,Dafny-Projects_tmp_tmph399drhy_p2_arraySplit.dfy,smtlib,vampire,monomorphic,VERIFIED,3455,0
ground_truth,Dafny-Projects_tmp_tmph399drhy_p2_arraySplit.dfy,smtlib,vampire,predicates,VERIFICATION_TIMED_OUT,15263,4
ground_truth,Dafny-Projects_tmp_tmph399drhy_p2_arraySplit.dfy,smtlib,vampire,arguments,VERIFIED,3340,0
ground_truth,Dafny-Projects_tmp_tmph399drhy_p2_arraySplit.dfy,smtlib,z3,monomorphic,VERIFIED,1527,0
ground_truth,Dafny-Projects_tmp_tmph399drhy_p2_arraySplit.dfy,smtlib,z3,predicates,VERIFIED,1559,0
ground_truth,Dafny-Projects_tmp_tmph399drhy_p2_arraySplit.dfy,smtlib,z3,arguments,VERIFIED,1470,0
ground_truth,SiLemma_tmp_tmpfxtryv2w_utils.dfy,tptp,vampire,polymorphic,VERIFICATION_TIMED_OUT,15461,4
ground_truth,SiLemma_tmp_tmpfxtryv2w_utils.dfy,tptp,vampire,monomorphic,VERIFICATION_TIMED_OUT,15599,4
ground_truth,SiLemma_tmp_tmpfxtryv2w_utils.dfy,tptp,vampire,predicates,VERIFICATION_TIMED_OUT,29390,4
ground_truth,SiLemma_tmp_tmpfxtryv2w_utils.dfy,tptp,vampire,arguments,VERIFICATION_TIMED_OUT,15484,4
ground_truth,SiLemma_tmp_tmpfxtryv2w_utils.dfy,smtlib,vampire,monomorphic,VERIFICATION_TIMED_OUT,15507,4
ground_truth,SiLemma_tmp_tmpfxtryv2w_utils.dfy,smtlib,vampire,predicates,VERIFICATION_TIMED_OUT,20546,4
ground_truth,SiLemma_tmp_tmpfxtryv2w_utils.dfy,smtlib,vampire,arguments,VERIFICATION_TIMED_OUT,15403,4
ground_truth,SiLemma_tmp_tmpfxtryv2w_utils.dfy,smtlib,z3,monomorphic,VERIFIED,1613,0
ground_truth,SiLemma_tmp_tmpfxtryv2w_utils.dfy,smtlib,z3,predicates,VERIFIED,1582,0
ground_truth,SiLemma_tmp_tmpfxtryv2w_utils.dfy,smtlib,z3,arguments,VERIFIED,1540,0
ground_truth,Clover_all_digits.dfy,tptp,vampire,polymorphic,VERIFIED,1506,0
ground_truth,Clover_all_digits.dfy,tptp,vampire,monomorphic,VERIFIED,1600,0
ground_truth,Clover_all_digits.dfy,tptp,vampire,predicates,VERIFIED,3880,0
ground_truth,Clover_all_digits.dfy,tptp,vampire,arguments,VERIFIED,3343,0
ground_truth,Clover_all_digits.dfy,smtlib,vampire,monomorphic,VERIFIED,2486,0
ground_truth,Clover_all_digits.dfy,smtlib,vampire,predicates,VERIFIED,4173,0
ground_truth,Clover_all_digits.dfy,smtlib,vampire,arguments,VERIFIED,3559,0
ground_truth,Clover_all_digits.dfy,smtlib,z3,monomorphic,VERIFIED,1484,0
ground_truth,Clover_all_digits.dfy,smtlib,z3,predicates,VERIFIED,1460,0
ground_truth,Clover_all_digits.dfy,smtlib,z3,arguments,VERIFIED,1442,0
ground_truth,Software-building-and-verification-Projects_tmp_tmp5tm1srrn_CVS-projeto_aula3.dfy,tptp,vampire,polymorphic,VERIFICATION_TIMED_OUT,28631,4
ground_truth,Software-building-and-verification-Projects_tmp_tmp5tm1srrn_CVS-projeto_aula3.dfy,tptp,vampire,monomorphic,VERIFICATION_TIMED_OUT,29642,4
ground_truth,Software-building-and-verification-Projects_tmp_tmp5tm1srrn_CVS-projeto_aula3.dfy,tptp,vampire,predicates,VERIFICATION_TIMED_OUT,29754,4
ground_truth,Software-building-and-verification-Projects_tmp_tmp5tm1srrn_CVS-projeto_aula3.dfy,tptp,vampire,arguments,VERIFICATION_TIMED_OUT,29524,4
ground_truth,Software-building-and-verification-Projects_tmp_tmp5tm1srrn_CVS-projeto_aula3.dfy,smtlib,vampire,monomorphic,VERIFICATION_TIMED_OUT,22769,4
ground_truth,Software-building-and-verification-Projects_tmp_tmp5tm1srrn_CVS-projeto_aula3.dfy,smtlib,vampire,predicates,VERIFICATION_TIMED_OUT,29578,4
ground_truth,Software-building-and-verification-Projects_tmp_tmp5tm1srrn_CVS-projeto_aula3.dfy,smtlib,vampire,arguments,VERIFICATION_TIMED_OUT,29483,4
ground_truth,Software-building-and-verification-Projects_tmp_tmp5tm1srrn_CVS-projeto_aula3.dfy,smtlib,z3,monomorphic,VERIFIED,1707,0
ground_truth,Software-building-and-verification-Projects_tmp_tmp5tm1srrn_CVS-projeto_aula3.dfy,smtlib,z3,predicates,VERIFIED,1706,0
ground_truth,Software-building-and-verification-Projects_tmp_tmp5tm1srrn_CVS-projeto_aula3.dfy,smtlib,z3,arguments,VERIFIED,1657,0
ground_truth,Dafny_tmp_tmpmvs2dmry_pancakesort_findmax.dfy,tptp,vampire,polymorphic,VERIFICATION_TIMED_OUT,15394,4
ground_truth,Dafny_tmp_tmpmvs2dmry_pancakesort_findmax.dfy,tptp,vampire,monomorphic,VERIFIED,3439,0
ground_truth,Dafny_tmp_tmpmvs2dmry_pancakesort_findmax.dfy,tptp,vampire,predicates,VERIFICATION_TIMED_OUT,15423,4
ground_truth,Dafny_tmp_tmpmvs2dmry_pancakesort_findmax.dfy,tptp,vampire,arguments,VERIFICATION_TIMED_OUT,15426,4
ground_truth,Dafny_tmp_tmpmvs2dmry_pancakesort_findmax.dfy,smtlib,vampire,monomorphic,VERIFIED,2576,0
ground_truth,Dafny_tmp_tmpmvs2dmry_pancakesort_findmax.dfy,smtlib,vampire,predicates,VERIFICATION_TIMED_OUT,15308,4
ground_truth,Dafny_tmp_tmpmvs2dmry_pancakesort_findmax.dfy,smtlib,vampire,arguments,VERIFICATION_TIMED_OUT,15274,4
ground_truth,Dafny_tmp_tmpmvs2dmry_pancakesort_findmax.dfy,smtlib,z3,monomorphic,VERIFIED,1536,0
ground_truth,Dafny_tmp_tmpmvs2dmry_pancakesort_findmax.dfy,smtlib,z3,predicates,VERIFIED,1478,0
ground_truth,Dafny_tmp_tmpmvs2dmry_pancakesort_findmax.dfy,smtlib,z3,arguments,VERIFIED,1468,0
ground_truth,SENG2011_tmp_tmpgk5jq85q_flex_ex2.dfy,tptp,vampire,polymorphic,VERIFICATION_TIMED_OUT,15474,4
ground_truth,SENG2011_tmp_tmpgk5jq85q_flex_ex2.dfy,tptp,vampire,monomorphic,VERIFICATION_TIMED_OUT,15559,4
ground_truth,SENG2011_tmp_tmpgk5jq85q_flex_ex2.dfy,tptp,vampire,predicates,VERIFICATION_TIMED_OUT,15544,4
ground_truth,SENG2011_tmp_tmpgk5jq85q_flex_ex2.dfy,tptp,vampire,arguments,VERIFICATION_TIMED_OUT,15499,4
ground_truth,SENG2011_tmp_tmpgk5jq85q_flex_ex2.dfy,smtlib,vampire,monomorphic,VERIFICATION_TIMED_OUT,15535,4
ground_truth,SENG2011_tmp_tmpgk5jq85q_flex_ex2.dfy,smtlib,vampire,predicates,VERIFICATION_TIMED_OUT,15474,4
ground_truth,SENG2011_tmp_tmpgk5jq85q_flex_ex2.dfy,smtlib,vampire,arguments,VERIFICATION_TIMED_OUT,15438,4
ground_truth,SENG2011_tmp_tmpgk5jq85q_flex_ex2.dfy,smtlib,z3,monomorphic,VERIFIED,1660,0
ground_truth,SENG2011_tmp_tmpgk5jq85q_flex_ex2.dfy,smtlib,z3,predicates,VERIFIED,1600,0
ground_truth,SENG2011_tmp_tmpgk5jq85q_flex_ex2.dfy,smtlib,z3,arguments,VERIFIED,1574,0
ground_truth,dafny-synthesis_task_id_616.dfy,tptp,vampire,polymorphic,VERIFICATION_TIMED_OUT,15374,4
ground_truth,dafny-synthesis_task_id_616.dfy,tptp,vampire,monomorphic,VERIFICATION_TIMED_OUT,15436,4
ground_truth,dafny-synthesis_task_id_616.dfy,tptp,vampire,predicates,VERIFICATION_TIMED_OUT,15466,4
ground_truth,dafny-synthesis_task_id_616.dfy,tptp,vampire,arguments,VERIFICATION_TIMED_OUT,15435,4
ground_truth,dafny-synthesis_task_id_616.dfy,smtlib,vampire,monomorphic,VERIFICATION_TIMED_OUT,15390,4
ground_truth,dafny-synthesis_task_id_616.dfy,smtlib,vampire,predicates,VERIFICATION_TIMED_OUT,15350,4
ground_truth,dafny-synthesis_task_id_616.dfy,smtlib,vampire,arguments,VERIFICATION_TIMED_OUT,15335,4
ground_truth,dafny-synthesis_task_id_616.dfy,smtlib,z3,monomorphic,VERIFIED,1514,0
ground_truth,dafny-synthesis_task_id_616.dfy,smtlib,z3,predicates,VERIFIED,1480,0
ground_truth,dafny-synthesis_task_id_616.dfy,smtlib,z3,arguments,VERIFIED,1453,0
ground_truth,DafnyProjects_tmp_tmp2acw_s4s_sqrt.dfy,tptp,vampire,polymorphic,VERIFIED,1417,0
ground_truth,DafnyProjects_tmp_tmp2acw_s4s_sqrt.dfy,tptp,vampire,monomorphic,VERIFIED,1507,0
ground_truth,DafnyProjects_tmp_tmp2acw_s4s_sqrt.dfy,tptp,vampire,predicates,VERIFIED,1434,0
ground_truth,DafnyProjects_tmp_tmp2acw_s4s_sqrt.dfy,tptp,vampire,arguments,VERIFIED,1426,0
ground_truth,DafnyProjects_tmp_tmp2acw_s4s_sqrt.dfy,smtlib,vampire,monomorphic,VERIFIED,1426,0
ground_truth,DafnyProjects_tmp_tmp2acw_s4s_sqrt.dfy,smtlib,vampire,predicates,VERIFIED,1365,0
ground_truth,DafnyProjects_tmp_tmp2acw_s4s_sqrt.dfy,smtlib,vampire,arguments,VERIFIED,1370,0
ground_truth,DafnyProjects_tmp_tmp2acw_s4s_sqrt.dfy,smtlib,z3,monomorphic,VERIFIED,1415,0
ground_truth,DafnyProjects_tmp_tmp2acw_s4s_sqrt.dfy,smtlib,z3,predicates,VERIFIED,1377,0
ground_truth,DafnyProjects_tmp_tmp2acw_s4s_sqrt.dfy,smtlib,z3,arguments,VERIFIED,1373,0
ground_truth,Program-Verification-Dataset_tmp_tmpgbdrlnu__Dafny_from dafny main repo_dafny3_Streams.dfy,tptp,vampire,polymorphic,VERIFICATION_TIMED_OUT,58945,4
ground_truth,Program-Verification-Dataset_tmp_tmpgbdrlnu__Dafny_from dafny main repo_dafny3_Streams.dfy,tptp,vampire,monomorphic,VERIFICATION_TIMED_OUT,58526,4
ground_truth,Program-Verification-Dataset_tmp_tmpgbdrlnu__Dafny_from dafny main repo_dafny3_Streams.dfy,tptp,vampire,predicates,VERIFICATION_TIMED_OUT,86027,4
ground_truth,Program-Verification-Dataset_tmp_tmpgbdrlnu__Dafny_from dafny main repo_dafny3_Streams.dfy,tptp,vampire,arguments,VERIFICATION_TIMED_OUT,71941,4
ground_truth,Program-Verification-Dataset_tmp_tmpgbdrlnu__Dafny_from dafny main repo_dafny3_Streams.dfy,smtlib,vampire,monomorphic,VERIFICATION_TIMED_OUT,59118,4
ground_truth,Program-Verification-Dataset_tmp_tmpgbdrlnu__Dafny_from dafny main repo_dafny3_Streams.dfy,smtlib,vampire,predicates,VERIFICATION_TIMED_OUT,74008,4
ground_truth,Program-Verification-Dataset_tmp_tmpgbdrlnu__Dafny_from dafny main repo_dafny3_Streams.dfy,smtlib,vampire,arguments,VERIFICATION_TIMED_OUT,59079,4
ground_truth,Program-Verification-Dataset_tmp_tmpgbdrlnu__Dafny_from dafny main repo_dafny3_Streams.dfy,smtlib,z3,monomorphic,VERIFIED,2533,0
ground_truth,Program-Verification-Dataset_tmp_tmpgbdrlnu__Dafny_from dafny main repo_dafny3_Streams.dfy,smtlib,z3,predicates,VERIFIED,2504,0
ground_truth,Program-Verification-Dataset_tmp_tmpgbdrlnu__Dafny_from dafny main repo_dafny3_Streams.dfy,smtlib,z3,arguments,VERIFIED,2403,0
ground_truth,dafny-synthesis_task_id_627.dfy,tptp,vampire,polymorphic,VERIFICATION_TIMED_OUT,15350,4
ground_truth,dafny-synthesis_task_id_627.dfy,tptp,vampire,monomorphic,VERIFICATION_TIMED_OUT,15475,4
ground_truth,dafny-synthesis_task_id_627.dfy,tptp,vampire,predicates,VERIFICATION_TIMED_OUT,15466,4
ground_truth,dafny-synthesis_task_id_627.dfy,tptp,vampire,arguments,VERIFICATION_TIMED_OUT,15406,4
ground_truth,dafny-synthesis_task_id_627.dfy,smtlib,vampire,monomorphic,VERIFICATION_TIMED_OUT,15387,4
ground_truth,dafny-synthesis_task_id_627.dfy,smtlib,vampire,predicates,VERIFICATION_TIMED_OUT,15292,4
ground_truth,dafny-synthesis_task_id_627.dfy,smtlib,vampire,arguments,VERIFICATION_TIMED_OUT,15240,4
ground_truth,dafny-synthesis_task_id_627.dfy,smtlib,z3,monomorphic,VERIFIED,1572,0
ground_truth,dafny-synthesis_task_id_627.dfy,smtlib,z3,predicates,VERIFIED,1455,0
ground_truth,dafny-synthesis_task_id_627.dfy,smtlib,z3,arguments,VERIFIED,1468,0
ground_truth,Programmverifikation-und-synthese_tmp_tmppurk6ime_PVS_Assignment_ex_05_Hoangkim_ex_05_Hoangkim.dfy,tptp,vampire,polymorphic,VERIFICATION_TIMED_OUT,15398,4
ground_truth,Programmverifikation-und-synthese_tmp_tmppurk6ime_PVS_Assignment_ex_05_Hoangkim_ex_05_Hoangkim.dfy,tptp,vampire,monomorphic,VERIFICATION_TIMED_OUT,17114,4
ground_truth,Programmverifikation-und-synthese_tmp_tmppurk6ime_PVS_Assignment_ex_05_Hoangkim_ex_05_Hoangkim.dfy,tptp,vampire,predicates,VERIFICATION_TIMED_OUT,29327,4
ground_truth,Programmverifikation-und-synthese_tmp_tmppurk6ime_PVS_Assignment_ex_05_Hoangkim_ex_05_Hoangkim.dfy,tptp,vampire,arguments,VERIFICATION_TIMED_OUT,29360,4
ground_truth,Programmverifikation-und-synthese_tmp_tmppurk6ime_PVS_Assignment_ex_05_Hoangkim_ex_05_Hoangkim.dfy,smtlib,vampire,monomorphic,VERIFICATION_TIMED_OUT,17178,4
ground_truth,Programmverifikation-und-synthese_tmp_tmppurk6ime_PVS_Assignment_ex_05_Hoangkim_ex_05_Hoangkim.dfy,smtlib,vampire,predicates,VERIFICATION_TIMED_OUT,20027,4
ground_truth,Programmverifikation-und-synthese_tmp_tmppurk6ime_PVS_Assignment_ex_05_Hoangkim_ex_05_Hoangkim.dfy,smtlib,vampire,arguments,VERIFICATION_TIMED_OUT,15311,4
ground_truth,Programmverifikation-und-synthese_tmp_tmppurk6ime_PVS_Assignment_ex_05_Hoangkim_ex_05_Hoangkim.dfy,smtlib,z3,monomorphic,VERIFIED,1576,0
ground_truth,Programmverifikation-und-synthese_tmp_tmppurk6ime_PVS_Assignment_ex_05_Hoangkim_ex_05_Hoangkim.dfy,smtlib,z3,predicates,VERIFIED,1511,0
ground_truth,Programmverifikation-und-synthese_tmp_tmppurk6ime_PVS_Assignment_ex_05_Hoangkim_ex_05_Hoangkim.dfy,smtlib,z3,arguments,VERIFIED,1528,0
ground_truth,Program-Verification-Dataset_tmp_tmpgbdrlnu__Dafny_algorithms and leetcode_leetcode_lc-remove-element.dfy,tptp,vampire,polymorphic,VERIFICATION_TIMED_OUT,15379,4
ground_truth,Program-Verification-Dataset_tmp_tmpgbdrlnu__Dafny_algorithms and leetcode_leetcode_lc-remove-element.dfy,tptp,vampire,monomorphic,VERIFICATION_TIMED_OUT,15469,4
ground_truth,Program-Verification-Dataset_tmp_tmpgbdrlnu__Dafny_algorithms and leetcode_leetcode_lc-remove-element.dfy,tptp,vampire,predicates,VERIFICATION_TIMED_OUT,15409,4
ground_truth,Program-Verification-Dataset_tmp_tmpgbdrlnu__Dafny_algorithms and leetcode_leetcode_lc-remove-element.dfy,tptp,vampire,arguments,VERIFICATION_TIMED_OUT,15394,4
ground_truth,Program-Verification-Dataset_tmp_tmpgbdrlnu__Dafny_algorithms and leetcode_leetcode_lc-remove-element.dfy,smtlib,vampire,monomorphic,VERIFIED,3556,0
ground_truth,Program-Verification-Dataset_tmp_tmpgbdrlnu__Dafny_algorithms and leetcode_leetcode_lc-remove-element.dfy,smtlib,vampire,predicates,VERIFICATION_TIMED_OUT,15345,4
ground_truth,Program-Verification-Dataset_tmp_tmpgbdrlnu__Dafny_algorithms and leetcode_leetcode_lc-remove-element.dfy,smtlib,vampire,arguments,VERIFIED,3512,0
ground_truth,Program-Verification-Dataset_tmp_tmpgbdrlnu__Dafny_algorithms and leetcode_leetcode_lc-remove-element.dfy,smtlib,z3,monomorphic,VERIFIED,1558,0
ground_truth,Program-Verification-Dataset_tmp_tmpgbdrlnu__Dafny_algorithms and leetcode_leetcode_lc-remove-element.dfy,smtlib,z3,predicates,VERIFIED,1532,0
ground_truth,Program-Verification-Dataset_tmp_tmpgbdrlnu__Dafny_algorithms and leetcode_leetcode_lc-remove-element.dfy,smtlib,z3,arguments,VERIFIED,1503,0
ground_truth,Dafny_tmp_tmp0wu8wmfr_Heimaverkefni 1_LinearSearch.dfy,tptp,vampire,polymorphic,VERIFIED,3037,0
ground_truth,Dafny_tmp_tmp0wu8wmfr_Heimaverkefni 1_LinearSearch.dfy,tptp,vampire,monomorphic,VERIFIED,3383,0
ground_truth,Dafny_tmp_tmp0wu8wmfr_Heimaverkefni 1_LinearSearch.dfy,tptp,vampire,predicates,VERIFIED,3116,0
ground_truth,Dafny_tmp_tmp0wu8wmfr_Heimaverkefni 1_LinearSearch.dfy,tptp,vampire,arguments,VERIFIED,3166,0
ground_truth,Dafny_tmp_tmp0wu8wmfr_Heimaverkefni 1_LinearSearch.dfy,smtlib,vampire,monomorphic,VERIFIED,3372,0
ground_truth,Dafny_tmp_tmp0wu8wmfr_Heimaverkefni 1_LinearSearch.dfy,smtlib,vampire,predicates,VERIFIED,3086,0
ground_truth,Dafny_tmp_tmp0wu8wmfr_Heimaverkefni 1_LinearSearch.dfy,smtlib,vampire,arguments,VERIFIED,3361,0
ground_truth,Dafny_tmp_tmp0wu8wmfr_Heimaverkefni 1_LinearSearch.dfy,smtlib,z3,monomorphic,VERIFIED,1557,0
ground_truth,Dafny_tmp_tmp0wu8wmfr_Heimaverkefni 1_LinearSearch.dfy,smtlib,z3,predicates,VERIFIED,1521,0
ground_truth,Dafny_tmp_tmp0wu8wmfr_Heimaverkefni 1_LinearSearch.dfy,smtlib,z3,arguments,VERIFIED,1509,0
ground_truth,iron-sync_tmp_tmps49o3tyz_lib_Base_MapRemove.dfy,tptp,vampire,polymorphic,VERIFIED,1591,0
ground_truth,iron-sync_tmp_tmps49o3tyz_lib_Base_MapRemove.dfy,tptp,vampire,monomorphic,VERIFIED,2662,0
ground_truth,iron-sync_tmp_tmps49o3tyz_lib_Base_MapRemove.dfy,tptp,vampire,predicates,VERIFICATION_TIMED_OUT,15411,4
ground_truth,iron-sync_tmp_tmps49o3tyz_lib_Base_MapRemove.dfy,tptp,vampire,arguments,VERIFIED,1598,0
ground_truth,iron-sync_tmp_tmps49o3tyz_lib_Base_MapRemove.dfy,smtlib,vampire,monomorphic,VERIFICATION_TIMED_OUT,15469,4
ground_truth,iron-sync_tmp_tmps49o3tyz_lib_Base_MapRemove.dfy,smtlib,vampire,predicates,VERIFICATION_TIMED_OUT,15276,4
ground_truth,iron-sync_tmp_tmps49o3tyz_lib_Base_MapRemove.dfy,smtlib,vampire,arguments,VERIFIED,1527,0
ground_truth,iron-sync_tmp_tmps49o3tyz_lib_Base_MapRemove.dfy,smtlib,z3,monomorphic,VERIFIED,1546,0
ground_truth,iron-sync_tmp_tmps49o3tyz_lib_Base_MapRemove.dfy,smtlib,z3,predicates,VERIFIED,1485,0
ground_truth,iron-sync_tmp_tmps49o3tyz_lib_Base_MapRemove.dfy,smtlib,z3,arguments,VERIFIED,1476,0
ground_truth,llm-verified-eval_tmp_tmpd2deqn_i_dafny_160.dfy,tptp,vampire,polymorphic,VERIFIED,3312,0
ground_truth,llm-verified-eval_tmp_tmpd2deqn_i_dafny_160.dfy,tptp,vampire,monomorphic,VERIFIED,3390,0
ground_truth,llm-verified-eval_tmp_tmpd2deqn_i_dafny_160.dfy,tptp,vampire,predicates,VERIFIED,6037,0
ground_truth,llm-verified-eval_tmp_tmpd2deqn_i_dafny_160.dfy,tptp,vampire,arguments,VERIFIED,3697,0
ground_truth,llm-verified-eval_tmp_tmpd2deqn_i_dafny_160.dfy,smtlib,vampire,monomorphic,VERIFIED,3945,0
ground_truth,llm-verified-eval_tmp_tmpd2deqn_i_dafny_160.dfy,smtlib,vampire,predicates,VERIFIED,6509,0
ground_truth,llm-verified-eval_tmp_tmpd2deqn_i_dafny_160.dfy,smtlib,vampire,arguments,VERIFIED,8543,0
ground_truth,llm-verified-eval_tmp_tmpd2deqn_i_dafny_160.dfy,smtlib,z3,monomorphic,VERIFIED,1589,0
ground_truth,llm-verified-eval_tmp_tmpd2deqn_i_dafny_160.dfy,smtlib,z3,predicates,VERIFIED,1535,0
ground_truth,llm-verified-eval_tmp_tmpd2deqn_i_dafny_160.dfy,smtlib,z3,arguments,VERIFIED,1541,0
ground_truth,dafny-language-server_tmp_tmpkir0kenl_Test_hofs_WhileLoop.dfy,tptp,vampire,polymorphic,VERIFICATION_TIMED_OUT,15543,4
ground_truth,dafny-language-server_tmp_tmpkir0kenl_Test_hofs_WhileLoop.dfy,tptp,vampire,monomorphic,VERIFICATION_TIMED_OUT,15636,4
ground_truth,dafny-language-server_tmp_tmpkir0kenl_Test_hofs_WhileLoop.dfy,tptp,vampire,predicates,VERIFICATION_TIMED_OUT,15597,4
ground_truth,dafny-language-server_tmp_tmpkir0kenl_Test_hofs_WhileLoop.dfy,tptp,vampire,arguments,VERIFICATION_TIMED_OUT,15523,4
ground_truth,dafny-language-server_tmp_tmpkir0kenl_Test_hofs_WhileLoop.dfy,smtlib,vampire,monomorphic,VERIFICATION_TIMED_OUT,15536,4
ground_truth,dafny-language-server_tmp_tmpkir0kenl_Test_hofs_WhileLoop.dfy,smtlib,vampire,predicates,VERIFICATION_TIMED_OUT,15415,4
ground_truth,dafny-language-server_tmp_tmpkir0kenl_Test_hofs_WhileLoop.dfy,smtlib,vampire,arguments,VERIFICATION_TIMED_OUT,15410,4
ground_truth,dafny-language-server_tmp_tmpkir0kenl_Test_hofs_WhileLoop.dfy,smtlib,z3,monomorphic,VERIFIED,1615,0
ground_truth,dafny-language-server_tmp_tmpkir0kenl_Test_hofs_WhileLoop.dfy,smtlib,z3,predicates,VERIFIED,1597,0
ground_truth,dafny-language-server_tmp_tmpkir0kenl_Test_hofs_WhileLoop.dfy,smtlib,z3,arguments,VERIFIED,1540,0
ground_truth,dafny-synthesis_task_id_269.dfy,tptp,vampire,polymorphic,VERIFIED,1306,0
ground_truth,dafny-synthesis_task_id_269.dfy,tptp,vampire,monomorphic,VERIFIED,1381,0
ground_truth,dafny-synthesis_task_id_269.dfy,tptp,vampire,predicates,VERIFIED,1329,0
ground_truth,dafny-synthesis_task_id_269.dfy,tptp,vampire,arguments,VERIFIED,1313,0
ground_truth,dafny-synthesis_task_id_269.dfy,smtlib,vampire,monomorphic,VERIFIED,1303,0
ground_truth,dafny-synthesis_task_id_269.dfy,smtlib,vampire,predicates,VERIFIED,1255,0
ground_truth,dafny-synthesis_task_id_269.dfy,smtlib,vampire,arguments,VERIFIED,1240,0
ground_truth,dafny-synthesis_task_id_269.dfy,smtlib,z3,monomorphic,VERIFIED,1338,0
ground_truth,dafny-synthesis_task_id_269.dfy,smtlib,z3,predicates,VERIFIED,1266,0
ground_truth,dafny-synthesis_task_id_269.dfy,smtlib,z3,arguments,VERIFIED,1253,0
ground_truth,Dafny_Verify_tmp_tmphq7j0row_Generated_Code_15.dfy,tptp,vampire,polymorphic,VERIFIED,1422,0
ground_truth,Dafny_Verify_tmp_tmphq7j0row_Generated_Code_15.dfy,tptp,vampire,monomorphic,VERIFIED,1518,0
ground_truth,Dafny_Verify_tmp_tmphq7j0row_Generated_Code_15.dfy,tptp,vampire,predicates,VERIFIED,1454,0
ground_truth,Dafny_Verify_tmp_tmphq7j0row_Generated_Code_15.dfy,tptp,vampire,arguments,VERIFIED,1441,0
ground_truth,Dafny_Verify_tmp_tmphq7j0row_Generated_Code_15.dfy,smtlib,vampire,monomorphic,VERIFIED,1457,0
ground_truth,Dafny_Verify_tmp_tmphq7j0row_Generated_Code_15.dfy,smtlib,vampire,predicates,VERIFIED,1384,0
ground_truth,Dafny_Verify_tmp_tmphq7j0row_Generated_Code_15.dfy,smtlib,vampire,arguments,VERIFIED,1390,0
ground_truth,Dafny_Verify_tmp_tmphq7j0row_Generated_Code_15.dfy,smtlib,z3,monomorphic,VERIFIED,1415,0
ground_truth,Dafny_Verify_tmp_tmphq7j0row_Generated_Code_15.dfy,smtlib,z3,predicates,VERIFIED,1359,0
ground_truth,Dafny_Verify_tmp_tmphq7j0row_Generated_Code_15.dfy,smtlib,z3,arguments,VERIFIED,1357,0
ground_truth,Program-Verification-Dataset_tmp_tmpgbdrlnu__Dafny_advanced examples_ReverseString.dfy,tptp,vampire,polymorphic,VERIFICATION_TIMED_OUT,15457,4
ground_truth,Program-Verification-Dataset_tmp_tmpgbdrlnu__Dafny_advanced examples_ReverseString.dfy,tptp,vampire,monomorphic,VERIFICATION_TIMED_OUT,15568,4
ground_truth,Program-Verification-Dataset_tmp_tmpgbdrlnu__Dafny_advanced examples_ReverseString.dfy,tptp,vampire,predicates,VERIFICATION_TIMED_OUT,15597,4
ground_truth,Program-Verification-Dataset_tmp_tmpgbdrlnu__Dafny_advanced examples_ReverseString.dfy,tptp,vampire,arguments,VERIFICATION_TIMED_OUT,15496,4
ground_truth,Program-Verification-Dataset_tmp_tmpgbdrlnu__Dafny_advanced examples_ReverseString.dfy,smtlib,vampire,monomorphic,VERIFIED,3780,0
ground_truth,Program-Verification-Dataset_tmp_tmpgbdrlnu__Dafny_advanced examples_ReverseString.dfy,smtlib,vampire,predicates,VERIFICATION_TIMED_OUT,15456,4
ground_truth,Program-Verification-Dataset_tmp_tmpgbdrlnu__Dafny_advanced examples_ReverseString.dfy,smtlib,vampire,arguments,VERIFICATION_TIMED_OUT,15454,4
ground_truth,Program-Verification-Dataset_tmp_tmpgbdrlnu__Dafny_advanced examples_ReverseString.dfy,smtlib,z3,monomorphic,VERIFIED,1653,0
ground_truth,Program-Verification-Dataset_tmp_tmpgbdrlnu__Dafny_advanced examples_ReverseString.dfy,smtlib,z3,predicates,VERIFIED,1736,0
ground_truth,Program-Verification-Dataset_tmp_tmpgbdrlnu__Dafny_advanced examples_ReverseString.dfy,smtlib,z3,arguments,VERIFIED,1712,0
ground_truth,verified-using-dafny_tmp_tmp7jatpjyn_longestZero.dfy,tptp,vampire,polymorphic,VERIFICATION_TIMED_OUT,15579,4
ground_truth,verified-using-dafny_tmp_tmp7jatpjyn_longestZero.dfy,tptp,vampire,monomorphic,VERIFICATION_TIMED_OUT,15732,4
ground_truth,verified-using-dafny_tmp_tmp7jatpjyn_longestZero.dfy,tptp,vampire,predicates,VERIFICATION_TIMED_OUT,15615,4
ground_truth,verified-using-dafny_tmp_tmp7jatpjyn_longestZero.dfy,tptp,vampire,arguments,VERIFICATION_TIMED_OUT,15581,4
ground_truth,verified-using-dafny_tmp_tmp7jatpjyn_longestZero.dfy,smtlib,vampire,monomorphic,VERIFICATION_TIMED_OUT,15602,4
ground_truth,verified-using-dafny_tmp_tmp7jatpjyn_longestZero.dfy,smtlib,vampire,predicates,VERIFICATION_TIMED_OUT,15491,4
ground_truth,verified-using-dafny_tmp_tmp7jatpjyn_longestZero.dfy,smtlib,vampire,arguments,VERIFICATION_TIMED_OUT,15509,4
ground_truth,verified-using-dafny_tmp_tmp7jatpjyn_longestZero.dfy,smtlib,z3,monomorphic,VERIFIED,1919,0
ground_truth,verified-using-dafny_tmp_tmp7jatpjyn_longestZero.dfy,smtlib,z3,predicates,VERIFIED,1883,0
ground_truth,verified-using-dafny_tmp_tmp7jatpjyn_longestZero.dfy,smtlib,z3,arguments,VERIFIED,1803,0
ground_truth,specTesting_tmp_tmpueam35lx_examples_binary_search_binary_search_specs.dfy,tptp,vampire,polymorphic,VERIFICATION_TIMED_OUT,15589,4
ground_truth,specTesting_tmp_tmpueam35lx_examples_binary_search_binary_search_specs.dfy,tptp,vampire,monomorphic,VERIFICATION_TIMED_OUT,15743,4
ground_truth,specTesting_tmp_tmpueam35lx_examples_binary_search_binary_search_specs.dfy,tptp,vampire,predicates,VERIFICATION_TIMED_OUT,15639,4
ground_truth,specTesting_tmp_tmpueam35lx_examples_binary_search_binary_search_specs.dfy,tptp,vampire,arguments,VERIFICATION_TIMED_OUT,15629,4
ground_truth,specTesting_tmp_tmpueam35lx_examples_binary_search_binary_search_specs.dfy,smtlib,vampire,monomorphic,VERIFIED,3715,0
ground_truth,specTesting_tmp_tmpueam35lx_examples_binary_search_binary_search_specs.dfy,smtlib,vampire,predicates,VERIFICATION_TIMED_OUT,15644,4
ground_truth,specTesting_tmp_tmpueam35lx_examples_binary_search_binary_search_specs.dfy,smtlib,vampire,arguments,VERIFICATION_TIMED_OUT,15479,4
ground_truth,specTesting_tmp_tmpueam35lx_examples_binary_search_binary_search_specs.dfy,smtlib,z3,monomorphic,VERIFIED,1786,0
ground_truth,specTesting_tmp_tmpueam35lx_examples_binary_search_binary_search_specs.dfy,smtlib,z3,predicates,VERIFIED,1707,0
ground_truth,specTesting_tmp_tmpueam35lx_examples_binary_search_binary_search_specs.dfy,smtlib,z3,arguments,VERIFIED,1727,0
ground_truth,Dafny_Verify_tmp_tmphq7j0row_AI_agent_validation_examples.dfy,tptp,vampire,polymorphic,VERIFICATION_TIMED_OUT,30686,4
ground_truth,Dafny_Verify_tmp_tmphq7j0row_AI_agent_validation_examples.dfy,tptp,vampire,monomorphic,VERIFICATION_TIMED_OUT,30728,4
ground_truth,Dafny_Verify_tmp_tmphq7j0row_AI_agent_validation_examples.dfy,tptp,vampire,predicates,VERIFICATION_TIMED_OUT,43871,4
ground_truth,Dafny_Verify_tmp_tmphq7j0row_AI_agent_validation_examples.dfy,tptp,vampire,arguments,VERIFICATION_TIMED_OUT,29983,4
ground_truth,Dafny_Verify_tmp_tmphq7j0row_AI_agent_validation_examples.dfy,smtlib,vampire,monomorphic,VERIFICATION_TIMED_OUT,30754,4
ground_truth,Dafny_Verify_tmp_tmphq7j0row_AI_agent_validation_examples.dfy,smtlib,vampire,predicates,VERIFICATION_TIMED_OUT,34907,4
ground_truth,Dafny_Verify_tmp_tmphq7j0row_AI_agent_validation_examples.dfy,smtlib,vampire,arguments,VERIFICATION_TIMED_OUT,29927,4
ground_truth,Dafny_Verify_tmp_tmphq7j0row_AI_agent_validation_examples.dfy,smtlib,z3,monomorphic,VERIFIED,1932,0
ground_truth,Dafny_Verify_tmp_tmphq7j0row_AI_agent_validation_examples.dfy,smtlib,z3,predicates,VERIFIED,1861,0
ground_truth,Dafny_Verify_tmp_tmphq7j0row_AI_agent_validation_examples.dfy,smtlib,z3,arguments,VERIFIED,1867,0
ground_truth,Software-Verification_tmp_tmpv4ueky2d_Counting Bits_counting_bits.dfy,tptp,vampire,polymorphic,VERIFICATION_TIMED_OUT,15363,4
ground_truth,Software-Verification_tmp_tmpv4ueky2d_Counting Bits_counting_bits.dfy,tptp,vampire,monomorphic,VERIFICATION_TIMED_OUT,15500,4
ground_truth,Software-Verification_tmp_tmpv4ueky2d_Counting Bits_counting_bits.dfy,tptp,vampire,predicates,VERIFICATION_TIMED_OUT,15495,4
ground_truth,Software-Verification_tmp_tmpv4ueky2d_Counting Bits_counting_bits.dfy,tptp,vampire,arguments,VERIFICATION_TIMED_OUT,15426,4
ground_truth,Software-Verification_tmp_tmpv4ueky2d_Counting Bits_counting_bits.dfy,smtlib,vampire,monomorphic,VERIFICATION_TIMED_OUT,15493,4
ground_truth,Software-Verification_tmp_tmpv4ueky2d_Counting Bits_counting_bits.dfy,smtlib,vampire,predicates,VERIFICATION_TIMED_OUT,15278,4
ground_truth,Software-Verification_tmp_tmpv4ueky2d_Counting Bits_counting_bits.dfy,smtlib,vampire,arguments,VERIFICATION_TIMED_OUT,15376,4
ground_truth,Software-Verification_tmp_tmpv4ueky2d_Counting Bits_counting_bits.dfy,smtlib,z3,monomorphic,VERIFIED,1585,0
ground_truth,Software-Verification_tmp_tmpv4ueky2d_Counting Bits_counting_bits.dfy,smtlib,z3,predicates,VERIFIED,1527,0
ground_truth,Software-Verification_tmp_tmpv4ueky2d_Counting Bits_counting_bits.dfy,smtlib,z3,arguments,VERIFIED,1488,0
ground_truth,dafny-synthesis_task_id_622.dfy,tptp,vampire,polymorphic,VERIFIED,2984,0
ground_truth,dafny-synthesis_task_id_622.dfy,tptp,vampire,monomorphic,VERIFIED,3030,0
ground_truth,dafny-synthesis_task_id_622.dfy,tptp,vampire,predicates,VERIFIED,2994,0
ground_truth,dafny-synthesis_task_id_622.dfy,tptp,vampire,arguments,VERIFIED,2329,0
ground_truth,dafny-synthesis_task_id_622.dfy,smtlib,vampire,monomorphic,VERIFIED,2188,0
ground_truth,dafny-synthesis_task_id_622.dfy,smtlib,vampire,predicates,VERIFIED,2106,0
ground_truth,dafny-synthesis_task_id_622.dfy,smtlib,vampire,arguments,VERIFIED,2139,0
ground_truth,dafny-synthesis_task_id_622.dfy,smtlib,z3,monomorphic,VERIFIED,1479,0
ground_truth,dafny-synthesis_task_id_622.dfy,smtlib,z3,predicates,VERIFIED,1447,0
ground_truth,dafny-synthesis_task_id_622.dfy,smtlib,z3,arguments,VERIFIED,1450,0
ground_truth,dafny-synthesis_task_id_599.dfy,tptp,vampire,polymorphic,VERIFICATION_TIMED_OUT,15273,4
ground_truth,dafny-synthesis_task_id_599.dfy,tptp,vampire,monomorphic,VERIFICATION_TIMED_OUT,15313,4
ground_truth,dafny-synthesis_task_id_599.dfy,tptp,vampire,predicates,VERIFICATION_TIMED_OUT,15328,4
ground_truth,dafny-synthesis_task_id_599.dfy,tptp,vampire,arguments,VERIFICATION_TIMED_OUT,15284,4
ground_truth,dafny-synthesis_task_id_599.dfy,smtlib,vampire,monomorphic,VERIFIED,2151,0
ground_truth,dafny-synthesis_task_id_599.dfy,smtlib,vampire,predicates,VERIFIED,3640,0
ground_truth,dafny-synthesis_task_id_599.dfy,smtlib,vampire,arguments,VERIFIED,2074,0
ground_truth,dafny-synthesis_task_id_599.dfy,smtlib,z3,monomorphic,VERIFIED,1383,0
ground_truth,dafny-synthesis_task_id_599.dfy,smtlib,z3,predicates,VERIFIED,1375,0
ground_truth,dafny-synthesis_task_id_599.dfy,smtlib,z3,arguments,VERIFIED,1354,0
ground_truth,dafny-synthesis_task_id_728.dfy,tptp,vampire,polymorphic,VERIFICATION_TIMED_OUT,15331,4
ground_truth,dafny-synthesis_task_id_728.dfy,tptp,vampire,monomorphic,VERIFIED,6789,0
ground_truth,dafny-synthesis_task_id_728.dfy,tptp,vampire,predicates,VERIFICATION_TIMED_OUT,15365,4
ground_truth,dafny-synthesis_task_id_728.dfy,tptp,vampire,arguments,VERIFICATION_TIMED_OUT,15386,4
ground_truth,dafny-synthesis_task_id_728.dfy,smtlib,vampire,monomorphic,VERIFICATION_TIMED_OUT,15327,4
ground_truth,dafny-synthesis_task_id_728.dfy,smtlib,vampire,predicates,VERIFICATION_TIMED_OUT,15257,4
ground_truth,dafny-synthesis_task_id_728.dfy,smtlib,vampire,arguments,VERIFICATION_TIMED_OUT,15255,4
ground_truth,dafny-synthesis_task_id_728.dfy,smtlib,z3,monomorphic,VERIFIED,1498,0
ground_truth,dafny-synthesis_task_id_728.dfy,smtlib,z3,predicates,VERIFIED,1432,0
ground_truth,dafny-synthesis_task_id_728.dfy,smtlib,z3,arguments,VERIFIED,1426,0
ground_truth,cs357_tmp_tmpn4fsvwzs_lab7_question2.dfy,tptp,vampire,polymorphic,VERIFIED,1335,0
ground_truth,cs357_tmp_tmpn4fsvwzs_lab7_question2.dfy,tptp,vampire,monomorphic,VERIFIED,1438,0
ground_truth,cs357_tmp_tmpn4fsvwzs_lab7_question2.dfy,tptp,vampire,predicates,VERIFIED,1375,0
ground_truth,cs357_tmp_tmpn4fsvwzs_lab7_question2.dfy,tptp,vampire,arguments,VERIFIED,1362,0
ground_truth,cs357_tmp_tmpn4fsvwzs_lab7_question2.dfy,smtlib,vampire,monomorphic,VERIFIED,1388,0
ground_truth,cs357_tmp_tmpn4fsvwzs_lab7_question2.dfy,smtlib,vampire,predicates,VERIFIED,1315,0
ground_truth,cs357_tmp_tmpn4fsvwzs_lab7_question2.dfy,smtlib,vampire,arguments,VERIFIED,1302,0
ground_truth,cs357_tmp_tmpn4fsvwzs_lab7_question2.dfy,smtlib,z3,monomorphic,VERIFIED,1370,0
ground_truth,cs357_tmp_tmpn4fsvwzs_lab7_question2.dfy,smtlib,z3,predicates,VERIFIED,1298,0
ground_truth,cs357_tmp_tmpn4fsvwzs_lab7_question2.dfy,smtlib,z3,arguments,VERIFIED,1332,0
ground_truth,iron-sync_tmp_tmps49o3tyz_concurrency_docs_code_ShardedStateMachine.dfy,tptp,vampire,polymorphic,VERIFIED,1329,0
ground_truth,iron-sync_tmp_tmps49o3tyz_concurrency_docs_code_ShardedStateMachine.dfy,tptp,vampire,monomorphic,VERIFIED,1449,0
ground_truth,iron-sync_tmp_tmps49o3tyz_concurrency_docs_code_ShardedStateMachine.dfy,tptp,vampire,predicates,VERIFIED,1349,0
ground_truth,iron-sync_tmp_tmps49o3tyz_concurrency_docs_code_ShardedStateMachine.dfy,tptp,vampire,arguments,VERIFIED,1372,0
ground_truth,iron-sync_tmp_tmps49o3tyz_concurrency_docs_code_ShardedStateMachine.dfy,smtlib,vampire,monomorphic,VERIFIED,1364,0
ground_truth,iron-sync_tmp_tmps49o3tyz_concurrency_docs_code_ShardedStateMachine.dfy,smtlib,vampire,predicates,VERIFIED,1302,0
ground_truth,iron-sync_tmp_tmps49o3tyz_concurrency_docs_code_ShardedStateMachine.dfy,smtlib,vampire,arguments,VERIFIED,1287,0
ground_truth,iron-sync_tmp_tmps49o3tyz_concurrency_docs_code_ShardedStateMachine.dfy,smtlib,z3,monomorphic,VERIFIED,1372,0
ground_truth,iron-sync_tmp_tmps49o3tyz_concurrency_docs_code_ShardedStateMachine.dfy,smtlib,z3,predicates,VERIFIED,1312,0
ground_truth,iron-sync_tmp_tmps49o3tyz_concurrency_docs_code_ShardedStateMachine.dfy,smtlib,z3,arguments,VERIFIED,1280,0
ground_truth,se2011_tmp_tmp71eb82zt_ass2_ex2.dfy,tptp,vampire,polymorphic,VERIFIED,5007,0
ground_truth,se2011_tmp_tmp71eb82zt_ass2_ex2.dfy,tptp,vampire,monomorphic,VERIFICATION_TIMED_OUT,15512,4
ground_truth,se2011_tmp_tmp71eb82zt_ass2_ex2.dfy,tptp,vampire,predicates,VERIFICATION_TIMED_OUT,15486,4
ground_truth,se2011_tmp_tmp71eb82zt_ass2_ex2.dfy,tptp,vampire,arguments,VERIFICATION_TIMED_OUT,15485,4
ground_truth,se2011_tmp_tmp71eb82zt_ass2_ex2.dfy,smtlib,vampire,monomorphic,VERIFIED,5389,0
ground_truth,se2011_tmp_tmp71eb82zt_ass2_ex2.dfy,smtlib,vampire,predicates,VERIFICATION_TIMED_OUT,15389,4
ground_truth,se2011_tmp_tmp71eb82zt_ass2_ex2.dfy,smtlib,vampire,arguments,VERIFICATION_TIMED_OUT,15331,4
ground_truth,se2011_tmp_tmp71eb82zt_ass2_ex2.dfy,smtlib,z3,monomorphic,VERIFIED,1587,0
ground_truth,se2011_tmp_tmp71eb82zt_ass2_ex2.dfy,smtlib,z3,predicates,VERIFIED,1561,0
ground_truth,se2011_tmp_tmp71eb82zt_ass2_ex2.dfy,smtlib,z3,arguments,VERIFIED,1538,0
ground_truth,protocol-verification-fa2023_tmp_tmpw6hy3mjp_demos_dafny-internals_03-encoding_lemma_call.dfy,tptp,vampire,polymorphic,VERIFIED,1386,0
ground_truth,protocol-verification-fa2023_tmp_tmpw6hy3mjp_demos_dafny-internals_03-encoding_lemma_call.dfy,tptp,vampire,monomorphic,VERIFIED,1487,0
ground_truth,protocol-verification-fa2023_tmp_tmpw6hy3mjp_demos_dafny-internals_03-encoding_lemma_call.dfy,tptp,vampire,predicates,VERIFIED,1425,0
ground_truth,protocol-verification-fa2023_tmp_tmpw6hy3mjp_demos_dafny-internals_03-encoding_lemma_call.dfy,tptp,vampire,arguments,VERIFIED,1398,0
ground_truth,protocol-verification-fa2023_tmp_tmpw6hy3mjp_demos_dafny-internals_03-encoding_lemma_call.dfy,smtlib,vampire,monomorphic,VERIFIED,1396,0
ground_truth,protocol-verification-fa2023_tmp_tmpw6hy3mjp_demos_dafny-internals_03-encoding_lemma_call.dfy,smtlib,vampire,predicates,VERIFIED,1360,0
ground_truth,protocol-verification-fa2023_tmp_tmpw6hy3mjp_demos_dafny-internals_03-encoding_lemma_call.dfy,smtlib,vampire,arguments,VERIFIED,1360,0
ground_truth,protocol-verification-fa2023_tmp_tmpw6hy3mjp_demos_dafny-internals_03-encoding_lemma_call.dfy,smtlib,z3,monomorphic,VERIFIED,1404,0
ground_truth,protocol-verification-fa2023_tmp_tmpw6hy3mjp_demos_dafny-internals_03-encoding_lemma_call.dfy,smtlib,z3,predicates,VERIFIED,1387,0
ground_truth,protocol-verification-fa2023_tmp_tmpw6hy3mjp_demos_dafny-internals_03-encoding_lemma_call.dfy,smtlib,z3,arguments,VERIFIED,1360,0
ground_truth,dafny-synthesis_task_id_743.dfy,tptp,vampire,polymorphic,VERIFICATION_TIMED_OUT,15394,4
ground_truth,dafny-synthesis_task_id_743.dfy,tptp,vampire,monomorphic,VERIFICATION_TIMED_OUT,15478,4
ground_truth,dafny-synthesis_task_id_743.dfy,tptp,vampire,predicates,VERIFICATION_TIMED_OUT,15438,4
ground_truth,dafny-synthesis_task_id_743.dfy,tptp,vampire,arguments,VERIFICATION_TIMED_OUT,15381,4
ground_truth,dafny-synthesis_task_id_743.dfy,smtlib,vampire,monomorphic,VERIFIED,3428,0
ground_truth,dafny-synthesis_task_id_743.dfy,smtlib,vampire,predicates,VERIFICATION_TIMED_OUT,15249,4
ground_truth,dafny-synthesis_task_id_743.dfy,smtlib,vampire,arguments,VERIFIED,3314,0
ground_truth,dafny-synthesis_task_id_743.dfy,smtlib,z3,monomorphic,VERIFIED,1482,0
ground_truth,dafny-synthesis_task_id_743.dfy,smtlib,z3,predicates,VERIFIED,1465,0
ground_truth,dafny-synthesis_task_id_743.dfy,smtlib,z3,arguments,VERIFIED,1462,0
ground_truth,protocol-verification-fa2023_tmp_tmpw6hy3mjp_demos_ch01_fast_exp.dfy,tptp,vampire,polymorphic,VERIFICATION_TIMED_OUT,22455,4
ground_truth,protocol-verification-fa2023_tmp_tmpw6hy3mjp_demos_ch01_fast_exp.dfy,tptp,vampire,monomorphic,VERIFICATION_TIMED_OUT,29603,4
ground_truth,protocol-verification-fa2023_tmp_tmpw6hy3mjp_demos_ch01_fast_exp.dfy,tptp,vampire,predicates,VERIFICATION_TIMED_OUT,43584,4
ground_truth,protocol-verification-fa2023_tmp_tmpw6hy3mjp_demos_ch01_fast_exp.dfy,tptp,vampire,arguments,VERIFICATION_TIMED_OUT,36551,4
ground_truth,protocol-verification-fa2023_tmp_tmpw6hy3mjp_demos_ch01_fast_exp.dfy,smtlib,vampire,monomorphic,VERIFICATION_TIMED_OUT,17932,4
ground_truth,protocol-verification-fa2023_tmp_tmpw6hy3mjp_demos_ch01_fast_exp.dfy,smtlib,vampire,predicates,VERIFICATION_TIMED_OUT,29558,4
ground_truth,protocol-verification-fa2023_tmp_tmpw6hy3mjp_demos_ch01_fast_exp.dfy,smtlib,vampire,arguments,VERIFICATION_TIMED_OUT,17862,4
ground_truth,protocol-verification-fa2023_tmp_tmpw6hy3mjp_demos_ch01_fast_exp.dfy,smtlib,z3,monomorphic,VERIFIED,1918,0
ground_truth,protocol-verification-fa2023_tmp_tmpw6hy3mjp_demos_ch01_fast_exp.dfy,smtlib,z3,predicates,VERIFIED,1930,0
ground_truth,protocol-verification-fa2023_tmp_tmpw6hy3mjp_demos_ch01_fast_exp.dfy,smtlib,z3,arguments,VERIFIED,1822,0
ground_truth,CS5232_Project_tmp_tmpai_cfrng_test.dfy,tptp,vampire,polymorphic,VERIFICATION_TIMED_OUT,15409,4
ground_truth,CS5232_Project_tmp_tmpai_cfrng_test.dfy,tptp,vampire,monomorphic,VERIFICATION_TIMED_OUT,15512,4
ground_truth,CS5232_Project_tmp_tmpai_cfrng_test.dfy,tptp,vampire,predicates,VERIFICATION_TIMED_OUT,15526,4
ground_truth,CS5232_Project_tmp_tmpai_cfrng_test.dfy,tptp,vampire,arguments,VERIFICATION_TIMED_OUT,15480,4
ground_truth,CS5232_Project_tmp_tmpai_cfrng_test.dfy,smtlib,vampire,monomorphic,VERIFICATION_TIMED_OUT,15512,4
ground_truth,CS5232_Project_tmp_tmpai_cfrng_test.dfy,smtlib,vampire,predicates,VERIFICATION_TIMED_OUT,15313,4
ground_truth,CS5232_Project_tmp_tmpai_cfrng_test.dfy,smtlib,vampire,arguments,VERIFICATION_TIMED_OUT,15396,4
ground_truth,CS5232_Project_tmp_tmpai_cfrng_test.dfy,smtlib,z3,monomorphic,VERIFIED,1607,0
ground_truth,CS5232_Project_tmp_tmpai_cfrng_test.dfy,smtlib,z3,predicates,VERIFIED,1542,0
ground_truth,CS5232_Project_tmp_tmpai_cfrng_test.dfy,smtlib,z3,arguments,VERIFIED,1513,0
ground_truth,dafny-synthesis_task_id_808.dfy,tptp,vampire,polymorphic,VERIFIED,2911,0
ground_truth,dafny-synthesis_task_id_808.dfy,tptp,vampire,monomorphic,VERIFIED,3404,0
ground_truth,dafny-synthesis_task_id_808.dfy,tptp,vampire,predicates,VERIFICATION_TIMED_OUT,15413,4
ground_truth,dafny-synthesis_task_id_808.dfy,tptp,vampire,arguments,VERIFICATION_TIMED_OUT,15337,4
ground_truth,dafny-synthesis_task_id_808.dfy,smtlib,vampire,monomorphic,VERIFIED,3585,0
ground_truth,dafny-synthesis_task_id_808.dfy,smtlib,vampire,predicates,VERIFICATION_TIMED_OUT,15233,4
ground_truth,dafny-synthesis_task_id_808.dfy,smtlib,vampire,arguments,VERIFIED,3340,0
ground_truth,dafny-synthesis_task_id_808.dfy,smtlib,z3,monomorphic,VERIFIED,1453,0
ground_truth,dafny-synthesis_task_id_808.dfy,smtlib,z3,predicates,VERIFIED,1430,0
ground_truth,dafny-synthesis_task_id_808.dfy,smtlib,z3,arguments,VERIFIED,1409,0
ground_truth,MFES_2021_tmp_tmpuljn8zd9_Exams_Special_Exam_03_2020_4_CatalanNumbers.dfy,tptp,vampire,polymorphic,VERIFICATION_TIMED_OUT,15346,4
ground_truth,MFES_2021_tmp_tmpuljn8zd9_Exams_Special_Exam_03_2020_4_CatalanNumbers.dfy,tptp,vampire,monomorphic,VERIFICATION_TIMED_OUT,15524,4
ground_truth,MFES_2021_tmp_tmpuljn8zd9_Exams_Special_Exam_03_2020_4_CatalanNumbers.dfy,tptp,vampire,predicates,VERIFICATION_TIMED_OUT,15402,4
ground_truth,MFES_2021_tmp_tmpuljn8zd9_Exams_Special_Exam_03_2020_4_CatalanNumbers.dfy,tptp,vampire,arguments,VERIFICATION_TIMED_OUT,15381,4
ground_truth,MFES_2021_tmp_tmpuljn8zd9_Exams_Special_Exam_03_2020_4_CatalanNumbers.dfy,smtlib,vampire,monomorphic,VERIFICATION_TIMED_OUT,15364,4
ground_truth,MFES_2021_tmp_tmpuljn8zd9_Exams_Special_Exam_03_2020_4_CatalanNumbers.dfy,smtlib,vampire,predicates,VERIFICATION_TIMED_OUT,15323,4
ground_truth,MFES_2021_tmp_tmpuljn8zd9_Exams_Special_Exam_03_2020_4_CatalanNumbers.dfy,smtlib,vampire,arguments,VERIFICATION_TIMED_OUT,15282,4
ground_truth,MFES_2021_tmp_tmpuljn8zd9_Exams_Special_Exam_03_2020_4_CatalanNumbers.dfy,smtlib,z3,monomorphic,VERIFIED,1822,0
ground_truth,MFES_2021_tmp_tmpuljn8zd9_Exams_Special_Exam_03_2020_4_CatalanNumbers.dfy,smtlib,z3,predicates,VERIFIED,1713,0
ground_truth,MFES_2021_tmp_tmpuljn8zd9_Exams_Special_Exam_03_2020_4_CatalanNumbers.dfy,smtlib,z3,arguments,VERIFIED,3117,0
ground_truth,dafny-synthesis_task_id_145.dfy,tptp,vampire,polymorphic,VERIFICATION_TIMED_OUT,15399,4
ground_truth,dafny-synthesis_task_id_145.dfy,tptp,vampire,monomorphic,VERIFICATION_TIMED_OUT,15456,4
ground_truth,dafny-synthesis_task_id_145.dfy,tptp,vampire,predicates,VERIFICATION_TIMED_OUT,15399,4
ground_truth,dafny-synthesis_task_id_145.dfy,tptp,vampire,arguments,VERIFICATION_TIMED_OUT,15348,4
ground_truth,dafny-synthesis_task_id_145.dfy,smtlib,vampire,monomorphic,VERIFICATION_TIMED_OUT,15361,4
ground_truth,dafny-synthesis_task_id_145.dfy,smtlib,vampire,predicates,VERIFICATION_TIMED_OUT,15337,4
ground_truth,dafny-synthesis_task_id_145.dfy,smtlib,vampire,arguments,VERIFICATION_TIMED_OUT,15314,4
ground_truth,dafny-synthesis_task_id_145.dfy,smtlib,z3,monomorphic,VERIFIED,1526,0
ground_truth,dafny-synthesis_task_id_145.dfy,smtlib,z3,predicates,VERIFIED,1467,0
ground_truth,dafny-synthesis_task_id_145.dfy,smtlib,z3,arguments,VERIFIED,1443,0
ground_truth,Program-Verification-Dataset_tmp_tmpgbdrlnu__Dafny_basic examples_add_by_one_details.dfy,tptp,vampire,polymorphic,VERIFIED,1385,0
ground_truth,Program-Verification-Dataset_tmp_tmpgbdrlnu__Dafny_basic examples_add_by_one_details.dfy,tptp,vampire,monomorphic,VERIFIED,1465,0
ground_truth,Program-Verification-Dataset_tmp_tmpgbdrlnu__Dafny_basic examples_add_by_one_details.dfy,tptp,vampire,predicates,VERIFIED,1404,0
ground_truth,Program-Verification-Dataset_tmp_tmpgbdrlnu__Dafny_basic examples_add_by_one_details.dfy,tptp,vampire,arguments,VERIFIED,1400,0
ground_truth,Program-Verification-Dataset_tmp_tmpgbdrlnu__Dafny_basic examples_add_by_one_details.dfy,smtlib,vampire,monomorphic,VERIFIED,1399,0
ground_truth,Program-Verification-Dataset_tmp_tmpgbdrlnu__Dafny_basic examples_add_by_one_details.dfy,smtlib,vampire,predicates,VERIFIED,1368,0
ground_truth,Program-Verification-Dataset_tmp_tmpgbdrlnu__Dafny_basic examples_add_by_one_details.dfy,smtlib,vampire,arguments,VERIFIED,1322,0
ground_truth,Program-Verification-Dataset_tmp_tmpgbdrlnu__Dafny_basic examples_add_by_one_details.dfy,smtlib,z3,monomorphic,VERIFIED,1414,0
ground_truth,Program-Verification-Dataset_tmp_tmpgbdrlnu__Dafny_basic examples_add_by_one_details.dfy,smtlib,z3,predicates,VERIFIED,1348,0
ground_truth,Program-Verification-Dataset_tmp_tmpgbdrlnu__Dafny_basic examples_add_by_one_details.dfy,smtlib,z3,arguments,VERIFIED,1345,0
ground_truth,formal-verification_tmp_tmpoepcssay_strings3.dfy,tptp,vampire,polymorphic,VERIFICATION_TIMED_OUT,29600,4
ground_truth,formal-verification_tmp_tmpoepcssay_strings3.dfy,tptp,vampire,monomorphic,VERIFICATION_TIMED_OUT,29814,4
ground_truth,formal-verification_tmp_tmpoepcssay_strings3.dfy,tptp,vampire,predicates,VERIFICATION_TIMED_OUT,29797,4
ground_truth,formal-verification_tmp_tmpoepcssay_strings3.dfy,tptp,vampire,arguments,VERIFICATION_TIMED_OUT,29765,4
ground_truth,formal-verification_tmp_tmpoepcssay_strings3.dfy,smtlib,vampire,monomorphic,VERIFICATION_TIMED_OUT,16635,4
ground_truth,formal-verification_tmp_tmpoepcssay_strings3.dfy,smtlib,vampire,predicates,VERIFICATION_TIMED_OUT,16240,4
ground_truth,formal-verification_tmp_tmpoepcssay_strings3.dfy,smtlib,vampire,arguments,VERIFICATION_TIMED_OUT,17916,4
ground_truth,formal-verification_tmp_tmpoepcssay_strings3.dfy,smtlib,z3,monomorphic,VERIFIED,1782,0
ground_truth,formal-verification_tmp_tmpoepcssay_strings3.dfy,smtlib,z3,predicates,VERIFIED,1749,0
ground_truth,formal-verification_tmp_tmpoepcssay_strings3.dfy,smtlib,z3,arguments,VERIFIED,1725,0
ground_truth,dafny-synthesis_task_id_454.dfy,tptp,vampire,polymorphic,VERIFIED,3156,0
ground_truth,dafny-synthesis_task_id_454.dfy,tptp,vampire,monomorphic,VERIFIED,2430,0
ground_truth,dafny-synthesis_task_id_454.dfy,tptp,vampire,predicates,VERIFICATION_TIMED_OUT,15414,4
ground_truth,dafny-synthesis_task_id_454.dfy,tptp,vampire,arguments,VERIFIED,3515,0
ground_truth,dafny-synthesis_task_id_454.dfy,smtlib,vampire,monomorphic,VERIFIED,2442,0
ground_truth,dafny-synthesis_task_id_454.dfy,smtlib,vampire,predicates,VERIFICATION_TIMED_OUT,15333,4
ground_truth,dafny-synthesis_task_id_454.dfy,smtlib,vampire,arguments,VERIFIED,3214,0
ground_truth,dafny-synthesis_task_id_454.dfy,smtlib,z3,monomorphic,VERIFIED,1497,0
ground_truth,dafny-synthesis_task_id_454.dfy,smtlib,z3,predicates,VERIFIED,1430,0
ground_truth,dafny-synthesis_task_id_454.dfy,smtlib,z3,arguments,VERIFIED,1438,0
ground_truth,DafnyProjects_tmp_tmp2acw_s4s_findMax.dfy,tptp,vampire,polymorphic,VERIFICATION_TIMED_OUT,15456,4
ground_truth,DafnyProjects_tmp_tmp2acw_s4s_findMax.dfy,tptp,vampire,monomorphic,VERIFICATION_TIMED_OUT,15548,4
ground_truth,DafnyProjects_tmp_tmp2acw_s4s_findMax.dfy,tptp,vampire,predicates,VERIFICATION_TIMED_OUT,15503,4
ground_truth,DafnyProjects_tmp_tmp2acw_s4s_findMax.dfy,tptp,vampire,arguments,VERIFICATION_TIMED_OUT,15454,4
ground_truth,DafnyProjects_tmp_tmp2acw_s4s_findMax.dfy,smtlib,vampire,monomorphic,VERIFICATION_TIMED_OUT,15403,4
ground_truth,DafnyProjects_tmp_tmp2acw_s4s_findMax.dfy,smtlib,vampire,predicates,VERIFICATION_TIMED_OUT,15374,4
ground_truth,DafnyProjects_tmp_tmp2acw_s4s_findMax.dfy,smtlib,vampire,arguments,VERIFICATION_TIMED_OUT,15326,4
ground_truth,DafnyProjects_tmp_tmp2acw_s4s_findMax.dfy,smtlib,z3,monomorphic,VERIFIED,1818,0
ground_truth,DafnyProjects_tmp_tmp2acw_s4s_findMax.dfy,smtlib,z3,predicates,VERIFIED,1707,0
ground_truth,DafnyProjects_tmp_tmp2acw_s4s_findMax.dfy,smtlib,z3,arguments,VERIFIED,1723,0
ground_truth,dafny-synthesis_task_id_741.dfy,tptp,vampire,polymorphic,VERIFIED,2399,0
ground_truth,dafny-synthesis_task_id_741.dfy,tptp,vampire,monomorphic,VERIFIED,2479,0
ground_truth,dafny-synthesis_task_id_741.dfy,tptp,vampire,predicates,VERIFICATION_TIMED_OUT,15372,4
ground_truth,dafny-synthesis_task_id_741.dfy,tptp,vampire,arguments,VERIFIED,3338,0
ground_truth,dafny-synthesis_task_id_741.dfy,smtlib,vampire,monomorphic,VERIFIED,2640,0
ground_truth,dafny-synthesis_task_id_741.dfy,smtlib,vampire,predicates,VERIFIED,3276,0
ground_truth,dafny-synthesis_task_id_741.dfy,smtlib,vampire,arguments,VERIFIED,3572,0
ground_truth,dafny-synthesis_task_id_741.dfy,smtlib,z3,monomorphic,VERIFIED,1499,0
ground_truth,dafny-synthesis_task_id_741.dfy,smtlib,z3,predicates,VERIFIED,1488,0
ground_truth,dafny-synthesis_task_id_741.dfy,smtlib,z3,arguments,VERIFIED,1466,0
ground_truth,dafny-workout_tmp_tmp0abkw6f8_starter_ex01.dfy,tptp,vampire,polymorphic,VERIFIED,1382,0
ground_truth,dafny-workout_tmp_tmp0abkw6f8_starter_ex01.dfy,tptp,vampire,monomorphic,VERIFIED,1477,0
ground_truth,dafny-workout_tmp_tmp0abkw6f8_starter_ex01.dfy,tptp,vampire,predicates,VERIFIED,1444,0
ground_truth,dafny-workout_tmp_tmp0abkw6f8_starter_ex01.dfy,tptp,vampire,arguments,VERIFIED,1433,0
ground_truth,dafny-workout_tmp_tmp0abkw6f8_starter_ex01.dfy,smtlib,vampire,monomorphic,VERIFIED,1424,0
ground_truth,dafny-workout_tmp_tmp0abkw6f8_starter_ex01.dfy,smtlib,vampire,predicates,VERIFIED,1362,0
ground_truth,dafny-workout_tmp_tmp0abkw6f8_starter_ex01.dfy,smtlib,vampire,arguments,VERIFIED,1369,0
ground_truth,dafny-workout_tmp_tmp0abkw6f8_starter_ex01.dfy,smtlib,z3,monomorphic,VERIFIED,1418,0
ground_truth,dafny-workout_tmp_tmp0abkw6f8_starter_ex01.dfy,smtlib,z3,predicates,VERIFIED,1345,0
ground_truth,dafny-workout_tmp_tmp0abkw6f8_starter_ex01.dfy,smtlib,z3,arguments,VERIFIED,1337,0
ground_truth,Dafny_Learning_Experience_tmp_tmpuxvcet_u_week1_7_A2_Q1_trimmed copy - 副本.dfy,tptp,vampire,polymorphic,VERIFICATION_TIMED_OUT,17240,4
ground_truth,Dafny_Learning_Experience_tmp_tmpuxvcet_u_week1_7_A2_Q1_trimmed copy - 副本.dfy,tptp,vampire,monomorphic,VERIFICATION_TIMED_OUT,17318,4
ground_truth,Dafny_Learning_Experience_tmp_tmpuxvcet_u_week1_7_A2_Q1_trimmed copy - 副本.dfy,tptp,vampire,predicates,VERIFICATION_TIMED_OUT,29874,4
ground_truth,Dafny_Learning_Experience_tmp_tmpuxvcet_u_week1_7_A2_Q1_trimmed copy - 副本.dfy,tptp,vampire,arguments,VERIFICATION_TIMED_OUT,29779,4
ground_truth,Dafny_Learning_Experience_tmp_tmpuxvcet_u_week1_7_A2_Q1_trimmed copy - 副本.dfy,smtlib,vampire,monomorphic,VERIFICATION_TIMED_OUT,18590,4
ground_truth,Dafny_Learning_Experience_tmp_tmpuxvcet_u_week1_7_A2_Q1_trimmed copy - 副本.dfy,smtlib,vampire,predicates,VERIFICATION_TIMED_OUT,21958,4
ground_truth,Dafny_Learning_Experience_tmp_tmpuxvcet_u_week1_7_A2_Q1_trimmed copy - 副本.dfy,smtlib,vampire,arguments,VERIFICATION_TIMED_OUT,19672,4
ground_truth,Dafny_Learning_Experience_tmp_tmpuxvcet_u_week1_7_A2_Q1_trimmed copy - 副本.dfy,smtlib,z3,monomorphic,VERIFIED,2141,0
ground_truth,Dafny_Learning_Experience_tmp_tmpuxvcet_u_week1_7_A2_Q1_trimmed copy - 副本.dfy,smtlib,z3,predicates,VERIFIED,1991,0
ground_truth,Dafny_Learning_Experience_tmp_tmpuxvcet_u_week1_7_A2_Q1_trimmed copy - 副本.dfy,smtlib,z3,arguments,VERIFIED,1937,0
ground_truth,dafny-synthesis_task_id_264.dfy,tptp,vampire,polymorphic,VERIFIED,1314,0
ground_truth,dafny-synthesis_task_id_264.dfy,tptp,vampire,monomorphic,VERIFIED,1395,0
ground_truth,dafny-synthesis_task_id_264.dfy,tptp,vampire,predicates,VERIFIED,1335,0
ground_truth,dafny-synthesis_task_id_264.dfy,tptp,vampire,arguments,VERIFIED,1326,0
ground_truth,dafny-synthesis_task_id_264.dfy,smtlib,vampire,monomorphic,VERIFIED,1322,0
ground_truth,dafny-synthesis_task_id_264.dfy,smtlib,vampire,predicates,VERIFIED,1263,0
ground_truth,dafny-synthesis_task_id_264.dfy,smtlib,vampire,arguments,VERIFIED,1258,0
ground_truth,dafny-synthesis_task_id_264.dfy,smtlib,z3,monomorphic,VERIFIED,1308,0
ground_truth,dafny-synthesis_task_id_264.dfy,smtlib,z3,predicates,VERIFIED,1272,0
ground_truth,dafny-synthesis_task_id_264.dfy,smtlib,z3,arguments,VERIFIED,1275,0
ground_truth,SENG2011_tmp_tmpgk5jq85q_exam_ex2.dfy,tptp,vampire,polymorphic,VERIFICATION_TIMED_OUT,15369,4
ground_truth,SENG2011_tmp_tmpgk5jq85q_exam_ex2.dfy,tptp,vampire,monomorphic,VERIFICATION_TIMED_OUT,15473,4
ground_truth,SENG2011_tmp_tmpgk5jq85q_exam_ex2.dfy,tptp,vampire,predicates,VERIFICATION_TIMED_OUT,15413,4
ground_truth,SENG2011_tmp_tmpgk5jq85q_exam_ex2.dfy,tptp,vampire,arguments,VERIFICATION_TIMED_OUT,15419,4
ground_truth,SENG2011_tmp_tmpgk5jq85q_exam_ex2.dfy,smtlib,vampire,monomorphic,VERIFICATION_TIMED_OUT,15447,4
ground_truth,SENG2011_tmp_tmpgk5jq85q_exam_ex2.dfy,smtlib,vampire,predicates,VERIFICATION_TIMED_OUT,15331,4
ground_truth,SENG2011_tmp_tmpgk5jq85q_exam_ex2.dfy,smtlib,vampire,arguments,VERIFICATION_TIMED_OUT,15286,4
ground_truth,SENG2011_tmp_tmpgk5jq85q_exam_ex2.dfy,smtlib,z3,monomorphic,VERIFIED,1530,0
ground_truth,SENG2011_tmp_tmpgk5jq85q_exam_ex2.dfy,smtlib,z3,predicates,VERIFIED,1495,0
ground_truth,SENG2011_tmp_tmpgk5jq85q_exam_ex2.dfy,smtlib,z3,arguments,VERIFIED,1464,0
ground_truth,dafny-synthesis_task_id_171.dfy,tptp,vampire,polymorphic,VERIFIED,1314,0
ground_truth,dafny-synthesis_task_id_171.dfy,tptp,vampire,monomorphic,VERIFIED,1400,0
ground_truth,dafny-synthesis_task_id_171.dfy,tptp,vampire,predicates,VERIFIED,1328,0
ground_truth,dafny-synthesis_task_id_171.dfy,tptp,vampire,arguments,VERIFIED,1333,0
ground_truth,dafny-synthesis_task_id_171.dfy,smtlib,vampire,monomorphic,VERIFIED,1334,0
ground_truth,dafny-synthesis_task_id_171.dfy,smtlib,vampire,predicates,VERIFIED,1267,0
ground_truth,dafny-synthesis_task_id_171.dfy,smtlib,vampire,arguments,VERIFIED,1262,0
ground_truth,dafny-synthesis_task_id_171.dfy,smtlib,z3,monomorphic,VERIFIED,1327,0
ground_truth,dafny-synthesis_task_id_171.dfy,smtlib,z3,predicates,VERIFIED,1279,0
ground_truth,dafny-synthesis_task_id_171.dfy,smtlib,z3,arguments,VERIFIED,1279,0
ground_truth,Clover_cal_sum.dfy,tptp,vampire,polymorphic,VERIFICATION_TIMED_OUT,15284,4
ground_truth,Clover_cal_sum.dfy,tptp,vampire,monomorphic,VERIFICATION_TIMED_OUT,15390,4
ground_truth,Clover_cal_sum.dfy,tptp,vampire,predicates,VERIFICATION_TIMED_OUT,15304,4
ground_truth,Clover_cal_sum.dfy,tptp,vampire,arguments,VERIFICATION_TIMED_OUT,15354,4
ground_truth,Clover_cal_sum.dfy,smtlib,vampire,monomorphic,VERIFIED,2183,0
ground_truth,Clover_cal_sum.dfy,smtlib,vampire,predicates,VERIFIED,2880,0
ground_truth,Clover_cal_sum.dfy,smtlib,vampire,arguments,VERIFIED,2183,0
ground_truth,Clover_cal_sum.dfy,smtlib,z3,monomorphic,VERIFIED,1410,0
ground_truth,Clover_cal_sum.dfy,smtlib,z3,predicates,VERIFIED,1373,0
ground_truth,Clover_cal_sum.dfy,smtlib,z3,arguments,VERIFIED,1365,0
ground_truth,HATRA-2022-Paper_tmp_tmp5texxy8l_copilot_verification_Sort Array_sort_array.dfy,tptp,vampire,polymorphic,VERIFICATION_TIMED_OUT,15497,4
ground_truth,HATRA-2022-Paper_tmp_tmp5texxy8l_copilot_verification_Sort Array_sort_array.dfy,tptp,vampire,monomorphic,VERIFICATION_TIMED_OUT,15583,4
ground_truth,HATRA-2022-Paper_tmp_tmp5texxy8l_copilot_verification_Sort Array_sort_array.dfy,tptp,vampire,predicates,VERIFICATION_TIMED_OUT,15600,4
ground_truth,HATRA-2022-Paper_tmp_tmp5texxy8l_copilot_verification_Sort Array_sort_array.dfy,tptp,vampire,arguments,VERIFICATION_TIMED_OUT,15589,4
ground_truth,HATRA-2022-Paper_tmp_tmp5texxy8l_copilot_verification_Sort Array_sort_array.dfy,smtlib,vampire,monomorphic,VERIFICATION_TIMED_OUT,15497,4
ground_truth,HATRA-2022-Paper_tmp_tmp5texxy8l_copilot_verification_Sort Array_sort_array.dfy,smtlib,vampire,predicates,VERIFICATION_TIMED_OUT,15457,4
ground_truth,HATRA-2022-Paper_tmp_tmp5texxy8l_copilot_verification_Sort Array_sort_array.dfy,smtlib,vampire,arguments,VERIFICATION_TIMED_OUT,15369,4
ground_truth,HATRA-2022-Paper_tmp_tmp5texxy8l_copilot_verification_Sort Array_sort_array.dfy,smtlib,z3,monomorphic,VERIFIED,4128,0
ground_truth,HATRA-2022-Paper_tmp_tmp5texxy8l_copilot_verification_Sort Array_sort_array.dfy,smtlib,z3,predicates,VERIFIED,3418,0
ground_truth,HATRA-2022-Paper_tmp_tmp5texxy8l_copilot_verification_Sort Array_sort_array.dfy,smtlib,z3,arguments,VERIFIED,4890,0
ground_truth,Program-Verification-Dataset_tmp_tmpgbdrlnu__Dafny_from dafny main repo_dafny3_Iter.dfy,tptp,vampire,polymorphic,VERIFICATION_TIMED_OUT,29758,4
ground_truth,Program-Verification-Dataset_tmp_tmpgbdrlnu__Dafny_from dafny main repo_dafny3_Iter.dfy,tptp,vampire,monomorphic,VERIFICATION_TIMED_OUT,29817,4
ground_truth,Program-Verification-Dataset_tmp_tmpgbdrlnu__Dafny_from dafny main repo_dafny3_Iter.dfy,tptp,vampire,predicates,VERIFICATION_TIMED_OUT,30051,4
ground_truth,Program-Verification-Dataset_tmp_tmpgbdrlnu__Dafny_from dafny main repo_dafny3_Iter.dfy,tptp,vampire,arguments,VERIFICATION_TIMED_OUT,29800,4
ground_truth,Program-Verification-Dataset_tmp_tmpgbdrlnu__Dafny_from dafny main repo_dafny3_Iter.dfy,smtlib,vampire,monomorphic,VERIFICATION_TIMED_OUT,29570,4
ground_truth,Program-Verification-Dataset_tmp_tmpgbdrlnu__Dafny_from dafny main repo_dafny3_Iter.dfy,smtlib,vampire,predicates,VERIFICATION_TIMED_OUT,29651,4
ground_truth,Program-Verification-Dataset_tmp_tmpgbdrlnu__Dafny_from dafny main repo_dafny3_Iter.dfy,smtlib,vampire,arguments,VERIFICATION_TIMED_OUT,29628,4
ground_truth,Program-Verification-Dataset_tmp_tmpgbdrlnu__Dafny_from dafny main repo_dafny3_Iter.dfy,smtlib,z3,monomorphic,VERIFIED,1946,0
ground_truth,Program-Verification-Dataset_tmp_tmpgbdrlnu__Dafny_from dafny main repo_dafny3_Iter.dfy,smtlib,z3,predicates,VERIFIED,1943,0
ground_truth,Program-Verification-Dataset_tmp_tmpgbdrlnu__Dafny_from dafny main repo_dafny3_Iter.dfy,smtlib,z3,arguments,VERIFIED,1878,0
ground_truth,DafnyPrograms_tmp_tmp74_f9k_c_map-multiset-implementation.dfy,tptp,vampire,polymorphic,VERIFICATION_TIMED_OUT,33773,4
ground_truth,DafnyPrograms_tmp_tmp74_f9k_c_map-multiset-implementation.dfy,tptp,vampire,monomorphic,VERIFICATION_TIMED_OUT,34198,4
ground_truth,DafnyPrograms_tmp_tmp74_f9k_c_map-multiset-implementation.dfy,tptp,vampire,predicates,VERIFICATION_TIMED_OUT,58348,4
ground_truth,DafnyPrograms_tmp_tmp74_f9k_c_map-multiset-implementation.dfy,tptp,vampire,arguments,VERIFICATION_TIMED_OUT,34343,4
ground_truth,DafnyPrograms_tmp_tmp74_f9k_c_map-multiset-implementation.dfy,smtlib,vampire,monomorphic,VERIFICATION_TIMED_OUT,30182,4
ground_truth,DafnyPrograms_tmp_tmp74_f9k_c_map-multiset-implementation.dfy,smtlib,vampire,predicates,VERIFICATION_TIMED_OUT,44613,4
ground_truth,DafnyPrograms_tmp_tmp74_f9k_c_map-multiset-implementation.dfy,smtlib,vampire,arguments,VERIFICATION_TIMED_OUT,34709,4
ground_truth,DafnyPrograms_tmp_tmp74_f9k_c_map-multiset-implementation.dfy,smtlib,z3,monomorphic,VERIFIED,3705,0
ground_truth,DafnyPrograms_tmp_tmp74_f9k_c_map-multiset-implementation.dfy,smtlib,z3,predicates,VERIFIED,4396,0
ground_truth,DafnyPrograms_tmp_tmp74_f9k_c_map-multiset-implementation.dfy,smtlib,z3,arguments,VERIFIED,3224,0
ground_truth,dafny-rope_tmp_tmpl4v_njmy_Rope.dfy,tptp,vampire,polymorphic,VERIFICATION_TIMED_OUT,62239,4
ground_truth,dafny-rope_tmp_tmpl4v_njmy_Rope.dfy,tptp,vampire,monomorphic,VERIFICATION_TIMED_OUT,58932,4
ground_truth,dafny-rope_tmp_tmpl4v_njmy_Rope.dfy,tptp,vampire,predicates,VERIFICATION_TIMED_OUT,72654,4
ground_truth,dafny-rope_tmp_tmpl4v_njmy_Rope.dfy,tptp,vampire,arguments,VERIFICATION_TIMED_OUT,58571,4
ground_truth,dafny-rope_tmp_tmpl4v_njmy_Rope.dfy,smtlib,vampire,monomorphic,VERIFICATION_TIMED_OUT,47585,4
ground_truth,dafny-rope_tmp_tmpl4v_njmy_Rope.dfy,smtlib,vampire,predicates,VERIFICATION_TIMED_OUT,72221,4
ground_truth,dafny-rope_tmp_tmpl4v_njmy_Rope.dfy,smtlib,vampire,arguments,VERIFICATION_TIMED_OUT,63789,4
ground_truth,dafny-rope_tmp_tmpl4v_njmy_Rope.dfy,smtlib,z3,monomorphic,VERIFIED,5541,0
ground_truth,dafny-rope_tmp_tmpl4v_njmy_Rope.dfy,smtlib,z3,predicates,NOT_VERIFIED,7814,4
ground_truth,dafny-rope_tmp_tmpl4v_njmy_Rope.dfy,smtlib,z3,arguments,VERIFIED,7063,0
ground_truth,veribetrkv-osdi2020_tmp_tmpra431m8q_docker-hdd_src_veribetrkv-linear_lib_Base_SetBijectivity.dfy,tptp,vampire,polymorphic,VERIFICATION_TIMED_OUT,15466,4
ground_truth,veribetrkv-osdi2020_tmp_tmpra431m8q_docker-hdd_src_veribetrkv-linear_lib_Base_SetBijectivity.dfy,tptp,vampire,monomorphic,VERIFICATION_TIMED_OUT,15569,4
ground_truth,veribetrkv-osdi2020_tmp_tmpra431m8q_docker-hdd_src_veribetrkv-linear_lib_Base_SetBijectivity.dfy,tptp,vampire,predicates,VERIFICATION_TIMED_OUT,15483,4
ground_truth,veribetrkv-osdi2020_tmp_tmpra431m8q_docker-hdd_src_veribetrkv-linear_lib_Base_SetBijectivity.dfy,tptp,vampire,arguments,VERIFICATION_TIMED_OUT,15537,4
ground_truth,veribetrkv-osdi2020_tmp_tmpra431m8q_docker-hdd_src_veribetrkv-linear_lib_Base_SetBijectivity.dfy,smtlib,vampire,monomorphic,VERIFICATION_TIMED_OUT,15447,4
ground_truth,veribetrkv-osdi2020_tmp_tmpra431m8q_docker-hdd_src_veribetrkv-linear_lib_Base_SetBijectivity.dfy,smtlib,vampire,predicates,VERIFICATION_TIMED_OUT,15393,4
ground_truth,veribetrkv-osdi2020_tmp_tmpra431m8q_docker-hdd_src_veribetrkv-linear_lib_Base_SetBijectivity.dfy,smtlib,vampire,arguments,VERIFICATION_TIMED_OUT,15420,4
ground_truth,veribetrkv-osdi2020_tmp_tmpra431m8q_docker-hdd_src_veribetrkv-linear_lib_Base_SetBijectivity.dfy,smtlib,z3,monomorphic,VERIFIED,1887,0
ground_truth,veribetrkv-osdi2020_tmp_tmpra431m8q_docker-hdd_src_veribetrkv-linear_lib_Base_SetBijectivity.dfy,smtlib,z3,predicates,VERIFIED,2340,0
ground_truth,veribetrkv-osdi2020_tmp_tmpra431m8q_docker-hdd_src_veribetrkv-linear_lib_Base_SetBijectivity.dfy,smtlib,z3,arguments,VERIFIED,1743,0
ground_truth,SENG2011_tmp_tmpgk5jq85q_ass1_ex8.dfy,tptp,vampire,polymorphic,VERIFICATION_TIMED_OUT,15364,4
ground_truth,SENG2011_tmp_tmpgk5jq85q_ass1_ex8.dfy,tptp,vampire,monomorphic,VERIFICATION_TIMED_OUT,15443,4
ground_truth,SENG2011_tmp_tmpgk5jq85q_ass1_ex8.dfy,tptp,vampire,predicates,VERIFICATION_TIMED_OUT,15442,4
ground_truth,SENG2011_tmp_tmpgk5jq85q_ass1_ex8.dfy,tptp,vampire,arguments,VERIFICATION_TIMED_OUT,15378,4
ground_truth,SENG2011_tmp_tmpgk5jq85q_ass1_ex8.dfy,smtlib,vampire,monomorphic,VERIFICATION_TIMED_OUT,15360,4
ground_truth,SENG2011_tmp_tmpgk5jq85q_ass1_ex8.dfy,smtlib,vampire,predicates,VERIFICATION_TIMED_OUT,15331,4
ground_truth,SENG2011_tmp_tmpgk5jq85q_ass1_ex8.dfy,smtlib,vampire,arguments,VERIFIED,3441,0
ground_truth,SENG2011_tmp_tmpgk5jq85q_ass1_ex8.dfy,smtlib,z3,monomorphic,VERIFIED,1529,0
ground_truth,SENG2011_tmp_tmpgk5jq85q_ass1_ex8.dfy,smtlib,z3,predicates,VERIFIED,1470,0
ground_truth,SENG2011_tmp_tmpgk5jq85q_ass1_ex8.dfy,smtlib,z3,arguments,VERIFIED,1459,0
ground_truth,dafny-synthesis_task_id_242.dfy,tptp,vampire,polymorphic,VERIFIED,1298,0
ground_truth,dafny-synthesis_task_id_242.dfy,tptp,vampire,monomorphic,VERIFIED,1406,0
ground_truth,dafny-synthesis_task_id_242.dfy,tptp,vampire,predicates,VERIFIED,1339,0
ground_truth,dafny-synthesis_task_id_242.dfy,tptp,vampire,arguments,VERIFIED,1334,0
ground_truth,dafny-synthesis_task_id_242.dfy,smtlib,vampire,monomorphic,VERIFIED,1336,0
ground_truth,dafny-synthesis_task_id_242.dfy,smtlib,vampire,predicates,VERIFIED,1282,0
ground_truth,dafny-synthesis_task_id_242.dfy,smtlib,vampire,arguments,VERIFIED,1274,0
ground_truth,dafny-synthesis_task_id_242.dfy,smtlib,z3,monomorphic,VERIFIED,1340,0
ground_truth,dafny-synthesis_task_id_242.dfy,smtlib,z3,predicates,VERIFIED,1262,0
ground_truth,dafny-synthesis_task_id_242.dfy,smtlib,z3,arguments,VERIFIED,1261,0
ground_truth,SENG2011_tmp_tmpgk5jq85q_ass2_ex2.dfy,tptp,vampire,polymorphic,VERIFICATION_TIMED_OUT,15472,4
ground_truth,SENG2011_tmp_tmpgk5jq85q_ass2_ex2.dfy,tptp,vampire,monomorphic,VERIFICATION_TIMED_OUT,15560,4
ground_truth,SENG2011_tmp_tmpgk5jq85q_ass2_ex2.dfy,tptp,vampire,predicates,VERIFICATION_TIMED_OUT,15581,4
ground_truth,SENG2011_tmp_tmpgk5jq85q_ass2_ex2.dfy,tptp,vampire,arguments,VERIFICATION_TIMED_OUT,15512,4
ground_truth,SENG2011_tmp_tmpgk5jq85q_ass2_ex2.dfy,smtlib,vampire,monomorphic,VERIFICATION_TIMED_OUT,15495,4
ground_truth,SENG2011_tmp_tmpgk5jq85q_ass2_ex2.dfy,smtlib,vampire,predicates,VERIFICATION_TIMED_OUT,15444,4
ground_truth,SENG2011_tmp_tmpgk5jq85q_ass2_ex2.dfy,smtlib,vampire,arguments,VERIFICATION_TIMED_OUT,15315,4
ground_truth,SENG2011_tmp_tmpgk5jq85q_ass2_ex2.dfy,smtlib,z3,monomorphic,VERIFIED,6951,0
ground_truth,SENG2011_tmp_tmpgk5jq85q_ass2_ex2.dfy,smtlib,z3,predicates,NOT_VERIFIED,6746,4
ground_truth,SENG2011_tmp_tmpgk5jq85q_ass2_ex2.dfy,smtlib,z3,arguments,VERIFIED,4388,0
ground_truth,Clover_min_array.dfy,tptp,vampire,polymorphic,VERIFIED,3315,0
ground_truth,Clover_min_array.dfy,tptp,vampire,monomorphic,VERIFIED,3394,0
ground_truth,Clover_min_array.dfy,tptp,vampire,predicates,VERIFICATION_TIMED_OUT,15457,4
ground_truth,Clover_min_array.dfy,tptp,vampire,arguments,VERIFIED,3311,0
ground_truth,Clover_min_array.dfy,smtlib,vampire,monomorphic,VERIFIED,3563,0
ground_truth,Clover_min_array.dfy,smtlib,vampire,predicates,VERIFICATION_TIMED_OUT,15359,4
ground_truth,Clover_min_array.dfy,smtlib,vampire,arguments,VERIFICATION_TIMED_OUT,15334,4
ground_truth,Clover_min_array.dfy,smtlib,z3,monomorphic,VERIFIED,1520,0
ground_truth,Clover_min_array.dfy,smtlib,z3,predicates,VERIFIED,1483,0
ground_truth,Clover_min_array.dfy,smtlib,z3,arguments,VERIFIED,1445,0
ground_truth,dafny-language-server_tmp_tmpkir0kenl_Test_triggers_function-applications-are-triggers.dfy,tptp,vampire,polymorphic,VERIFIED,1480,0
ground_truth,dafny-language-server_tmp_tmpkir0kenl_Test_triggers_function-applications-are-triggers.dfy,tptp,vampire,monomorphic,VERIFIED,1574,0
ground_truth,dafny-language-server_tmp_tmpkir0kenl_Test_triggers_function-applications-are-triggers.dfy,tptp,vampire,predicates,VERIFIED,1971,0
ground_truth,dafny-language-server_tmp_tmpkir0kenl_Test_triggers_function-applications-are-triggers.dfy,tptp,vampire,arguments,VERIFIED,1965,0
ground_truth,dafny-language-server_tmp_tmpkir0kenl_Test_triggers_function-applications-are-triggers.dfy,smtlib,vampire,monomorphic,VERIFIED,1501,0
ground_truth,dafny-language-server_tmp_tmpkir0kenl_Test_triggers_function-applications-are-triggers.dfy,smtlib,vampire,predicates,VERIFIED,6261,0
ground_truth,dafny-language-server_tmp_tmpkir0kenl_Test_triggers_function-applications-are-triggers.dfy,smtlib,vampire,arguments,VERIFIED,1921,0
ground_truth,dafny-language-server_tmp_tmpkir0kenl_Test_triggers_function-applications-are-triggers.dfy,smtlib,z3,monomorphic,VERIFIED,1453,0
ground_truth,dafny-language-server_tmp_tmpkir0kenl_Test_triggers_function-applications-are-triggers.dfy,smtlib,z3,predicates,VERIFIED,1415,0
ground_truth,dafny-language-server_tmp_tmpkir0kenl_Test_triggers_function-applications-are-triggers.dfy,smtlib,z3,arguments,VERIFIED,1395,0
ground_truth,Dafny_tmp_tmpmvs2dmry_examples1.dfy,tptp,vampire,polymorphic,VERIFIED,1767,0
ground_truth,Dafny_tmp_tmpmvs2dmry_examples1.dfy,tptp,vampire,monomorphic,VERIFIED,1806,0
ground_truth,Dafny_tmp_tmpmvs2dmry_examples1.dfy,tptp,vampire,predicates,VERIFIED,1774,0
ground_truth,Dafny_tmp_tmpmvs2dmry_examples1.dfy,tptp,vampire,arguments,VERIFIED,1729,0
ground_truth,Dafny_tmp_tmpmvs2dmry_examples1.dfy,smtlib,vampire,monomorphic,VERIFIED,1827,0
ground_truth,Dafny_tmp_tmpmvs2dmry_examples1.dfy,smtlib,vampire,predicates,VERIFIED,1768,0
ground_truth,Dafny_tmp_tmpmvs2dmry_examples1.dfy,smtlib,vampire,arguments,VERIFIED,1733,0
ground_truth,Dafny_tmp_tmpmvs2dmry_examples1.dfy,smtlib,z3,monomorphic,VERIFIED,1470,0
ground_truth,Dafny_tmp_tmpmvs2dmry_examples1.dfy,smtlib,z3,predicates,VERIFIED,1425,0
ground_truth,Dafny_tmp_tmpmvs2dmry_examples1.dfy,smtlib,z3,arguments,VERIFIED,1427,0
ground_truth,Final-Project-Dafny_tmp_tmpmcywuqox_Attempts_Insertion_Sorted_Standard.dfy,tptp,vampire,polymorphic,VERIFICATION_TIMED_OUT,15477,4
ground_truth,Final-Project-Dafny_tmp_tmpmcywuqox_Attempts_Insertion_Sorted_Standard.dfy,tptp,vampire,monomorphic,VERIFICATION_TIMED_OUT,15531,4
ground_truth,Final-Project-Dafny_tmp_tmpmcywuqox_Attempts_Insertion_Sorted_Standard.dfy,tptp,vampire,predicates,VERIFICATION_TIMED_OUT,15489,4
ground_truth,Final-Project-Dafny_tmp_tmpmcywuqox_Attempts_Insertion_Sorted_Standard.dfy,tptp,vampire,arguments,VERIFICATION_TIMED_OUT,15437,4
ground_truth,Final-Project-Dafny_tmp_tmpmcywuqox_Attempts_Insertion_Sorted_Standard.dfy,smtlib,vampire,monomorphic,VERIFICATION_TIMED_OUT,15487,4
ground_truth,Final-Project-Dafny_tmp_tmpmcywuqox_Attempts_Insertion_Sorted_Standard.dfy,smtlib,vampire,predicates,VERIFICATION_TIMED_OUT,15359,4
ground_truth,Final-Project-Dafny_tmp_tmpmcywuqox_Attempts_Insertion_Sorted_Standard.dfy,smtlib,vampire,arguments,VERIFICATION_TIMED_OUT,15353,4
ground_truth,Final-Project-Dafny_tmp_tmpmcywuqox_Attempts_Insertion_Sorted_Standard.dfy,smtlib,z3,monomorphic,VERIFIED,1642,0
ground_truth,Final-Project-Dafny_tmp_tmpmcywuqox_Attempts_Insertion_Sorted_Standard.dfy,smtlib,z3,predicates,VERIFIED,1560,0
ground_truth,Final-Project-Dafny_tmp_tmpmcywuqox_Attempts_Insertion_Sorted_Standard.dfy,smtlib,z3,arguments,VERIFIED,1541,0
ground_truth,Prog-Fun-Solutions_tmp_tmp7_gmnz5f_mockExam2_p6.dfy,tptp,vampire,polymorphic,VERIFICATION_TIMED_OUT,15352,4
ground_truth,Prog-Fun-Solutions_tmp_tmp7_gmnz5f_mockExam2_p6.dfy,tptp,vampire,monomorphic,VERIFICATION_TIMED_OUT,15460,4
ground_truth,Prog-Fun-Solutions_tmp_tmp7_gmnz5f_mockExam2_p6.dfy,tptp,vampire,predicates,VERIFICATION_TIMED_OUT,15425,4
ground_truth,Prog-Fun-Solutions_tmp_tmp7_gmnz5f_mockExam2_p6.dfy,tptp,vampire,arguments,VERIFICATION_TIMED_OUT,15368,4
ground_truth,Prog-Fun-Solutions_tmp_tmp7_gmnz5f_mockExam2_p6.dfy,smtlib,vampire,monomorphic,VERIFICATION_TIMED_OUT,15435,4
ground_truth,Prog-Fun-Solutions_tmp_tmp7_gmnz5f_mockExam2_p6.dfy,smtlib,vampire,predicates,VERIFICATION_TIMED_OUT,15264,4
ground_truth,Prog-Fun-Solutions_tmp_tmp7_gmnz5f_mockExam2_p6.dfy,smtlib,vampire,arguments,VERIFICATION_TIMED_OUT,15269,4
ground_truth,Prog-Fun-Solutions_tmp_tmp7_gmnz5f_mockExam2_p6.dfy,smtlib,z3,monomorphic,VERIFIED,1527,0
ground_truth,Prog-Fun-Solutions_tmp_tmp7_gmnz5f_mockExam2_p6.dfy,smtlib,z3,predicates,VERIFIED,1452,0
ground_truth,Prog-Fun-Solutions_tmp_tmp7_gmnz5f_mockExam2_p6.dfy,smtlib,z3,arguments,VERIFIED,1461,0
ground_truth,Dafny_tmp_tmp0wu8wmfr_tests_SumIntsLoop.dfy,tptp,vampire,polymorphic,VERIFICATION_TIMED_OUT,15380,4
ground_truth,Dafny_tmp_tmp0wu8wmfr_tests_SumIntsLoop.dfy,tptp,vampire,monomorphic,VERIFICATION_TIMED_OUT,15413,4
ground_truth,Dafny_tmp_tmp0wu8wmfr_tests_SumIntsLoop.dfy,tptp,vampire,predicates,VERIFICATION_TIMED_OUT,15426,4
ground_truth,Dafny_tmp_tmp0wu8wmfr_tests_SumIntsLoop.dfy,tptp,vampire,arguments,VERIFICATION_TIMED_OUT,15359,4
ground_truth,Dafny_tmp_tmp0wu8wmfr_tests_SumIntsLoop.dfy,smtlib,vampire,monomorphic,VERIFICATION_TIMED_OUT,15364,4
ground_truth,Dafny_tmp_tmp0wu8wmfr_tests_SumIntsLoop.dfy,smtlib,vampire,predicates,VERIFICATION_TIMED_OUT,15329,4
ground_truth,Dafny_tmp_tmp0wu8wmfr_tests_SumIntsLoop.dfy,smtlib,vampire,arguments,VERIFICATION_TIMED_OUT,15312,4
ground_truth,Dafny_tmp_tmp0wu8wmfr_tests_SumIntsLoop.dfy,smtlib,z3,monomorphic,VERIFIED,1521,0
ground_truth,Dafny_tmp_tmp0wu8wmfr_tests_SumIntsLoop.dfy,smtlib,z3,predicates,VERIFIED,1452,0
ground_truth,Dafny_tmp_tmp0wu8wmfr_tests_SumIntsLoop.dfy,smtlib,z3,arguments,VERIFIED,1431,0
ground_truth,cs245-verification_tmp_tmp0h_nxhqp_SortingIssues_BubbleSortCode.dfy,tptp,vampire,polymorphic,VERIFIED,2860,0
ground_truth,cs245-verification_tmp_tmp0h_nxhqp_SortingIssues_BubbleSortCode.dfy,tptp,vampire,monomorphic,VERIFIED,3068,0
ground_truth,cs245-verification_tmp_tmp0h_nxhqp_SortingIssues_BubbleSortCode.dfy,tptp,vampire,predicates,VERIFIED,2968,0
ground_truth,cs245-verification_tmp_tmp0h_nxhqp_SortingIssues_BubbleSortCode.dfy,tptp,vampire,arguments,VERIFIED,3005,0
ground_truth,cs245-verification_tmp_tmp0h_nxhqp_SortingIssues_BubbleSortCode.dfy,smtlib,vampire,monomorphic,VERIFIED,2068,0
ground_truth,cs245-verification_tmp_tmp0h_nxhqp_SortingIssues_BubbleSortCode.dfy,smtlib,vampire,predicates,VERIFIED,2993,0
ground_truth,cs245-verification_tmp_tmp0h_nxhqp_SortingIssues_BubbleSortCode.dfy,smtlib,vampire,arguments,VERIFIED,2898,0
ground_truth,cs245-verification_tmp_tmp0h_nxhqp_SortingIssues_BubbleSortCode.dfy,smtlib,z3,monomorphic,VERIFIED,1447,0
ground_truth,cs245-verification_tmp_tmp0h_nxhqp_SortingIssues_BubbleSortCode.dfy,smtlib,z3,predicates,VERIFIED,1398,0
ground_truth,cs245-verification_tmp_tmp0h_nxhqp_SortingIssues_BubbleSortCode.dfy,smtlib,z3,arguments,VERIFIED,1379,0
ground_truth,dafny-exercise_tmp_tmpouftptir_filter.dfy,tptp,vampire,polymorphic,VERIFICATION_TIMED_OUT,15305,4
ground_truth,dafny-exercise_tmp_tmpouftptir_filter.dfy,tptp,vampire,monomorphic,VERIFICATION_TIMED_OUT,15451,4
ground_truth,dafny-exercise_tmp_tmpouftptir_filter.dfy,tptp,vampire,predicates,VERIFICATION_TIMED_OUT,15381,4
ground_truth,dafny-exercise_tmp_tmpouftptir_filter.dfy,tptp,vampire,arguments,VERIFICATION_TIMED_OUT,15343,4
ground_truth,dafny-exercise_tmp_tmpouftptir_filter.dfy,smtlib,vampire,monomorphic,VERIFICATION_TIMED_OUT,15413,4
ground_truth,dafny-exercise_tmp_tmpouftptir_filter.dfy,smtlib,vampire,predicates,VERIFICATION_TIMED_OUT,15311,4
ground_truth,dafny-exercise_tmp_tmpouftptir_filter.dfy,smtlib,vampire,arguments,VERIFICATION_TIMED_OUT,15223,4
ground_truth,dafny-exercise_tmp_tmpouftptir_filter.dfy,smtlib,z3,monomorphic,VERIFIED,2906,0
ground_truth,dafny-exercise_tmp_tmpouftptir_filter.dfy,smtlib,z3,predicates,VERIFIED,3030,0
ground_truth,dafny-exercise_tmp_tmpouftptir_filter.dfy,smtlib,z3,arguments,VERIFIED,2759,0
ground_truth,Program-Verification-Dataset_tmp_tmpgbdrlnu__Dafny_lightening_verifier.dfy,tptp,vampire,polymorphic,VERIFICATION_TIMED_OUT,76645,4
ground_truth,Program-Verification-Dataset_tmp_tmpgbdrlnu__Dafny_lightening_verifier.dfy,tptp,vampire,monomorphic,VERIFICATION_TIMED_OUT,77874,4
ground_truth,Program-Verification-Dataset_tmp_tmpgbdrlnu__Dafny_lightening_verifier.dfy,tptp,vampire,predicates,VERIFICATION_TIMED_OUT,107778,4
ground_truth,Program-Verification-Dataset_tmp_tmpgbdrlnu__Dafny_lightening_verifier.dfy,tptp,vampire,arguments,VERIFICATION_TIMED_OUT,79291,4
ground_truth,Program-Verification-Dataset_tmp_tmpgbdrlnu__Dafny_lightening_verifier.dfy,smtlib,vampire,monomorphic,VERIFICATION_TIMED_OUT,68120,4
ground_truth,Program-Verification-Dataset_tmp_tmpgbdrlnu__Dafny_lightening_verifier.dfy,smtlib,vampire,predicates,VERIFICATION_TIMED_OUT,114259,4
ground_truth,Program-Verification-Dataset_tmp_tmpgbdrlnu__Dafny_lightening_verifier.dfy,smtlib,vampire,arguments,VERIFICATION_TIMED_OUT,76640,4
ground_truth,Program-Verification-Dataset_tmp_tmpgbdrlnu__Dafny_lightening_verifier.dfy,smtlib,z3,monomorphic,VERIFICATION_TIMED_OUT,19675,4
ground_truth,Program-Verification-Dataset_tmp_tmpgbdrlnu__Dafny_lightening_verifier.dfy,smtlib,z3,predicates,VERIFICATION_TIMED_OUT,19560,4
ground_truth,Program-Verification-Dataset_tmp_tmpgbdrlnu__Dafny_lightening_verifier.dfy,smtlib,z3,arguments,VERIFIED,19367,0
ground_truth,FMSE-2022-2023_tmp_tmp6_x_ba46_Lab10_Lab10.dfy,tptp,vampire,polymorphic,VERIFICATION_TIMED_OUT,61707,4
ground_truth,FMSE-2022-2023_tmp_tmp6_x_ba46_Lab10_Lab10.dfy,tptp,vampire,monomorphic,VERIFICATION_TIMED_OUT,62348,4
ground_truth,FMSE-2022-2023_tmp_tmp6_x_ba46_Lab10_Lab10.dfy,tptp,vampire,predicates,VERIFICATION_TIMED_OUT,103317,4
ground_truth,FMSE-2022-2023_tmp_tmp6_x_ba46_Lab10_Lab10.dfy,tptp,vampire,arguments,VERIFICATION_TIMED_OUT,87610,4
ground_truth,FMSE-2022-2023_tmp_tmp6_x_ba46_Lab10_Lab10.dfy,smtlib,vampire,monomorphic,VERIFICATION_TIMED_OUT,34319,4
ground_truth,FMSE-2022-2023_tmp_tmp6_x_ba46_Lab10_Lab10.dfy,smtlib,vampire,predicates,VERIFICATION_TIMED_OUT,87425,4
ground_truth,FMSE-2022-2023_tmp_tmp6_x_ba46_Lab10_Lab10.dfy,smtlib,vampire,arguments,VERIFICATION_TIMED_OUT,44563,4
ground_truth,FMSE-2022-2023_tmp_tmp6_x_ba46_Lab10_Lab10.dfy,smtlib,z3,monomorphic,VERIFIED,2660,0
ground_truth,FMSE-2022-2023_tmp_tmp6_x_ba46_Lab10_Lab10.dfy,smtlib,z3,predicates,VERIFIED,2767,0
ground_truth,FMSE-2022-2023_tmp_tmp6_x_ba46_Lab10_Lab10.dfy,smtlib,z3,arguments,VERIFIED,2569,0
ground_truth,dafny_examples_tmp_tmp8qotd4ez_leetcode_0070-climbing-stairs.dfy,tptp,vampire,polymorphic,VERIFICATION_TIMED_OUT,15308,4
ground_truth,dafny_examples_tmp_tmp8qotd4ez_leetcode_0070-climbing-stairs.dfy,tptp,vampire,monomorphic,VERIFICATION_TIMED_OUT,15472,4
ground_truth,dafny_examples_tmp_tmp8qotd4ez_leetcode_0070-climbing-stairs.dfy,tptp,vampire,predicates,VERIFICATION_TIMED_OUT,15422,4
ground_truth,dafny_examples_tmp_tmp8qotd4ez_leetcode_0070-climbing-stairs.dfy,tptp,vampire,arguments,VERIFICATION_TIMED_OUT,15404,4
ground_truth,dafny_examples_tmp_tmp8qotd4ez_leetcode_0070-climbing-stairs.dfy,smtlib,vampire,monomorphic,VERIFICATION_TIMED_OUT,15369,4
ground_truth,dafny_examples_tmp_tmp8qotd4ez_leetcode_0070-climbing-stairs.dfy,smtlib,vampire,predicates,VERIFICATION_TIMED_OUT,15259,4
ground_truth,dafny_examples_tmp_tmp8qotd4ez_leetcode_0070-climbing-stairs.dfy,smtlib,vampire,arguments,VERIFICATION_TIMED_OUT,15269,4
ground_truth,dafny_examples_tmp_tmp8qotd4ez_leetcode_0070-climbing-stairs.dfy,smtlib,z3,monomorphic,VERIFIED,1469,0
ground_truth,dafny_examples_tmp_tmp8qotd4ez_leetcode_0070-climbing-stairs.dfy,smtlib,z3,predicates,VERIFIED,1443,0
ground_truth,dafny_examples_tmp_tmp8qotd4ez_leetcode_0070-climbing-stairs.dfy,smtlib,z3,arguments,VERIFIED,1420,0
ground_truth,Dafny_Verify_tmp_tmphq7j0row_Fine_Tune_Examples_50_examples_BinarySearch.dfy,tptp,vampire,polymorphic,VERIFICATION_TIMED_OUT,15414,4
ground_truth,Dafny_Verify_tmp_tmphq7j0row_Fine_Tune_Examples_50_examples_BinarySearch.dfy,tptp,vampire,monomorphic,VERIFICATION_TIMED_OUT,15485,4
ground_truth,Dafny_Verify_tmp_tmphq7j0row_Fine_Tune_Examples_50_examples_BinarySearch.dfy,tptp,vampire,predicates,VERIFICATION_TIMED_OUT,15432,4
ground_truth,Dafny_Verify_tmp_tmphq7j0row_Fine_Tune_Examples_50_examples_BinarySearch.dfy,tptp,vampire,arguments,VERIFICATION_TIMED_OUT,15400,4
ground_truth,Dafny_Verify_tmp_tmphq7j0row_Fine_Tune_Examples_50_examples_BinarySearch.dfy,smtlib,vampire,monomorphic,VERIFIED,3362,0
ground_truth,Dafny_Verify_tmp_tmphq7j0row_Fine_Tune_Examples_50_examples_BinarySearch.dfy,smtlib,vampire,predicates,VERIFICATION_TIMED_OUT,15318,4
ground_truth,Dafny_Verify_tmp_tmphq7j0row_Fine_Tune_Examples_50_examples_BinarySearch.dfy,smtlib,vampire,arguments,VERIFIED,3346,0
ground_truth,Dafny_Verify_tmp_tmphq7j0row_Fine_Tune_Examples_50_examples_BinarySearch.dfy,smtlib,z3,monomorphic,VERIFIED,1519,0
ground_truth,Dafny_Verify_tmp_tmphq7j0row_Fine_Tune_Examples_50_examples_BinarySearch.dfy,smtlib,z3,predicates,VERIFIED,1481,0
ground_truth,Dafny_Verify_tmp_tmphq7j0row_Fine_Tune_Examples_50_examples_BinarySearch.dfy,smtlib,z3,arguments,VERIFIED,1458,0
ground_truth,feup-mfes_tmp_tmp6_a1y5a5_examples_SelectionSort.dfy,tptp,vampire,polymorphic,VERIFICATION_TIMED_OUT,15944,4
ground_truth,feup-mfes_tmp_tmp6_a1y5a5_examples_SelectionSort.dfy,tptp,vampire,monomorphic,VERIFICATION_TIMED_OUT,16015,4
ground_truth,feup-mfes_tmp_tmp6_a1y5a5_examples_SelectionSort.dfy,tptp,vampire,predicates,VERIFICATION_TIMED_OUT,18419,4
ground_truth,feup-mfes_tmp_tmp6_a1y5a5_examples_SelectionSort.dfy,tptp,vampire,arguments,VERIFICATION_TIMED_OUT,16275,4
ground_truth,feup-mfes_tmp_tmp6_a1y5a5_examples_SelectionSort.dfy,smtlib,vampire,monomorphic,VERIFICATION_TIMED_OUT,15699,4
ground_truth,feup-mfes_tmp_tmp6_a1y5a5_examples_SelectionSort.dfy,smtlib,vampire,predicates,VERIFICATION_TIMED_OUT,16299,4
ground_truth,feup-mfes_tmp_tmp6_a1y5a5_examples_SelectionSort.dfy,smtlib,vampire,arguments,VERIFICATION_TIMED_OUT,16214,4
ground_truth,feup-mfes_tmp_tmp6_a1y5a5_examples_SelectionSort.dfy,smtlib,z3,monomorphic,VERIFIED,2027,0
ground_truth,feup-mfes_tmp_tmp6_a1y5a5_examples_SelectionSort.dfy,smtlib,z3,predicates,VERIFIED,1927,0
ground_truth,feup-mfes_tmp_tmp6_a1y5a5_examples_SelectionSort.dfy,smtlib,z3,arguments,VERIFIED,2534,0
ground_truth,cmsc433_tmp_tmpe3ob3a0o_dafny_project1_p1-assignment-2.dfy,tptp,vampire,polymorphic,VERIFICATION_TIMED_OUT,16753,4
ground_truth,cmsc433_tmp_tmpe3ob3a0o_dafny_project1_p1-assignment-2.dfy,tptp,vampire,monomorphic,VERIFICATION_TIMED_OUT,18127,4
ground_truth,cmsc433_tmp_tmpe3ob3a0o_dafny_project1_p1-assignment-2.dfy,tptp,vampire,predicates,VERIFICATION_TIMED_OUT,43596,4
ground_truth,cmsc433_tmp_tmpe3ob3a0o_dafny_project1_p1-assignment-2.dfy,tptp,vampire,arguments,VERIFICATION_TIMED_OUT,29645,4
ground_truth,cmsc433_tmp_tmpe3ob3a0o_dafny_project1_p1-assignment-2.dfy,smtlib,vampire,monomorphic,VERIFICATION_TIMED_OUT,15795,4
ground_truth,cmsc433_tmp_tmpe3ob3a0o_dafny_project1_p1-assignment-2.dfy,smtlib,vampire,predicates,VERIFICATION_TIMED_OUT,18776,4
ground_truth,cmsc433_tmp_tmpe3ob3a0o_dafny_project1_p1-assignment-2.dfy,smtlib,vampire,arguments,VERIFICATION_TIMED_OUT,15999,4
ground_truth,cmsc433_tmp_tmpe3ob3a0o_dafny_project1_p1-assignment-2.dfy,smtlib,z3,monomorphic,VERIFIED,1696,0
ground_truth,cmsc433_tmp_tmpe3ob3a0o_dafny_project1_p1-assignment-2.dfy,smtlib,z3,predicates,VERIFIED,1659,0
ground_truth,cmsc433_tmp_tmpe3ob3a0o_dafny_project1_p1-assignment-2.dfy,smtlib,z3,arguments,VERIFIED,1616,0
ground_truth,FMSE-2022-2023_tmp_tmp6_x_ba46_Lab2_Lab2.dfy,tptp,vampire,polymorphic,VERIFICATION_TIMED_OUT,29822,4
ground_truth,FMSE-2022-2023_tmp_tmp6_x_ba46_Lab2_Lab2.dfy,tptp,vampire,monomorphic,VERIFICATION_TIMED_OUT,29943,4
ground_truth,FMSE-2022-2023_tmp_tmp6_x_ba46_Lab2_Lab2.dfy,tptp,vampire,predicates,VERIFICATION_TIMED_OUT,57722,4
ground_truth,FMSE-2022-2023_tmp_tmp6_x_ba46_Lab2_Lab2.dfy,tptp,vampire,arguments,VERIFICATION_TIMED_OUT,30591,4
ground_truth,FMSE-2022-2023_tmp_tmp6_x_ba46_Lab2_Lab2.dfy,smtlib,vampire,monomorphic,VERIFICATION_TIMED_OUT,29864,4
ground_truth,FMSE-2022-2023_tmp_tmp6_x_ba46_Lab2_Lab2.dfy,smtlib,vampire,predicates,VERIFICATION_TIMED_OUT,31353,4
ground_truth,FMSE-2022-2023_tmp_tmp6_x_ba46_Lab2_Lab2.dfy,smtlib,vampire,arguments,VERIFICATION_TIMED_OUT,29720,4
ground_truth,FMSE-2022-2023_tmp_tmp6_x_ba46_Lab2_Lab2.dfy,smtlib,z3,monomorphic,NOT_VERIFIED,1966,4
ground_truth,FMSE-2022-2023_tmp_tmp6_x_ba46_Lab2_Lab2.dfy,smtlib,z3,predicates,NOT_VERIFIED,1923,4
ground_truth,FMSE-2022-2023_tmp_tmp6_x_ba46_Lab2_Lab2.dfy,smtlib,z3,arguments,NOT_VERIFIED,1872,4
ground_truth,dafny-synthesis_task_id_606.dfy,tptp,vampire,polymorphic,VERIFIED,1329,0
ground_truth,dafny-synthesis_task_id_606.dfy,tptp,vampire,monomorphic,VERIFIED,1408,0
ground_truth,dafny-synthesis_task_id_606.dfy,tptp,vampire,predicates,VERIFIED,1357,0
ground_truth,dafny-synthesis_task_id_606.dfy,tptp,vampire,arguments,VERIFIED,1335,0
ground_truth,dafny-synthesis_task_id_606.dfy,smtlib,vampire,monomorphic,VERIFIED,1341,0
ground_truth,dafny-synthesis_task_id_606.dfy,smtlib,vampire,predicates,VERIFIED,1255,0
ground_truth,dafny-synthesis_task_id_606.dfy,smtlib,vampire,arguments,VERIFIED,1262,0
ground_truth,dafny-synthesis_task_id_606.dfy,smtlib,z3,monomorphic,VERIFIED,1356,0
ground_truth,dafny-synthesis_task_id_606.dfy,smtlib,z3,predicates,VERIFIED,1281,0
ground_truth,dafny-synthesis_task_id_606.dfy,smtlib,z3,arguments,VERIFIED,1264,0
ground_truth,Program-Verification-Dataset_tmp_tmpgbdrlnu__Dafny_variant examples_SumOfCubes.dfy,tptp,vampire,polymorphic,VERIFICATION_TIMED_OUT,20505,4
ground_truth,Program-Verification-Dataset_tmp_tmpgbdrlnu__Dafny_variant examples_SumOfCubes.dfy,tptp,vampire,monomorphic,VERIFICATION_TIMED_OUT,15920,4
ground_truth,Program-Verification-Dataset_tmp_tmpgbdrlnu__Dafny_variant examples_SumOfCubes.dfy,tptp,vampire,predicates,VERIFICATION_TIMED_OUT,29587,4
ground_truth,Program-Verification-Dataset_tmp_tmpgbdrlnu__Dafny_variant examples_SumOfCubes.dfy,tptp,vampire,arguments,VERIFICATION_TIMED_OUT,17454,4
ground_truth,Program-Verification-Dataset_tmp_tmpgbdrlnu__Dafny_variant examples_SumOfCubes.dfy,smtlib,vampire,monomorphic,VERIFICATION_TIMED_OUT,15743,4
ground_truth,Program-Verification-Dataset_tmp_tmpgbdrlnu__Dafny_variant examples_SumOfCubes.dfy,smtlib,vampire,predicates,VERIFICATION_TIMED_OUT,15755,4
ground_truth,Program-Verification-Dataset_tmp_tmpgbdrlnu__Dafny_variant examples_SumOfCubes.dfy,smtlib,vampire,arguments,VERIFICATION_TIMED_OUT,15634,4
ground_truth,Program-Verification-Dataset_tmp_tmpgbdrlnu__Dafny_variant examples_SumOfCubes.dfy,smtlib,z3,monomorphic,VERIFIED,1640,0
ground_truth,Program-Verification-Dataset_tmp_tmpgbdrlnu__Dafny_variant examples_SumOfCubes.dfy,smtlib,z3,predicates,VERIFIED,1566,0
ground_truth,Program-Verification-Dataset_tmp_tmpgbdrlnu__Dafny_variant examples_SumOfCubes.dfy,smtlib,z3,arguments,VERIFIED,1556,0
ground_truth,dafny_tmp_tmp59p638nn_examples_SelectionSort.dfy,tptp,vampire,polymorphic,VERIFICATION_TIMED_OUT,15628,4
ground_truth,dafny_tmp_tmp59p638nn_examples_SelectionSort.dfy,tptp,vampire,monomorphic,VERIFICATION_TIMED_OUT,15831,4
ground_truth,dafny_tmp_tmp59p638nn_examples_SelectionSort.dfy,tptp,vampire,predicates,VERIFICATION_TIMED_OUT,16382,4
ground_truth,dafny_tmp_tmp59p638nn_examples_SelectionSort.dfy,tptp,vampire,arguments,VERIFICATION_TIMED_OUT,15694,4
ground_truth,dafny_tmp_tmp59p638nn_examples_SelectionSort.dfy,smtlib,vampire,monomorphic,VERIFICATION_TIMED_OUT,15743,4
ground_truth,dafny_tmp_tmp59p638nn_examples_SelectionSort.dfy,smtlib,vampire,predicates,VERIFICATION_TIMED_OUT,16382,4
ground_truth,dafny_tmp_tmp59p638nn_examples_SelectionSort.dfy,smtlib,vampire,arguments,VERIFICATION_TIMED_OUT,15994,4
ground_truth,dafny_tmp_tmp59p638nn_examples_SelectionSort.dfy,smtlib,z3,monomorphic,VERIFIED,1737,0
ground_truth,dafny_tmp_tmp59p638nn_examples_SelectionSort.dfy,smtlib,z3,predicates,VERIFIED,1715,0
ground_truth,dafny_tmp_tmp59p638nn_examples_SelectionSort.dfy,smtlib,z3,arguments,VERIFIED,1731,0
ground_truth,Dafny_Learning_Experience_tmp_tmpuxvcet_u_week8_12_week8_CoffeeMaker2.dfy,tptp,vampire,polymorphic,VERIFICATION_TIMED_OUT,18714,4
ground_truth,Dafny_Learning_Experience_tmp_tmpuxvcet_u_week8_12_week8_CoffeeMaker2.dfy,tptp,vampire,monomorphic,VERIFICATION_TIMED_OUT,22294,4
ground_truth,Dafny_Learning_Experience_tmp_tmpuxvcet_u_week8_12_week8_CoffeeMaker2.dfy,tptp,vampire,predicates,VERIFICATION_TIMED_OUT,43699,4
ground_truth,Dafny_Learning_Experience_tmp_tmpuxvcet_u_week8_12_week8_CoffeeMaker2.dfy,tptp,vampire,arguments,VERIFICATION_TIMED_OUT,16847,4
ground_truth,Dafny_Learning_Experience_tmp_tmpuxvcet_u_week8_12_week8_CoffeeMaker2.dfy,smtlib,vampire,monomorphic,VERIFICATION_TIMED_OUT,17473,4
ground_truth,Dafny_Learning_Experience_tmp_tmpuxvcet_u_week8_12_week8_CoffeeMaker2.dfy,smtlib,vampire,predicates,VERIFICATION_TIMED_OUT,33281,4
ground_truth,Dafny_Learning_Experience_tmp_tmpuxvcet_u_week8_12_week8_CoffeeMaker2.dfy,smtlib,vampire,arguments,VERIFICATION_TIMED_OUT,29830,4
ground_truth,Dafny_Learning_Experience_tmp_tmpuxvcet_u_week8_12_week8_CoffeeMaker2.dfy,smtlib,z3,monomorphic,VERIFIED,2056,0
ground_truth,Dafny_Learning_Experience_tmp_tmpuxvcet_u_week8_12_week8_CoffeeMaker2.dfy,smtlib,z3,predicates,VERIFIED,1993,0
ground_truth,Dafny_Learning_Experience_tmp_tmpuxvcet_u_week8_12_week8_CoffeeMaker2.dfy,smtlib,z3,arguments,VERIFIED,1945,0
ground_truth,dafny-synthesis_task_id_578.dfy,tptp,vampire,polymorphic,VERIFICATION_TIMED_OUT,15488,4
ground_truth,dafny-synthesis_task_id_578.dfy,tptp,vampire,monomorphic,VERIFICATION_TIMED_OUT,15593,4
ground_truth,dafny-synthesis_task_id_578.dfy,tptp,vampire,predicates,VERIFICATION_TIMED_OUT,15477,4
ground_truth,dafny-synthesis_task_id_578.dfy,tptp,vampire,arguments,VERIFICATION_TIMED_OUT,15521,4
ground_truth,dafny-synthesis_task_id_578.dfy,smtlib,vampire,monomorphic,VERIFICATION_TIMED_OUT,15516,4
ground_truth,dafny-synthesis_task_id_578.dfy,smtlib,vampire,predicates,VERIFICATION_TIMED_OUT,15350,4
ground_truth,dafny-synthesis_task_id_578.dfy,smtlib,vampire,arguments,VERIFIED,3322,0
ground_truth,dafny-synthesis_task_id_578.dfy,smtlib,z3,monomorphic,VERIFIED,1548,0
ground_truth,dafny-synthesis_task_id_578.dfy,smtlib,z3,predicates,VERIFIED,1539,0
ground_truth,dafny-synthesis_task_id_578.dfy,smtlib,z3,arguments,VERIFIED,1485,0
ground_truth,QS_BoilerPlate1_tmp_tmpa29vtz9__Ex2.dfy,tptp,vampire,polymorphic,VERIFICATION_TIMED_OUT,15774,4
ground_truth,QS_BoilerPlate1_tmp_tmpa29vtz9__Ex2.dfy,tptp,vampire,monomorphic,VERIFICATION_TIMED_OUT,16098,4
ground_truth,QS_BoilerPlate1_tmp_tmpa29vtz9__Ex2.dfy,tptp,vampire,predicates,VERIFICATION_TIMED_OUT,29646,4
ground_truth,QS_BoilerPlate1_tmp_tmpa29vtz9__Ex2.dfy,tptp,vampire,arguments,VERIFICATION_TIMED_OUT,15750,4
ground_truth,QS_BoilerPlate1_tmp_tmpa29vtz9__Ex2.dfy,smtlib,vampire,monomorphic,VERIFICATION_TIMED_OUT,15977,4
ground_truth,QS_BoilerPlate1_tmp_tmpa29vtz9__Ex2.dfy,smtlib,vampire,predicates,VERIFICATION_TIMED_OUT,19607,4
ground_truth,QS_BoilerPlate1_tmp_tmpa29vtz9__Ex2.dfy,smtlib,vampire,arguments,VERIFICATION_TIMED_OUT,17498,4
ground_truth,QS_BoilerPlate1_tmp_tmpa29vtz9__Ex2.dfy,smtlib,z3,monomorphic,VERIFIED,2279,0
ground_truth,QS_BoilerPlate1_tmp_tmpa29vtz9__Ex2.dfy,smtlib,z3,predicates,VERIFIED,2212,0
ground_truth,QS_BoilerPlate1_tmp_tmpa29vtz9__Ex2.dfy,smtlib,z3,arguments,VERIFIED,2093,0
ground_truth,CSU55004---Formal-Verification_tmp_tmp4ki9iaqy_Project_Project_Part_1_project_pt_1.dfy,tptp,vampire,polymorphic,VERIFIED,3823,0
ground_truth,CSU55004---Formal-Verification_tmp_tmp4ki9iaqy_Project_Project_Part_1_project_pt_1.dfy,tptp,vampire,monomorphic,VERIFIED,3826,0
ground_truth,CSU55004---Formal-Verification_tmp_tmp4ki9iaqy_Project_Project_Part_1_project_pt_1.dfy,tptp,vampire,predicates,VERIFICATION_TIMED_OUT,15699,4
ground_truth,CSU55004---Formal-Verification_tmp_tmp4ki9iaqy_Project_Project_Part_1_project_pt_1.dfy,tptp,vampire,arguments,VERIFICATION_TIMED_OUT,15552,4
ground_truth,CSU55004---Formal-Verification_tmp_tmp4ki9iaqy_Project_Project_Part_1_project_pt_1.dfy,smtlib,vampire,monomorphic,VERIFIED,3983,0
ground_truth,CSU55004---Formal-Verification_tmp_tmp4ki9iaqy_Project_Project_Part_1_project_pt_1.dfy,smtlib,vampire,predicates,VERIFICATION_TIMED_OUT,15538,4
ground_truth,CSU55004---Formal-Verification_tmp_tmp4ki9iaqy_Project_Project_Part_1_project_pt_1.dfy,smtlib,vampire,arguments,VERIFIED,3723,0
ground_truth,CSU55004---Formal-Verification_tmp_tmp4ki9iaqy_Project_Project_Part_1_project_pt_1.dfy,smtlib,z3,monomorphic,VERIFIED,1625,0
ground_truth,CSU55004---Formal-Verification_tmp_tmp4ki9iaqy_Project_Project_Part_1_project_pt_1.dfy,smtlib,z3,predicates,VERIFIED,1566,0
ground_truth,CSU55004---Formal-Verification_tmp_tmp4ki9iaqy_Project_Project_Part_1_project_pt_1.dfy,smtlib,z3,arguments,VERIFIED,1544,0
ground_truth,Dafny-Exercises_tmp_tmpjm75muf__Session4Exercises_ExercisefirstZero.dfy,tptp,vampire,polymorphic,VERIFIED,3400,0
ground_truth,Dafny-Exercises_tmp_tmpjm75muf__Session4Exercises_ExercisefirstZero.dfy,tptp,vampire,monomorphic,VERIFIED,2636,0
ground_truth,Dafny-Exercises_tmp_tmpjm75muf__Session4Exercises_ExercisefirstZero.dfy,tptp,vampire,predicates,VERIFICATION_TIMED_OUT,15441,4
ground_truth,Dafny-Exercises_tmp_tmpjm75muf__Session4Exercises_ExercisefirstZero.dfy,tptp,vampire,arguments,VERIFIED,3456,0
ground_truth,Dafny-Exercises_tmp_tmpjm75muf__Session4Exercises_ExercisefirstZero.dfy,smtlib,vampire,monomorphic,VERIFIED,3470,0
ground_truth,Dafny-Exercises_tmp_tmpjm75muf__Session4Exercises_ExercisefirstZero.dfy,smtlib,vampire,predicates,VERIFIED,6613,0
ground_truth,Dafny-Exercises_tmp_tmpjm75muf__Session4Exercises_ExercisefirstZero.dfy,smtlib,vampire,arguments,VERIFIED,3316,0
ground_truth,Dafny-Exercises_tmp_tmpjm75muf__Session4Exercises_ExercisefirstZero.dfy,smtlib,z3,monomorphic,VERIFIED,1525,0
ground_truth,Dafny-Exercises_tmp_tmpjm75muf__Session4Exercises_ExercisefirstZero.dfy,smtlib,z3,predicates,VERIFIED,1484,0
ground_truth,Dafny-Exercises_tmp_tmpjm75muf__Session4Exercises_ExercisefirstZero.dfy,smtlib,z3,arguments,VERIFIED,1500,0
ground_truth,Program-Verification-Dataset_tmp_tmpgbdrlnu__Dafny_algorithms and leetcode_leetcode_pathSum.dfy,tptp,vampire,polymorphic,VERIFICATION_TIMED_OUT,15752,4
ground_truth,Program-Verification-Dataset_tmp_tmpgbdrlnu__Dafny_algorithms and leetcode_leetcode_pathSum.dfy,tptp,vampire,monomorphic,VERIFICATION_TIMED_OUT,15858,4
ground_truth,Program-Verification-Dataset_tmp_tmpgbdrlnu__Dafny_algorithms and leetcode_leetcode_pathSum.dfy,tptp,vampire,predicates,VERIFICATION_TIMED_OUT,16416,4
ground_truth,Program-Verification-Dataset_tmp_tmpgbdrlnu__Dafny_algorithms and leetcode_leetcode_pathSum.dfy,tptp,vampire,arguments,VERIFICATION_TIMED_OUT,15855,4
ground_truth,Program-Verification-Dataset_tmp_tmpgbdrlnu__Dafny_algorithms and leetcode_leetcode_pathSum.dfy,smtlib,vampire,monomorphic,VERIFICATION_TIMED_OUT,15824,4
ground_truth,Program-Verification-Dataset_tmp_tmpgbdrlnu__Dafny_algorithms and leetcode_leetcode_pathSum.dfy,smtlib,vampire,predicates,VERIFICATION_TIMED_OUT,16404,4
ground_truth,Program-Verification-Dataset_tmp_tmpgbdrlnu__Dafny_algorithms and leetcode_leetcode_pathSum.dfy,smtlib,vampire,arguments,VERIFICATION_TIMED_OUT,15770,4
ground_truth,Program-Verification-Dataset_tmp_tmpgbdrlnu__Dafny_algorithms and leetcode_leetcode_pathSum.dfy,smtlib,z3,monomorphic,VERIFIED,1861,0
ground_truth,Program-Verification-Dataset_tmp_tmpgbdrlnu__Dafny_algorithms and leetcode_leetcode_pathSum.dfy,smtlib,z3,predicates,VERIFIED,1848,0
ground_truth,Program-Verification-Dataset_tmp_tmpgbdrlnu__Dafny_algorithms and leetcode_leetcode_pathSum.dfy,smtlib,z3,arguments,VERIFIED,1842,0
ground_truth,dafny-language-server_tmp_tmpkir0kenl_Test_hofs_Compilation.dfy,tptp,vampire,polymorphic,VERIFICATION_TIMED_OUT,15534,4
ground_truth,dafny-language-server_tmp_tmpkir0kenl_Test_hofs_Compilation.dfy,tptp,vampire,monomorphic,VERIFICATION_TIMED_OUT,15653,4
ground_truth,dafny-language-server_tmp_tmpkir0kenl_Test_hofs_Compilation.dfy,tptp,vampire,predicates,VERIFICATION_TIMED_OUT,15586,4
ground_truth,dafny-language-server_tmp_tmpkir0kenl_Test_hofs_Compilation.dfy,tptp,vampire,arguments,VERIFICATION_TIMED_OUT,15589,4
ground_truth,dafny-language-server_tmp_tmpkir0kenl_Test_hofs_Compilation.dfy,smtlib,vampire,monomorphic,VERIFICATION_TIMED_OUT,15552,4
ground_truth,dafny-language-server_tmp_tmpkir0kenl_Test_hofs_Compilation.dfy,smtlib,vampire,predicates,VERIFICATION_TIMED_OUT,15516,4
ground_truth,dafny-language-server_tmp_tmpkir0kenl_Test_hofs_Compilation.dfy,smtlib,vampire,arguments,VERIFICATION_TIMED_OUT,15417,4
ground_truth,dafny-language-server_tmp_tmpkir0kenl_Test_hofs_Compilation.dfy,smtlib,z3,monomorphic,VERIFIED,1707,0
ground_truth,dafny-language-server_tmp_tmpkir0kenl_Test_hofs_Compilation.dfy,smtlib,z3,predicates,VERIFIED,1673,0
ground_truth,dafny-language-server_tmp_tmpkir0kenl_Test_hofs_Compilation.dfy,smtlib,z3,arguments,VERIFIED,1597,0
ground_truth,sat_dfy_tmp_tmpfcyj8am9_dfy_Seq.dfy,tptp,vampire,polymorphic,VERIFICATION_TIMED_OUT,15608,4
ground_truth,sat_dfy_tmp_tmpfcyj8am9_dfy_Seq.dfy,tptp,vampire,monomorphic,VERIFICATION_TIMED_OUT,15682,4
ground_truth,sat_dfy_tmp_tmpfcyj8am9_dfy_Seq.dfy,tptp,vampire,predicates,VERIFICATION_TIMED_OUT,15644,4
ground_truth,sat_dfy_tmp_tmpfcyj8am9_dfy_Seq.dfy,tptp,vampire,arguments,VERIFICATION_TIMED_OUT,15580,4
ground_truth,sat_dfy_tmp_tmpfcyj8am9_dfy_Seq.dfy,smtlib,vampire,monomorphic,VERIFICATION_TIMED_OUT,15526,4
ground_truth,sat_dfy_tmp_tmpfcyj8am9_dfy_Seq.dfy,smtlib,vampire,predicates,VERIFICATION_TIMED_OUT,15486,4
ground_truth,sat_dfy_tmp_tmpfcyj8am9_dfy_Seq.dfy,smtlib,vampire,arguments,VERIFICATION_TIMED_OUT,15501,4
ground_truth,sat_dfy_tmp_tmpfcyj8am9_dfy_Seq.dfy,smtlib,z3,monomorphic,NOT_VERIFIED,14468,4
ground_truth,sat_dfy_tmp_tmpfcyj8am9_dfy_Seq.dfy,smtlib,z3,predicates,NOT_VERIFIED,12254,4
ground_truth,sat_dfy_tmp_tmpfcyj8am9_dfy_Seq.dfy,smtlib,z3,arguments,NOT_VERIFIED,16705,4
ground_truth,Dafny_Verify_tmp_tmphq7j0row_Fine_Tune_Examples_normal_data_completion_MaxPerdV2.dfy,tptp,vampire,polymorphic,VERIFICATION_TIMED_OUT,15595,4
ground_truth,Dafny_Verify_tmp_tmphq7j0row_Fine_Tune_Examples_normal_data_completion_MaxPerdV2.dfy,tptp,vampire,monomorphic,VERIFICATION_TIMED_OUT,15722,4
ground_truth,Dafny_Verify_tmp_tmphq7j0row_Fine_Tune_Examples_normal_data_completion_MaxPerdV2.dfy,tptp,vampire,predicates,VERIFICATION_TIMED_OUT,15723,4
ground_truth,Dafny_Verify_tmp_tmphq7j0row_Fine_Tune_Examples_normal_data_completion_MaxPerdV2.dfy,tptp,vampire,arguments,VERIFICATION_TIMED_OUT,15685,4
ground_truth,Dafny_Verify_tmp_tmphq7j0row_Fine_Tune_Examples_normal_data_completion_MaxPerdV2.dfy,smtlib,vampire,monomorphic,VERIFICATION_TIMED_OUT,15666,4
ground_truth,Dafny_Verify_tmp_tmphq7j0row_Fine_Tune_Examples_normal_data_completion_MaxPerdV2.dfy,smtlib,vampire,predicates,VERIFICATION_TIMED_OUT,15700,4
ground_truth,Dafny_Verify_tmp_tmphq7j0row_Fine_Tune_Examples_normal_data_completion_MaxPerdV2.dfy,smtlib,vampire,arguments,VERIFICATION_TIMED_OUT,15536,4
ground_truth,Dafny_Verify_tmp_tmphq7j0row_Fine_Tune_Examples_normal_data_completion_MaxPerdV2.dfy,smtlib,z3,monomorphic,VERIFIED,1738,0
ground_truth,Dafny_Verify_tmp_tmphq7j0row_Fine_Tune_Examples_normal_data_completion_MaxPerdV2.dfy,smtlib,z3,predicates,VERIFIED,1660,0
ground_truth,Dafny_Verify_tmp_tmphq7j0row_Fine_Tune_Examples_normal_data_completion_MaxPerdV2.dfy,smtlib,z3,arguments,VERIFIED,1617,0
ground_truth,Metodos_Formais_tmp_tmpql2hwcsh_Invariantes_multiplicador.dfy,tptp,vampire,polymorphic,VERIFIED,1504,0
ground_truth,Metodos_Formais_tmp_tmpql2hwcsh_Invariantes_multiplicador.dfy,tptp,vampire,monomorphic,VERIFIED,2300,0
ground_truth,Metodos_Formais_tmp_tmpql2hwcsh_Invariantes_multiplicador.dfy,tptp,vampire,predicates,VERIFIED,2952,0
ground_truth,Metodos_Formais_tmp_tmpql2hwcsh_Invariantes_multiplicador.dfy,tptp,vampire,arguments,VERIFIED,1525,0
ground_truth,Metodos_Formais_tmp_tmpql2hwcsh_Invariantes_multiplicador.dfy,smtlib,vampire,monomorphic,VERIFIED,2122,0
ground_truth,Metodos_Formais_tmp_tmpql2hwcsh_Invariantes_multiplicador.dfy,smtlib,vampire,predicates,VERIFIED,3038,0
ground_truth,Metodos_Formais_tmp_tmpql2hwcsh_Invariantes_multiplicador.dfy,smtlib,vampire,arguments,VERIFIED,2073,0
ground_truth,Metodos_Formais_tmp_tmpql2hwcsh_Invariantes_multiplicador.dfy,smtlib,z3,monomorphic,VERIFIED,1488,0
ground_truth,Metodos_Formais_tmp_tmpql2hwcsh_Invariantes_multiplicador.dfy,smtlib,z3,predicates,VERIFIED,1421,0
ground_truth,Metodos_Formais_tmp_tmpql2hwcsh_Invariantes_multiplicador.dfy,smtlib,z3,arguments,VERIFIED,1402,0
ground_truth,Programmverifikation-und-synthese_tmp_tmppurk6ime_example_DafnyIntro_01_Simple_Loops.dfy,tptp,vampire,polymorphic,VERIFICATION_TIMED_OUT,15317,4
ground_truth,Programmverifikation-und-synthese_tmp_tmppurk6ime_example_DafnyIntro_01_Simple_Loops.dfy,tptp,vampire,monomorphic,VERIFICATION_TIMED_OUT,15480,4
ground_truth,Programmverifikation-und-synthese_tmp_tmppurk6ime_example_DafnyIntro_01_Simple_Loops.dfy,tptp,vampire,predicates,VERIFICATION_TIMED_OUT,15386,4
ground_truth,Programmverifikation-und-synthese_tmp_tmppurk6ime_example_DafnyIntro_01_Simple_Loops.dfy,tptp,vampire,arguments,VERIFICATION_TIMED_OUT,15356,4
ground_truth,Programmverifikation-und-synthese_tmp_tmppurk6ime_example_DafnyIntro_01_Simple_Loops.dfy,smtlib,vampire,monomorphic,VERIFIED,2297,0
ground_truth,Programmverifikation-und-synthese_tmp_tmppurk6ime_example_DafnyIntro_01_Simple_Loops.dfy,smtlib,vampire,predicates,VERIFIED,2955,0
ground_truth,Programmverifikation-und-synthese_tmp_tmppurk6ime_example_DafnyIntro_01_Simple_Loops.dfy,smtlib,vampire,arguments,VERIFIED,2042,0
ground_truth,Programmverifikation-und-synthese_tmp_tmppurk6ime_example_DafnyIntro_01_Simple_Loops.dfy,smtlib,z3,monomorphic,VERIFIED,1500,0
ground_truth,Programmverifikation-und-synthese_tmp_tmppurk6ime_example_DafnyIntro_01_Simple_Loops.dfy,smtlib,z3,predicates,VERIFIED,1426,0
ground_truth,Programmverifikation-und-synthese_tmp_tmppurk6ime_example_DafnyIntro_01_Simple_Loops.dfy,smtlib,z3,arguments,VERIFIED,1411,0
ground_truth,dafny-synthesis_task_id_759.dfy,tptp,vampire,polymorphic,VERIFIED,2947,0
ground_truth,dafny-synthesis_task_id_759.dfy,tptp,vampire,monomorphic,VERIFIED,1756,0
ground_truth,dafny-synthesis_task_id_759.dfy,tptp,vampire,predicates,VERIFIED,3475,0
ground_truth,dafny-synthesis_task_id_759.dfy,tptp,vampire,arguments,VERIFIED,3483,0
ground_truth,dafny-synthesis_task_id_759.dfy,smtlib,vampire,monomorphic,VERIFIED,2685,0
ground_truth,dafny-synthesis_task_id_759.dfy,smtlib,vampire,predicates,VERIFIED,3435,0
ground_truth,dafny-synthesis_task_id_759.dfy,smtlib,vampire,arguments,VERIFIED,3647,0
ground_truth,dafny-synthesis_task_id_759.dfy,smtlib,z3,monomorphic,VERIFIED,1557,0
ground_truth,dafny-synthesis_task_id_759.dfy,smtlib,z3,predicates,VERIFIED,1506,0
ground_truth,dafny-synthesis_task_id_759.dfy,smtlib,z3,arguments,VERIFIED,1503,0
ground_truth,dafny-synthesis_task_id_14.dfy,tptp,vampire,polymorphic,VERIFIED,1389,0
ground_truth,dafny-synthesis_task_id_14.dfy,tptp,vampire,monomorphic,VERIFIED,1490,0
ground_truth,dafny-synthesis_task_id_14.dfy,tptp,vampire,predicates,VERIFIED,1442,0
ground_truth,dafny-synthesis_task_id_14.dfy,tptp,vampire,arguments,VERIFIED,1442,0
ground_truth,dafny-synthesis_task_id_14.dfy,smtlib,vampire,monomorphic,VERIFIED,1391,0
ground_truth,dafny-synthesis_task_id_14.dfy,smtlib,vampire,predicates,VERIFIED,1323,0
ground_truth,dafny-synthesis_task_id_14.dfy,smtlib,vampire,arguments,VERIFIED,1337,0
ground_truth,dafny-synthesis_task_id_14.dfy,smtlib,z3,monomorphic,VERIFIED,1394,0
ground_truth,dafny-synthesis_task_id_14.dfy,smtlib,z3,predicates,VERIFIED,1323,0
ground_truth,dafny-synthesis_task_id_14.dfy,smtlib,z3,arguments,VERIFIED,1344,0
ground_truth,Clover_modify_2d_array.dfy,tptp,vampire,polymorphic,VERIFIED,7059,0
ground_truth,Clover_modify_2d_array.dfy,tptp,vampire,monomorphic,VERIFICATION_TIMED_OUT,15481,4
ground_truth,Clover_modify_2d_array.dfy,tptp,vampire,predicates,VERIFICATION_TIMED_OUT,15441,4
ground_truth,Clover_modify_2d_array.dfy,tptp,vampire,arguments,VERIFICATION_TIMED_OUT,15438,4
ground_truth,Clover_modify_2d_array.dfy,smtlib,vampire,monomorphic,VERIFICATION_TIMED_OUT,15403,4
ground_truth,Clover_modify_2d_array.dfy,smtlib,vampire,predicates,VERIFICATION_TIMED_OUT,15275,4
ground_truth,Clover_modify_2d_array.dfy,smtlib,vampire,arguments,VERIFICATION_TIMED_OUT,15309,4
ground_truth,Clover_modify_2d_array.dfy,smtlib,z3,monomorphic,VERIFIED,1858,0
ground_truth,Clover_modify_2d_array.dfy,smtlib,z3,predicates,VERIFIED,1661,0
ground_truth,Clover_modify_2d_array.dfy,smtlib,z3,arguments,VERIFIED,1467,0
ground_truth,Dafny_tmp_tmpmvs2dmry_pancakesort_flip.dfy,tptp,vampire,polymorphic,VERIFICATION_TIMED_OUT,15489,4
ground_truth,Dafny_tmp_tmpmvs2dmry_pancakesort_flip.dfy,tptp,vampire,monomorphic,VERIFICATION_TIMED_OUT,15486,4
ground_truth,Dafny_tmp_tmpmvs2dmry_pancakesort_flip.dfy,tptp,vampire,predicates,VERIFICATION_TIMED_OUT,15492,4
ground_truth,Dafny_tmp_tmpmvs2dmry_pancakesort_flip.dfy,tptp,vampire,arguments,VERIFICATION_TIMED_OUT,15495,4
ground_truth,Dafny_tmp_tmpmvs2dmry_pancakesort_flip.dfy,smtlib,vampire,monomorphic,VERIFICATION_TIMED_OUT,15657,4
ground_truth,Dafny_tmp_tmpmvs2dmry_pancakesort_flip.dfy,smtlib,vampire,predicates,VERIFICATION_TIMED_OUT,15451,4
ground_truth,Dafny_tmp_tmpmvs2dmry_pancakesort_flip.dfy,smtlib,vampire,arguments,VERIFIED,3616,0
ground_truth,Dafny_tmp_tmpmvs2dmry_pancakesort_flip.dfy,smtlib,z3,monomorphic,VERIFIED,1698,0
ground_truth,Dafny_tmp_tmpmvs2dmry_pancakesort_flip.dfy,smtlib,z3,predicates,VERIFIED,1595,0
ground_truth,Dafny_tmp_tmpmvs2dmry_pancakesort_flip.dfy,smtlib,z3,arguments,VERIFIED,1631,0
ground_truth,Program-Verification-Dataset_tmp_tmpgbdrlnu__Dafny_algorithms and leetcode_leetcode_BoatsToSavePeople.dfy,tptp,vampire,polymorphic,VERIFICATION_TIMED_OUT,15857,4
ground_truth,Program-Verification-Dataset_tmp_tmpgbdrlnu__Dafny_algorithms and leetcode_leetcode_BoatsToSavePeople.dfy,tptp,vampire,monomorphic,VERIFICATION_TIMED_OUT,15749,4
ground_truth,Program-Verification-Dataset_tmp_tmpgbdrlnu__Dafny_algorithms and leetcode_leetcode_BoatsToSavePeople.dfy,tptp,vampire,predicates,VERIFICATION_TIMED_OUT,15870,4
ground_truth,Program-Verification-Dataset_tmp_tmpgbdrlnu__Dafny_algorithms and leetcode_leetcode_BoatsToSavePeople.dfy,tptp,vampire,arguments,VERIFICATION_TIMED_OUT,15758,4
ground_truth,Program-Verification-Dataset_tmp_tmpgbdrlnu__Dafny_algorithms and leetcode_leetcode_BoatsToSavePeople.dfy,smtlib,vampire,monomorphic,VERIFICATION_TIMED_OUT,15718,4
ground_truth,Program-Verification-Dataset_tmp_tmpgbdrlnu__Dafny_algorithms and leetcode_leetcode_BoatsToSavePeople.dfy,smtlib,vampire,predicates,VERIFICATION_TIMED_OUT,15647,4
ground_truth,Program-Verification-Dataset_tmp_tmpgbdrlnu__Dafny_algorithms and leetcode_leetcode_BoatsToSavePeople.dfy,smtlib,vampire,arguments,VERIFICATION_TIMED_OUT,15592,4
ground_truth,Program-Verification-Dataset_tmp_tmpgbdrlnu__Dafny_algorithms and leetcode_leetcode_BoatsToSavePeople.dfy,smtlib,z3,monomorphic,VERIFICATION_TIMED_OUT,16722,4
ground_truth,Program-Verification-Dataset_tmp_tmpgbdrlnu__Dafny_algorithms and leetcode_leetcode_BoatsToSavePeople.dfy,smtlib,z3,predicates,VERIFICATION_TIMED_OUT,16727,4
ground_truth,Program-Verification-Dataset_tmp_tmpgbdrlnu__Dafny_algorithms and leetcode_leetcode_BoatsToSavePeople.dfy,smtlib,z3,arguments,VERIFICATION_TIMED_OUT,16726,4
ground_truth,Software-Verification_tmp_tmpv4ueky2d_Remove Duplicates from Sorted Array_remove_duplicates_from_sorted_array.dfy,tptp,vampire,polymorphic,VERIFICATION_TIMED_OUT,15498,4
ground_truth,Software-Verification_tmp_tmpv4ueky2d_Remove Duplicates from Sorted Array_remove_duplicates_from_sorted_array.dfy,tptp,vampire,monomorphic,VERIFICATION_TIMED_OUT,15617,4
ground_truth,Software-Verification_tmp_tmpv4ueky2d_Remove Duplicates from Sorted Array_remove_duplicates_from_sorted_array.dfy,tptp,vampire,predicates,VERIFICATION_TIMED_OUT,15635,4
ground_truth,Software-Verification_tmp_tmpv4ueky2d_Remove Duplicates from Sorted Array_remove_duplicates_from_sorted_array.dfy,tptp,vampire,arguments,VERIFICATION_TIMED_OUT,15563,4
ground_truth,Software-Verification_tmp_tmpv4ueky2d_Remove Duplicates from Sorted Array_remove_duplicates_from_sorted_array.dfy,smtlib,vampire,monomorphic,VERIFICATION_TIMED_OUT,15585,4
ground_truth,Software-Verification_tmp_tmpv4ueky2d_Remove Duplicates from Sorted Array_remove_duplicates_from_sorted_array.dfy,smtlib,vampire,predicates,VERIFICATION_TIMED_OUT,15502,4
ground_truth,Software-Verification_tmp_tmpv4ueky2d_Remove Duplicates from Sorted Array_remove_duplicates_from_sorted_array.dfy,smtlib,vampire,arguments,VERIFIED,3603,0
ground_truth,Software-Verification_tmp_tmpv4ueky2d_Remove Duplicates from Sorted Array_remove_duplicates_from_sorted_array.dfy,smtlib,z3,monomorphic,VERIFIED,1718,0
ground_truth,Software-Verification_tmp_tmpv4ueky2d_Remove Duplicates from Sorted Array_remove_duplicates_from_sorted_array.dfy,smtlib,z3,predicates,VERIFIED,1763,0
ground_truth,Software-Verification_tmp_tmpv4ueky2d_Remove Duplicates from Sorted Array_remove_duplicates_from_sorted_array.dfy,smtlib,z3,arguments,VERIFIED,1625,0
ground_truth,Final-Project-Dafny_tmp_tmpmcywuqox_Attempts_Exercise6_Binary_Search.dfy,tptp,vampire,polymorphic,VERIFICATION_TIMED_OUT,15426,4
ground_truth,Final-Project-Dafny_tmp_tmpmcywuqox_Attempts_Exercise6_Binary_Search.dfy,tptp,vampire,monomorphic,VERIFICATION_TIMED_OUT,15765,4
ground_truth,Final-Project-Dafny_tmp_tmpmcywuqox_Attempts_Exercise6_Binary_Search.dfy,tptp,vampire,predicates,VERIFICATION_TIMED_OUT,15599,4
ground_truth,Final-Project-Dafny_tmp_tmpmcywuqox_Attempts_Exercise6_Binary_Search.dfy,tptp,vampire,arguments,VERIFICATION_TIMED_OUT,15592,4
ground_truth,Final-Project-Dafny_tmp_tmpmcywuqox_Attempts_Exercise6_Binary_Search.dfy,smtlib,vampire,monomorphic,VERIFIED,3508,0
ground_truth,Final-Project-Dafny_tmp_tmpmcywuqox_Attempts_Exercise6_Binary_Search.dfy,smtlib,vampire,predicates,VERIFICATION_TIMED_OUT,15376,4
ground_truth,Final-Project-Dafny_tmp_tmpmcywuqox_Attempts_Exercise6_Binary_Search.dfy,smtlib,vampire,arguments,VERIFIED,3461,0
ground_truth,Final-Project-Dafny_tmp_tmpmcywuqox_Attempts_Exercise6_Binary_Search.dfy,smtlib,z3,monomorphic,VERIFIED,1564,0
ground_truth,Final-Project-Dafny_tmp_tmpmcywuqox_Attempts_Exercise6_Binary_Search.dfy,smtlib,z3,predicates,VERIFIED,1515,0
ground_truth,Final-Project-Dafny_tmp_tmpmcywuqox_Attempts_Exercise6_Binary_Search.dfy,smtlib,z3,arguments,VERIFIED,1565,0
ground_truth,dafny-synthesis_task_id_572.dfy,tptp,vampire,polymorphic,VERIFICATION_TIMED_OUT,15357,4
ground_truth,dafny-synthesis_task_id_572.dfy,tptp,vampire,monomorphic,VERIFICATION_TIMED_OUT,15490,4
ground_truth,dafny-synthesis_task_id_572.dfy,tptp,vampire,predicates,VERIFICATION_TIMED_OUT,15405,4
ground_truth,dafny-synthesis_task_id_572.dfy,tptp,vampire,arguments,VERIFICATION_TIMED_OUT,15426,4
ground_truth,dafny-synthesis_task_id_572.dfy,smtlib,vampire,monomorphic,VERIFIED,3628,0
ground_truth,dafny-synthesis_task_id_572.dfy,smtlib,vampire,predicates,VERIFICATION_TIMED_OUT,15417,4
ground_truth,dafny-synthesis_task_id_572.dfy,smtlib,vampire,arguments,VERIFIED,3628,0
ground_truth,dafny-synthesis_task_id_572.dfy,smtlib,z3,monomorphic,VERIFIED,1583,0
ground_truth,dafny-synthesis_task_id_572.dfy,smtlib,z3,predicates,VERIFIED,1527,0
ground_truth,dafny-synthesis_task_id_572.dfy,smtlib,z3,arguments,VERIFIED,1506,0
ground_truth,Dafny_tmp_tmp0wu8wmfr_tests_InsertionSortSeq.dfy,tptp,vampire,polymorphic,VERIFICATION_TIMED_OUT,15403,4
ground_truth,Dafny_tmp_tmp0wu8wmfr_tests_InsertionSortSeq.dfy,tptp,vampire,monomorphic,VERIFICATION_TIMED_OUT,15585,4
ground_truth,Dafny_tmp_tmp0wu8wmfr_tests_InsertionSortSeq.dfy,tptp,vampire,predicates,VERIFICATION_TIMED_OUT,15450,4
ground_truth,Dafny_tmp_tmp0wu8wmfr_tests_InsertionSortSeq.dfy,tptp,vampire,arguments,VERIFICATION_TIMED_OUT,15500,4
ground_truth,Dafny_tmp_tmp0wu8wmfr_tests_InsertionSortSeq.dfy,smtlib,vampire,monomorphic,VERIFIED,3517,0
ground_truth,Dafny_tmp_tmp0wu8wmfr_tests_InsertionSortSeq.dfy,smtlib,vampire,predicates,VERIFICATION_TIMED_OUT,15330,4
ground_truth,Dafny_tmp_tmp0wu8wmfr_tests_InsertionSortSeq.dfy,smtlib,vampire,arguments,VERIFICATION_TIMED_OUT,15433,4
ground_truth,Dafny_tmp_tmp0wu8wmfr_tests_InsertionSortSeq.dfy,smtlib,z3,monomorphic,VERIFICATION_TIMED_OUT,16585,4
ground_truth,Dafny_tmp_tmp0wu8wmfr_tests_InsertionSortSeq.dfy,smtlib,z3,predicates,VERIFIED,2289,0
ground_truth,Dafny_tmp_tmp0wu8wmfr_tests_InsertionSortSeq.dfy,smtlib,z3,arguments,VERIFIED,3186,0
ground_truth,Program-Verification-Dataset_tmp_tmpgbdrlnu__Dafny_algorithms and leetcode_math_pearson.dfy,tptp,vampire,polymorphic,VERIFICATION_TIMED_OUT,20389,4
ground_truth,Program-Verification-Dataset_tmp_tmpgbdrlnu__Dafny_algorithms and leetcode_math_pearson.dfy,tptp,vampire,monomorphic,VERIFICATION_TIMED_OUT,18500,4
ground_truth,Program-Verification-Dataset_tmp_tmpgbdrlnu__Dafny_algorithms and leetcode_math_pearson.dfy,tptp,vampire,predicates,VERIFICATION_TIMED_OUT,57810,4
ground_truth,Program-Verification-Dataset_tmp_tmpgbdrlnu__Dafny_algorithms and leetcode_math_pearson.dfy,tptp,vampire,arguments,VERIFICATION_TIMED_OUT,30814,4
ground_truth,Program-Verification-Dataset_tmp_tmpgbdrlnu__Dafny_algorithms and leetcode_math_pearson.dfy,smtlib,vampire,monomorphic,VERIFICATION_TIMED_OUT,16721,4
ground_truth,Program-Verification-Dataset_tmp_tmpgbdrlnu__Dafny_algorithms and leetcode_math_pearson.dfy,smtlib,vampire,predicates,VERIFICATION_TIMED_OUT,33806,4
ground_truth,Program-Verification-Dataset_tmp_tmpgbdrlnu__Dafny_algorithms and leetcode_math_pearson.dfy,smtlib,vampire,arguments,VERIFICATION_TIMED_OUT,17607,4
ground_truth,Program-Verification-Dataset_tmp_tmpgbdrlnu__Dafny_algorithms and leetcode_math_pearson.dfy,smtlib,z3,monomorphic,NOT_VERIFIED,2912,4
ground_truth,Program-Verification-Dataset_tmp_tmpgbdrlnu__Dafny_algorithms and leetcode_math_pearson.dfy,smtlib,z3,predicates,NOT_VERIFIED,3427,4
ground_truth,Program-Verification-Dataset_tmp_tmpgbdrlnu__Dafny_algorithms and leetcode_math_pearson.dfy,smtlib,z3,arguments,NOT_VERIFIED,2388,4
ground_truth,dafny_tmp_tmp59p638nn_examples_realExponent.dfy,tptp,vampire,polymorphic,VERIFIED,2306,0
ground_truth,dafny_tmp_tmp59p638nn_examples_realExponent.dfy,tptp,vampire,monomorphic,VERIFIED,2603,0
ground_truth,dafny_tmp_tmp59p638nn_examples_realExponent.dfy,tptp,vampire,predicates,VERIFICATION_TIMED_OUT,15699,4
ground_truth,dafny_tmp_tmp59p638nn_examples_realExponent.dfy,tptp,vampire,arguments,VERIFICATION_TIMED_OUT,15651,4
ground_truth,dafny_tmp_tmp59p638nn_examples_realExponent.dfy,smtlib,vampire,monomorphic,VERIFIED,3568,0
ground_truth,dafny_tmp_tmp59p638nn_examples_realExponent.dfy,smtlib,vampire,predicates,VERIFIED,3235,0
ground_truth,dafny_tmp_tmp59p638nn_examples_realExponent.dfy,smtlib,vampire,arguments,VERIFIED,3237,0
ground_truth,dafny_tmp_tmp59p638nn_examples_realExponent.dfy,smtlib,z3,monomorphic,VERIFIED,1635,0
ground_truth,dafny_tmp_tmp59p638nn_examples_realExponent.dfy,smtlib,z3,predicates,VERIFIED,1658,0
ground_truth,dafny_tmp_tmp59p638nn_examples_realExponent.dfy,smtlib,z3,arguments,VERIFIED,1552,0
ground_truth,dafny-language-server_tmp_tmpkir0kenl_Test_dafny2_TuringFactorial.dfy,tptp,vampire,polymorphic,VERIFICATION_TIMED_OUT,15402,4
ground_truth,dafny-language-server_tmp_tmpkir0kenl_Test_dafny2_TuringFactorial.dfy,tptp,vampire,monomorphic,VERIFICATION_TIMED_OUT,15567,4
ground_truth,dafny-language-server_tmp_tmpkir0kenl_Test_dafny2_TuringFactorial.dfy,tptp,vampire,predicates,VERIFICATION_TIMED_OUT,15559,4
ground_truth,dafny-language-server_tmp_tmpkir0kenl_Test_dafny2_TuringFactorial.dfy,tptp,vampire,arguments,VERIFICATION_TIMED_OUT,15440,4
ground_truth,dafny-language-server_tmp_tmpkir0kenl_Test_dafny2_TuringFactorial.dfy,smtlib,vampire,monomorphic,VERIFICATION_TIMED_OUT,15511,4
ground_truth,dafny-language-server_tmp_tmpkir0kenl_Test_dafny2_TuringFactorial.dfy,smtlib,vampire,predicates,VERIFICATION_TIMED_OUT,15355,4
ground_truth,dafny-language-server_tmp_tmpkir0kenl_Test_dafny2_TuringFactorial.dfy,smtlib,vampire,arguments,VERIFICATION_TIMED_OUT,15316,4
ground_truth,dafny-language-server_tmp_tmpkir0kenl_Test_dafny2_TuringFactorial.dfy,smtlib,z3,monomorphic,VERIFIED,1536,0
ground_truth,dafny-language-server_tmp_tmpkir0kenl_Test_dafny2_TuringFactorial.dfy,smtlib,z3,predicates,VERIFIED,1510,0
ground_truth,dafny-language-server_tmp_tmpkir0kenl_Test_dafny2_TuringFactorial.dfy,smtlib,z3,arguments,VERIFIED,1484,0
ground_truth,cs357_tmp_tmpn4fsvwzs_lab7_question5.dfy,tptp,vampire,polymorphic,VERIFIED,1506,0
ground_truth,cs357_tmp_tmpn4fsvwzs_lab7_question5.dfy,tptp,vampire,monomorphic,VERIFIED,1593,0
ground_truth,cs357_tmp_tmpn4fsvwzs_lab7_question5.dfy,tptp,vampire,predicates,VERIFIED,2073,0
ground_truth,cs357_tmp_tmpn4fsvwzs_lab7_question5.dfy,tptp,vampire,arguments,VERIFIED,1544,0
ground_truth,cs357_tmp_tmpn4fsvwzs_lab7_question5.dfy,smtlib,vampire,monomorphic,VERIFIED,2960,0
ground_truth,cs357_tmp_tmpn4fsvwzs_lab7_question5.dfy,smtlib,vampire,predicates,VERIFIED,3016,0
ground_truth,cs357_tmp_tmpn4fsvwzs_lab7_question5.dfy,smtlib,vampire,arguments,VERIFIED,1483,0
ground_truth,cs357_tmp_tmpn4fsvwzs_lab7_question5.dfy,smtlib,z3,monomorphic,VERIFIED,1593,0
ground_truth,cs357_tmp_tmpn4fsvwzs_lab7_question5.dfy,smtlib,z3,predicates,VERIFIED,1481,0
ground_truth,cs357_tmp_tmpn4fsvwzs_lab7_question5.dfy,smtlib,z3,arguments,VERIFIED,1443,0
ground_truth,protocol-verification-fa2023_tmp_tmpw6hy3mjp_demos_ch04_invariant_proof.dfy,tptp,vampire,polymorphic,VERIFICATION_TIMED_OUT,15578,4
ground_truth,protocol-verification-fa2023_tmp_tmpw6hy3mjp_demos_ch04_invariant_proof.dfy,tptp,vampire,monomorphic,VERIFICATION_TIMED_OUT,15603,4
ground_truth,protocol-verification-fa2023_tmp_tmpw6hy3mjp_demos_ch04_invariant_proof.dfy,tptp,vampire,predicates,VERIFICATION_TIMED_OUT,15529,4
ground_truth,protocol-verification-fa2023_tmp_tmpw6hy3mjp_demos_ch04_invariant_proof.dfy,tptp,vampire,arguments,VERIFICATION_TIMED_OUT,15685,4
ground_truth,protocol-verification-fa2023_tmp_tmpw6hy3mjp_demos_ch04_invariant_proof.dfy,smtlib,vampire,monomorphic,VERIFICATION_TIMED_OUT,15611,4
ground_truth,protocol-verification-fa2023_tmp_tmpw6hy3mjp_demos_ch04_invariant_proof.dfy,smtlib,vampire,predicates,VERIFICATION_TIMED_OUT,15425,4
ground_truth,protocol-verification-fa2023_tmp_tmpw6hy3mjp_demos_ch04_invariant_proof.dfy,smtlib,vampire,arguments,VERIFICATION_TIMED_OUT,15476,4
ground_truth,protocol-verification-fa2023_tmp_tmpw6hy3mjp_demos_ch04_invariant_proof.dfy,smtlib,z3,monomorphic,VERIFIED,1626,0
ground_truth,protocol-verification-fa2023_tmp_tmpw6hy3mjp_demos_ch04_invariant_proof.dfy,smtlib,z3,predicates,VERIFIED,1625,0
ground_truth,protocol-verification-fa2023_tmp_tmpw6hy3mjp_demos_ch04_invariant_proof.dfy,smtlib,z3,arguments,VERIFIED,1592,0
ground_truth,dafny-synthesis_task_id_273.dfy,tptp,vampire,polymorphic,VERIFICATION_TIMED_OUT,15353,4
ground_truth,dafny-synthesis_task_id_273.dfy,tptp,vampire,monomorphic,VERIFICATION_TIMED_OUT,15503,4
ground_truth,dafny-synthesis_task_id_273.dfy,tptp,vampire,predicates,VERIFICATION_TIMED_OUT,15546,4
ground_truth,dafny-synthesis_task_id_273.dfy,tptp,vampire,arguments,VERIFICATION_TIMED_OUT,15468,4
ground_truth,dafny-synthesis_task_id_273.dfy,smtlib,vampire,monomorphic,VERIFIED,3393,0
ground_truth,dafny-synthesis_task_id_273.dfy,smtlib,vampire,predicates,VERIFICATION_TIMED_OUT,15341,4
ground_truth,dafny-synthesis_task_id_273.dfy,smtlib,vampire,arguments,VERIFIED,3286,0
ground_truth,dafny-synthesis_task_id_273.dfy,smtlib,z3,monomorphic,VERIFIED,1510,0
ground_truth,dafny-synthesis_task_id_273.dfy,smtlib,z3,predicates,VERIFIED,1502,0
ground_truth,dafny-synthesis_task_id_273.dfy,smtlib,z3,arguments,VERIFIED,1474,0
ground_truth,Dafny-Exercises_tmp_tmpjm75muf__Session2Exercises_ExercisePositive.dfy,tptp,vampire,polymorphic,VERIFICATION_TIMED_OUT,15691,4
ground_truth,Dafny-Exercises_tmp_tmpjm75muf__Session2Exercises_ExercisePositive.dfy,tptp,vampire,monomorphic,VERIFICATION_TIMED_OUT,15742,4
ground_truth,Dafny-Exercises_tmp_tmpjm75muf__Session2Exercises_ExercisePositive.dfy,tptp,vampire,predicates,VERIFICATION_TIMED_OUT,29712,4
ground_truth,Dafny-Exercises_tmp_tmpjm75muf__Session2Exercises_ExercisePositive.dfy,tptp,vampire,arguments,VERIFICATION_TIMED_OUT,15638,4
ground_truth,Dafny-Exercises_tmp_tmpjm75muf__Session2Exercises_ExercisePositive.dfy,smtlib,vampire,monomorphic,VERIFICATION_TIMED_OUT,15800,4
ground_truth,Dafny-Exercises_tmp_tmpjm75muf__Session2Exercises_ExercisePositive.dfy,smtlib,vampire,predicates,VERIFICATION_TIMED_OUT,15664,4
ground_truth,Dafny-Exercises_tmp_tmpjm75muf__Session2Exercises_ExercisePositive.dfy,smtlib,vampire,arguments,VERIFICATION_TIMED_OUT,15642,4
ground_truth,Dafny-Exercises_tmp_tmpjm75muf__Session2Exercises_ExercisePositive.dfy,smtlib,z3,monomorphic,VERIFIED,1621,0
ground_truth,Dafny-Exercises_tmp_tmpjm75muf__Session2Exercises_ExercisePositive.dfy,smtlib,z3,predicates,VERIFIED,1587,0
ground_truth,Dafny-Exercises_tmp_tmpjm75muf__Session2Exercises_ExercisePositive.dfy,smtlib,z3,arguments,VERIFIED,1577,0
ground_truth,Clover_seq_to_array.dfy,tptp,vampire,polymorphic,VERIFICATION_TIMED_OUT,15297,4
ground_truth,Clover_seq_to_array.dfy,tptp,vampire,monomorphic,VERIFICATION_TIMED_OUT,15387,4
ground_truth,Clover_seq_to_array.dfy,tptp,vampire,predicates,VERIFICATION_TIMED_OUT,15360,4
ground_truth,Clover_seq_to_array.dfy,tptp,vampire,arguments,VERIFIED,4951,0
ground_truth,Clover_seq_to_array.dfy,smtlib,vampire,monomorphic,VERIFIED,5466,0
ground_truth,Clover_seq_to_array.dfy,smtlib,vampire,predicates,VERIFICATION_TIMED_OUT,15222,4
ground_truth,Clover_seq_to_array.dfy,smtlib,vampire,arguments,VERIFIED,5238,0
ground_truth,Clover_seq_to_array.dfy,smtlib,z3,monomorphic,VERIFIED,1444,0
ground_truth,Clover_seq_to_array.dfy,smtlib,z3,predicates,VERIFIED,1410,0
ground_truth,Clover_seq_to_array.dfy,smtlib,z3,arguments,VERIFIED,1396,0
ground_truth,formal_verication_dafny_tmp_tmpwgl2qz28_Challenges_ex1.dfy,tptp,vampire,polymorphic,VERIFICATION_TIMED_OUT,15440,4
ground_truth,formal_verication_dafny_tmp_tmpwgl2qz28_Challenges_ex1.dfy,tptp,vampire,monomorphic,VERIFICATION_TIMED_OUT,15557,4
ground_truth,formal_verication_dafny_tmp_tmpwgl2qz28_Challenges_ex1.dfy,tptp,vampire,predicates,VERIFICATION_TIMED_OUT,15457,4
ground_truth,formal_verication_dafny_tmp_tmpwgl2qz28_Challenges_ex1.dfy,tptp,vampire,arguments,VERIFICATION_TIMED_OUT,15437,4
ground_truth,formal_verication_dafny_tmp_tmpwgl2qz28_Challenges_ex1.dfy,smtlib,vampire,monomorphic,VERIFIED,3620,0
ground_truth,formal_verication_dafny_tmp_tmpwgl2qz28_Challenges_ex1.dfy,smtlib,vampire,predicates,VERIFICATION_TIMED_OUT,15315,4
ground_truth,formal_verication_dafny_tmp_tmpwgl2qz28_Challenges_ex1.dfy,smtlib,vampire,arguments,VERIFICATION_TIMED_OUT,15389,4
ground_truth,formal_verication_dafny_tmp_tmpwgl2qz28_Challenges_ex1.dfy,smtlib,z3,monomorphic,VERIFIED,1607,0
ground_truth,formal_verication_dafny_tmp_tmpwgl2qz28_Challenges_ex1.dfy,smtlib,z3,predicates,VERIFIED,1612,0
ground_truth,formal_verication_dafny_tmp_tmpwgl2qz28_Challenges_ex1.dfy,smtlib,z3,arguments,VERIFIED,1573,0
ground_truth,MIEIC_mfes_tmp_tmpq3ho7nve_exams_mt2_19_p4.dfy,tptp,vampire,polymorphic,VERIFICATION_TIMED_OUT,15344,4
ground_truth,MIEIC_mfes_tmp_tmpq3ho7nve_exams_mt2_19_p4.dfy,tptp,vampire,monomorphic,VERIFICATION_TIMED_OUT,15349,4
ground_truth,MIEIC_mfes_tmp_tmpq3ho7nve_exams_mt2_19_p4.dfy,tptp,vampire,predicates,VERIFICATION_TIMED_OUT,15348,4
ground_truth,MIEIC_mfes_tmp_tmpq3ho7nve_exams_mt2_19_p4.dfy,tptp,vampire,arguments,VERIFICATION_TIMED_OUT,15296,4
ground_truth,MIEIC_mfes_tmp_tmpq3ho7nve_exams_mt2_19_p4.dfy,smtlib,vampire,monomorphic,VERIFICATION_TIMED_OUT,15365,4
ground_truth,MIEIC_mfes_tmp_tmpq3ho7nve_exams_mt2_19_p4.dfy,smtlib,vampire,predicates,VERIFICATION_TIMED_OUT,15222,4
ground_truth,MIEIC_mfes_tmp_tmpq3ho7nve_exams_mt2_19_p4.dfy,smtlib,vampire,arguments,VERIFICATION_TIMED_OUT,15304,4
ground_truth,MIEIC_mfes_tmp_tmpq3ho7nve_exams_mt2_19_p4.dfy,smtlib,z3,monomorphic,VERIFIED,1485,0
ground_truth,MIEIC_mfes_tmp_tmpq3ho7nve_exams_mt2_19_p4.dfy,smtlib,z3,predicates,VERIFIED,1408,0
ground_truth,MIEIC_mfes_tmp_tmpq3ho7nve_exams_mt2_19_p4.dfy,smtlib,z3,arguments,VERIFIED,1409,0
ground_truth,Dafny_Learning_Experience_tmp_tmpuxvcet_u_week1_7_week4_tute_ex4.dfy,tptp,vampire,polymorphic,VERIFICATION_TIMED_OUT,15714,4
ground_truth,Dafny_Learning_Experience_tmp_tmpuxvcet_u_week1_7_week4_tute_ex4.dfy,tptp,vampire,monomorphic,VERIFICATION_TIMED_OUT,15893,4
ground_truth,Dafny_Learning_Experience_tmp_tmpuxvcet_u_week1_7_week4_tute_ex4.dfy,tptp,vampire,predicates,VERIFICATION_TIMED_OUT,16575,4
ground_truth,Dafny_Learning_Experience_tmp_tmpuxvcet_u_week1_7_week4_tute_ex4.dfy,tptp,vampire,arguments,VERIFICATION_TIMED_OUT,15772,4
ground_truth,Dafny_Learning_Experience_tmp_tmpuxvcet_u_week1_7_week4_tute_ex4.dfy,smtlib,vampire,monomorphic,VERIFIED,3817,0
ground_truth,Dafny_Learning_Experience_tmp_tmpuxvcet_u_week1_7_week4_tute_ex4.dfy,smtlib,vampire,predicates,VERIFICATION_TIMED_OUT,17334,4
ground_truth,Dafny_Learning_Experience_tmp_tmpuxvcet_u_week1_7_week4_tute_ex4.dfy,smtlib,vampire,arguments,VERIFICATION_TIMED_OUT,15717,4
ground_truth,Dafny_Learning_Experience_tmp_tmpuxvcet_u_week1_7_week4_tute_ex4.dfy,smtlib,z3,monomorphic,VERIFIED,1712,0
ground_truth,Dafny_Learning_Experience_tmp_tmpuxvcet_u_week1_7_week4_tute_ex4.dfy,smtlib,z3,predicates,VERIFIED,1677,0
ground_truth,Dafny_Learning_Experience_tmp_tmpuxvcet_u_week1_7_week4_tute_ex4.dfy,smtlib,z3,arguments,VERIFIED,1657,0
ground_truth,VerifiedMergeSortDafny_tmp_tmpva7qms1b_MergeSort.dfy,tptp,vampire,polymorphic,VERIFICATION_TIMED_OUT,15553,4
ground_truth,VerifiedMergeSortDafny_tmp_tmpva7qms1b_MergeSort.dfy,tptp,vampire,monomorphic,VERIFICATION_TIMED_OUT,15632,4
ground_truth,VerifiedMergeSortDafny_tmp_tmpva7qms1b_MergeSort.dfy,tptp,vampire,predicates,VERIFICATION_TIMED_OUT,16317,4
ground_truth,VerifiedMergeSortDafny_tmp_tmpva7qms1b_MergeSort.dfy,tptp,vampire,arguments,VERIFIED,3649,0
ground_truth,VerifiedMergeSortDafny_tmp_tmpva7qms1b_MergeSort.dfy,smtlib,vampire,monomorphic,VERIFICATION_TIMED_OUT,15587,4
ground_truth,VerifiedMergeSortDafny_tmp_tmpva7qms1b_MergeSort.dfy,smtlib,vampire,predicates,VERIFICATION_TIMED_OUT,15452,4
ground_truth,VerifiedMergeSortDafny_tmp_tmpva7qms1b_MergeSort.dfy,smtlib,vampire,arguments,VERIFICATION_TIMED_OUT,15446,4
ground_truth,VerifiedMergeSortDafny_tmp_tmpva7qms1b_MergeSort.dfy,smtlib,z3,monomorphic,VERIFIED,1784,0
ground_truth,VerifiedMergeSortDafny_tmp_tmpva7qms1b_MergeSort.dfy,smtlib,z3,predicates,VERIFIED,1716,0
ground_truth,VerifiedMergeSortDafny_tmp_tmpva7qms1b_MergeSort.dfy,smtlib,z3,arguments,VERIFIED,1732,0
ground_truth,Program-Verification-Dataset_tmp_tmpgbdrlnu__Dafny_advanced examples_Refinement.dfy,tptp,vampire,polymorphic,VERIFIED,1786,0
ground_truth,Program-Verification-Dataset_tmp_tmpgbdrlnu__Dafny_advanced examples_Refinement.dfy,tptp,vampire,monomorphic,VERIFIED,2139,0
ground_truth,Program-Verification-Dataset_tmp_tmpgbdrlnu__Dafny_advanced examples_Refinement.dfy,tptp,vampire,predicates,VERIFICATION_TIMED_OUT,29583,4
ground_truth,Program-Verification-Dataset_tmp_tmpgbdrlnu__Dafny_advanced examples_Refinement.dfy,tptp,vampire,arguments,VERIFICATION_TIMED_OUT,29574,4
ground_truth,Program-Verification-Dataset_tmp_tmpgbdrlnu__Dafny_advanced examples_Refinement.dfy,smtlib,vampire,monomorphic,VERIFIED,2026,0
ground_truth,Program-Verification-Dataset_tmp_tmpgbdrlnu__Dafny_advanced examples_Refinement.dfy,smtlib,vampire,predicates,VERIFIED,1806,0
ground_truth,Program-Verification-Dataset_tmp_tmpgbdrlnu__Dafny_advanced examples_Refinement.dfy,smtlib,vampire,arguments,VERIFIED,1736,0
ground_truth,Program-Verification-Dataset_tmp_tmpgbdrlnu__Dafny_advanced examples_Refinement.dfy,smtlib,z3,monomorphic,VERIFIED,1798,0
ground_truth,Program-Verification-Dataset_tmp_tmpgbdrlnu__Dafny_advanced examples_Refinement.dfy,smtlib,z3,predicates,VERIFIED,1601,0
ground_truth,Program-Verification-Dataset_tmp_tmpgbdrlnu__Dafny_advanced examples_Refinement.dfy,smtlib,z3,arguments,VERIFIED,1565,0
ground_truth,Clover_count_lessthan.dfy,tptp,vampire,polymorphic,VERIFICATION_TIMED_OUT,15342,4
ground_truth,Clover_count_lessthan.dfy,tptp,vampire,monomorphic,VERIFICATION_TIMED_OUT,15480,4
ground_truth,Clover_count_lessthan.dfy,tptp,vampire,predicates,VERIFICATION_TIMED_OUT,15410,4
ground_truth,Clover_count_lessthan.dfy,tptp,vampire,arguments,VERIFICATION_TIMED_OUT,15446,4
ground_truth,Clover_count_lessthan.dfy,smtlib,vampire,monomorphic,VERIFICATION_TIMED_OUT,15394,4
ground_truth,Clover_count_lessthan.dfy,smtlib,vampire,predicates,VERIFICATION_TIMED_OUT,15323,4
ground_truth,Clover_count_lessthan.dfy,smtlib,vampire,arguments,VERIFIED,3325,0
ground_truth,Clover_count_lessthan.dfy,smtlib,z3,monomorphic,VERIFIED,1927,0
ground_truth,Clover_count_lessthan.dfy,smtlib,z3,predicates,VERIFIED,2445,0
ground_truth,Clover_count_lessthan.dfy,smtlib,z3,arguments,VERIFIED,2075,0
ground_truth,Dafny_Verify_tmp_tmphq7j0row_dataset_C_convert_examples_01.dfy,tptp,vampire,polymorphic,VERIFIED,1374,0
ground_truth,Dafny_Verify_tmp_tmphq7j0row_dataset_C_convert_examples_01.dfy,tptp,vampire,monomorphic,VERIFIED,1451,0
ground_truth,Dafny_Verify_tmp_tmphq7j0row_dataset_C_convert_examples_01.dfy,tptp,vampire,predicates,VERIFIED,1427,0
ground_truth,Dafny_Verify_tmp_tmphq7j0row_dataset_C_convert_examples_01.dfy,tptp,vampire,arguments,VERIFIED,1884,0
ground_truth,Dafny_Verify_tmp_tmphq7j0row_dataset_C_convert_examples_01.dfy,smtlib,vampire,monomorphic,VERIFIED,1640,0
ground_truth,Dafny_Verify_tmp_tmphq7j0row_dataset_C_convert_examples_01.dfy,smtlib,vampire,predicates,VERIFIED,1627,0
ground_truth,Dafny_Verify_tmp_tmphq7j0row_dataset_C_convert_examples_01.dfy,smtlib,vampire,arguments,VERIFIED,1453,0
ground_truth,Dafny_Verify_tmp_tmphq7j0row_dataset_C_convert_examples_01.dfy,smtlib,z3,monomorphic,VERIFIED,1657,0
ground_truth,Dafny_Verify_tmp_tmphq7j0row_dataset_C_convert_examples_01.dfy,smtlib,z3,predicates,VERIFIED,1439,0
ground_truth,Dafny_Verify_tmp_tmphq7j0row_dataset_C_convert_examples_01.dfy,smtlib,z3,arguments,VERIFIED,1563,0
ground_truth,Dafny-Exercises_tmp_tmpjm75muf__Session6Exercises_ExerciseCountMin.dfy,tptp,vampire,polymorphic,VERIFICATION_TIMED_OUT,15761,4
ground_truth,Dafny-Exercises_tmp_tmpjm75muf__Session6Exercises_ExerciseCountMin.dfy,tptp,vampire,monomorphic,VERIFICATION_TIMED_OUT,15586,4
ground_truth,Dafny-Exercises_tmp_tmpjm75muf__Session6Exercises_ExerciseCountMin.dfy,tptp,vampire,predicates,VERIFICATION_TIMED_OUT,15483,4
ground_truth,Dafny-Exercises_tmp_tmpjm75muf__Session6Exercises_ExerciseCountMin.dfy,tptp,vampire,arguments,VERIFICATION_TIMED_OUT,15496,4
ground_truth,Dafny-Exercises_tmp_tmpjm75muf__Session6Exercises_ExerciseCountMin.dfy,smtlib,vampire,monomorphic,VERIFICATION_TIMED_OUT,15503,4
ground_truth,Dafny-Exercises_tmp_tmpjm75muf__Session6Exercises_ExerciseCountMin.dfy,smtlib,vampire,predicates,VERIFICATION_TIMED_OUT,15423,4
ground_truth,Dafny-Exercises_tmp_tmpjm75muf__Session6Exercises_ExerciseCountMin.dfy,smtlib,vampire,arguments,VERIFICATION_TIMED_OUT,15385,4
ground_truth,Dafny-Exercises_tmp_tmpjm75muf__Session6Exercises_ExerciseCountMin.dfy,smtlib,z3,monomorphic,VERIFIED,1621,0
ground_truth,Dafny-Exercises_tmp_tmpjm75muf__Session6Exercises_ExerciseCountMin.dfy,smtlib,z3,predicates,VERIFIED,1567,0
ground_truth,Dafny-Exercises_tmp_tmpjm75muf__Session6Exercises_ExerciseCountMin.dfy,smtlib,z3,arguments,VERIFIED,1543,0
ground_truth,Program-Verification-Dataset_tmp_tmpgbdrlnu__Dafny_from dafny main repo_dafny3_CalcExample.dfy,tptp,vampire,polymorphic,VERIFIED,1474,0
ground_truth,Program-Verification-Dataset_tmp_tmpgbdrlnu__Dafny_from dafny main repo_dafny3_CalcExample.dfy,tptp,vampire,monomorphic,VERIFIED,1597,0
ground_truth,Program-Verification-Dataset_tmp_tmpgbdrlnu__Dafny_from dafny main repo_dafny3_CalcExample.dfy,tptp,vampire,predicates,VERIFIED,1514,0
ground_truth,Program-Verification-Dataset_tmp_tmpgbdrlnu__Dafny_from dafny main repo_dafny3_CalcExample.dfy,tptp,vampire,arguments,VERIFIED,1519,0
ground_truth,Program-Verification-Dataset_tmp_tmpgbdrlnu__Dafny_from dafny main repo_dafny3_CalcExample.dfy,smtlib,vampire,monomorphic,VERIFIED,1523,0
ground_truth,Program-Verification-Dataset_tmp_tmpgbdrlnu__Dafny_from dafny main repo_dafny3_CalcExample.dfy,smtlib,vampire,predicates,VERIFIED,1453,0
ground_truth,Program-Verification-Dataset_tmp_tmpgbdrlnu__Dafny_from dafny main repo_dafny3_CalcExample.dfy,smtlib,vampire,arguments,VERIFIED,1460,0
ground_truth,Program-Verification-Dataset_tmp_tmpgbdrlnu__Dafny_from dafny main repo_dafny3_CalcExample.dfy,smtlib,z3,monomorphic,VERIFIED,1501,0
ground_truth,Program-Verification-Dataset_tmp_tmpgbdrlnu__Dafny_from dafny main repo_dafny3_CalcExample.dfy,smtlib,z3,predicates,VERIFIED,1434,0
ground_truth,Program-Verification-Dataset_tmp_tmpgbdrlnu__Dafny_from dafny main repo_dafny3_CalcExample.dfy,smtlib,z3,arguments,VERIFIED,1456,0
ground_truth,Program-Verification-Dataset_tmp_tmpgbdrlnu__Dafny_verified algorithms_lol_sort.dfy,tptp,vampire,polymorphic,VERIFICATION_TIMED_OUT,15593,4
ground_truth,Program-Verification-Dataset_tmp_tmpgbdrlnu__Dafny_verified algorithms_lol_sort.dfy,tptp,vampire,monomorphic,VERIFICATION_TIMED_OUT,15688,4
ground_truth,Program-Verification-Dataset_tmp_tmpgbdrlnu__Dafny_verified algorithms_lol_sort.dfy,tptp,vampire,predicates,VERIFICATION_TIMED_OUT,15707,4
ground_truth,Program-Verification-Dataset_tmp_tmpgbdrlnu__Dafny_verified algorithms_lol_sort.dfy,tptp,vampire,arguments,VERIFICATION_TIMED_OUT,16865,4
ground_truth,Program-Verification-Dataset_tmp_tmpgbdrlnu__Dafny_verified algorithms_lol_sort.dfy,smtlib,vampire,monomorphic,VERIFICATION_TIMED_OUT,15673,4
ground_truth,Program-Verification-Dataset_tmp_tmpgbdrlnu__Dafny_verified algorithms_lol_sort.dfy,smtlib,vampire,predicates,VERIFICATION_TIMED_OUT,15788,4
ground_truth,Program-Verification-Dataset_tmp_tmpgbdrlnu__Dafny_verified algorithms_lol_sort.dfy,smtlib,vampire,arguments,VERIFICATION_TIMED_OUT,15539,4
ground_truth,Program-Verification-Dataset_tmp_tmpgbdrlnu__Dafny_verified algorithms_lol_sort.dfy,smtlib,z3,monomorphic,VERIFIED,2283,0
ground_truth,Program-Verification-Dataset_tmp_tmpgbdrlnu__Dafny_verified algorithms_lol_sort.dfy,smtlib,z3,predicates,NOT_VERIFIED,1829,4
ground_truth,Program-Verification-Dataset_tmp_tmpgbdrlnu__Dafny_verified algorithms_lol_sort.dfy,smtlib,z3,arguments,VERIFIED,2142,0
ground_truth,Dafny-Exercises_tmp_tmpjm75muf__Session4Exercises_ExerciseAllEqual.dfy,tptp,vampire,polymorphic,VERIFICATION_TIMED_OUT,29724,4
ground_truth,Dafny-Exercises_tmp_tmpjm75muf__Session4Exercises_ExerciseAllEqual.dfy,tptp,vampire,monomorphic,VERIFICATION_TIMED_OUT,29785,4
ground_truth,Dafny-Exercises_tmp_tmpjm75muf__Session4Exercises_ExerciseAllEqual.dfy,tptp,vampire,predicates,VERIFICATION_TIMED_OUT,43786,4
ground_truth,Dafny-Exercises_tmp_tmpjm75muf__Session4Exercises_ExerciseAllEqual.dfy,tptp,vampire,arguments,VERIFICATION_TIMED_OUT,29738,4
ground_truth,Dafny-Exercises_tmp_tmpjm75muf__Session4Exercises_ExerciseAllEqual.dfy,smtlib,vampire,monomorphic,VERIFICATION_TIMED_OUT,29775,4
ground_truth,Dafny-Exercises_tmp_tmpjm75muf__Session4Exercises_ExerciseAllEqual.dfy,smtlib,vampire,predicates,VERIFICATION_TIMED_OUT,29780,4
ground_truth,Dafny-Exercises_tmp_tmpjm75muf__Session4Exercises_ExerciseAllEqual.dfy,smtlib,vampire,arguments,VERIFICATION_TIMED_OUT,29583,4
ground_truth,Dafny-Exercises_tmp_tmpjm75muf__Session4Exercises_ExerciseAllEqual.dfy,smtlib,z3,monomorphic,VERIFIED,1782,0
ground_truth,Dafny-Exercises_tmp_tmpjm75muf__Session4Exercises_ExerciseAllEqual.dfy,smtlib,z3,predicates,VERIFIED,1805,0
ground_truth,Dafny-Exercises_tmp_tmpjm75muf__Session4Exercises_ExerciseAllEqual.dfy,smtlib,z3,arguments,VERIFIED,1755,0
ground_truth,Dafny_Learning_Experience_tmp_tmpuxvcet_u_week1_7_week5_ComputePower.dfy,tptp,vampire,polymorphic,VERIFICATION_TIMED_OUT,15528,4
ground_truth,Dafny_Learning_Experience_tmp_tmpuxvcet_u_week1_7_week5_ComputePower.dfy,tptp,vampire,monomorphic,VERIFICATION_TIMED_OUT,15437,4
ground_truth,Dafny_Learning_Experience_tmp_tmpuxvcet_u_week1_7_week5_ComputePower.dfy,tptp,vampire,predicates,VERIFICATION_TIMED_OUT,15337,4
ground_truth,Dafny_Learning_Experience_tmp_tmpuxvcet_u_week1_7_week5_ComputePower.dfy,tptp,vampire,arguments,VERIFICATION_TIMED_OUT,15312,4
ground_truth,Dafny_Learning_Experience_tmp_tmpuxvcet_u_week1_7_week5_ComputePower.dfy,smtlib,vampire,monomorphic,VERIFICATION_TIMED_OUT,15355,4
ground_truth,Dafny_Learning_Experience_tmp_tmpuxvcet_u_week1_7_week5_ComputePower.dfy,smtlib,vampire,predicates,VERIFICATION_TIMED_OUT,15281,4
ground_truth,Dafny_Learning_Experience_tmp_tmpuxvcet_u_week1_7_week5_ComputePower.dfy,smtlib,vampire,arguments,VERIFICATION_TIMED_OUT,15312,4
ground_truth,Dafny_Learning_Experience_tmp_tmpuxvcet_u_week1_7_week5_ComputePower.dfy,smtlib,z3,monomorphic,VERIFIED,1490,0
ground_truth,Dafny_Learning_Experience_tmp_tmpuxvcet_u_week1_7_week5_ComputePower.dfy,smtlib,z3,predicates,VERIFIED,1428,0
ground_truth,Dafny_Learning_Experience_tmp_tmpuxvcet_u_week1_7_week5_ComputePower.dfy,smtlib,z3,arguments,VERIFIED,1424,0
ground_truth,Metodos_Formais_tmp_tmpbez22nnn_Aula_4_ex3.dfy,tptp,vampire,polymorphic,VERIFICATION_TIMED_OUT,15349,4
ground_truth,Metodos_Formais_tmp_tmpbez22nnn_Aula_4_ex3.dfy,tptp,vampire,monomorphic,VERIFICATION_TIMED_OUT,15464,4
ground_truth,Metodos_Formais_tmp_tmpbez22nnn_Aula_4_ex3.dfy,tptp,vampire,predicates,VERIFICATION_TIMED_OUT,15443,4
ground_truth,Metodos_Formais_tmp_tmpbez22nnn_Aula_4_ex3.dfy,tptp,vampire,arguments,VERIFICATION_TIMED_OUT,15405,4
ground_truth,Metodos_Formais_tmp_tmpbez22nnn_Aula_4_ex3.dfy,smtlib,vampire,monomorphic,VERIFICATION_TIMED_OUT,15406,4
ground_truth,Metodos_Formais_tmp_tmpbez22nnn_Aula_4_ex3.dfy,smtlib,vampire,predicates,VERIFICATION_TIMED_OUT,15330,4
ground_truth,Metodos_Formais_tmp_tmpbez22nnn_Aula_4_ex3.dfy,smtlib,vampire,arguments,VERIFICATION_TIMED_OUT,15279,4
ground_truth,Metodos_Formais_tmp_tmpbez22nnn_Aula_4_ex3.dfy,smtlib,z3,monomorphic,VERIFIED,1481,0
ground_truth,Metodos_Formais_tmp_tmpbez22nnn_Aula_4_ex3.dfy,smtlib,z3,predicates,VERIFIED,1471,0
ground_truth,Metodos_Formais_tmp_tmpbez22nnn_Aula_4_ex3.dfy,smtlib,z3,arguments,VERIFIED,1432,0
ground_truth,Programmverifikation-und-synthese_tmp_tmppurk6ime_PVS_Assignment_ex_06_Hoangkim_ex_06_hoangkim.dfy,tptp,vampire,polymorphic,VERIFIED,3185,0
ground_truth,Programmverifikation-und-synthese_tmp_tmppurk6ime_PVS_Assignment_ex_06_Hoangkim_ex_06_hoangkim.dfy,tptp,vampire,monomorphic,VERIFIED,3338,0
ground_truth,Programmverifikation-und-synthese_tmp_tmppurk6ime_PVS_Assignment_ex_06_Hoangkim_ex_06_hoangkim.dfy,tptp,vampire,predicates,VERIFICATION_TIMED_OUT,15381,4
ground_truth,Programmverifikation-und-synthese_tmp_tmppurk6ime_PVS_Assignment_ex_06_Hoangkim_ex_06_hoangkim.dfy,tptp,vampire,arguments,VERIFIED,3393,0
ground_truth,Programmverifikation-und-synthese_tmp_tmppurk6ime_PVS_Assignment_ex_06_Hoangkim_ex_06_hoangkim.dfy,smtlib,vampire,monomorphic,VERIFIED,2913,0
ground_truth,Programmverifikation-und-synthese_tmp_tmppurk6ime_PVS_Assignment_ex_06_Hoangkim_ex_06_hoangkim.dfy,smtlib,vampire,predicates,VERIFICATION_TIMED_OUT,15265,4
ground_truth,Programmverifikation-und-synthese_tmp_tmppurk6ime_PVS_Assignment_ex_06_Hoangkim_ex_06_hoangkim.dfy,smtlib,vampire,arguments,VERIFIED,3562,0
ground_truth,Programmverifikation-und-synthese_tmp_tmppurk6ime_PVS_Assignment_ex_06_Hoangkim_ex_06_hoangkim.dfy,smtlib,z3,monomorphic,VERIFIED,1497,0
ground_truth,Programmverifikation-und-synthese_tmp_tmppurk6ime_PVS_Assignment_ex_06_Hoangkim_ex_06_hoangkim.dfy,smtlib,z3,predicates,VERIFIED,1432,0
ground_truth,Programmverifikation-und-synthese_tmp_tmppurk6ime_PVS_Assignment_ex_06_Hoangkim_ex_06_hoangkim.dfy,smtlib,z3,arguments,VERIFIED,1450,0
ground_truth,Clover_triple2.dfy,tptp,vampire,polymorphic,VERIFIED,1634,0
ground_truth,Clover_triple2.dfy,tptp,vampire,monomorphic,VERIFIED,2132,0
ground_truth,Clover_triple2.dfy,tptp,vampire,predicates,VERIFIED,1463,0
ground_truth,Clover_triple2.dfy,tptp,vampire,arguments,VERIFIED,1478,0
ground_truth,Clover_triple2.dfy,smtlib,vampire,monomorphic,VERIFIED,1372,0
ground_truth,Clover_triple2.dfy,smtlib,vampire,predicates,VERIFIED,1609,0
ground_truth,Clover_triple2.dfy,smtlib,vampire,arguments,VERIFIED,1580,0
ground_truth,Clover_triple2.dfy,smtlib,z3,monomorphic,VERIFIED,1338,0
ground_truth,Clover_triple2.dfy,smtlib,z3,predicates,VERIFIED,1274,0
ground_truth,Clover_triple2.dfy,smtlib,z3,arguments,VERIFIED,1280,0
ground_truth,metodosFormais_tmp_tmp4q2kmya4_T1-MetodosFormais_examples_somatoriov2.dfy,tptp,vampire,polymorphic,VERIFICATION_TIMED_OUT,15332,4
ground_truth,metodosFormais_tmp_tmp4q2kmya4_T1-MetodosFormais_examples_somatoriov2.dfy,tptp,vampire,monomorphic,VERIFICATION_TIMED_OUT,15503,4
ground_truth,metodosFormais_tmp_tmp4q2kmya4_T1-MetodosFormais_examples_somatoriov2.dfy,tptp,vampire,predicates,VERIFICATION_TIMED_OUT,15448,4
ground_truth,metodosFormais_tmp_tmp4q2kmya4_T1-MetodosFormais_examples_somatoriov2.dfy,tptp,vampire,arguments,VERIFICATION_TIMED_OUT,15341,4
ground_truth,metodosFormais_tmp_tmp4q2kmya4_T1-MetodosFormais_examples_somatoriov2.dfy,smtlib,vampire,monomorphic,VERIFIED,3917,0
ground_truth,metodosFormais_tmp_tmp4q2kmya4_T1-MetodosFormais_examples_somatoriov2.dfy,smtlib,vampire,predicates,VERIFICATION_TIMED_OUT,15355,4
ground_truth,metodosFormais_tmp_tmp4q2kmya4_T1-MetodosFormais_examples_somatoriov2.dfy,smtlib,vampire,arguments,VERIFICATION_TIMED_OUT,15306,4
ground_truth,metodosFormais_tmp_tmp4q2kmya4_T1-MetodosFormais_examples_somatoriov2.dfy,smtlib,z3,monomorphic,VERIFIED,1501,0
ground_truth,metodosFormais_tmp_tmp4q2kmya4_T1-MetodosFormais_examples_somatoriov2.dfy,smtlib,z3,predicates,VERIFIED,1476,0
ground_truth,metodosFormais_tmp_tmp4q2kmya4_T1-MetodosFormais_examples_somatoriov2.dfy,smtlib,z3,arguments,VERIFIED,1453,0
ground_truth,Programmverifikation-und-synthese_tmp_tmppurk6ime_PVS_Assignment_ex_07_Hoangkim_ex07_Hoangkim.dfy,tptp,vampire,polymorphic,VERIFICATION_TIMED_OUT,15623,4
ground_truth,Programmverifikation-und-synthese_tmp_tmppurk6ime_PVS_Assignment_ex_07_Hoangkim_ex07_Hoangkim.dfy,tptp,vampire,monomorphic,VERIFICATION_TIMED_OUT,15687,4
ground_truth,Programmverifikation-und-synthese_tmp_tmppurk6ime_PVS_Assignment_ex_07_Hoangkim_ex07_Hoangkim.dfy,tptp,vampire,predicates,VERIFICATION_TIMED_OUT,15691,4
ground_truth,Programmverifikation-und-synthese_tmp_tmppurk6ime_PVS_Assignment_ex_07_Hoangkim_ex07_Hoangkim.dfy,tptp,vampire,arguments,VERIFICATION_TIMED_OUT,15677,4
ground_truth,Programmverifikation-und-synthese_tmp_tmppurk6ime_PVS_Assignment_ex_07_Hoangkim_ex07_Hoangkim.dfy,smtlib,vampire,monomorphic,VERIFIED,3959,0
ground_truth,Programmverifikation-und-synthese_tmp_tmppurk6ime_PVS_Assignment_ex_07_Hoangkim_ex07_Hoangkim.dfy,smtlib,vampire,predicates,VERIFICATION_TIMED_OUT,15601,4
ground_truth,Programmverifikation-und-synthese_tmp_tmppurk6ime_PVS_Assignment_ex_07_Hoangkim_ex07_Hoangkim.dfy,smtlib,vampire,arguments,VERIFICATION_TIMED_OUT,15574,4
ground_truth,Programmverifikation-und-synthese_tmp_tmppurk6ime_PVS_Assignment_ex_07_Hoangkim_ex07_Hoangkim.dfy,smtlib,z3,monomorphic,VERIFIED,1688,0
ground_truth,Programmverifikation-und-synthese_tmp_tmppurk6ime_PVS_Assignment_ex_07_Hoangkim_ex07_Hoangkim.dfy,smtlib,z3,predicates,VERIFIED,1661,0
ground_truth,Programmverifikation-und-synthese_tmp_tmppurk6ime_PVS_Assignment_ex_07_Hoangkim_ex07_Hoangkim.dfy,smtlib,z3,arguments,VERIFIED,1622,0
ground_truth,circular-queue-implemetation_tmp_tmpnulfdc9l_Queue.dfy,tptp,vampire,polymorphic,VERIFICATION_TIMED_OUT,30768,4
ground_truth,circular-queue-implemetation_tmp_tmpnulfdc9l_Queue.dfy,tptp,vampire,monomorphic,VERIFICATION_TIMED_OUT,31831,4
ground_truth,circular-queue-implemetation_tmp_tmpnulfdc9l_Queue.dfy,tptp,vampire,predicates,VERIFICATION_TIMED_OUT,44625,4
ground_truth,circular-queue-implemetation_tmp_tmpnulfdc9l_Queue.dfy,tptp,vampire,arguments,VERIFICATION_TIMED_OUT,35708,4
ground_truth,circular-queue-implemetation_tmp_tmpnulfdc9l_Queue.dfy,smtlib,vampire,monomorphic,VERIFICATION_TIMED_OUT,31534,4
ground_truth,circular-queue-implemetation_tmp_tmpnulfdc9l_Queue.dfy,smtlib,vampire,predicates,VERIFICATION_TIMED_OUT,43604,4
ground_truth,circular-queue-implemetation_tmp_tmpnulfdc9l_Queue.dfy,smtlib,vampire,arguments,VERIFICATION_TIMED_OUT,31424,4
ground_truth,circular-queue-implemetation_tmp_tmpnulfdc9l_Queue.dfy,smtlib,z3,monomorphic,VERIFIED,2331,0
ground_truth,circular-queue-implemetation_tmp_tmpnulfdc9l_Queue.dfy,smtlib,z3,predicates,VERIFIED,2533,0
ground_truth,circular-queue-implemetation_tmp_tmpnulfdc9l_Queue.dfy,smtlib,z3,arguments,VERIFIED,2526,0
ground_truth,dafny-synthesis_task_id_435.dfy,tptp,vampire,polymorphic,VERIFIED,1318,0
ground_truth,dafny-synthesis_task_id_435.dfy,tptp,vampire,monomorphic,VERIFIED,1402,0
ground_truth,dafny-synthesis_task_id_435.dfy,tptp,vampire,predicates,VERIFIED,1357,0
ground_truth,dafny-synthesis_task_id_435.dfy,tptp,vampire,arguments,VERIFIED,1349,0
ground_truth,dafny-synthesis_task_id_435.dfy,smtlib,vampire,monomorphic,VERIFIED,1320,0
ground_truth,dafny-synthesis_task_id_435.dfy,smtlib,vampire,predicates,VERIFIED,1279,0
ground_truth,dafny-synthesis_task_id_435.dfy,smtlib,vampire,arguments,VERIFIED,1260,0
ground_truth,dafny-synthesis_task_id_435.dfy,smtlib,z3,monomorphic,VERIFIED,1348,0
ground_truth,dafny-synthesis_task_id_435.dfy,smtlib,z3,predicates,VERIFIED,1279,0
ground_truth,dafny-synthesis_task_id_435.dfy,smtlib,z3,arguments,VERIFIED,1264,0
ground_truth,dafny-programs_tmp_tmpcwodh6qh_src_ticketsystem.dfy,tptp,vampire,polymorphic,VERIFICATION_TIMED_OUT,17091,4
ground_truth,dafny-programs_tmp_tmpcwodh6qh_src_ticketsystem.dfy,tptp,vampire,monomorphic,VERIFICATION_TIMED_OUT,16909,4
ground_truth,dafny-programs_tmp_tmpcwodh6qh_src_ticketsystem.dfy,tptp,vampire,predicates,VERIFICATION_TIMED_OUT,43539,4
ground_truth,dafny-programs_tmp_tmpcwodh6qh_src_ticketsystem.dfy,tptp,vampire,arguments,VERIFICATION_TIMED_OUT,16252,4
ground_truth,dafny-programs_tmp_tmpcwodh6qh_src_ticketsystem.dfy,smtlib,vampire,monomorphic,VERIFICATION_TIMED_OUT,17017,4
ground_truth,dafny-programs_tmp_tmpcwodh6qh_src_ticketsystem.dfy,smtlib,vampire,predicates,VERIFICATION_TIMED_OUT,43404,4
ground_truth,dafny-programs_tmp_tmpcwodh6qh_src_ticketsystem.dfy,smtlib,vampire,arguments,VERIFICATION_TIMED_OUT,16768,4
ground_truth,dafny-programs_tmp_tmpcwodh6qh_src_ticketsystem.dfy,smtlib,z3,monomorphic,VERIFIED,1872,0
ground_truth,dafny-programs_tmp_tmpcwodh6qh_src_ticketsystem.dfy,smtlib,z3,predicates,VERIFIED,1813,0
ground_truth,dafny-programs_tmp_tmpcwodh6qh_src_ticketsystem.dfy,smtlib,z3,arguments,VERIFIED,1785,0
ground_truth,dafny_tmp_tmp59p638nn_examples_GenericSelectionSort.dfy,tptp,vampire,polymorphic,VERIFICATION_TIMED_OUT,16779,4
ground_truth,dafny_tmp_tmp59p638nn_examples_GenericSelectionSort.dfy,tptp,vampire,monomorphic,VERIFICATION_TIMED_OUT,17001,4
ground_truth,dafny_tmp_tmp59p638nn_examples_GenericSelectionSort.dfy,tptp,vampire,predicates,VERIFICATION_TIMED_OUT,29765,4
ground_truth,dafny_tmp_tmp59p638nn_examples_GenericSelectionSort.dfy,tptp,vampire,arguments,VERIFICATION_TIMED_OUT,29680,4
ground_truth,dafny_tmp_tmp59p638nn_examples_GenericSelectionSort.dfy,smtlib,vampire,monomorphic,VERIFICATION_TIMED_OUT,16535,4
ground_truth,dafny_tmp_tmp59p638nn_examples_GenericSelectionSort.dfy,smtlib,vampire,predicates,VERIFICATION_TIMED_OUT,29481,4
ground_truth,dafny_tmp_tmp59p638nn_examples_GenericSelectionSort.dfy,smtlib,vampire,arguments,VERIFICATION_TIMED_OUT,17643,4
ground_truth,dafny_tmp_tmp59p638nn_examples_GenericSelectionSort.dfy,smtlib,z3,monomorphic,VERIFIED,2301,0
ground_truth,dafny_tmp_tmp59p638nn_examples_GenericSelectionSort.dfy,smtlib,z3,predicates,VERIFIED,2245,0
ground_truth,dafny_tmp_tmp59p638nn_examples_GenericSelectionSort.dfy,smtlib,z3,arguments,VERIFIED,3365,0
ground_truth,DafnyProjects_tmp_tmp2acw_s4s_Power.dfy,tptp,vampire,polymorphic,VERIFICATION_TIMED_OUT,16226,4
ground_truth,DafnyProjects_tmp_tmp2acw_s4s_Power.dfy,tptp,vampire,monomorphic,VERIFICATION_TIMED_OUT,15656,4
ground_truth,DafnyProjects_tmp_tmp2acw_s4s_Power.dfy,tptp,vampire,predicates,VERIFICATION_TIMED_OUT,15596,4
ground_truth,DafnyProjects_tmp_tmp2acw_s4s_Power.dfy,tptp,vampire,arguments,VERIFICATION_TIMED_OUT,15711,4
ground_truth,DafnyProjects_tmp_tmp2acw_s4s_Power.dfy,smtlib,vampire,monomorphic,VERIFICATION_TIMED_OUT,15397,4
ground_truth,DafnyProjects_tmp_tmp2acw_s4s_Power.dfy,smtlib,vampire,predicates,VERIFICATION_TIMED_OUT,15442,4
ground_truth,DafnyProjects_tmp_tmp2acw_s4s_Power.dfy,smtlib,vampire,arguments,VERIFICATION_TIMED_OUT,15413,4
ground_truth,DafnyProjects_tmp_tmp2acw_s4s_Power.dfy,smtlib,z3,monomorphic,NOT_VERIFIED,1610,4
ground_truth,DafnyProjects_tmp_tmp2acw_s4s_Power.dfy,smtlib,z3,predicates,NOT_VERIFIED,1536,4
ground_truth,DafnyProjects_tmp_tmp2acw_s4s_Power.dfy,smtlib,z3,arguments,NOT_VERIFIED,1645,4
ground_truth,MFES_2021_tmp_tmpuljn8zd9_PracticalClasses_TP3_2_Insertion_Sort.dfy,tptp,vampire,polymorphic,VERIFICATION_TIMED_OUT,15530,4
ground_truth,MFES_2021_tmp_tmpuljn8zd9_PracticalClasses_TP3_2_Insertion_Sort.dfy,tptp,vampire,monomorphic,VERIFICATION_TIMED_OUT,15618,4
ground_truth,MFES_2021_tmp_tmpuljn8zd9_PracticalClasses_TP3_2_Insertion_Sort.dfy,tptp,vampire,predicates,VERIFICATION_TIMED_OUT,15581,4
ground_truth,MFES_2021_tmp_tmpuljn8zd9_PracticalClasses_TP3_2_Insertion_Sort.dfy,tptp,vampire,arguments,VERIFICATION_TIMED_OUT,15480,4
ground_truth,MFES_2021_tmp_tmpuljn8zd9_PracticalClasses_TP3_2_Insertion_Sort.dfy,smtlib,vampire,monomorphic,VERIFICATION_TIMED_OUT,15526,4
ground_truth,MFES_2021_tmp_tmpuljn8zd9_PracticalClasses_TP3_2_Insertion_Sort.dfy,smtlib,vampire,predicates,VERIFICATION_TIMED_OUT,15467,4
ground_truth,MFES_2021_tmp_tmpuljn8zd9_PracticalClasses_TP3_2_Insertion_Sort.dfy,smtlib,vampire,arguments,VERIFICATION_TIMED_OUT,15668,4
ground_truth,MFES_2021_tmp_tmpuljn8zd9_PracticalClasses_TP3_2_Insertion_Sort.dfy,smtlib,z3,monomorphic,VERIFIED,2131,0
ground_truth,MFES_2021_tmp_tmpuljn8zd9_PracticalClasses_TP3_2_Insertion_Sort.dfy,smtlib,z3,predicates,VERIFIED,2223,0
ground_truth,MFES_2021_tmp_tmpuljn8zd9_PracticalClasses_TP3_2_Insertion_Sort.dfy,smtlib,z3,arguments,VERIFIED,2193,0
ground_truth,dafny-language-server_tmp_tmpkir0kenl_Test_VSI-Benchmarks_b2.dfy,tptp,vampire,polymorphic,VERIFICATION_TIMED_OUT,15517,4
ground_truth,dafny-language-server_tmp_tmpkir0kenl_Test_VSI-Benchmarks_b2.dfy,tptp,vampire,monomorphic,VERIFICATION_TIMED_OUT,16366,4
ground_truth,dafny-language-server_tmp_tmpkir0kenl_Test_VSI-Benchmarks_b2.dfy,tptp,vampire,predicates,VERIFICATION_TIMED_OUT,15846,4
ground_truth,dafny-language-server_tmp_tmpkir0kenl_Test_VSI-Benchmarks_b2.dfy,tptp,vampire,arguments,VERIFICATION_TIMED_OUT,15728,4
ground_truth,dafny-language-server_tmp_tmpkir0kenl_Test_VSI-Benchmarks_b2.dfy,smtlib,vampire,monomorphic,VERIFICATION_TIMED_OUT,15897,4
ground_truth,dafny-language-server_tmp_tmpkir0kenl_Test_VSI-Benchmarks_b2.dfy,smtlib,vampire,predicates,VERIFICATION_TIMED_OUT,15865,4
ground_truth,dafny-language-server_tmp_tmpkir0kenl_Test_VSI-Benchmarks_b2.dfy,smtlib,vampire,arguments,VERIFICATION_TIMED_OUT,15649,4
ground_truth,dafny-language-server_tmp_tmpkir0kenl_Test_VSI-Benchmarks_b2.dfy,smtlib,z3,monomorphic,VERIFIED,2223,0
ground_truth,dafny-language-server_tmp_tmpkir0kenl_Test_VSI-Benchmarks_b2.dfy,smtlib,z3,predicates,VERIFIED,1751,0
ground_truth,dafny-language-server_tmp_tmpkir0kenl_Test_VSI-Benchmarks_b2.dfy,smtlib,z3,arguments,VERIFIED,1622,0
ground_truth,dafleet_tmp_tmpa2e4kb9v_0001-0050_0003-longest-substring-without-repeating-characters.dfy,tptp,vampire,polymorphic,VERIFICATION_TIMED_OUT,15821,4
ground_truth,dafleet_tmp_tmpa2e4kb9v_0001-0050_0003-longest-substring-without-repeating-characters.dfy,tptp,vampire,monomorphic,VERIFICATION_TIMED_OUT,16104,4
ground_truth,dafleet_tmp_tmpa2e4kb9v_0001-0050_0003-longest-substring-without-repeating-characters.dfy,tptp,vampire,predicates,VERIFICATION_TIMED_OUT,15837,4
ground_truth,dafleet_tmp_tmpa2e4kb9v_0001-0050_0003-longest-substring-without-repeating-characters.dfy,tptp,vampire,arguments,VERIFICATION_TIMED_OUT,15920,4
ground_truth,dafleet_tmp_tmpa2e4kb9v_0001-0050_0003-longest-substring-without-repeating-characters.dfy,smtlib,vampire,monomorphic,VERIFICATION_TIMED_OUT,16250,4
ground_truth,dafleet_tmp_tmpa2e4kb9v_0001-0050_0003-longest-substring-without-repeating-characters.dfy,smtlib,vampire,predicates,VERIFICATION_TIMED_OUT,15926,4
ground_truth,dafleet_tmp_tmpa2e4kb9v_0001-0050_0003-longest-substring-without-repeating-characters.dfy,smtlib,vampire,arguments,VERIFICATION_TIMED_OUT,15735,4
ground_truth,dafleet_tmp_tmpa2e4kb9v_0001-0050_0003-longest-substring-without-repeating-characters.dfy,smtlib,z3,monomorphic,VERIFIED,2077,0
ground_truth,dafleet_tmp_tmpa2e4kb9v_0001-0050_0003-longest-substring-without-repeating-characters.dfy,smtlib,z3,predicates,NOT_VERIFIED,1863,4
ground_truth,dafleet_tmp_tmpa2e4kb9v_0001-0050_0003-longest-substring-without-repeating-characters.dfy,smtlib,z3,arguments,VERIFIED,1893,0
ground_truth,dafny-synthesis_task_id_598.dfy,tptp,vampire,polymorphic,VERIFIED,1387,0
ground_truth,dafny-synthesis_task_id_598.dfy,tptp,vampire,monomorphic,VERIFIED,1485,0
ground_truth,dafny-synthesis_task_id_598.dfy,tptp,vampire,predicates,VERIFIED,1792,0
ground_truth,dafny-synthesis_task_id_598.dfy,tptp,vampire,arguments,VERIFIED,1534,0
ground_truth,dafny-synthesis_task_id_598.dfy,smtlib,vampire,monomorphic,VERIFIED,1536,0
ground_truth,dafny-synthesis_task_id_598.dfy,smtlib,vampire,predicates,VERIFIED,1475,0
ground_truth,dafny-synthesis_task_id_598.dfy,smtlib,vampire,arguments,VERIFIED,1457,0
ground_truth,dafny-synthesis_task_id_598.dfy,smtlib,z3,monomorphic,VERIFIED,1355,0
ground_truth,dafny-synthesis_task_id_598.dfy,smtlib,z3,predicates,VERIFIED,1310,0
ground_truth,dafny-synthesis_task_id_598.dfy,smtlib,z3,arguments,VERIFIED,1309,0
ground_truth,dafny-synthesis_task_id_600.dfy,tptp,vampire,polymorphic,VERIFIED,1303,0
ground_truth,dafny-synthesis_task_id_600.dfy,tptp,vampire,monomorphic,VERIFIED,1397,0
ground_truth,dafny-synthesis_task_id_600.dfy,tptp,vampire,predicates,VERIFIED,1336,0
ground_truth,dafny-synthesis_task_id_600.dfy,tptp,vampire,arguments,VERIFIED,1322,0
ground_truth,dafny-synthesis_task_id_600.dfy,smtlib,vampire,monomorphic,VERIFIED,1339,0
ground_truth,dafny-synthesis_task_id_600.dfy,smtlib,vampire,predicates,VERIFIED,1250,0
ground_truth,dafny-synthesis_task_id_600.dfy,smtlib,vampire,arguments,VERIFIED,1258,0
ground_truth,dafny-synthesis_task_id_600.dfy,smtlib,z3,monomorphic,VERIFIED,1330,0
ground_truth,dafny-synthesis_task_id_600.dfy,smtlib,z3,predicates,VERIFIED,1262,0
ground_truth,dafny-synthesis_task_id_600.dfy,smtlib,z3,arguments,VERIFIED,1256,0
ground_truth,Clover_linear_search1.dfy,tptp,vampire,polymorphic,VERIFIED,3274,0
ground_truth,Clover_linear_search1.dfy,tptp,vampire,monomorphic,VERIFIED,3446,0
ground_truth,Clover_linear_search1.dfy,tptp,vampire,predicates,VERIFIED,6012,0
ground_truth,Clover_linear_search1.dfy,tptp,vampire,arguments,VERIFIED,3301,0
ground_truth,Clover_linear_search1.dfy,smtlib,vampire,monomorphic,VERIFIED,3278,0
ground_truth,Clover_linear_search1.dfy,smtlib,vampire,predicates,VERIFICATION_TIMED_OUT,15278,4
ground_truth,Clover_linear_search1.dfy,smtlib,vampire,arguments,VERIFIED,3473,0
ground_truth,Clover_linear_search1.dfy,smtlib,z3,monomorphic,VERIFIED,1489,0
ground_truth,Clover_linear_search1.dfy,smtlib,z3,predicates,VERIFIED,1454,0
ground_truth,Clover_linear_search1.dfy,smtlib,z3,arguments,VERIFIED,1433,0
ground_truth,SENG2011_tmp_tmpgk5jq85q_ass2_ex3.dfy,tptp,vampire,polymorphic,VERIFICATION_TIMED_OUT,15561,4
ground_truth,SENG2011_tmp_tmpgk5jq85q_ass2_ex3.dfy,tptp,vampire,monomorphic,VERIFICATION_TIMED_OUT,15807,4
ground_truth,SENG2011_tmp_tmpgk5jq85q_ass2_ex3.dfy,tptp,vampire,predicates,VERIFICATION_TIMED_OUT,15658,4
ground_truth,SENG2011_tmp_tmpgk5jq85q_ass2_ex3.dfy,tptp,vampire,arguments,VERIFICATION_TIMED_OUT,15613,4
ground_truth,SENG2011_tmp_tmpgk5jq85q_ass2_ex3.dfy,smtlib,vampire,monomorphic,VERIFICATION_TIMED_OUT,15546,4
ground_truth,SENG2011_tmp_tmpgk5jq85q_ass2_ex3.dfy,smtlib,vampire,predicates,VERIFICATION_TIMED_OUT,15465,4
ground_truth,SENG2011_tmp_tmpgk5jq85q_ass2_ex3.dfy,smtlib,vampire,arguments,VERIFICATION_TIMED_OUT,15498,4
ground_truth,SENG2011_tmp_tmpgk5jq85q_ass2_ex3.dfy,smtlib,z3,monomorphic,VERIFIED,2010,0
ground_truth,SENG2011_tmp_tmpgk5jq85q_ass2_ex3.dfy,smtlib,z3,predicates,VERIFIED,1738,0
ground_truth,SENG2011_tmp_tmpgk5jq85q_ass2_ex3.dfy,smtlib,z3,arguments,VERIFIED,1747,0
ground_truth,formal_verication_dafny_tmp_tmpwgl2qz28_Challenges_ex6.dfy,tptp,vampire,polymorphic,VERIFICATION_TIMED_OUT,15737,4
ground_truth,formal_verication_dafny_tmp_tmpwgl2qz28_Challenges_ex6.dfy,tptp,vampire,monomorphic,VERIFICATION_TIMED_OUT,15893,4
ground_truth,formal_verication_dafny_tmp_tmpwgl2qz28_Challenges_ex6.dfy,tptp,vampire,predicates,VERIFICATION_TIMED_OUT,15816,4
ground_truth,formal_verication_dafny_tmp_tmpwgl2qz28_Challenges_ex6.dfy,tptp,vampire,arguments,VERIFICATION_TIMED_OUT,15885,4
ground_truth,formal_verication_dafny_tmp_tmpwgl2qz28_Challenges_ex6.dfy,smtlib,vampire,monomorphic,VERIFICATION_TIMED_OUT,15822,4
ground_truth,formal_verication_dafny_tmp_tmpwgl2qz28_Challenges_ex6.dfy,smtlib,vampire,predicates,VERIFICATION_TIMED_OUT,15771,4
ground_truth,formal_verication_dafny_tmp_tmpwgl2qz28_Challenges_ex6.dfy,smtlib,vampire,arguments,VERIFICATION_TIMED_OUT,15705,4
ground_truth,formal_verication_dafny_tmp_tmpwgl2qz28_Challenges_ex6.dfy,smtlib,z3,monomorphic,VERIFIED,1999,0
ground_truth,formal_verication_dafny_tmp_tmpwgl2qz28_Challenges_ex6.dfy,smtlib,z3,predicates,VERIFIED,2490,0
ground_truth,formal_verication_dafny_tmp_tmpwgl2qz28_Challenges_ex6.dfy,smtlib,z3,arguments,VERIFIED,1964,0
ground_truth,FlexWeek_tmp_tmpc_tfdj_3_ex2.dfy,tptp,vampire,polymorphic,VERIFICATION_TIMED_OUT,15415,4
ground_truth,FlexWeek_tmp_tmpc_tfdj_3_ex2.dfy,tptp,vampire,monomorphic,VERIFICATION_TIMED_OUT,15558,4
ground_truth,FlexWeek_tmp_tmpc_tfdj_3_ex2.dfy,tptp,vampire,predicates,VERIFICATION_TIMED_OUT,15517,4
ground_truth,FlexWeek_tmp_tmpc_tfdj_3_ex2.dfy,tptp,vampire,arguments,VERIFICATION_TIMED_OUT,15478,4
ground_truth,FlexWeek_tmp_tmpc_tfdj_3_ex2.dfy,smtlib,vampire,monomorphic,VERIFICATION_TIMED_OUT,15482,4
ground_truth,FlexWeek_tmp_tmpc_tfdj_3_ex2.dfy,smtlib,vampire,predicates,VERIFICATION_TIMED_OUT,15339,4
ground_truth,FlexWeek_tmp_tmpc_tfdj_3_ex2.dfy,smtlib,vampire,arguments,VERIFICATION_TIMED_OUT,15344,4
ground_truth,FlexWeek_tmp_tmpc_tfdj_3_ex2.dfy,smtlib,z3,monomorphic,VERIFIED,1583,0
ground_truth,FlexWeek_tmp_tmpc_tfdj_3_ex2.dfy,smtlib,z3,predicates,VERIFIED,1558,0
ground_truth,FlexWeek_tmp_tmpc_tfdj_3_ex2.dfy,smtlib,z3,arguments,VERIFIED,1532,0
ground_truth,MIEIC_mfes_tmp_tmpq3ho7nve_exams_appeal_20_p4.dfy,tptp,vampire,polymorphic,VERIFICATION_TIMED_OUT,15308,4
ground_truth,MIEIC_mfes_tmp_tmpq3ho7nve_exams_appeal_20_p4.dfy,tptp,vampire,monomorphic,VERIFICATION_TIMED_OUT,15602,4
ground_truth,MIEIC_mfes_tmp_tmpq3ho7nve_exams_appeal_20_p4.dfy,tptp,vampire,predicates,VERIFICATION_TIMED_OUT,15408,4
ground_truth,MIEIC_mfes_tmp_tmpq3ho7nve_exams_appeal_20_p4.dfy,tptp,vampire,arguments,VERIFICATION_TIMED_OUT,15396,4
ground_truth,MIEIC_mfes_tmp_tmpq3ho7nve_exams_appeal_20_p4.dfy,smtlib,vampire,monomorphic,VERIFICATION_TIMED_OUT,15330,4
ground_truth,MIEIC_mfes_tmp_tmpq3ho7nve_exams_appeal_20_p4.dfy,smtlib,vampire,predicates,VERIFICATION_TIMED_OUT,15283,4
ground_truth,MIEIC_mfes_tmp_tmpq3ho7nve_exams_appeal_20_p4.dfy,smtlib,vampire,arguments,VERIFICATION_TIMED_OUT,15217,4
ground_truth,MIEIC_mfes_tmp_tmpq3ho7nve_exams_appeal_20_p4.dfy,smtlib,z3,monomorphic,VERIFIED,1476,0
ground_truth,MIEIC_mfes_tmp_tmpq3ho7nve_exams_appeal_20_p4.dfy,smtlib,z3,predicates,VERIFIED,1434,0
ground_truth,MIEIC_mfes_tmp_tmpq3ho7nve_exams_appeal_20_p4.dfy,smtlib,z3,arguments,VERIFIED,1478,0
ground_truth,Program-Verification-Dataset_tmp_tmpgbdrlnu__Dafny_from dafny main repo_dafny4_ClassRefinement.dfy,tptp,vampire,polymorphic,VERIFICATION_TIMED_OUT,43905,4
ground_truth,Program-Verification-Dataset_tmp_tmpgbdrlnu__Dafny_from dafny main repo_dafny4_ClassRefinement.dfy,tptp,vampire,monomorphic,VERIFICATION_TIMED_OUT,44068,4
ground_truth,Program-Verification-Dataset_tmp_tmpgbdrlnu__Dafny_from dafny main repo_dafny4_ClassRefinement.dfy,tptp,vampire,predicates,VERIFICATION_TIMED_OUT,57892,4
ground_truth,Program-Verification-Dataset_tmp_tmpgbdrlnu__Dafny_from dafny main repo_dafny4_ClassRefinement.dfy,tptp,vampire,arguments,VERIFICATION_TIMED_OUT,43951,4
ground_truth,Program-Verification-Dataset_tmp_tmpgbdrlnu__Dafny_from dafny main repo_dafny4_ClassRefinement.dfy,smtlib,vampire,monomorphic,VERIFICATION_TIMED_OUT,31387,4
ground_truth,Program-Verification-Dataset_tmp_tmpgbdrlnu__Dafny_from dafny main repo_dafny4_ClassRefinement.dfy,smtlib,vampire,predicates,VERIFICATION_TIMED_OUT,45687,4
ground_truth,Program-Verification-Dataset_tmp_tmpgbdrlnu__Dafny_from dafny main repo_dafny4_ClassRefinement.dfy,smtlib,vampire,arguments,VERIFICATION_TIMED_OUT,33699,4
ground_truth,Program-Verification-Dataset_tmp_tmpgbdrlnu__Dafny_from dafny main repo_dafny4_ClassRefinement.dfy,smtlib,z3,monomorphic,VERIFIED,2111,0
ground_truth,Program-Verification-Dataset_tmp_tmpgbdrlnu__Dafny_from dafny main repo_dafny4_ClassRefinement.dfy,smtlib,z3,predicates,VERIFIED,1994,0
ground_truth,Program-Verification-Dataset_tmp_tmpgbdrlnu__Dafny_from dafny main repo_dafny4_ClassRefinement.dfy,smtlib,z3,arguments,VERIFIED,1970,0
ground_truth,dafny-synthesis_task_id_267.dfy,tptp,vampire,polymorphic,VERIFICATION_TIMED_OUT,15268,4
ground_truth,dafny-synthesis_task_id_267.dfy,tptp,vampire,monomorphic,VERIFICATION_TIMED_OUT,15396,4
ground_truth,dafny-synthesis_task_id_267.dfy,tptp,vampire,predicates,VERIFICATION_TIMED_OUT,15294,4
ground_truth,dafny-synthesis_task_id_267.dfy,tptp,vampire,arguments,VERIFICATION_TIMED_OUT,15305,4
ground_truth,dafny-synthesis_task_id_267.dfy,smtlib,vampire,monomorphic,VERIFIED,14271,0
ground_truth,dafny-synthesis_task_id_267.dfy,smtlib,vampire,predicates,VERIFICATION_TIMED_OUT,15207,4
ground_truth,dafny-synthesis_task_id_267.dfy,smtlib,vampire,arguments,VERIFIED,2798,0
ground_truth,dafny-synthesis_task_id_267.dfy,smtlib,z3,monomorphic,VERIFIED,1375,0
ground_truth,dafny-synthesis_task_id_267.dfy,smtlib,z3,predicates,VERIFIED,1351,0
ground_truth,dafny-synthesis_task_id_267.dfy,smtlib,z3,arguments,VERIFIED,1333,0
ground_truth,dafny-language-server_tmp_tmpkir0kenl_Test_dafny1_Cubes.dfy,tptp,vampire,polymorphic,VERIFICATION_TIMED_OUT,15333,4
ground_truth,dafny-language-server_tmp_tmpkir0kenl_Test_dafny1_Cubes.dfy,tptp,vampire,monomorphic,VERIFICATION_TIMED_OUT,15426,4
ground_truth,dafny-language-server_tmp_tmpkir0kenl_Test_dafny1_Cubes.dfy,tptp,vampire,predicates,VERIFICATION_TIMED_OUT,15372,4
ground_truth,dafny-language-server_tmp_tmpkir0kenl_Test_dafny1_Cubes.dfy,tptp,vampire,arguments,VERIFICATION_TIMED_OUT,15361,4
ground_truth,dafny-language-server_tmp_tmpkir0kenl_Test_dafny1_Cubes.dfy,smtlib,vampire,monomorphic,VERIFIED,3341,0
ground_truth,dafny-language-server_tmp_tmpkir0kenl_Test_dafny1_Cubes.dfy,smtlib,vampire,predicates,VERIFICATION_TIMED_OUT,15240,4
ground_truth,dafny-language-server_tmp_tmpkir0kenl_Test_dafny1_Cubes.dfy,smtlib,vampire,arguments,VERIFIED,3318,0
ground_truth,dafny-language-server_tmp_tmpkir0kenl_Test_dafny1_Cubes.dfy,smtlib,z3,monomorphic,VERIFIED,1483,0
ground_truth,dafny-language-server_tmp_tmpkir0kenl_Test_dafny1_Cubes.dfy,smtlib,z3,predicates,VERIFIED,1453,0
ground_truth,dafny-language-server_tmp_tmpkir0kenl_Test_dafny1_Cubes.dfy,smtlib,z3,arguments,VERIFIED,1453,0
ground_truth,Clover_integer_square_root.dfy,tptp,vampire,polymorphic,VERIFIED,1387,0
ground_truth,Clover_integer_square_root.dfy,tptp,vampire,monomorphic,VERIFIED,2211,0
ground_truth,Clover_integer_square_root.dfy,tptp,vampire,predicates,VERIFIED,2792,0
ground_truth,Clover_integer_square_root.dfy,tptp,vampire,arguments,VERIFIED,2129,0
ground_truth,Clover_integer_square_root.dfy,smtlib,vampire,monomorphic,VERIFIED,3157,0
ground_truth,Clover_integer_square_root.dfy,smtlib,vampire,predicates,VERIFIED,2828,0
ground_truth,Clover_integer_square_root.dfy,smtlib,vampire,arguments,VERIFIED,1359,0
ground_truth,Clover_integer_square_root.dfy,smtlib,z3,monomorphic,VERIFIED,1375,0
ground_truth,Clover_integer_square_root.dfy,smtlib,z3,predicates,VERIFIED,1321,0
ground_truth,Clover_integer_square_root.dfy,smtlib,z3,arguments,VERIFIED,1319,0
ground_truth,Dafny_tmp_tmp0wu8wmfr_Heimaverkefni 3_SelectionSortMultiset.dfy,tptp,vampire,polymorphic,VERIFICATION_TIMED_OUT,15478,4
ground_truth,Dafny_tmp_tmp0wu8wmfr_Heimaverkefni 3_SelectionSortMultiset.dfy,tptp,vampire,monomorphic,VERIFICATION_TIMED_OUT,15671,4
ground_truth,Dafny_tmp_tmp0wu8wmfr_Heimaverkefni 3_SelectionSortMultiset.dfy,tptp,vampire,predicates,VERIFICATION_TIMED_OUT,15542,4
ground_truth,Dafny_tmp_tmp0wu8wmfr_Heimaverkefni 3_SelectionSortMultiset.dfy,tptp,vampire,arguments,VERIFICATION_TIMED_OUT,15606,4
ground_truth,Dafny_tmp_tmp0wu8wmfr_Heimaverkefni 3_SelectionSortMultiset.dfy,smtlib,vampire,monomorphic,VERIFICATION_TIMED_OUT,15480,4
ground_truth,Dafny_tmp_tmp0wu8wmfr_Heimaverkefni 3_SelectionSortMultiset.dfy,smtlib,vampire,predicates,VERIFICATION_TIMED_OUT,15488,4
ground_truth,Dafny_tmp_tmp0wu8wmfr_Heimaverkefni 3_SelectionSortMultiset.dfy,smtlib,vampire,arguments,VERIFICATION_TIMED_OUT,15394,4
ground_truth,Dafny_tmp_tmp0wu8wmfr_Heimaverkefni 3_SelectionSortMultiset.dfy,smtlib,z3,monomorphic,VERIFIED,1723,0
ground_truth,Dafny_tmp_tmp0wu8wmfr_Heimaverkefni 3_SelectionSortMultiset.dfy,smtlib,z3,predicates,VERIFIED,1696,0
ground_truth,Dafny_tmp_tmp0wu8wmfr_Heimaverkefni 3_SelectionSortMultiset.dfy,smtlib,z3,arguments,VERIFIED,1682,0
ground_truth,Dafny-Grind75_tmp_tmpsxfz3i4r_problems_twoSum.dfy,tptp,vampire,polymorphic,VERIFICATION_TIMED_OUT,15452,4
ground_truth,Dafny-Grind75_tmp_tmpsxfz3i4r_problems_twoSum.dfy,tptp,vampire,monomorphic,VERIFICATION_TIMED_OUT,15455,4
ground_truth,Dafny-Grind75_tmp_tmpsxfz3i4r_problems_twoSum.dfy,tptp,vampire,predicates,VERIFICATION_TIMED_OUT,15506,4
ground_truth,Dafny-Grind75_tmp_tmpsxfz3i4r_problems_twoSum.dfy,tptp,vampire,arguments,VERIFICATION_TIMED_OUT,15465,4
ground_truth,Dafny-Grind75_tmp_tmpsxfz3i4r_problems_twoSum.dfy,smtlib,vampire,monomorphic,VERIFICATION_TIMED_OUT,15417,4
ground_truth,Dafny-Grind75_tmp_tmpsxfz3i4r_problems_twoSum.dfy,smtlib,vampire,predicates,VERIFICATION_TIMED_OUT,15340,4
ground_truth,Dafny-Grind75_tmp_tmpsxfz3i4r_problems_twoSum.dfy,smtlib,vampire,arguments,VERIFICATION_TIMED_OUT,15398,4
ground_truth,Dafny-Grind75_tmp_tmpsxfz3i4r_problems_twoSum.dfy,smtlib,z3,monomorphic,VERIFIED,1585,0
ground_truth,Dafny-Grind75_tmp_tmpsxfz3i4r_problems_twoSum.dfy,smtlib,z3,predicates,VERIFIED,1529,0
ground_truth,Dafny-Grind75_tmp_tmpsxfz3i4r_problems_twoSum.dfy,smtlib,z3,arguments,VERIFIED,1505,0
ground_truth,dafny-synthesis_task_id_266.dfy,tptp,vampire,polymorphic,VERIFIED,1282,0
ground_truth,dafny-synthesis_task_id_266.dfy,tptp,vampire,monomorphic,VERIFIED,1383,0
ground_truth,dafny-synthesis_task_id_266.dfy,tptp,vampire,predicates,VERIFIED,1320,0
ground_truth,dafny-synthesis_task_id_266.dfy,tptp,vampire,arguments,VERIFIED,1315,0
ground_truth,dafny-synthesis_task_id_266.dfy,smtlib,vampire,monomorphic,VERIFIED,1316,0
ground_truth,dafny-synthesis_task_id_266.dfy,smtlib,vampire,predicates,VERIFIED,1265,0
ground_truth,dafny-synthesis_task_id_266.dfy,smtlib,vampire,arguments,VERIFIED,1239,0
ground_truth,dafny-synthesis_task_id_266.dfy,smtlib,z3,monomorphic,VERIFIED,1317,0
ground_truth,dafny-synthesis_task_id_266.dfy,smtlib,z3,predicates,VERIFIED,1262,0
ground_truth,dafny-synthesis_task_id_266.dfy,smtlib,z3,arguments,VERIFIED,1247,0
ground_truth,Simulink-To_dafny_tmp_tmpbcuesj2t_Tank.dfy,tptp,vampire,polymorphic,VERIFICATION_TIMED_OUT,15349,4
ground_truth,Simulink-To_dafny_tmp_tmpbcuesj2t_Tank.dfy,tptp,vampire,monomorphic,VERIFICATION_TIMED_OUT,15425,4
ground_truth,Simulink-To_dafny_tmp_tmpbcuesj2t_Tank.dfy,tptp,vampire,predicates,VERIFICATION_TIMED_OUT,15359,4
ground_truth,Simulink-To_dafny_tmp_tmpbcuesj2t_Tank.dfy,tptp,vampire,arguments,VERIFICATION_TIMED_OUT,15325,4
ground_truth,Simulink-To_dafny_tmp_tmpbcuesj2t_Tank.dfy,smtlib,vampire,monomorphic,VERIFICATION_TIMED_OUT,15338,4
ground_truth,Simulink-To_dafny_tmp_tmpbcuesj2t_Tank.dfy,smtlib,vampire,predicates,VERIFICATION_TIMED_OUT,15257,4
ground_truth,Simulink-To_dafny_tmp_tmpbcuesj2t_Tank.dfy,smtlib,vampire,arguments,VERIFICATION_TIMED_OUT,15311,4
ground_truth,Simulink-To_dafny_tmp_tmpbcuesj2t_Tank.dfy,smtlib,z3,monomorphic,VERIFIED,1504,0
ground_truth,Simulink-To_dafny_tmp_tmpbcuesj2t_Tank.dfy,smtlib,z3,predicates,VERIFIED,1483,0
ground_truth,Simulink-To_dafny_tmp_tmpbcuesj2t_Tank.dfy,smtlib,z3,arguments,VERIFIED,1439,0
ground_truth,Prog-Fun-Solutions_tmp_tmp7_gmnz5f_mockExam2_p3.dfy,tptp,vampire,polymorphic,VERIFIED,1328,0
ground_truth,Prog-Fun-Solutions_tmp_tmp7_gmnz5f_mockExam2_p3.dfy,tptp,vampire,monomorphic,VERIFIED,1438,0
ground_truth,Prog-Fun-Solutions_tmp_tmp7_gmnz5f_mockExam2_p3.dfy,tptp,vampire,predicates,VERIFIED,1410,0
ground_truth,Prog-Fun-Solutions_tmp_tmp7_gmnz5f_mockExam2_p3.dfy,tptp,vampire,arguments,VERIFIED,1372,0
ground_truth,Prog-Fun-Solutions_tmp_tmp7_gmnz5f_mockExam2_p3.dfy,smtlib,vampire,monomorphic,VERIFIED,1380,0
ground_truth,Prog-Fun-Solutions_tmp_tmp7_gmnz5f_mockExam2_p3.dfy,smtlib,vampire,predicates,VERIFIED,1331,0
ground_truth,Prog-Fun-Solutions_tmp_tmp7_gmnz5f_mockExam2_p3.dfy,smtlib,vampire,arguments,VERIFIED,1322,0
ground_truth,Prog-Fun-Solutions_tmp_tmp7_gmnz5f_mockExam2_p3.dfy,smtlib,z3,monomorphic,VERIFIED,1354,0
ground_truth,Prog-Fun-Solutions_tmp_tmp7_gmnz5f_mockExam2_p3.dfy,smtlib,z3,predicates,VERIFIED,1295,0
ground_truth,Prog-Fun-Solutions_tmp_tmp7_gmnz5f_mockExam2_p3.dfy,smtlib,z3,arguments,VERIFIED,1291,0
ground_truth,dafny-synthesis_task_id_268.dfy,tptp,vampire,polymorphic,VERIFIED,1290,0
ground_truth,dafny-synthesis_task_id_268.dfy,tptp,vampire,monomorphic,VERIFIED,1376,0
ground_truth,dafny-synthesis_task_id_268.dfy,tptp,vampire,predicates,VERIFIED,1310,0
ground_truth,dafny-synthesis_task_id_268.dfy,tptp,vampire,arguments,VERIFIED,1316,0
ground_truth,dafny-synthesis_task_id_268.dfy,smtlib,vampire,monomorphic,VERIFIED,1329,0
ground_truth,dafny-synthesis_task_id_268.dfy,smtlib,vampire,predicates,VERIFIED,1267,0
ground_truth,dafny-synthesis_task_id_268.dfy,smtlib,vampire,arguments,VERIFIED,1258,0
ground_truth,dafny-synthesis_task_id_268.dfy,smtlib,z3,monomorphic,VERIFIED,1303,0
ground_truth,dafny-synthesis_task_id_268.dfy,smtlib,z3,predicates,VERIFIED,1264,0
ground_truth,dafny-synthesis_task_id_268.dfy,smtlib,z3,arguments,VERIFIED,1257,0
ground_truth,test-generation-examples_tmp_tmptwyqofrp_IntegerSet_dafny_Utils.dfy,tptp,vampire,polymorphic,VERIFIED,991,0
ground_truth,test-generation-examples_tmp_tmptwyqofrp_IntegerSet_dafny_Utils.dfy,tptp,vampire,monomorphic,VERIFIED,1079,0
ground_truth,test-generation-examples_tmp_tmptwyqofrp_IntegerSet_dafny_Utils.dfy,tptp,vampire,predicates,VERIFIED,986,0
ground_truth,test-generation-examples_tmp_tmptwyqofrp_IntegerSet_dafny_Utils.dfy,tptp,vampire,arguments,VERIFIED,988,0
ground_truth,test-generation-examples_tmp_tmptwyqofrp_IntegerSet_dafny_Utils.dfy,smtlib,vampire,monomorphic,VERIFIED,1037,0
ground_truth,test-generation-examples_tmp_tmptwyqofrp_IntegerSet_dafny_Utils.dfy,smtlib,vampire,predicates,VERIFIED,931,0
ground_truth,test-generation-examples_tmp_tmptwyqofrp_IntegerSet_dafny_Utils.dfy,smtlib,vampire,arguments,VERIFIED,905,0
ground_truth,test-generation-examples_tmp_tmptwyqofrp_IntegerSet_dafny_Utils.dfy,smtlib,z3,monomorphic,VERIFIED,1037,0
ground_truth,test-generation-examples_tmp_tmptwyqofrp_IntegerSet_dafny_Utils.dfy,smtlib,z3,predicates,VERIFIED,918,0
ground_truth,test-generation-examples_tmp_tmptwyqofrp_IntegerSet_dafny_Utils.dfy,smtlib,z3,arguments,VERIFIED,942,0
ground_truth,Dafny_Verify_tmp_tmphq7j0row_AI_agent_verify_examples_CopyMatrix.dfy,tptp,vampire,polymorphic,VERIFICATION_TIMED_OUT,15386,4
ground_truth,Dafny_Verify_tmp_tmphq7j0row_AI_agent_verify_examples_CopyMatrix.dfy,tptp,vampire,monomorphic,VERIFICATION_TIMED_OUT,15504,4
ground_truth,Dafny_Verify_tmp_tmphq7j0row_AI_agent_verify_examples_CopyMatrix.dfy,tptp,vampire,predicates,VERIFICATION_TIMED_OUT,15441,4
ground_truth,Dafny_Verify_tmp_tmphq7j0row_AI_agent_verify_examples_CopyMatrix.dfy,tptp,vampire,arguments,VERIFICATION_TIMED_OUT,15512,4
ground_truth,Dafny_Verify_tmp_tmphq7j0row_AI_agent_verify_examples_CopyMatrix.dfy,smtlib,vampire,monomorphic,VERIFICATION_TIMED_OUT,15426,4
ground_truth,Dafny_Verify_tmp_tmphq7j0row_AI_agent_verify_examples_CopyMatrix.dfy,smtlib,vampire,predicates,VERIFICATION_TIMED_OUT,15329,4
ground_truth,Dafny_Verify_tmp_tmphq7j0row_AI_agent_verify_examples_CopyMatrix.dfy,smtlib,vampire,arguments,VERIFICATION_TIMED_OUT,15310,4
ground_truth,Dafny_Verify_tmp_tmphq7j0row_AI_agent_verify_examples_CopyMatrix.dfy,smtlib,z3,monomorphic,VERIFIED,1557,0
ground_truth,Dafny_Verify_tmp_tmphq7j0row_AI_agent_verify_examples_CopyMatrix.dfy,smtlib,z3,predicates,VERIFIED,1489,0
ground_truth,Dafny_Verify_tmp_tmphq7j0row_AI_agent_verify_examples_CopyMatrix.dfy,smtlib,z3,arguments,VERIFIED,1491,0
ground_truth,Clover_swap_sim.dfy,tptp,vampire,polymorphic,VERIFIED,1268,0
ground_truth,Clover_swap_sim.dfy,tptp,vampire,monomorphic,VERIFIED,1365,0
ground_truth,Clover_swap_sim.dfy,tptp,vampire,predicates,VERIFIED,1292,0
ground_truth,Clover_swap_sim.dfy,tptp,vampire,arguments,VERIFIED,1297,0
ground_truth,Clover_swap_sim.dfy,smtlib,vampire,monomorphic,VERIFIED,1295,0
ground_truth,Clover_swap_sim.dfy,smtlib,vampire,predicates,VERIFIED,1231,0
ground_truth,Clover_swap_sim.dfy,smtlib,vampire,arguments,VERIFIED,1215,0
ground_truth,Clover_swap_sim.dfy,smtlib,z3,monomorphic,VERIFIED,1305,0
ground_truth,Clover_swap_sim.dfy,smtlib,z3,predicates,VERIFIED,1268,0
ground_truth,Clover_swap_sim.dfy,smtlib,z3,arguments,VERIFIED,1235,0
ground_truth,ironsync-osdi2023_tmp_tmpx80antoe_linear-dafny_docs_DafnyRef_examples_Example-Old.dfy,tptp,vampire,polymorphic,VERIFIED,1913,0
ground_truth,ironsync-osdi2023_tmp_tmpx80antoe_linear-dafny_docs_DafnyRef_examples_Example-Old.dfy,tptp,vampire,monomorphic,VERIFIED,2241,0
ground_truth,ironsync-osdi2023_tmp_tmpx80antoe_linear-dafny_docs_DafnyRef_examples_Example-Old.dfy,tptp,vampire,predicates,VERIFICATION_TIMED_OUT,15350,4
ground_truth,ironsync-osdi2023_tmp_tmpx80antoe_linear-dafny_docs_DafnyRef_examples_Example-Old.dfy,tptp,vampire,arguments,VERIFIED,2184,0
ground_truth,ironsync-osdi2023_tmp_tmpx80antoe_linear-dafny_docs_DafnyRef_examples_Example-Old.dfy,smtlib,vampire,monomorphic,VERIFIED,1747,0
ground_truth,ironsync-osdi2023_tmp_tmpx80antoe_linear-dafny_docs_DafnyRef_examples_Example-Old.dfy,smtlib,vampire,predicates,VERIFICATION_TIMED_OUT,15577,4
ground_truth,ironsync-osdi2023_tmp_tmpx80antoe_linear-dafny_docs_DafnyRef_examples_Example-Old.dfy,smtlib,vampire,arguments,VERIFIED,2838,0
ground_truth,ironsync-osdi2023_tmp_tmpx80antoe_linear-dafny_docs_DafnyRef_examples_Example-Old.dfy,smtlib,z3,monomorphic,VERIFIED,1367,0
ground_truth,ironsync-osdi2023_tmp_tmpx80antoe_linear-dafny_docs_DafnyRef_examples_Example-Old.dfy,smtlib,z3,predicates,VERIFIED,1320,0
ground_truth,ironsync-osdi2023_tmp_tmpx80antoe_linear-dafny_docs_DafnyRef_examples_Example-Old.dfy,smtlib,z3,arguments,VERIFIED,1324,0
ground_truth,Clover_swap_in_array.dfy,tptp,vampire,polymorphic,VERIFIED,5005,0
ground_truth,Clover_swap_in_array.dfy,tptp,vampire,monomorphic,VERIFICATION_TIMED_OUT,15433,4
ground_truth,Clover_swap_in_array.dfy,tptp,vampire,predicates,VERIFICATION_TIMED_OUT,15315,4
ground_truth,Clover_swap_in_array.dfy,tptp,vampire,arguments,VERIFIED,4959,0
ground_truth,Clover_swap_in_array.dfy,smtlib,vampire,monomorphic,VERIFIED,5161,0
ground_truth,Clover_swap_in_array.dfy,smtlib,vampire,predicates,VERIFICATION_TIMED_OUT,15263,4
ground_truth,Clover_swap_in_array.dfy,smtlib,vampire,arguments,VERIFIED,5235,0
ground_truth,Clover_swap_in_array.dfy,smtlib,z3,monomorphic,VERIFIED,1522,0
ground_truth,Clover_swap_in_array.dfy,smtlib,z3,predicates,VERIFIED,1498,0
ground_truth,Clover_swap_in_array.dfy,smtlib,z3,arguments,VERIFIED,1524,0
ground_truth,DafnyExercises_tmp_tmpd6qyevja_QuickExercises_testing2.dfy,tptp,vampire,polymorphic,VERIFIED,650,0
ground_truth,DafnyExercises_tmp_tmpd6qyevja_QuickExercises_testing2.dfy,tptp,vampire,monomorphic,VERIFIED,615,0
ground_truth,DafnyExercises_tmp_tmpd6qyevja_QuickExercises_testing2.dfy,tptp,vampire,predicates,VERIFIED,611,0
ground_truth,DafnyExercises_tmp_tmpd6qyevja_QuickExercises_testing2.dfy,tptp,vampire,arguments,VERIFIED,607,0
ground_truth,DafnyExercises_tmp_tmpd6qyevja_QuickExercises_testing2.dfy,smtlib,vampire,monomorphic,VERIFIED,530,0
ground_truth,DafnyExercises_tmp_tmpd6qyevja_QuickExercises_testing2.dfy,smtlib,vampire,predicates,VERIFIED,562,0
ground_truth,DafnyExercises_tmp_tmpd6qyevja_QuickExercises_testing2.dfy,smtlib,vampire,arguments,VERIFIED,538,0
ground_truth,DafnyExercises_tmp_tmpd6qyevja_QuickExercises_testing2.dfy,smtlib,z3,monomorphic,VERIFIED,562,0
ground_truth,DafnyExercises_tmp_tmpd6qyevja_QuickExercises_testing2.dfy,smtlib,z3,predicates,VERIFIED,537,0
ground_truth,DafnyExercises_tmp_tmpd6qyevja_QuickExercises_testing2.dfy,smtlib,z3,arguments,VERIFIED,551,0
ground_truth,dafny-synthesis_task_id_18.dfy,tptp,vampire,polymorphic,VERIFICATION_TIMED_OUT,15396,4
ground_truth,dafny-synthesis_task_id_18.dfy,tptp,vampire,monomorphic,VERIFICATION_TIMED_OUT,15484,4
ground_truth,dafny-synthesis_task_id_18.dfy,tptp,vampire,predicates,VERIFICATION_TIMED_OUT,15444,4
ground_truth,dafny-synthesis_task_id_18.dfy,tptp,vampire,arguments,VERIFICATION_TIMED_OUT,15435,4
ground_truth,dafny-synthesis_task_id_18.dfy,smtlib,vampire,monomorphic,VERIFIED,3396,0
ground_truth,dafny-synthesis_task_id_18.dfy,smtlib,vampire,predicates,VERIFICATION_TIMED_OUT,15319,4
ground_truth,dafny-synthesis_task_id_18.dfy,smtlib,vampire,arguments,VERIFICATION_TIMED_OUT,15269,4
ground_truth,dafny-synthesis_task_id_18.dfy,smtlib,z3,monomorphic,VERIFIED,1480,0
ground_truth,dafny-synthesis_task_id_18.dfy,smtlib,z3,predicates,VERIFIED,1441,0
ground_truth,dafny-synthesis_task_id_18.dfy,smtlib,z3,arguments,VERIFIED,1455,0
ground_truth,Clover_linear_search2.dfy,tptp,vampire,polymorphic,VERIFIED,3285,0
ground_truth,Clover_linear_search2.dfy,tptp,vampire,monomorphic,VERIFIED,3406,0
ground_truth,Clover_linear_search2.dfy,tptp,vampire,predicates,VERIFIED,14744,0
ground_truth,Clover_linear_search2.dfy,tptp,vampire,arguments,VERIFIED,3342,0
ground_truth,Clover_linear_search2.dfy,smtlib,vampire,monomorphic,VERIFIED,3559,0
ground_truth,Clover_linear_search2.dfy,smtlib,vampire,predicates,VERIFICATION_TIMED_OUT,15337,4
ground_truth,Clover_linear_search2.dfy,smtlib,vampire,arguments,VERIFIED,3194,0
ground_truth,Clover_linear_search2.dfy,smtlib,z3,monomorphic,VERIFIED,1482,0
ground_truth,Clover_linear_search2.dfy,smtlib,z3,predicates,VERIFIED,1424,0
ground_truth,Clover_linear_search2.dfy,smtlib,z3,arguments,VERIFIED,1442,0
ground_truth,dafny-synthesis_task_id_733.dfy,tptp,vampire,polymorphic,VERIFIED,3234,0
ground_truth,dafny-synthesis_task_id_733.dfy,tptp,vampire,monomorphic,VERIFIED,2452,0
ground_truth,dafny-synthesis_task_id_733.dfy,tptp,vampire,predicates,VERIFIED,14531,0
ground_truth,dafny-synthesis_task_id_733.dfy,tptp,vampire,arguments,VERIFIED,3301,0
ground_truth,dafny-synthesis_task_id_733.dfy,smtlib,vampire,monomorphic,VERIFIED,1587,0
ground_truth,dafny-synthesis_task_id_733.dfy,smtlib,vampire,predicates,VERIFIED,15079,0
ground_truth,dafny-synthesis_task_id_733.dfy,smtlib,vampire,arguments,VERIFIED,3467,0
ground_truth,dafny-synthesis_task_id_733.dfy,smtlib,z3,monomorphic,VERIFIED,1506,0
ground_truth,dafny-synthesis_task_id_733.dfy,smtlib,z3,predicates,VERIFIED,1450,0
ground_truth,dafny-synthesis_task_id_733.dfy,smtlib,z3,arguments,VERIFIED,1436,0
ground_truth,Dafny-Exercises_tmp_tmpjm75muf__Session7Exercises_ExerciseBubbleSort.dfy,tptp,vampire,polymorphic,VERIFICATION_TIMED_OUT,15679,4
ground_truth,Dafny-Exercises_tmp_tmpjm75muf__Session7Exercises_ExerciseBubbleSort.dfy,tptp,vampire,monomorphic,VERIFICATION_TIMED_OUT,15836,4
ground_truth,Dafny-Exercises_tmp_tmpjm75muf__Session7Exercises_ExerciseBubbleSort.dfy,tptp,vampire,predicates,VERIFICATION_TIMED_OUT,16250,4
ground_truth,Dafny-Exercises_tmp_tmpjm75muf__Session7Exercises_ExerciseBubbleSort.dfy,tptp,vampire,arguments,VERIFICATION_TIMED_OUT,15681,4
ground_truth,Dafny-Exercises_tmp_tmpjm75muf__Session7Exercises_ExerciseBubbleSort.dfy,smtlib,vampire,monomorphic,VERIFICATION_TIMED_OUT,15761,4
ground_truth,Dafny-Exercises_tmp_tmpjm75muf__Session7Exercises_ExerciseBubbleSort.dfy,smtlib,vampire,predicates,VERIFICATION_TIMED_OUT,16313,4
ground_truth,Dafny-Exercises_tmp_tmpjm75muf__Session7Exercises_ExerciseBubbleSort.dfy,smtlib,vampire,arguments,VERIFICATION_TIMED_OUT,15660,4
ground_truth,Dafny-Exercises_tmp_tmpjm75muf__Session7Exercises_ExerciseBubbleSort.dfy,smtlib,z3,monomorphic,VERIFIED,3360,0
ground_truth,Dafny-Exercises_tmp_tmpjm75muf__Session7Exercises_ExerciseBubbleSort.dfy,smtlib,z3,predicates,VERIFIED,2447,0
ground_truth,Dafny-Exercises_tmp_tmpjm75muf__Session7Exercises_ExerciseBubbleSort.dfy,smtlib,z3,arguments,VERIFIED,2368,0
ground_truth,Dafny-Exercises_tmp_tmpjm75muf__Session4Exercises_ExerciseFirstNegative.dfy,tptp,vampire,polymorphic,VERIFICATION_TIMED_OUT,15531,4
ground_truth,Dafny-Exercises_tmp_tmpjm75muf__Session4Exercises_ExerciseFirstNegative.dfy,tptp,vampire,monomorphic,VERIFICATION_TIMED_OUT,15572,4
ground_truth,Dafny-Exercises_tmp_tmpjm75muf__Session4Exercises_ExerciseFirstNegative.dfy,tptp,vampire,predicates,VERIFICATION_TIMED_OUT,15573,4
ground_truth,Dafny-Exercises_tmp_tmpjm75muf__Session4Exercises_ExerciseFirstNegative.dfy,tptp,vampire,arguments,VERIFICATION_TIMED_OUT,15593,4
ground_truth,Dafny-Exercises_tmp_tmpjm75muf__Session4Exercises_ExerciseFirstNegative.dfy,smtlib,vampire,monomorphic,VERIFICATION_TIMED_OUT,15530,4
ground_truth,Dafny-Exercises_tmp_tmpjm75muf__Session4Exercises_ExerciseFirstNegative.dfy,smtlib,vampire,predicates,VERIFICATION_TIMED_OUT,15554,4
ground_truth,Dafny-Exercises_tmp_tmpjm75muf__Session4Exercises_ExerciseFirstNegative.dfy,smtlib,vampire,arguments,VERIFICATION_TIMED_OUT,15523,4
ground_truth,Dafny-Exercises_tmp_tmpjm75muf__Session4Exercises_ExerciseFirstNegative.dfy,smtlib,z3,monomorphic,VERIFIED,1581,0
ground_truth,Dafny-Exercises_tmp_tmpjm75muf__Session4Exercises_ExerciseFirstNegative.dfy,smtlib,z3,predicates,VERIFIED,1577,0
ground_truth,Dafny-Exercises_tmp_tmpjm75muf__Session4Exercises_ExerciseFirstNegative.dfy,smtlib,z3,arguments,VERIFIED,1546,0
ground_truth,dafl_tmp_tmp_r3_8w3y_dafny_examples_dafny0_ContainerRanks.dfy,tptp,vampire,polymorphic,VERIFIED,1494,0
ground_truth,dafl_tmp_tmp_r3_8w3y_dafny_examples_dafny0_ContainerRanks.dfy,tptp,vampire,monomorphic,VERIFIED,1697,0
ground_truth,dafl_tmp_tmp_r3_8w3y_dafny_examples_dafny0_ContainerRanks.dfy,tptp,vampire,predicates,VERIFICATION_TIMED_OUT,15959,4
ground_truth,dafl_tmp_tmp_r3_8w3y_dafny_examples_dafny0_ContainerRanks.dfy,tptp,vampire,arguments,VERIFIED,1859,0
ground_truth,dafl_tmp_tmp_r3_8w3y_dafny_examples_dafny0_ContainerRanks.dfy,smtlib,vampire,monomorphic,VERIFIED,1651,0
ground_truth,dafl_tmp_tmp_r3_8w3y_dafny_examples_dafny0_ContainerRanks.dfy,smtlib,vampire,predicates,VERIFIED,3104,0
ground_truth,dafl_tmp_tmp_r3_8w3y_dafny_examples_dafny0_ContainerRanks.dfy,smtlib,vampire,arguments,VERIFIED,1468,0
ground_truth,dafl_tmp_tmp_r3_8w3y_dafny_examples_dafny0_ContainerRanks.dfy,smtlib,z3,monomorphic,VERIFIED,1387,0
ground_truth,dafl_tmp_tmp_r3_8w3y_dafny_examples_dafny0_ContainerRanks.dfy,smtlib,z3,predicates,VERIFIED,1336,0
ground_truth,dafl_tmp_tmp_r3_8w3y_dafny_examples_dafny0_ContainerRanks.dfy,smtlib,z3,arguments,VERIFIED,1346,0
ground_truth,cs686_tmp_tmpdhuh5dza_classNotes_notes-9-8-21.dfy,tptp,vampire,polymorphic,VERIFICATION_TIMED_OUT,15435,4
ground_truth,cs686_tmp_tmpdhuh5dza_classNotes_notes-9-8-21.dfy,tptp,vampire,monomorphic,VERIFICATION_TIMED_OUT,15587,4
ground_truth,cs686_tmp_tmpdhuh5dza_classNotes_notes-9-8-21.dfy,tptp,vampire,predicates,VERIFICATION_TIMED_OUT,15632,4
ground_truth,cs686_tmp_tmpdhuh5dza_classNotes_notes-9-8-21.dfy,tptp,vampire,arguments,VERIFICATION_TIMED_OUT,15614,4
ground_truth,cs686_tmp_tmpdhuh5dza_classNotes_notes-9-8-21.dfy,smtlib,vampire,monomorphic,VERIFICATION_TIMED_OUT,15459,4
ground_truth,cs686_tmp_tmpdhuh5dza_classNotes_notes-9-8-21.dfy,smtlib,vampire,predicates,VERIFICATION_TIMED_OUT,15519,4
ground_truth,cs686_tmp_tmpdhuh5dza_classNotes_notes-9-8-21.dfy,smtlib,vampire,arguments,VERIFICATION_TIMED_OUT,15441,4
ground_truth,cs686_tmp_tmpdhuh5dza_classNotes_notes-9-8-21.dfy,smtlib,z3,monomorphic,VERIFIED,1817,0
ground_truth,cs686_tmp_tmpdhuh5dza_classNotes_notes-9-8-21.dfy,smtlib,z3,predicates,VERIFIED,1719,0
ground_truth,cs686_tmp_tmpdhuh5dza_classNotes_notes-9-8-21.dfy,smtlib,z3,arguments,VERIFIED,1672,0
ground_truth,dafny_tmp_tmp2ewu6s7x_ListReverse.dfy,tptp,vampire,polymorphic,VERIFICATION_TIMED_OUT,15438,4
ground_truth,dafny_tmp_tmp2ewu6s7x_ListReverse.dfy,tptp,vampire,monomorphic,VERIFICATION_TIMED_OUT,15477,4
ground_truth,dafny_tmp_tmp2ewu6s7x_ListReverse.dfy,tptp,vampire,predicates,VERIFICATION_TIMED_OUT,15408,4
ground_truth,dafny_tmp_tmp2ewu6s7x_ListReverse.dfy,tptp,vampire,arguments,VERIFICATION_TIMED_OUT,15460,4
ground_truth,dafny_tmp_tmp2ewu6s7x_ListReverse.dfy,smtlib,vampire,monomorphic,VERIFICATION_TIMED_OUT,15431,4
ground_truth,dafny_tmp_tmp2ewu6s7x_ListReverse.dfy,smtlib,vampire,predicates,VERIFICATION_TIMED_OUT,15387,4
ground_truth,dafny_tmp_tmp2ewu6s7x_ListReverse.dfy,smtlib,vampire,arguments,VERIFICATION_TIMED_OUT,15340,4
ground_truth,dafny_tmp_tmp2ewu6s7x_ListReverse.dfy,smtlib,z3,monomorphic,VERIFIED,1556,0
ground_truth,dafny_tmp_tmp2ewu6s7x_ListReverse.dfy,smtlib,z3,predicates,VERIFIED,1512,0
ground_truth,dafny_tmp_tmp2ewu6s7x_ListReverse.dfy,smtlib,z3,arguments,VERIFIED,1529,0
ground_truth,DafnyPrograms_tmp_tmp74_f9k_c_prime-database.dfy,tptp,vampire,polymorphic,VERIFICATION_TIMED_OUT,29542,4
ground_truth,DafnyPrograms_tmp_tmp74_f9k_c_prime-database.dfy,tptp,vampire,monomorphic,VERIFICATION_TIMED_OUT,29667,4
ground_truth,DafnyPrograms_tmp_tmp74_f9k_c_prime-database.dfy,tptp,vampire,predicates,VERIFICATION_TIMED_OUT,30438,4
ground_truth,DafnyPrograms_tmp_tmp74_f9k_c_prime-database.dfy,tptp,vampire,arguments,VERIFICATION_TIMED_OUT,29729,4
ground_truth,DafnyPrograms_tmp_tmp74_f9k_c_prime-database.dfy,smtlib,vampire,monomorphic,VERIFICATION_TIMED_OUT,20449,4
ground_truth,DafnyPrograms_tmp_tmp74_f9k_c_prime-database.dfy,smtlib,vampire,predicates,VERIFICATION_TIMED_OUT,29904,4
ground_truth,DafnyPrograms_tmp_tmp74_f9k_c_prime-database.dfy,smtlib,vampire,arguments,VERIFICATION_TIMED_OUT,29398,4
ground_truth,DafnyPrograms_tmp_tmp74_f9k_c_prime-database.dfy,smtlib,z3,monomorphic,VERIFIED,3369,0
ground_truth,DafnyPrograms_tmp_tmp74_f9k_c_prime-database.dfy,smtlib,z3,predicates,VERIFIED,5921,0
ground_truth,DafnyPrograms_tmp_tmp74_f9k_c_prime-database.dfy,smtlib,z3,arguments,VERIFIED,2671,0
ground_truth,dafny-exercises_tmp_tmp5mvrowrx_paper_krml190.dfy,tptp,vampire,polymorphic,VERIFICATION_TIMED_OUT,16974,4
ground_truth,dafny-exercises_tmp_tmp5mvrowrx_paper_krml190.dfy,tptp,vampire,monomorphic,VERIFICATION_TIMED_OUT,16980,4
ground_truth,dafny-exercises_tmp_tmp5mvrowrx_paper_krml190.dfy,tptp,vampire,predicates,VERIFICATION_TIMED_OUT,19496,4
ground_truth,dafny-exercises_tmp_tmp5mvrowrx_paper_krml190.dfy,tptp,vampire,arguments,VERIFICATION_TIMED_OUT,17146,4
ground_truth,dafny-exercises_tmp_tmp5mvrowrx_paper_krml190.dfy,smtlib,vampire,monomorphic,VERIFICATION_TIMED_OUT,16613,4
ground_truth,dafny-exercises_tmp_tmp5mvrowrx_paper_krml190.dfy,smtlib,vampire,predicates,VERIFICATION_TIMED_OUT,24405,4
ground_truth,dafny-exercises_tmp_tmp5mvrowrx_paper_krml190.dfy,smtlib,vampire,arguments,VERIFICATION_TIMED_OUT,18354,4
ground_truth,dafny-exercises_tmp_tmp5mvrowrx_paper_krml190.dfy,smtlib,z3,monomorphic,VERIFIED,3373,0
ground_truth,dafny-exercises_tmp_tmp5mvrowrx_paper_krml190.dfy,smtlib,z3,predicates,VERIFIED,2722,0
ground_truth,dafny-exercises_tmp_tmp5mvrowrx_paper_krml190.dfy,smtlib,z3,arguments,VERIFIED,2432,0
ground_truth,Clover_quotient.dfy,tptp,vampire,polymorphic,VERIFIED,1607,0
ground_truth,Clover_quotient.dfy,tptp,vampire,monomorphic,VERIFIED,1745,0
ground_truth,Clover_quotient.dfy,tptp,vampire,predicates,VERIFIED,1730,0
ground_truth,Clover_quotient.dfy,tptp,vampire,arguments,VERIFIED,1601,0
ground_truth,Clover_quotient.dfy,smtlib,vampire,monomorphic,VERIFIED,1594,0
ground_truth,Clover_quotient.dfy,smtlib,vampire,predicates,VERIFIED,1472,0
ground_truth,Clover_quotient.dfy,smtlib,vampire,arguments,VERIFIED,1415,0
ground_truth,Clover_quotient.dfy,smtlib,z3,monomorphic,VERIFIED,1417,0
ground_truth,Clover_quotient.dfy,smtlib,z3,predicates,VERIFIED,1396,0
ground_truth,Clover_quotient.dfy,smtlib,z3,arguments,VERIFIED,1378,0
ground_truth,BPTree-verif_tmp_tmpq1z6xm1d_Utils.dfy,tptp,vampire,polymorphic,VERIFICATION_TIMED_OUT,44122,4
ground_truth,BPTree-verif_tmp_tmpq1z6xm1d_Utils.dfy,tptp,vampire,monomorphic,VERIFICATION_TIMED_OUT,44044,4
ground_truth,BPTree-verif_tmp_tmpq1z6xm1d_Utils.dfy,tptp,vampire,predicates,VERIFICATION_TIMED_OUT,57722,4
ground_truth,BPTree-verif_tmp_tmpq1z6xm1d_Utils.dfy,tptp,vampire,arguments,VERIFICATION_TIMED_OUT,44008,4
ground_truth,BPTree-verif_tmp_tmpq1z6xm1d_Utils.dfy,smtlib,vampire,monomorphic,VERIFICATION_TIMED_OUT,29804,4
ground_truth,BPTree-verif_tmp_tmpq1z6xm1d_Utils.dfy,smtlib,vampire,predicates,VERIFICATION_TIMED_OUT,43950,4
ground_truth,BPTree-verif_tmp_tmpq1z6xm1d_Utils.dfy,smtlib,vampire,arguments,VERIFICATION_TIMED_OUT,32624,4
ground_truth,BPTree-verif_tmp_tmpq1z6xm1d_Utils.dfy,smtlib,z3,monomorphic,NOT_VERIFIED,17894,4
ground_truth,BPTree-verif_tmp_tmpq1z6xm1d_Utils.dfy,smtlib,z3,predicates,VERIFICATION_TIMED_OUT,17063,4
ground_truth,BPTree-verif_tmp_tmpq1z6xm1d_Utils.dfy,smtlib,z3,arguments,VERIFICATION_TIMED_OUT,17313,4
ground_truth,Clover_return_seven.dfy,tptp,vampire,polymorphic,VERIFIED,1428,0
ground_truth,Clover_return_seven.dfy,tptp,vampire,monomorphic,VERIFIED,1492,0
ground_truth,Clover_return_seven.dfy,tptp,vampire,predicates,VERIFIED,1366,0
ground_truth,Clover_return_seven.dfy,tptp,vampire,arguments,VERIFIED,1392,0
ground_truth,Clover_return_seven.dfy,smtlib,vampire,monomorphic,VERIFIED,1479,0
ground_truth,Clover_return_seven.dfy,smtlib,vampire,predicates,VERIFIED,1358,0
ground_truth,Clover_return_seven.dfy,smtlib,vampire,arguments,VERIFIED,1267,0
ground_truth,Clover_return_seven.dfy,smtlib,z3,monomorphic,VERIFIED,1359,0
ground_truth,Clover_return_seven.dfy,smtlib,z3,predicates,VERIFIED,1392,0
ground_truth,Clover_return_seven.dfy,smtlib,z3,arguments,VERIFIED,1347,0
ground_truth,dafny-language-server_tmp_tmpkir0kenl_Test_dafny4_Bug92.dfy,tptp,vampire,polymorphic,VERIFIED,2417,0
ground_truth,dafny-language-server_tmp_tmpkir0kenl_Test_dafny4_Bug92.dfy,tptp,vampire,monomorphic,VERIFIED,2825,0
ground_truth,dafny-language-server_tmp_tmpkir0kenl_Test_dafny4_Bug92.dfy,tptp,vampire,predicates,VERIFICATION_TIMED_OUT,43779,4
ground_truth,dafny-language-server_tmp_tmpkir0kenl_Test_dafny4_Bug92.dfy,tptp,vampire,arguments,VERIFICATION_TIMED_OUT,43590,4
ground_truth,dafny-language-server_tmp_tmpkir0kenl_Test_dafny4_Bug92.dfy,smtlib,vampire,monomorphic,VERIFIED,2340,0
ground_truth,dafny-language-server_tmp_tmpkir0kenl_Test_dafny4_Bug92.dfy,smtlib,vampire,predicates,VERIFICATION_TIMED_OUT,31393,4
ground_truth,dafny-language-server_tmp_tmpkir0kenl_Test_dafny4_Bug92.dfy,smtlib,vampire,arguments,VERIFICATION_TIMED_OUT,29485,4
ground_truth,dafny-language-server_tmp_tmpkir0kenl_Test_dafny4_Bug92.dfy,smtlib,z3,monomorphic,VERIFIED,2006,0
ground_truth,dafny-language-server_tmp_tmpkir0kenl_Test_dafny4_Bug92.dfy,smtlib,z3,predicates,VERIFIED,1803,0
ground_truth,dafny-language-server_tmp_tmpkir0kenl_Test_dafny4_Bug92.dfy,smtlib,z3,arguments,VERIFIED,2045,0
ground_truth,MFES_2021_tmp_tmpuljn8zd9_FCUL_Exercises_10_find.dfy,tptp,vampire,polymorphic,VERIFIED,2705,0
ground_truth,MFES_2021_tmp_tmpuljn8zd9_FCUL_Exercises_10_find.dfy,tptp,vampire,monomorphic,VERIFIED,2603,0
ground_truth,MFES_2021_tmp_tmpuljn8zd9_FCUL_Exercises_10_find.dfy,tptp,vampire,predicates,VERIFIED,3779,0
ground_truth,MFES_2021_tmp_tmpuljn8zd9_FCUL_Exercises_10_find.dfy,tptp,vampire,arguments,VERIFIED,3667,0
ground_truth,MFES_2021_tmp_tmpuljn8zd9_FCUL_Exercises_10_find.dfy,smtlib,vampire,monomorphic,VERIFIED,2758,0
ground_truth,MFES_2021_tmp_tmpuljn8zd9_FCUL_Exercises_10_find.dfy,smtlib,vampire,predicates,VERIFIED,7069,0
ground_truth,MFES_2021_tmp_tmpuljn8zd9_FCUL_Exercises_10_find.dfy,smtlib,vampire,arguments,VERIFIED,3343,0
ground_truth,MFES_2021_tmp_tmpuljn8zd9_FCUL_Exercises_10_find.dfy,smtlib,z3,monomorphic,VERIFIED,1611,0
ground_truth,MFES_2021_tmp_tmpuljn8zd9_FCUL_Exercises_10_find.dfy,smtlib,z3,predicates,VERIFIED,1555,0
ground_truth,MFES_2021_tmp_tmpuljn8zd9_FCUL_Exercises_10_find.dfy,smtlib,z3,arguments,VERIFIED,1582,0
ground_truth,Dafny_Programs_tmp_tmp99966ew4_binary_search.dfy,tptp,vampire,polymorphic,VERIFICATION_TIMED_OUT,15540,4
ground_truth,Dafny_Programs_tmp_tmp99966ew4_binary_search.dfy,tptp,vampire,monomorphic,VERIFICATION_TIMED_OUT,15771,4
ground_truth,Dafny_Programs_tmp_tmp99966ew4_binary_search.dfy,tptp,vampire,predicates,VERIFICATION_TIMED_OUT,15536,4
ground_truth,Dafny_Programs_tmp_tmp99966ew4_binary_search.dfy,tptp,vampire,arguments,VERIFICATION_TIMED_OUT,15769,4
ground_truth,Dafny_Programs_tmp_tmp99966ew4_binary_search.dfy,smtlib,vampire,monomorphic,VERIFIED,3955,0
ground_truth,Dafny_Programs_tmp_tmp99966ew4_binary_search.dfy,smtlib,vampire,predicates,VERIFICATION_TIMED_OUT,15589,4
ground_truth,Dafny_Programs_tmp_tmp99966ew4_binary_search.dfy,smtlib,vampire,arguments,VERIFICATION_TIMED_OUT,15519,4
ground_truth,Dafny_Programs_tmp_tmp99966ew4_binary_search.dfy,smtlib,z3,monomorphic,VERIFIED,1796,0
ground_truth,Dafny_Programs_tmp_tmp99966ew4_binary_search.dfy,smtlib,z3,predicates,VERIFIED,1657,0
ground_truth,Dafny_Programs_tmp_tmp99966ew4_binary_search.dfy,smtlib,z3,arguments,VERIFIED,1648,0
ground_truth,summer-school-2020_tmp_tmpn8nf7zf0_chapter02_solutions_exercise02_solution.dfy,tptp,vampire,polymorphic,VERIFICATION_TIMED_OUT,15749,4
ground_truth,summer-school-2020_tmp_tmpn8nf7zf0_chapter02_solutions_exercise02_solution.dfy,tptp,vampire,monomorphic,VERIFICATION_TIMED_OUT,15580,4
ground_truth,summer-school-2020_tmp_tmpn8nf7zf0_chapter02_solutions_exercise02_solution.dfy,tptp,vampire,predicates,VERIFICATION_TIMED_OUT,15490,4
ground_truth,summer-school-2020_tmp_tmpn8nf7zf0_chapter02_solutions_exercise02_solution.dfy,tptp,vampire,arguments,VERIFICATION_TIMED_OUT,15614,4
ground_truth,summer-school-2020_tmp_tmpn8nf7zf0_chapter02_solutions_exercise02_solution.dfy,smtlib,vampire,monomorphic,VERIFICATION_TIMED_OUT,15614,4
ground_truth,summer-school-2020_tmp_tmpn8nf7zf0_chapter02_solutions_exercise02_solution.dfy,smtlib,vampire,predicates,VERIFICATION_TIMED_OUT,15426,4
ground_truth,summer-school-2020_tmp_tmpn8nf7zf0_chapter02_solutions_exercise02_solution.dfy,smtlib,vampire,arguments,VERIFICATION_TIMED_OUT,15470,4
ground_truth,summer-school-2020_tmp_tmpn8nf7zf0_chapter02_solutions_exercise02_solution.dfy,smtlib,z3,monomorphic,VERIFIED,1629,0
ground_truth,summer-school-2020_tmp_tmpn8nf7zf0_chapter02_solutions_exercise02_solution.dfy,smtlib,z3,predicates,VERIFIED,1542,0
ground_truth,summer-school-2020_tmp_tmpn8nf7zf0_chapter02_solutions_exercise02_solution.dfy,smtlib,z3,arguments,VERIFIED,1572,0
ground_truth,dafny-duck_tmp_tmplawbgxjo_p6.dfy,tptp,vampire,polymorphic,VERIFICATION_TIMED_OUT,15498,4
ground_truth,dafny-duck_tmp_tmplawbgxjo_p6.dfy,tptp,vampire,monomorphic,VERIFICATION_TIMED_OUT,15617,4
ground_truth,dafny-duck_tmp_tmplawbgxjo_p6.dfy,tptp,vampire,predicates,VERIFICATION_TIMED_OUT,15623,4
ground_truth,dafny-duck_tmp_tmplawbgxjo_p6.dfy,tptp,vampire,arguments,VERIFICATION_TIMED_OUT,15546,4
ground_truth,dafny-duck_tmp_tmplawbgxjo_p6.dfy,smtlib,vampire,monomorphic,VERIFICATION_TIMED_OUT,15562,4
ground_truth,dafny-duck_tmp_tmplawbgxjo_p6.dfy,smtlib,vampire,predicates,VERIFICATION_TIMED_OUT,15452,4
ground_truth,dafny-duck_tmp_tmplawbgxjo_p6.dfy,smtlib,vampire,arguments,VERIFIED,4316,0
ground_truth,dafny-duck_tmp_tmplawbgxjo_p6.dfy,smtlib,z3,monomorphic,VERIFIED,1748,0
ground_truth,dafny-duck_tmp_tmplawbgxjo_p6.dfy,smtlib,z3,predicates,VERIFIED,1677,0
ground_truth,dafny-duck_tmp_tmplawbgxjo_p6.dfy,smtlib,z3,arguments,VERIFIED,1632,0
ground_truth,Dafny_Learning_Experience_tmp_tmpuxvcet_u_week8_12_week10_ExtensibleArray.dfy,tptp,vampire,polymorphic,VERIFICATION_TIMED_OUT,15832,4
ground_truth,Dafny_Learning_Experience_tmp_tmpuxvcet_u_week8_12_week10_ExtensibleArray.dfy,tptp,vampire,monomorphic,VERIFICATION_TIMED_OUT,15979,4
ground_truth,Dafny_Learning_Experience_tmp_tmpuxvcet_u_week8_12_week10_ExtensibleArray.dfy,tptp,vampire,predicates,VERIFICATION_TIMED_OUT,19113,4
ground_truth,Dafny_Learning_Experience_tmp_tmpuxvcet_u_week8_12_week10_ExtensibleArray.dfy,tptp,vampire,arguments,VERIFICATION_TIMED_OUT,18770,4
ground_truth,Dafny_Learning_Experience_tmp_tmpuxvcet_u_week8_12_week10_ExtensibleArray.dfy,smtlib,vampire,monomorphic,VERIFICATION_TIMED_OUT,21286,4
ground_truth,Dafny_Learning_Experience_tmp_tmpuxvcet_u_week8_12_week10_ExtensibleArray.dfy,smtlib,vampire,predicates,VERIFICATION_TIMED_OUT,29955,4
ground_truth,Dafny_Learning_Experience_tmp_tmpuxvcet_u_week8_12_week10_ExtensibleArray.dfy,smtlib,vampire,arguments,VERIFICATION_TIMED_OUT,29639,4
ground_truth,Dafny_Learning_Experience_tmp_tmpuxvcet_u_week8_12_week10_ExtensibleArray.dfy,smtlib,z3,monomorphic,VERIFIED,4675,0
ground_truth,Dafny_Learning_Experience_tmp_tmpuxvcet_u_week8_12_week10_ExtensibleArray.dfy,smtlib,z3,predicates,VERIFIED,4837,0
ground_truth,Dafny_Learning_Experience_tmp_tmpuxvcet_u_week8_12_week10_ExtensibleArray.dfy,smtlib,z3,arguments,VERIFIED,4592,0
ground_truth,software-specification-p1_tmp_tmpz9x6mpxb_BoilerPlate_Ex1.dfy,tptp,vampire,polymorphic,VERIFICATION_TIMED_OUT,43672,4
ground_truth,software-specification-p1_tmp_tmpz9x6mpxb_BoilerPlate_Ex1.dfy,tptp,vampire,monomorphic,VERIFICATION_TIMED_OUT,43783,4
ground_truth,software-specification-p1_tmp_tmpz9x6mpxb_BoilerPlate_Ex1.dfy,tptp,vampire,predicates,VERIFICATION_TIMED_OUT,43863,4
ground_truth,software-specification-p1_tmp_tmpz9x6mpxb_BoilerPlate_Ex1.dfy,tptp,vampire,arguments,VERIFICATION_TIMED_OUT,43809,4
ground_truth,software-specification-p1_tmp_tmpz9x6mpxb_BoilerPlate_Ex1.dfy,smtlib,vampire,monomorphic,VERIFICATION_TIMED_OUT,21501,4
ground_truth,software-specification-p1_tmp_tmpz9x6mpxb_BoilerPlate_Ex1.dfy,smtlib,vampire,predicates,VERIFICATION_TIMED_OUT,43824,4
ground_truth,software-specification-p1_tmp_tmpz9x6mpxb_BoilerPlate_Ex1.dfy,smtlib,vampire,arguments,VERIFICATION_TIMED_OUT,30756,4
ground_truth,software-specification-p1_tmp_tmpz9x6mpxb_BoilerPlate_Ex1.dfy,smtlib,z3,monomorphic,VERIFIED,2492,0
ground_truth,software-specification-p1_tmp_tmpz9x6mpxb_BoilerPlate_Ex1.dfy,smtlib,z3,predicates,VERIFIED,2256,0
ground_truth,software-specification-p1_tmp_tmpz9x6mpxb_BoilerPlate_Ex1.dfy,smtlib,z3,arguments,VERIFIED,2219,0
ground_truth,dafny-synthesis_task_id_276.dfy,tptp,vampire,polymorphic,VERIFIED,1480,0
ground_truth,dafny-synthesis_task_id_276.dfy,tptp,vampire,monomorphic,VERIFIED,1642,0
ground_truth,dafny-synthesis_task_id_276.dfy,tptp,vampire,predicates,VERIFIED,1413,0
ground_truth,dafny-synthesis_task_id_276.dfy,tptp,vampire,arguments,VERIFIED,1487,0
ground_truth,dafny-synthesis_task_id_276.dfy,smtlib,vampire,monomorphic,VERIFIED,1489,0
ground_truth,dafny-synthesis_task_id_276.dfy,smtlib,vampire,predicates,VERIFIED,1605,0
ground_truth,dafny-synthesis_task_id_276.dfy,smtlib,vampire,arguments,VERIFIED,1543,0
ground_truth,dafny-synthesis_task_id_276.dfy,smtlib,z3,monomorphic,VERIFIED,1455,0
ground_truth,dafny-synthesis_task_id_276.dfy,smtlib,z3,predicates,VERIFIED,1408,0
ground_truth,dafny-synthesis_task_id_276.dfy,smtlib,z3,arguments,VERIFIED,1377,0
ground_truth,dafny-synthesis_task_id_58.dfy,tptp,vampire,polymorphic,VERIFIED,1522,0
ground_truth,dafny-synthesis_task_id_58.dfy,tptp,vampire,monomorphic,VERIFIED,1555,0
ground_truth,dafny-synthesis_task_id_58.dfy,tptp,vampire,predicates,VERIFIED,1428,0
ground_truth,dafny-synthesis_task_id_58.dfy,tptp,vampire,arguments,VERIFIED,1475,0
ground_truth,dafny-synthesis_task_id_58.dfy,smtlib,vampire,monomorphic,VERIFIED,1455,0
ground_truth,dafny-synthesis_task_id_58.dfy,smtlib,vampire,predicates,VERIFIED,1374,0
ground_truth,dafny-synthesis_task_id_58.dfy,smtlib,vampire,arguments,VERIFIED,1440,0
ground_truth,dafny-synthesis_task_id_58.dfy,smtlib,z3,monomorphic,VERIFIED,1422,0
ground_truth,dafny-synthesis_task_id_58.dfy,smtlib,z3,predicates,VERIFIED,1466,0
ground_truth,dafny-synthesis_task_id_58.dfy,smtlib,z3,arguments,VERIFIED,1420,0
ground_truth,Program-Verification-Dataset_tmp_tmpgbdrlnu__Dafny_advanced examples_Percentile.dfy,tptp,vampire,polymorphic,VERIFICATION_TIMED_OUT,18608,4
ground_truth,Program-Verification-Dataset_tmp_tmpgbdrlnu__Dafny_advanced examples_Percentile.dfy,tptp,vampire,monomorphic,VERIFICATION_TIMED_OUT,29609,4
ground_truth,Program-Verification-Dataset_tmp_tmpgbdrlnu__Dafny_advanced examples_Percentile.dfy,tptp,vampire,predicates,VERIFICATION_TIMED_OUT,35050,4
ground_truth,Program-Verification-Dataset_tmp_tmpgbdrlnu__Dafny_advanced examples_Percentile.dfy,tptp,vampire,arguments,VERIFICATION_TIMED_OUT,18007,4
ground_truth,Program-Verification-Dataset_tmp_tmpgbdrlnu__Dafny_advanced examples_Percentile.dfy,smtlib,vampire,monomorphic,VERIFICATION_TIMED_OUT,16430,4
ground_truth,Program-Verification-Dataset_tmp_tmpgbdrlnu__Dafny_advanced examples_Percentile.dfy,smtlib,vampire,predicates,VERIFICATION_TIMED_OUT,18590,4
ground_truth,Program-Verification-Dataset_tmp_tmpgbdrlnu__Dafny_advanced examples_Percentile.dfy,smtlib,vampire,arguments,VERIFICATION_TIMED_OUT,18372,4
ground_truth,Program-Verification-Dataset_tmp_tmpgbdrlnu__Dafny_advanced examples_Percentile.dfy,smtlib,z3,monomorphic,NOT_VERIFIED,1794,4
ground_truth,Program-Verification-Dataset_tmp_tmpgbdrlnu__Dafny_advanced examples_Percentile.dfy,smtlib,z3,predicates,NOT_VERIFIED,1772,4
ground_truth,Program-Verification-Dataset_tmp_tmpgbdrlnu__Dafny_advanced examples_Percentile.dfy,smtlib,z3,arguments,NOT_VERIFIED,1735,4
ground_truth,dafny-language-server_tmp_tmpkir0kenl_Test_dafny4_Lucas-down.dfy,tptp,vampire,polymorphic,VERIFICATION_TIMED_OUT,18008,4
ground_truth,dafny-language-server_tmp_tmpkir0kenl_Test_dafny4_Lucas-down.dfy,tptp,vampire,monomorphic,VERIFICATION_TIMED_OUT,29810,4
ground_truth,dafny-language-server_tmp_tmpkir0kenl_Test_dafny4_Lucas-down.dfy,tptp,vampire,predicates,VERIFICATION_TIMED_OUT,31591,4
ground_truth,dafny-language-server_tmp_tmpkir0kenl_Test_dafny4_Lucas-down.dfy,tptp,vampire,arguments,VERIFICATION_TIMED_OUT,30529,4
ground_truth,dafny-language-server_tmp_tmpkir0kenl_Test_dafny4_Lucas-down.dfy,smtlib,vampire,monomorphic,VERIFICATION_TIMED_OUT,17397,4
ground_truth,dafny-language-server_tmp_tmpkir0kenl_Test_dafny4_Lucas-down.dfy,smtlib,vampire,predicates,VERIFICATION_TIMED_OUT,29595,4
ground_truth,dafny-language-server_tmp_tmpkir0kenl_Test_dafny4_Lucas-down.dfy,smtlib,vampire,arguments,VERIFICATION_TIMED_OUT,20004,4
ground_truth,dafny-language-server_tmp_tmpkir0kenl_Test_dafny4_Lucas-down.dfy,smtlib,z3,monomorphic,VERIFIED,2311,0
ground_truth,dafny-language-server_tmp_tmpkir0kenl_Test_dafny4_Lucas-down.dfy,smtlib,z3,predicates,NOT_VERIFIED,2422,4
ground_truth,dafny-language-server_tmp_tmpkir0kenl_Test_dafny4_Lucas-down.dfy,smtlib,z3,arguments,VERIFIED,2033,0
